date,msb_3m,msb_6m,msb_9m,ktb_3m,ktb_6m,ktb_9m,ktb_1y,ktb_2y,ktb_3y,ktb_5y,ktb_10y,ktb_20y,ktb_30y
2013-01-02,2.77,2.77,2.77,2.73,2.76,2.77,2.78,2.81,2.82,2.98,3.19,3.30,3.36
2013-01-03,2.73,2.74,2.74,2.71,2.73,2.74,2.74,2.75,2.76,2.91,3.13,3.25,3.32
2013-01-04,2.71,2.72,2.72,2.69,2.72,2.72,2.72,2.73,2.74,2.89,3.13,3.24,3.34
2013-01-07,2.71,2.72,2.72,2.69,2.71,2.72,2.72,2.74,2.76,2.89,3.10,3.21,3.36
2013-01-08,2.70,2.70,2.70,2.68,2.70,2.71,2.71,2.73,2.75,2.87,3.05,3.17,3.32
2013-01-09,2.70,2.70,2.70,2.68,2.70,2.71,2.71,2.73,2.75,2.87,3.05,3.17,3.31
2013-01-10,2.67,2.67,2.67,2.66,2.67,2.68,2.69,2.69,2.70,2.82,3.02,3.15,3.28
2013-01-11,2.71,2.71,2.71,2.70,2.71,2.72,2.73,2.75,2.76,2.88,3.05,3.18,3.30
2013-01-14,2.71,2.72,2.72,2.70,2.71,2.72,2.73,2.76,2.76,2.88,3.04,3.16,3.29
2013-01-15,2.70,2.70,2.70,2.69,2.70,2.71,2.72,2.73,2.73,2.84,3.01,3.13,3.27
2013-01-16,2.70,2.70,2.70,2.69,2.70,2.71,2.72,2.74,2.74,2.84,3.02,3.14,3.29
2013-01-17,2.70,2.70,2.70,2.69,2.70,2.70,2.71,2.72,2.72,2.82,2.99,3.11,3.26
2013-01-18,2.70,2.71,2.71,2.70,2.71,2.71,2.72,2.74,2.74,2.85,3.02,3.14,3.29
2013-01-21,2.70,2.71,2.71,2.70,2.71,2.71,2.72,2.74,2.74,2.85,3.02,3.14,3.30
2013-01-22,2.70,2.71,2.71,2.70,2.70,2.71,2.71,2.73,2.73,2.84,3.02,3.14,3.31
2013-01-23,2.70,2.71,2.71,2.70,2.70,2.71,2.71,2.72,2.72,2.83,3.01,3.13,3.29
2013-01-24,2.70,2.71,2.71,2.70,2.70,2.71,2.71,2.71,2.71,2.82,3.00,3.13,3.28
2013-01-25,2.71,2.71,2.71,2.70,2.70,2.71,2.71,2.71,2.71,2.81,2.99,3.12,3.28
2013-01-28,2.73,2.73,2.73,2.71,2.72,2.72,2.73,2.74,2.74,2.85,3.03,3.15,3.29
2013-01-29,2.73,2.73,2.73,2.71,2.72,2.72,2.73,2.74,2.74,2.86,3.05,3.17,
2013-01-30,2.74,2.75,2.75,2.72,2.73,2.74,2.75,2.77,2.77,2.90,3.10,3.21,3.33
2013-01-31,2.73,2.74,2.74,2.71,2.72,2.73,2.74,2.75,2.75,2.89,3.09,3.20,3.33
2013-02-01,2.73,2.73,2.74,2.71,2.72,2.73,2.73,2.75,2.76,2.90,3.12,3.22,3.36
2013-02-04,2.73,2.73,2.74,2.71,2.72,2.73,2.73,2.75,2.76,2.90,3.11,3.21,3.34
2013-02-05,2.72,2.72,2.72,2.70,2.71,2.71,2.71,2.74,2.75,2.88,3.08,3.18,3.32
2013-02-06,2.70,2.70,2.70,2.68,2.69,2.69,2.69,2.71,2.72,2.85,3.06,3.17,3.32
2013-02-07,2.70,2.70,2.70,2.68,2.69,2.69,2.69,2.71,2.73,2.85,3.06,3.18,3.32
2013-02-08,2.70,2.70,2.70,2.68,2.69,2.69,2.69,2.70,2.72,2.84,3.05,3.17,3.31
2013-02-12,2.69,2.69,2.69,2.67,2.68,2.68,2.68,2.69,2.71,2.83,3.04,3.16,3.30
2013-02-13,2.69,2.69,2.69,2.68,2.68,2.68,2.69,2.71,2.73,2.86,3.08,3.19,3.33
2013-02-14,2.69,2.69,2.69,2.68,2.68,2.68,2.69,2.71,2.73,2.86,3.09,3.21,3.33
2013-02-15,2.68,2.68,2.68,2.67,2.67,2.67,2.68,2.70,2.72,2.84,3.08,3.20,3.32
2013-02-18,2.67,2.67,2.67,2.66,2.66,2.66,2.67,2.69,2.71,2.83,3.06,3.18,3.31
2013-02-19,2.65,2.65,2.65,2.65,2.65,2.65,2.65,2.67,2.68,2.80,3.02,3.15,3.29
2013-02-20,2.66,2.66,2.66,2.66,2.66,2.66,2.67,2.70,2.70,2.82,3.04,3.17,3.30
2013-02-21,2.65,2.65,2.65,2.64,2.65,2.65,2.65,2.68,2.68,2.79,3.01,3.14,3.27
2013-02-22,2.65,2.65,2.65,2.65,2.65,2.65,2.66,2.68,2.68,2.80,3.02,3.15,3.28
2013-02-25,2.65,2.65,2.65,2.64,2.65,2.65,2.66,2.68,2.68,2.80,3.02,3.15,3.28
2013-02-26,2.63,2.64,2.64,2.63,2.63,2.63,2.64,2.65,2.65,2.76,2.97,3.11,3.25
2013-02-27,2.62,2.62,2.62,2.62,2.62,2.62,2.62,2.62,2.62,2.73,2.93,3.07,3.21
2013-02-28,2.62,2.63,2.63,2.62,2.62,2.62,2.63,2.63,2.63,2.74,2.95,3.08,3.21
2013-03-04,2.61,2.62,2.62,2.61,2.62,2.62,2.62,2.63,2.63,2.74,2.95,3.08,3.21
2013-03-05,2.61,2.61,2.61,2.61,2.61,2.61,2.61,2.62,2.62,2.73,2.94,3.08,3.18
2013-03-06,2.62,2.62,2.62,2.62,2.62,2.62,2.62,2.64,2.64,2.75,2.96,3.10,3.20
2013-03-07,2.63,2.63,2.63,2.63,2.63,2.63,2.63,2.66,2.66,2.77,2.99,3.13,3.23
2013-03-08,2.63,2.63,2.63,2.63,2.63,2.63,2.63,2.65,2.66,2.77,2.99,3.12,3.21
2013-03-11,2.63,2.63,2.64,2.63,2.63,2.63,2.64,2.65,2.66,2.77,3.00,3.13,3.21
2013-03-12,2.60,2.60,2.61,2.60,2.60,2.60,2.61,2.61,2.61,2.71,2.95,3.09,3.18
2013-03-13,2.60,2.60,2.61,2.60,2.60,2.60,2.60,2.62,2.61,2.72,2.96,3.10,3.18
2013-03-14,2.61,2.61,2.61,2.61,2.61,2.61,2.61,2.62,2.62,2.71,2.95,3.10,3.19
2013-03-15,2.61,2.61,2.61,2.61,2.61,2.61,2.60,2.61,2.61,2.70,2.93,3.08,3.18
2013-03-18,2.60,2.60,2.60,2.60,2.60,2.60,2.60,2.60,2.60,2.68,2.90,3.05,3.15
2013-03-19,2.60,2.60,2.60,2.60,2.60,2.60,2.60,2.60,2.59,2.67,2.87,3.04,3.14
2013-03-20,2.60,2.60,2.61,2.60,2.60,2.60,2.60,2.61,2.59,2.67,2.89,3.07,3.16
2013-03-21,2.61,2.61,2.61,2.60,2.60,2.60,2.60,2.60,2.59,2.67,2.89,3.06,3.15
2013-03-22,2.61,2.61,2.60,2.60,2.60,2.59,2.59,2.59,2.57,2.65,2.87,3.05,3.14
2013-03-25,2.61,2.61,2.61,2.60,2.60,2.60,2.60,2.60,2.58,2.66,2.88,3.06,3.15
2013-03-26,2.61,2.61,2.61,2.60,2.60,2.60,2.60,2.60,2.58,2.66,2.87,3.07,3.17
2013-03-27,2.63,2.63,2.63,2.61,2.60,2.60,2.60,2.60,2.58,2.65,2.86,3.07,3.18
2013-03-28,2.55,2.55,2.54,2.53,2.52,2.52,2.50,2.46,2.44,2.50,2.72,2.93,3.05
2013-03-29,2.57,2.57,2.57,2.55,2.54,2.54,2.53,2.53,2.52,2.58,2.79,3.02,3.13
2013-04-01,2.56,2.56,2.55,2.54,2.53,2.53,2.51,2.49,2.48,2.57,2.81,3.07,3.19
2013-04-02,2.55,2.54,2.53,2.52,2.52,2.51,2.49,2.48,2.47,2.56,2.80,3.07,3.19
2013-04-03,2.53,2.52,2.51,2.51,2.51,2.50,2.49,2.48,2.47,2.56,2.78,3.04,3.17
2013-04-04,2.53,2.52,2.51,2.51,2.50,2.50,2.49,2.48,2.48,2.57,2.79,3.03,3.15
2013-04-05,2.51,2.50,2.48,2.49,2.48,2.48,2.46,2.45,2.44,2.54,2.76,2.99,3.11
2013-04-08,2.52,2.50,2.49,2.49,2.49,2.49,2.48,2.48,2.47,2.56,2.77,2.98,3.11
2013-04-09,2.52,2.50,2.49,2.50,2.49,2.49,2.49,2.50,2.49,2.59,2.79,3.01,3.13
2013-04-10,2.51,2.49,2.48,2.49,2.49,2.49,2.48,2.49,2.48,2.58,2.79,2.99,3.12
2013-04-11,2.63,2.61,2.61,2.61,2.61,2.61,2.61,2.63,2.63,2.72,2.91,3.10,3.21
2013-04-12,2.67,2.65,2.65,2.65,2.65,2.65,2.65,2.67,2.67,2.76,2.96,3.14,3.24
2013-04-15,2.67,2.66,2.65,2.65,2.65,2.65,2.65,2.67,2.66,2.75,2.97,3.13,3.23
2013-04-16,2.65,2.63,2.62,2.63,2.63,2.62,2.62,2.63,2.62,2.69,2.90,3.09,3.19
2013-04-17,2.65,2.63,2.62,2.63,2.63,2.62,2.62,2.63,2.63,2.69,2.90,3.10,3.20
2013-04-18,2.64,2.62,2.61,2.62,2.62,2.61,2.61,2.61,2.59,2.66,2.86,3.06,3.16
2013-04-19,2.67,2.66,2.64,2.64,2.64,2.63,2.63,2.63,2.61,2.68,2.87,3.07,3.17
2013-04-22,2.71,2.69,2.67,2.67,2.67,2.66,2.65,2.65,2.62,2.69,2.88,3.07,3.17
2013-04-23,2.70,2.68,2.67,2.66,2.66,2.65,2.64,2.63,2.60,2.67,2.85,3.03,3.14
2013-04-24,2.73,2.70,2.68,2.69,2.68,2.67,2.65,2.63,2.60,2.67,2.85,3.02,3.13
2013-04-25,2.73,2.70,2.66,2.68,2.67,2.65,2.62,2.59,2.56,2.63,2.82,3.00,3.11
2013-04-26,2.72,2.67,2.63,2.67,2.65,2.62,2.58,2.55,2.52,2.59,2.81,3.00,3.11
2013-04-29,2.70,2.66,2.63,2.65,2.63,2.61,2.58,2.55,2.52,2.59,2.80,2.98,3.10
2013-04-30,2.65,2.61,2.60,2.61,2.59,2.58,2.55,2.52,2.49,2.55,2.77,2.95,3.07
2013-05-02,2.60,2.57,2.56,2.57,2.55,2.54,2.51,2.48,2.45,2.51,2.73,2.92,3.05
2013-05-03,2.62,2.58,2.57,2.58,2.57,2.56,2.53,2.50,2.47,2.53,2.74,2.93,3.06
2013-05-06,2.69,2.66,2.64,2.66,2.64,2.63,2.61,2.59,2.56,2.62,2.81,3.00,3.11
2013-05-07,2.68,2.64,2.62,2.64,2.62,2.61,2.59,2.56,2.53,2.60,2.80,2.99,3.10
2013-05-08,2.67,2.64,2.62,2.63,2.62,2.61,2.59,2.57,2.55,2.62,2.82,3.01,3.10
2013-05-09,2.60,2.58,2.58,2.57,2.57,2.57,2.57,2.56,2.54,2.62,2.84,3.02,3.11
2013-05-10,2.55,2.55,2.56,2.55,2.55,2.55,2.56,2.57,2.55,2.64,2.87,3.04,3.12
2013-05-13,2.55,2.55,2.55,2.54,2.55,2.55,2.56,2.57,2.57,2.66,2.89,3.05,3.13
2013-05-14,2.53,2.53,2.53,2.53,2.53,2.53,2.54,2.55,2.56,2.64,2.87,3.04,3.12
2013-05-15,2.53,2.53,2.53,2.52,2.53,2.53,2.54,2.56,2.56,2.65,2.88,3.06,3.14
2013-05-16,2.53,2.53,2.53,2.52,2.53,2.53,2.54,2.56,2.57,2.65,2.89,3.07,3.15
2013-05-20,2.53,2.55,2.55,2.53,2.54,2.55,2.56,2.59,2.60,2.69,2.92,3.10,3.18
2013-05-21,2.53,2.55,2.55,2.53,2.54,2.55,2.56,2.59,2.60,2.69,2.92,3.10,3.18
2013-05-22,2.54,2.55,2.55,2.54,2.55,2.56,2.57,2.60,2.61,2.70,2.93,3.11,3.19
2013-05-23,2.53,2.55,2.55,2.53,2.55,2.55,2.57,2.60,2.61,2.70,2.93,3.11,3.19
2013-05-24,2.53,2.55,2.55,2.53,2.55,2.55,2.57,2.61,2.62,2.71,2.93,3.12,3.20
2013-05-27,2.53,2.55,2.55,2.53,2.55,2.55,2.56,2.60,2.61,2.70,2.92,3.11,3.19
2013-05-28,2.54,2.56,2.56,2.53,2.55,2.56,2.57,2.63,2.64,2.73,2.94,3.12,3.21
2013-05-29,2.57,2.60,2.61,2.57,2.59,2.61,2.63,2.73,2.75,2.85,3.05,3.21,3.30
2013-05-30,2.56,2.59,2.61,2.56,2.59,2.60,2.62,2.70,2.75,2.85,3.05,3.21,3.31
2013-05-31,2.56,2.59,2.62,2.56,2.58,2.61,2.63,2.73,2.78,2.90,3.12,3.28,3.38
2013-06-03,2.55,2.58,2.61,2.55,2.57,2.60,2.62,2.71,2.78,2.90,3.11,3.27,3.37
2013-06-04,2.54,2.57,2.61,2.55,2.57,2.60,2.64,2.76,2.77,2.93,3.13,3.29,3.38
2013-06-05,2.54,2.57,2.61,2.54,2.57,2.60,2.64,2.77,2.81,2.96,3.16,3.32,3.40
2013-06-07,2.52,2.55,2.58,2.52,2.55,2.58,2.60,2.73,2.76,2.92,3.12,3.28,3.36
2013-06-10,2.52,2.55,2.58,2.52,2.55,2.58,2.60,2.75,2.78,2.95,3.15,3.30,3.38
2013-06-11,2.52,2.55,2.59,2.52,2.55,2.58,2.61,2.77,2.80,3.00,3.21,3.35,3.42
2013-06-12,2.53,2.56,2.60,2.52,2.55,2.59,2.63,2.83,2.87,3.08,3.31,3.43,3.49
2013-06-13,2.52,2.55,2.58,2.51,2.54,2.57,2.61,2.77,2.82,3.03,3.25,3.39,3.45
2013-06-14,2.51,2.54,2.57,2.51,2.54,2.56,2.59,2.72,2.75,2.96,3.18,3.35,3.41
2013-06-17,2.53,2.56,2.59,2.52,2.56,2.59,2.62,2.78,2.82,3.03,3.27,3.43,3.50
2013-06-18,2.52,2.56,2.58,2.52,2.55,2.57,2.60,2.73,2.77,2.98,3.21,3.38,3.46
2013-06-19,2.53,2.57,2.60,2.52,2.56,2.59,2.63,2.78,2.81,3.01,3.24,3.40,3.48
2013-06-20,2.57,2.63,2.66,2.57,2.62,2.66,2.70,2.90,2.94,3.16,3.41,3.56,3.64
2013-06-21,2.60,2.66,2.71,2.60,2.66,2.70,2.74,2.95,3.04,3.32,3.58,3.75,3.83
2013-06-24,2.63,2.70,2.75,2.63,2.68,2.74,2.78,3.03,3.12,3.43,3.68,3.85,3.94
2013-06-25,2.62,2.68,2.72,2.61,2.65,2.70,2.71,2.92,3.02,3.31,3.58,3.76,3.86
2013-06-26,2.62,2.68,2.72,2.62,2.65,2.69,2.71,2.89,2.96,3.24,3.49,3.67,3.77
2013-06-27,2.62,2.68,2.71,2.62,2.65,2.69,2.71,2.89,2.96,3.21,3.44,3.59,3.69
2013-06-28,2.57,2.63,2.66,2.58,2.61,2.65,2.68,2.84,2.89,3.14,3.40,3.57,3.67
2013-07-01,2.55,2.62,2.67,2.56,2.61,2.67,2.71,2.93,2.99,3.25,3.50,3.66,3.75
2013-07-02,2.52,2.58,2.64,2.52,2.57,2.64,2.68,2.87,2.94,3.18,3.42,3.59,3.68
2013-07-03,2.49,2.56,2.62,2.49,2.55,2.62,2.67,2.86,2.95,3.19,3.45,3.63,3.70
2013-07-04,2.46,2.54,2.60,2.46,2.52,2.60,2.65,2.84,2.94,3.19,3.46,3.64,3.72
2013-07-05,2.46,2.54,2.60,2.46,2.52,2.60,2.65,2.85,2.95,3.22,3.49,3.69,3.78
2013-07-08,2.47,2.55,2.62,2.47,2.53,2.61,2.66,2.88,3.00,3.31,3.61,3.79,3.89
2013-07-09,2.47,2.55,2.62,2.47,2.53,2.61,2.66,2.87,2.99,3.29,3.59,3.77,3.87
2013-07-10,2.47,2.55,2.61,2.46,2.53,2.60,2.64,2.82,2.94,3.24,3.53,3.72,3.82
2013-07-11,2.47,2.53,2.59,2.46,2.51,2.58,2.62,2.75,2.84,3.10,3.37,3.58,3.68
2013-07-12,2.48,2.54,2.60,2.47,2.52,2.58,2.63,2.77,2.86,3.10,3.38,3.60,3.70
2013-07-15,2.48,2.54,2.61,2.48,2.53,2.59,2.64,2.80,2.89,3.15,3.45,3.67,3.77
2013-07-16,2.48,2.54,2.60,2.48,2.53,2.59,2.64,2.79,2.88,3.14,3.44,3.66,3.76
2013-07-17,2.49,2.54,2.61,2.48,2.53,2.59,2.64,2.80,2.89,3.16,3.47,3.69,3.80
2013-07-18,2.49,2.54,2.60,2.48,2.52,2.58,2.62,2.77,2.85,3.10,3.41,3.64,3.75
2013-07-19,2.51,2.55,2.60,2.49,2.53,2.59,2.62,2.76,2.84,3.10,3.42,3.66,3.78
2013-07-22,2.53,2.56,2.61,2.50,2.54,2.59,2.63,2.78,2.85,3.10,3.41,3.64,3.77
2013-07-23,2.54,2.57,2.62,2.51,2.55,2.61,2.64,2.81,2.88,3.12,3.41,3.62,3.75
2013-07-24,2.54,2.58,2.63,2.52,2.56,2.61,2.65,2.81,2.89,3.14,3.43,3.64,3.77
2013-07-25,2.56,2.60,2.65,2.54,2.59,2.64,2.68,2.85,2.95,3.22,3.52,3.70,3.82
2013-07-26,2.56,2.60,2.65,2.55,2.59,2.64,2.67,2.83,2.93,3.21,3.51,3.68,3.81
2013-07-29,2.56,2.60,2.64,2.55,2.59,2.63,2.66,2.80,2.89,3.17,3.46,3.63,3.76
2013-07-30,2.58,2.61,2.64,2.57,2.60,2.64,2.66,2.81,2.90,3.18,3.46,3.64,3.76
2013-07-31,2.59,2.61,2.65,2.58,2.61,2.65,2.67,2.83,2.92,3.20,3.49,3.67,3.78
2013-08-01,2.57,2.60,2.63,2.57,2.60,2.64,2.66,2.82,2.92,3.20,3.50,3.68,3.80
2013-08-02,2.56,2.60,2.63,2.56,2.60,2.64,2.66,2.84,2.96,3.26,3.58,3.75,3.88
2013-08-05,2.54,2.58,2.61,2.54,2.58,2.62,2.64,2.80,2.92,3.20,3.51,3.69,3.82
2013-08-06,2.53,2.57,2.60,2.53,2.57,2.61,2.63,2.80,2.92,3.20,3.52,3.72,3.84
2013-08-07,2.53,2.58,2.61,2.53,2.58,2.62,2.64,2.81,2.94,3.25,3.58,3.79,3.90
2013-08-08,2.53,2.57,2.60,2.52,2.57,2.61,2.63,2.78,2.91,3.22,3.57,3.77,3.88
2013-08-09,2.53,2.57,2.60,2.52,2.57,2.60,2.62,2.77,2.90,3.23,3.59,3.78,3.89
2013-08-12,2.53,2.57,2.60,2.52,2.57,2.60,2.62,2.77,2.90,3.20,3.54,3.73,3.84
2013-08-13,2.54,2.58,2.61,2.53,2.57,2.61,2.64,2.80,2.93,3.23,3.57,3.77,3.87
2013-08-14,2.55,2.59,2.63,2.54,2.58,2.63,2.66,2.82,2.96,3.28,3.65,3.84,3.94
2013-08-16,2.56,2.60,2.64,2.55,2.59,2.63,2.66,2.82,2.95,3.29,3.67,3.87,3.97
2013-08-19,2.57,2.62,2.65,2.55,2.59,2.64,2.67,2.84,2.99,3.34,3.75,3.94,4.03
2013-08-20,2.56,2.61,2.63,2.54,2.58,2.63,2.66,2.79,2.94,3.28,3.65,3.85,3.94
2013-08-21,2.57,2.62,2.64,2.54,2.59,2.64,2.67,2.81,2.96,3.30,3.66,3.87,3.96
2013-08-22,2.58,2.63,2.66,2.56,2.60,2.65,2.69,2.84,2.99,3.35,3.74,3.94,4.03
2013-08-23,2.58,2.62,2.65,2.55,2.59,2.64,2.68,2.81,2.96,3.32,3.72,3.93,4.03
2013-08-26,2.58,2.62,2.65,2.55,2.59,2.64,2.68,2.79,2.94,3.28,3.66,3.86,3.97
2013-08-27,2.58,2.62,2.65,2.55,2.59,2.64,2.68,2.80,2.94,3.27,3.66,3.86,3.97
2013-08-28,2.58,2.62,2.64,2.55,2.59,2.64,2.68,2.79,2.93,3.24,3.60,3.81,3.93
2013-08-29,2.58,2.62,2.64,2.55,2.59,2.64,2.67,2.78,2.91,3.20,3.57,3.78,3.90
2013-08-30,2.57,2.61,2.63,2.55,2.58,2.63,2.66,2.76,2.88,3.16,3.53,3.73,3.86
2013-09-02,2.58,2.61,2.63,2.55,2.58,2.63,2.67,2.80,2.92,3.21,3.59,3.79,3.90
2013-09-03,2.57,2.60,2.63,2.54,2.58,2.63,2.67,2.80,2.92,3.22,3.60,3.79,3.91
2013-09-04,2.58,2.60,2.63,2.54,2.58,2.63,2.67,2.81,2.93,3.24,3.63,3.83,3.94
2013-09-05,2.58,2.61,2.65,2.55,2.59,2.64,2.69,2.87,2.98,3.30,3.69,3.88,3.99
2013-09-06,2.58,2.61,2.65,2.54,2.58,2.64,2.69,2.87,2.98,3.30,3.68,3.86,3.97
2013-09-09,2.56,2.59,2.64,2.53,2.57,2.62,2.67,2.84,2.94,3.23,3.59,3.77,3.88
2013-09-10,2.56,2.59,2.64,2.53,2.58,2.63,2.68,2.87,2.97,3.28,3.63,3.82,3.92
2013-09-11,2.55,2.58,2.63,2.53,2.57,2.62,2.67,2.84,2.93,3.23,3.55,3.75,3.85
2013-09-12,2.55,2.58,2.63,2.53,2.57,2.62,2.67,2.82,2.91,3.20,3.53,3.73,3.83
2013-09-13,2.56,2.59,2.64,2.53,2.58,2.63,2.68,2.83,2.93,3.23,3.57,3.78,3.87
2013-09-16,2.55,2.59,2.63,2.53,2.57,2.62,2.66,2.78,2.87,3.15,3.49,3.72,3.81
2013-09-17,2.55,2.59,2.63,2.53,2.57,2.62,2.65,2.77,2.84,3.11,3.47,3.70,3.79
2013-09-23,2.55,2.59,2.63,2.53,2.57,2.61,2.64,2.74,2.80,3.04,3.41,3.63,3.73
2013-09-24,2.57,2.62,2.66,2.55,2.59,2.64,2.67,2.76,2.82,3.04,3.39,3.60,3.71
2013-09-25,2.58,2.62,2.67,2.55,2.60,2.65,2.68,2.78,2.84,3.06,3.40,3.61,3.71
2013-09-26,2.58,2.62,2.67,2.55,2.60,2.65,2.68,2.79,2.85,3.09,3.45,3.66,3.76
2013-09-27,2.58,2.62,2.66,2.54,2.59,2.64,2.67,2.76,2.82,3.06,3.43,3.64,3.74
2013-09-30,2.58,2.62,2.66,2.54,2.59,2.64,2.67,2.76,2.81,3.05,3.41,3.62,3.72
2013-10-01,2.58,2.62,2.66,2.55,2.59,2.64,2.68,2.77,2.84,3.08,3.44,3.65,3.75
2013-10-02,2.57,2.61,2.65,2.54,2.59,2.64,2.67,2.76,2.83,3.05,3.40,3.61,3.72
2013-10-04,2.56,2.60,2.65,2.54,2.59,2.64,2.67,2.76,2.83,3.05,3.40,3.62,3.73
2013-10-07,2.55,2.59,2.65,2.54,2.59,2.64,2.67,2.76,2.84,3.07,3.42,3.65,3.76
2013-10-08,2.55,2.59,2.65,2.54,2.59,2.64,2.67,2.77,2.85,3.09,3.46,3.68,3.78
2013-10-10,2.55,2.59,2.65,2.54,2.59,2.64,2.68,2.78,2.87,3.13,3.52,3.73,3.83
2013-10-11,2.55,2.59,2.64,2.54,2.59,2.63,2.66,2.77,2.86,3.12,3.50,3.72,3.81
2013-10-14,2.55,2.59,2.64,2.54,2.59,2.63,2.67,2.79,2.88,3.15,3.53,3.74,3.84
2013-10-15,2.54,2.58,2.63,2.54,2.59,2.63,2.66,2.79,2.88,3.16,3.53,3.74,3.84
2013-10-16,2.54,2.58,2.62,2.53,2.58,2.62,2.66,2.78,2.86,3.14,3.51,3.72,3.82
2013-10-17,2.54,2.58,2.62,2.53,2.57,2.61,2.65,2.77,2.84,3.12,3.49,3.70,3.80
2013-10-18,2.54,2.58,2.62,2.53,2.57,2.61,2.64,2.76,2.82,3.08,3.44,3.65,3.75
2013-10-21,2.54,2.59,2.63,2.53,2.57,2.61,2.65,2.77,2.84,3.10,3.45,3.66,3.76
2013-10-22,2.54,2.59,2.63,2.53,2.57,2.61,2.65,2.76,2.83,3.09,3.44,3.66,3.75
2013-10-23,2.54,2.58,2.62,2.53,2.57,2.61,2.64,2.73,2.79,3.02,3.35,3.58,3.68
2013-10-24,2.54,2.59,2.63,2.53,2.58,2.62,2.65,2.74,2.80,3.04,3.37,3.60,3.70
2013-10-25,2.55,2.59,2.63,2.53,2.58,2.62,2.65,2.74,2.80,3.03,3.36,3.61,3.72
2013-10-28,2.562,2.605,2.650,2.542,2.590,2.632,2.667,2.761,2.825,3.065,3.420,3.645,3.760
2013-10-29,2.552,2.595,2.641,2.537,2.585,2.626,2.657,2.742,2.805,3.035,3.385,3.618,3.740
2013-10-30,2.545,2.587,2.633,2.535,2.580,2.621,2.652,2.732,2.791,3.021,3.360,3.597,3.728
2013-10-31,2.545,2.587,2.633,2.535,2.580,2.621,2.652,2.750,2.815,3.049,3.398,3.631,3.758
2013-11-01,2.545,2.588,2.633,2.536,2.581,2.622,2.656,2.767,2.845,3.087,3.450,3.685,3.813
2013-11-04,2.545,2.586,2.631,2.536,2.581,2.622,2.656,2.773,2.860,3.110,3.475,3.715,3.835
2013-11-05,2.545,2.586,2.631,2.536,2.581,2.622,2.656,2.786,2.885,3.150,3.515,3.755,3.865
2013-11-06,2.547,2.590,2.635,2.536,2.582,2.623,2.657,2.786,2.885,3.140,3.500,3.745,3.850
2013-11-07,2.550,2.592,2.638,2.538,2.583,2.626,2.660,2.796,2.900,3.161,3.516,3.757,3.862
2013-11-08,2.550,2.590,2.635,2.538,2.583,2.625,2.658,2.781,2.883,3.141,3.490,3.725,3.830
2013-11-11,2.557,2.600,2.650,2.546,2.591,2.636,2.675,2.828,2.955,3.240,3.580,3.785,3.883
2013-11-12,2.557,2.601,2.650,2.546,2.591,2.636,2.675,2.832,2.960,3.250,3.590,3.795,3.900
2013-11-13,2.556,2.600,2.643,2.545,2.588,2.632,2.667,2.813,2.937,3.225,3.555,3.775,3.875
2013-11-14,2.550,2.593,2.635,2.541,2.585,2.628,2.662,2.808,2.937,3.236,3.580,3.800,3.897
2013-11-15,2.547,2.592,2.635,2.538,2.585,2.628,2.662,2.801,2.940,3.245,3.595,3.810,3.905
2013-11-18,2.546,2.592,2.633,2.537,2.583,2.627,2.660,2.798,2.935,3.245,3.588,3.810,3.905
2013-11-19,2.546,2.592,2.633,2.537,2.583,2.627,2.663,2.808,2.950,3.282,3.630,3.850,3.945
2013-11-20,2.543,2.590,2.631,2.535,2.581,2.625,2.661,2.813,2.955,3.295,3.640,3.855,3.950
2013-11-21,2.543,2.590,2.631,2.532,2.581,2.625,2.665,2.823,2.970,3.320,3.675,3.885,3.980
2013-11-22,2.543,2.590,2.631,2.532,2.581,2.625,2.662,2.813,2.945,3.285,3.635,3.860,3.955
2013-11-25,2.543,2.590,2.633,2.532,2.581,2.626,2.666,2.831,2.970,3.305,3.654,3.876,3.980
2013-11-26,2.540,2.586,2.632,2.528,2.577,2.625,2.665,2.825,2.960,3.290,3.635,3.855,3.960
2013-11-27,2.538,2.586,2.632,2.528,2.577,2.625,2.666,2.828,2.970,3.295,3.635,3.855,3.965
2013-11-28,2.541,2.588,2.635,2.530,2.578,2.626,2.668,2.842,2.990,3.320,3.650,3.870,3.985
2013-11-29,2.541,2.595,2.642,2.530,2.581,2.632,2.678,2.853,3.010,3.345,3.670,3.900,4.010
2013-12-02,2.545,2.601,2.651,2.532,2.585,2.638,2.690,2.875,3.040,3.393,3.733,3.943,4.048
2013-12-03,2.546,2.602,2.655,2.540,2.601,2.651,2.712,2.935,3.040,3.385,3.725,3.927,4.028
2013-12-04,2.547,2.607,2.660,2.540,2.600,2.648,2.703,2.920,3.025,3.390,3.730,3.923,4.020
2013-12-05,2.547,2.611,2.666,2.537,2.596,2.646,2.702,2.915,3.020,3.410,3.750,3.935,4.033
2013-12-06,2.547,2.610,2.666,2.536,2.593,2.643,2.691,2.905,3.005,3.385,3.725,3.915,4.015
2013-12-09,2.545,2.605,2.660,2.532,2.588,2.638,2.683,2.880,2.985,3.340,3.681,3.880,3.985
2013-12-10,2.545,2.605,2.660,2.533,2.587,2.637,2.682,2.880,2.990,3.345,3.690,3.890,3.985
2013-12-11,2.548,2.610,2.666,2.540,2.596,2.647,2.696,2.895,3.005,3.368,3.715,3.920,4.000
2013-12-12,2.547,2.611,2.666,2.537,2.598,2.650,2.700,2.890,3.005,3.365,3.710,3.910,3.995
2013-12-13,2.545,2.608,2.658,2.536,2.595,2.642,2.687,2.835,2.956,3.328,3.680,3.885,3.973
2013-12-16,2.545,2.607,2.653,2.536,2.595,2.638,2.677,2.798,2.920,3.271,3.628,3.850,3.935
2013-12-17,2.546,2.611,2.657,2.542,2.600,2.643,2.678,2.785,2.885,3.235,3.605,3.825,3.915
2013-12-18,2.553,2.620,2.666,2.548,2.606,2.648,2.687,2.815,2.900,3.250,3.620,3.835,3.927
2013-12-19,2.568,2.632,2.677,2.563,2.616,2.656,2.691,2.815,2.891,3.250,3.630,3.841,3.930
2013-12-20,2.573,2.637,2.680,2.568,2.618,2.658,2.687,2.805,2.877,3.235,3.626,3.836,3.930
2013-12-23,2.593,2.650,2.688,2.588,2.631,2.667,2.696,2.815,2.880,3.225,3.580,3.785,3.875
2013-12-24,2.593,2.650,2.683,2.590,2.632,2.666,2.692,2.820,2.882,3.220,3.565,3.766,3.855
2013-12-26,2.592,2.647,2.681,2.590,2.632,2.663,2.691,2.815,2.880,3.225,3.575,3.760,3.850
2013-12-27,2.568,2.620,2.653,2.562,2.602,2.633,2.658,2.770,2.830,3.190,3.550,3.740,3.840
2013-12-30,2.568,2.621,2.653,2.562,2.602,2.633,2.670,2.788,2.865,3.230,3.585,3.770,3.880
2013-12-31,2.568,2.621,2.653,2.562,2.602,2.633,2.670,2.788,2.865,3.230,3.585,3.770,3.880
2014-01-02,2.563,2.616,2.650,2.560,2.600,2.631,2.670,2.831,2.911,3.305,3.680,3.860,3.970
2014-01-03,2.558,2.607,2.642,2.558,2.598,2.630,2.668,2.833,2.930,3.323,3.700,3.900,4.010
2014-01-06,2.532,2.583,2.612,2.533,2.573,2.600,2.632,2.763,2.860,3.254,3.645,3.860,3.965
2014-01-07,2.530,2.580,2.607,2.531,2.571,2.597,2.626,2.758,2.863,3.255,3.650,3.880,3.982
2014-01-08,2.527,2.571,2.595,2.526,2.560,2.587,2.615,2.752,2.855,3.240,3.645,3.888,3.990
2014-01-09,2.527,2.571,2.595,2.526,2.561,2.587,2.620,2.787,2.895,3.279,3.673,3.880,3.980
2014-01-10,2.536,2.585,2.610,2.533,2.571,2.597,2.628,2.810,2.910,3.280,3.650,3.853,3.955
2014-01-13,2.547,2.595,2.617,2.541,2.578,2.605,2.632,2.795,2.890,3.240,3.625,3.833,3.932
2014-01-14,2.555,2.603,2.622,2.547,2.586,2.610,2.640,2.810,2.905,3.259,3.645,3.856,3.950
2014-01-15,2.555,2.603,2.623,2.548,2.587,2.611,2.643,2.805,2.906,3.270,3.666,3.876,3.970
2014-01-16,2.552,2.602,2.621,2.546,2.588,2.611,2.642,2.790,2.890,3.250,3.645,3.862,3.957
2014-01-17,2.556,2.605,2.623,2.548,2.592,2.613,2.645,2.796,2.895,3.255,3.650,3.875,3.965
2014-01-20,2.563,2.612,2.632,2.556,2.601,2.622,2.651,2.807,2.905,3.260,3.650,3.873,3.965
2014-01-21,2.567,2.616,2.636,2.557,2.602,2.625,2.653,2.815,2.910,3.270,3.665,3.890,3.975
2014-01-22,2.572,2.620,2.642,2.560,2.605,2.627,2.656,2.825,2.920,3.281,3.680,3.905,3.990
2014-01-23,2.571,2.618,2.641,2.558,2.605,2.627,2.653,2.812,2.903,3.260,3.655,3.882,3.980
2014-01-24,2.575,2.620,2.640,2.561,2.606,2.627,2.653,2.786,2.865,3.213,3.586,3.830,3.935
2014-01-27,2.588,2.633,2.653,2.573,2.618,2.638,2.663,2.800,2.885,3.230,3.606,3.835,3.940
2014-01-28,2.590,2.635,2.655,2.577,2.622,2.642,2.668,2.795,2.871,3.220,3.601,3.820,3.925
2014-01-29,2.588,2.632,2.651,2.576,2.621,2.643,2.667,2.801,2.885,3.225,3.615,3.838,3.948
2014-02-03,2.585,2.627,2.643,2.573,2.618,2.637,2.663,2.795,2.882,3.225,3.606,3.840,3.950
2014-02-04,2.578,2.612,2.628,2.563,2.607,2.621,2.645,2.770,2.851,3.174,3.544,3.782,3.890
2014-02-05,2.576,2.611,2.628,2.561,2.606,2.621,2.645,2.775,2.855,3.185,3.545,3.772,3.875
2014-02-06,2.576,2.611,2.628,2.561,2.606,2.622,2.645,2.766,2.849,3.180,3.540,3.770,3.870
2014-02-07,2.573,2.612,2.630,2.558,2.603,2.622,2.645,2.770,2.855,3.196,3.566,3.785,3.885
2014-02-10,2.572,2.610,2.626,2.558,2.603,2.621,2.640,2.758,2.844,3.172,3.545,3.773,3.873
2014-02-11,2.572,2.610,2.626,2.558,2.603,2.622,2.640,2.751,2.840,3.157,3.530,3.760,3.860
2014-02-12,2.572,2.610,2.626,2.558,2.603,2.626,2.641,2.750,2.843,3.160,3.530,3.748,3.845
2014-02-13,2.571,2.610,2.626,2.558,2.603,2.627,2.642,2.750,2.837,3.140,3.492,3.706,3.801
2014-02-14,2.571,2.610,2.626,2.558,2.603,2.627,2.642,2.750,2.840,3.131,3.481,3.695,3.790
2014-02-17,2.571,2.610,2.626,2.558,2.603,2.628,2.642,2.760,2.852,3.150,3.500,3.720,3.810
2014-02-18,2.571,2.610,2.627,2.558,2.602,2.628,2.643,2.765,2.860,3.163,3.522,3.740,3.830
2014-02-19,2.571,2.610,2.627,2.558,2.602,2.628,2.643,2.760,2.855,3.147,3.497,3.715,3.805
2014-02-20,2.572,2.611,2.627,2.558,2.602,2.628,2.643,2.760,2.860,3.145,3.495,3.711,3.802
2014-02-21,2.572,2.610,2.627,2.558,2.602,2.631,2.650,2.775,2.877,3.173,3.530,3.735,3.825
2014-02-24,2.571,2.610,2.627,2.558,2.602,2.631,2.648,2.770,2.870,3.160,3.512,3.721,3.812
2014-02-25,2.575,2.611,2.627,2.561,2.603,2.631,2.648,2.762,2.857,3.146,3.497,3.715,3.810
2014-02-26,2.578,2.611,2.626,2.563,2.606,2.632,2.648,2.755,2.855,3.150,3.512,3.730,3.825
2014-02-27,2.578,2.611,2.626,2.563,2.606,2.632,2.648,2.748,2.850,3.131,3.500,3.715,3.815
2014-02-28,2.578,2.611,2.626,2.563,2.606,2.632,2.647,2.750,2.850,3.126,3.497,3.715,3.816
2014-03-03,2.588,2.621,2.636,2.573,2.616,2.642,2.662,2.776,2.890,3.175,3.547,3.760,3.850
2014-03-04,2.588,2.621,2.636,2.573,2.616,2.642,2.662,2.795,2.912,3.207,3.585,3.797,3.891
2014-03-05,2.588,2.621,2.636,2.573,2.616,2.641,2.658,2.785,2.895,3.185,3.560,3.775,3.870
2014-03-06,2.588,2.621,2.636,2.573,2.616,2.641,2.658,2.785,2.895,3.185,3.570,3.785,3.880
2014-03-07,2.588,2.621,2.636,2.573,2.615,2.641,2.657,2.781,2.893,3.190,3.579,3.795,3.890
2014-03-10,2.588,2.621,2.636,2.573,2.613,2.640,2.655,2.773,2.882,3.175,3.567,3.785,3.880
2014-03-11,2.591,2.622,2.638,2.582,2.623,2.646,2.671,2.783,2.880,3.196,3.560,3.780,3.875
2014-03-12,2.591,2.622,2.637,2.582,2.623,2.643,2.665,2.773,2.867,3.180,3.536,3.761,3.855
2014-03-13,2.591,2.622,2.636,2.582,2.622,2.640,2.657,2.771,2.867,3.180,3.532,3.755,3.850
2014-03-14,2.580,2.612,2.623,2.573,2.612,2.625,2.642,2.731,2.825,3.125,3.472,3.695,3.795
2014-03-17,2.585,2.618,2.632,2.576,2.617,2.631,2.647,2.754,2.847,3.153,3.520,3.740,3.835
2014-03-18,2.583,2.617,2.631,2.575,2.616,2.630,2.646,2.748,2.837,3.147,3.535,3.740,3.835
2014-03-19,2.583,2.617,2.630,2.575,2.615,2.628,2.645,2.743,2.830,3.130,3.515,3.720,3.815
2014-03-20,2.582,2.618,2.637,2.575,2.617,2.630,2.651,2.773,2.865,3.157,3.535,3.742,3.830
2014-03-21,2.582,2.620,2.642,2.577,2.620,2.633,2.658,2.791,2.883,3.175,3.560,3.762,3.845
2014-03-24,2.582,2.620,2.642,2.577,2.620,2.631,2.658,2.795,2.890,3.182,3.567,3.770,3.855
2014-03-25,2.581,2.618,2.641,2.576,2.617,2.630,2.655,2.789,2.880,3.167,3.542,3.750,3.835
2014-03-26,2.581,2.618,2.641,2.576,2.617,2.630,2.655,2.791,2.881,3.170,3.543,3.750,3.836
2014-03-27,2.581,2.618,2.641,2.575,2.617,2.630,2.655,2.787,2.877,3.166,3.537,3.745,3.831
2014-03-28,2.581,2.618,2.641,2.576,2.618,2.631,2.656,2.783,2.867,3.150,3.514,3.726,3.808
2014-03-31,2.581,2.618,2.641,2.575,2.618,2.631,2.658,2.784,2.870,3.155,3.520,3.725,3.810
2014-04-01,2.581,2.618,2.641,2.575,2.618,2.631,2.657,2.784,2.872,3.160,3.535,3.750,3.835
2014-04-02,2.580,2.613,2.636,2.571,2.615,2.627,2.653,2.783,2.880,3.175,3.558,3.780,3.865
2014-04-03,2.580,2.611,2.632,2.570,2.613,2.625,2.651,2.782,2.882,3.177,3.562,3.785,3.870
2014-04-04,2.576,2.607,2.627,2.568,2.611,2.622,2.648,2.778,2.887,3.177,3.558,3.780,3.865
2014-04-07,2.576,2.605,2.621,2.567,2.608,2.618,2.641,2.764,2.870,3.157,3.530,3.745,3.831
2014-04-08,2.576,2.605,2.621,2.567,2.608,2.618,2.641,2.766,2.877,3.167,3.545,3.755,3.842
2014-04-09,2.576,2.605,2.621,2.567,2.607,2.617,2.637,2.755,2.855,3.142,3.522,3.730,3.815
2014-04-10,2.577,2.608,2.622,2.568,2.608,2.618,2.637,2.760,2.857,3.146,3.535,3.740,3.825
2014-04-11,2.577,2.608,2.623,2.568,2.607,2.618,2.637,2.756,2.857,3.145,3.533,3.740,3.822
2014-04-14,2.577,2.608,2.623,2.571,2.611,2.622,2.646,2.768,2.872,3.162,3.537,3.740,3.822
2014-04-15,2.577,2.610,2.626,2.571,2.611,2.622,2.651,2.775,2.877,3.167,3.537,3.740,3.822
2014-04-16,2.577,2.610,2.631,2.571,2.611,2.623,2.652,2.785,2.887,3.180,3.548,3.742,3.825
2014-04-17,2.577,2.610,2.630,2.571,2.611,2.622,2.648,2.775,2.870,3.160,3.517,3.706,3.790
2014-04-18,2.577,2.611,2.635,2.571,2.612,2.623,2.650,2.780,2.877,3.175,3.540,3.725,3.808
2014-04-21,2.578,2.611,2.640,2.571,2.612,2.625,2.651,2.784,2.885,3.184,3.561,3.745,3.828
2014-04-22,2.580,2.612,2.645,2.572,2.613,2.626,2.655,2.780,2.875,3.175,3.550,3.740,3.820
2014-04-23,2.587,2.621,2.655,2.576,2.618,2.631,2.662,2.788,2.880,3.180,3.547,3.740,3.820
2014-04-24,2.587,2.623,2.657,2.576,2.618,2.635,2.665,2.788,2.880,3.180,3.547,3.742,3.822
2014-04-25,2.587,2.623,2.657,2.576,2.618,2.635,2.665,2.786,2.875,3.170,3.530,3.733,3.812
2014-04-28,2.591,2.627,2.657,2.578,2.620,2.636,2.665,2.786,2.877,3.170,3.527,3.732,3.817
2014-04-29,2.588,2.626,2.653,2.580,2.620,2.635,2.663,2.781,2.872,3.165,3.525,3.722,3.810
2014-04-30,2.587,2.625,2.650,2.580,2.620,2.635,2.663,2.781,2.870,3.165,3.525,3.722,3.812
2014-05-02,2.586,2.623,2.645,2.578,2.618,2.632,2.660,2.769,2.862,3.152,3.505,3.710,3.800
2014-05-07,2.583,2.620,2.641,2.576,2.616,2.630,2.656,2.760,2.852,3.127,3.466,3.667,3.755
2014-05-08,2.580,2.617,2.638,2.573,2.615,2.628,2.656,2.760,2.846,3.120,3.460,3.662,3.750
2014-05-09,2.580,2.617,2.638,2.572,2.615,2.627,2.653,2.751,2.836,3.100,3.422,3.625,3.715
2014-05-12,2.578,2.616,2.638,2.571,2.613,2.627,2.653,2.758,2.847,3.112,3.440,3.640,3.730
2014-05-13,2.578,2.616,2.638,2.571,2.613,2.628,2.653,2.762,2.855,3.119,3.451,3.647,3.737
2014-05-14,2.578,2.616,2.638,2.571,2.613,2.628,2.653,2.761,2.850,3.111,3.442,3.637,3.727
2014-05-15,2.578,2.616,2.637,2.571,2.613,2.627,2.648,2.745,2.825,3.065,3.380,3.555,3.637
2014-05-16,2.578,2.616,2.638,2.571,2.612,2.630,2.653,2.750,2.835,3.067,3.386,3.560,3.640
2014-05-19,2.578,2.616,2.638,2.571,2.612,2.630,2.653,2.750,2.836,3.057,3.372,3.550,3.630
2014-05-20,2.578,2.616,2.638,2.571,2.612,2.630,2.653,2.756,2.842,3.070,3.382,3.562,3.644
2014-05-21,2.578,2.616,2.643,2.571,2.612,2.632,2.655,2.758,2.842,3.070,3.380,3.560,3.641
2014-05-22,2.578,2.616,2.645,2.571,2.612,2.632,2.658,2.766,2.847,3.087,3.407,3.586,3.666
2014-05-23,2.581,2.616,2.645,2.571,2.612,2.632,2.655,2.754,2.830,3.067,3.381,3.565,3.645
2014-05-26,2.581,2.616,2.645,2.571,2.612,2.632,2.655,2.754,2.827,3.060,3.371,3.550,3.632
2014-05-27,2.583,2.616,2.645,2.572,2.613,2.633,2.658,2.758,2.827,3.057,3.367,3.532,3.615
2014-05-28,2.583,2.616,2.645,2.572,2.613,2.633,2.657,2.750,2.815,3.040,3.347,3.500,3.580
2014-05-29,2.583,2.616,2.643,2.572,2.612,2.633,2.656,2.742,2.805,3.020,3.320,3.470,3.550
2014-05-30,2.583,2.616,2.643,2.572,2.612,2.633,2.656,2.749,2.815,3.035,3.340,3.489,3.569
2014-06-02,2.583,2.616,2.643,2.572,2.612,2.633,2.656,2.752,2.825,3.055,3.360,3.515,3.595
2014-06-03,2.583,2.616,2.643,2.572,2.612,2.637,2.663,2.781,2.837,3.065,3.375,3.527,3.607
2014-06-05,2.583,2.616,2.643,2.572,2.612,2.637,2.663,2.781,2.837,3.072,3.380,3.530,3.610
2014-06-09,2.586,2.616,2.646,2.576,2.615,2.640,2.665,2.782,2.837,3.070,3.380,3.530,3.607
2014-06-10,2.585,2.612,2.641,2.575,2.611,2.636,2.657,2.762,2.817,3.040,3.340,3.490,3.568
2014-06-11,2.585,2.612,2.641,2.575,2.611,2.636,2.656,2.760,2.820,3.050,3.355,3.502,3.580
2014-06-12,2.578,2.605,2.628,2.566,2.602,2.625,2.642,2.730,2.790,3.020,3.321,3.476,3.556
2014-06-13,2.572,2.596,2.615,2.561,2.593,2.610,2.628,2.690,2.740,2.990,3.311,3.475,3.555
2014-06-16,2.571,2.591,2.608,2.558,2.587,2.601,2.616,2.672,2.716,2.977,3.315,3.490,3.566
2014-06-17,2.571,2.591,2.608,2.558,2.587,2.601,2.615,2.686,2.725,2.972,3.297,3.480,3.552
2014-06-18,2.571,2.591,2.608,2.560,2.587,2.601,2.613,2.691,2.722,2.972,3.297,3.475,3.548
2014-06-19,2.567,2.586,2.603,2.557,2.581,2.596,2.605,2.672,2.681,2.927,3.250,3.420,3.490
2014-06-20,2.567,2.586,2.598,2.557,2.581,2.593,2.597,2.652,2.660,2.870,3.211,3.380,3.450
2014-06-23,2.567,2.586,2.598,2.557,2.581,2.593,2.600,2.675,2.690,2.902,3.239,3.390,3.460
2014-06-24,2.568,2.587,2.600,2.557,2.581,2.593,2.600,2.670,2.680,2.892,3.212,3.362,3.432
2014-06-25,2.572,2.592,2.607,2.560,2.585,2.598,2.610,2.682,2.693,2.908,3.217,3.365,3.432
2014-06-26,2.576,2.597,2.612,2.562,2.587,2.603,2.618,2.688,2.710,2.910,3.205,3.356,3.425
2014-06-27,2.576,2.597,2.608,2.562,2.587,2.600,2.613,2.667,2.697,2.892,3.182,3.341,3.412
2014-06-30,2.576,2.592,2.600,2.562,2.585,2.595,2.605,2.650,2.682,2.881,3.172,3.335,3.405
2014-07-01,2.573,2.585,2.591,2.560,2.580,2.588,2.595,2.635,2.665,2.866,3.167,3.340,3.410
2014-07-02,2.540,2.547,2.553,2.531,2.545,2.548,2.555,2.570,2.580,2.786,3.087,3.280,3.355
2014-07-03,2.538,2.546,2.552,2.530,2.543,2.547,2.552,2.577,2.597,2.796,3.105,3.292,3.372
2014-07-04,2.537,2.542,2.546,2.527,2.541,2.546,2.548,2.587,2.614,2.812,3.125,3.303,3.382
2014-07-07,2.536,2.541,2.545,2.527,2.541,2.545,2.547,2.585,2.615,2.823,3.130,3.302,3.382
2014-07-08,2.536,2.541,2.545,2.527,2.541,2.545,2.548,2.607,2.650,2.862,3.159,3.329,3.405
2014-07-09,2.523,2.528,2.532,2.518,2.528,2.532,2.533,2.562,2.610,2.837,3.155,3.340,3.422
2014-07-10,2.513,2.518,2.522,2.510,2.518,2.522,2.523,2.550,2.592,2.787,3.087,3.267,3.350
2014-07-11,2.505,2.508,2.512,2.503,2.510,2.513,2.517,2.545,2.582,2.769,3.060,3.240,3.320
2014-07-14,2.505,2.508,2.512,2.503,2.510,2.513,2.517,2.552,2.595,2.785,3.075,3.247,3.325
2014-07-15,2.501,2.505,2.506,2.500,2.505,2.507,2.511,2.551,2.592,2.775,3.058,3.227,3.305
2014-07-16,2.492,2.496,2.497,2.490,2.495,2.497,2.501,2.540,2.577,2.752,3.025,3.195,3.273
2014-07-17,2.448,2.451,2.451,2.447,2.451,2.452,2.455,2.485,2.520,2.700,2.962,3.146,3.230
2014-07-18,2.441,2.443,2.443,2.443,2.446,2.446,2.447,2.486,2.523,2.712,2.977,3.157,3.240
2014-07-21,2.438,2.441,2.442,2.442,2.443,2.445,2.445,2.482,2.520,2.725,3.000,3.175,3.255
2014-07-22,2.430,2.432,2.433,2.433,2.435,2.436,2.436,2.472,2.511,2.722,2.997,3.176,3.255
2014-07-23,2.407,2.402,2.401,2.407,2.403,2.402,2.403,2.427,2.465,2.685,2.970,3.160,3.240
2014-07-24,2.412,2.406,2.405,2.408,2.406,2.405,2.408,2.450,2.497,2.717,3.015,3.195,3.275
2014-07-25,2.412,2.405,2.402,2.407,2.405,2.403,2.405,2.445,2.492,2.710,3.000,3.185,3.265
2014-07-28,2.416,2.405,2.402,2.407,2.405,2.403,2.405,2.455,2.506,2.730,3.021,3.197,3.280
2014-07-29,2.420,2.407,2.405,2.411,2.410,2.407,2.407,2.463,2.520,2.745,3.032,3.207,3.292
2014-07-30,2.408,2.396,2.393,2.401,2.400,2.396,2.396,2.450,2.510,2.746,3.037,3.210,3.295
2014-07-31,2.407,2.391,2.387,2.395,2.392,2.388,2.387,2.450,2.515,2.760,3.057,3.238,3.324
2014-08-01,2.406,2.390,2.386,2.392,2.391,2.387,2.387,2.465,2.546,2.805,3.105,3.300,3.385
2014-08-04,2.406,2.388,2.386,2.393,2.391,2.386,2.387,2.465,2.545,2.805,3.105,3.295,3.380
2014-08-05,2.401,2.383,2.380,2.387,2.385,2.380,2.378,2.448,2.520,2.756,3.065,3.265,3.352
2014-08-06,2.395,2.380,2.381,2.383,2.382,2.380,2.387,2.460,2.535,2.765,3.092,3.285,3.370
2014-08-07,2.383,2.370,2.371,2.375,2.373,2.371,2.378,2.447,2.525,2.755,3.085,3.280,3.365
2014-08-08,2.363,2.351,2.356,2.357,2.357,2.356,2.361,2.424,2.500,2.715,3.030,3.227,3.312
2014-08-11,2.358,2.350,2.356,2.355,2.355,2.355,2.360,2.435,2.510,2.735,3.047,3.240,3.325
2014-08-12,2.355,2.348,2.355,2.353,2.353,2.353,2.358,2.440,2.517,2.747,3.062,3.247,3.332
2014-08-13,2.341,2.337,2.345,2.340,2.341,2.343,2.348,2.434,2.512,2.750,3.070,3.250,3.332
2014-08-14,2.325,2.323,2.337,2.325,2.327,2.337,2.348,2.457,2.540,2.761,3.067,3.245,3.325
2014-08-18,2.322,2.327,2.345,2.322,2.328,2.345,2.357,2.478,2.565,2.795,3.102,3.281,3.361
2014-08-19,2.320,2.326,2.350,2.321,2.330,2.348,2.361,2.478,2.572,2.816,3.142,3.315,3.395
2014-08-20,2.317,2.325,2.350,2.318,2.330,2.348,2.362,2.480,2.577,2.820,3.142,3.317,3.392
2014-08-21,2.315,2.323,2.350,2.316,2.328,2.348,2.362,2.487,2.585,2.830,3.149,3.327,3.402
2014-08-22,2.308,2.321,2.350,2.310,2.326,2.348,2.362,2.482,2.582,2.825,3.143,3.327,3.405
2014-08-25,2.307,2.321,2.350,2.308,2.326,2.348,2.362,2.475,2.567,2.792,3.105,3.287,3.362
2014-08-26,2.305,2.320,2.348,2.306,2.322,2.343,2.356,2.452,2.537,2.756,3.062,3.247,3.325
2014-08-27,2.302,2.317,2.343,2.302,2.318,2.340,2.351,2.445,2.527,2.745,3.050,3.232,3.313
2014-08-28,2.302,2.317,2.343,2.302,2.318,2.340,2.351,2.444,2.527,2.752,3.060,3.236,3.317
2014-08-29,2.302,2.318,2.345,2.303,2.320,2.340,2.351,2.435,2.512,2.735,3.032,3.200,3.280
2014-09-01,2.302,2.318,2.345,2.302,2.318,2.337,2.351,2.435,2.517,2.737,3.040,3.210,3.287
2014-09-02,2.286,2.303,2.333,2.287,2.305,2.327,2.341,2.425,2.510,2.740,3.062,3.235,3.312
2014-09-03,2.286,2.303,2.333,2.287,2.305,2.327,2.341,2.442,2.532,2.767,3.097,3.270,3.345
2014-09-04,2.286,2.303,2.333,2.287,2.305,2.327,2.342,2.450,2.540,2.765,3.096,3.265,3.340
2014-09-05,2.278,2.293,2.323,2.280,2.295,2.318,2.332,2.415,2.505,2.730,3.067,3.250,3.325
2014-09-11,2.273,2.288,2.318,2.275,2.290,2.312,2.325,2.402,2.492,2.730,3.082,3.261,3.335
2014-09-12,2.231,2.243,2.268,2.231,2.245,2.263,2.273,2.332,2.405,2.665,3.007,3.200,3.275
2014-09-15,2.223,2.236,2.260,2.222,2.236,2.253,2.263,2.329,2.400,2.676,3.042,3.240,3.312
2014-09-16,2.208,2.217,2.236,2.207,2.216,2.232,2.243,2.302,2.367,2.660,3.057,3.240,3.315
2014-09-17,2.200,2.208,2.226,2.198,2.207,2.225,2.236,2.302,2.370,2.647,3.032,3.210,3.285
2014-09-18,2.197,2.205,2.218,2.195,2.202,2.216,2.228,2.292,2.362,2.632,3.020,3.190,3.264
2014-09-19,2.198,2.203,2.217,2.195,2.202,2.216,2.228,2.296,2.370,2.637,3.030,3.195,3.265
2014-09-22,2.197,2.202,2.213,2.193,2.200,2.211,2.222,2.287,2.352,2.605,2.987,3.147,3.217
2014-09-23,2.197,2.202,2.213,2.193,2.200,2.211,2.222,2.288,2.346,2.592,2.975,3.137,3.205
2014-09-24,2.197,2.202,2.210,2.196,2.201,2.207,2.218,2.278,2.330,2.577,2.970,3.130,3.195
2014-09-25,2.197,2.200,2.206,2.195,2.200,2.205,2.217,2.272,2.322,2.560,2.950,3.115,3.184
2014-09-26,2.197,2.200,2.206,2.195,2.200,2.205,2.217,2.267,2.315,2.536,2.920,3.085,3.160
2014-09-29,2.197,2.200,2.206,2.195,2.200,2.205,2.217,2.267,2.322,2.537,2.911,3.072,3.147
2014-09-30,2.183,2.186,2.191,2.181,2.186,2.191,2.203,2.235,2.292,2.495,2.852,3.015,3.095
2014-10-01,2.130,2.132,2.133,2.127,2.132,2.133,2.145,2.158,2.212,2.417,2.805,2.975,3.055
2014-10-02,2.128,2.132,2.135,2.127,2.132,2.133,2.143,2.176,2.242,2.425,2.825,3.007,3.085
2014-10-06,2.128,2.132,2.135,2.126,2.130,2.131,2.143,2.186,2.260,2.440,2.847,3.030,3.107
2014-10-07,2.130,2.133,2.138,2.127,2.131,2.133,2.147,2.206,2.287,2.466,2.862,3.042,3.117
2014-10-08,2.130,2.133,2.138,2.127,2.131,2.133,2.147,2.210,2.287,2.467,2.847,3.026,3.100
2014-10-10,2.123,2.130,2.136,2.122,2.127,2.132,2.145,2.192,2.262,2.457,2.820,3.002,3.080
2014-10-13,2.120,2.127,2.135,2.118,2.125,2.130,2.141,2.182,2.255,2.472,2.820,3.005,3.081
2014-10-14,2.120,2.127,2.135,2.118,2.125,2.130,2.141,2.198,2.280,2.500,2.840,3.015,3.092
2014-10-15,2.080,2.107,2.130,2.080,2.103,2.125,2.141,2.198,2.287,2.493,2.825,3.005,3.082
2014-10-16,2.056,2.085,2.111,2.055,2.080,2.106,2.125,2.171,2.250,2.432,2.735,2.915,2.994
2014-10-17,2.053,2.083,2.110,2.051,2.077,2.105,2.122,2.171,2.245,2.420,2.730,2.905,2.985
2014-10-20,2.053,2.083,2.110,2.051,2.077,2.105,2.121,2.177,2.257,2.447,2.785,2.951,3.027
2014-10-21,2.050,2.078,2.100,2.046,2.073,2.097,2.113,2.163,2.242,2.422,2.757,2.925,3.002
2014-10-22,2.050,2.078,2.100,2.046,2.073,2.097,2.113,2.161,2.232,2.415,2.752,2.922,3.000
2014-10-23,2.050,2.078,2.100,2.046,2.073,2.097,2.113,2.152,2.216,2.389,2.722,2.890,2.970
2014-10-24,2.048,2.075,2.095,2.045,2.071,2.093,2.108,2.152,2.210,2.370,2.700,2.875,2.955
2014-10-27,2.048,2.075,2.095,2.045,2.071,2.093,2.108,2.161,2.218,2.382,2.720,2.892,2.972
2014-10-28,2.048,2.075,2.095,2.045,2.071,2.093,2.108,2.154,2.212,2.377,2.715,2.887,2.967
2014-10-29,2.048,2.070,2.090,2.043,2.067,2.090,2.105,2.149,2.205,2.365,2.702,2.877,2.957
2014-10-30,2.047,2.068,2.088,2.042,2.066,2.088,2.101,2.140,2.195,2.343,2.685,2.865,2.942
2014-10-31,2.037,2.053,2.070,2.031,2.051,2.068,2.082,2.101,2.145,2.295,2.655,2.837,2.920
2014-11-03,2.027,2.041,2.055,2.021,2.037,2.052,2.062,2.079,2.117,2.290,2.665,2.857,2.945
2014-11-04,2.005,2.017,2.028,2.002,2.013,2.026,2.035,2.053,2.095,2.270,2.629,2.835,2.925
2014-11-05,1.991,2.001,2.015,1.988,2.000,2.013,2.022,2.043,2.087,2.275,2.637,2.837,2.927
2014-11-06,1.985,1.995,2.010,1.981,1.993,2.007,2.016,2.032,2.080,2.272,2.642,2.837,2.930
2014-11-07,1.985,1.995,2.010,1.981,1.993,2.007,2.016,2.036,2.090,2.300,2.675,2.867,2.965
2014-11-10,1.985,1.995,2.010,1.981,1.993,2.007,2.018,2.055,2.117,2.322,2.685,2.872,2.970
2014-11-11,2.015,2.025,2.040,2.011,2.023,2.037,2.048,2.111,2.179,2.372,2.717,2.902,2.995
2014-11-12,2.025,2.036,2.051,2.021,2.032,2.046,2.060,2.138,2.205,2.405,2.758,2.942,3.032
2014-11-13,2.025,2.036,2.060,2.021,2.032,2.050,2.063,2.143,2.206,2.410,2.770,2.955,3.045
2014-11-14,2.025,2.036,2.058,2.021,2.032,2.048,2.060,2.128,2.195,2.407,2.775,2.967,3.055
2014-11-17,2.025,2.036,2.058,2.021,2.032,2.048,2.060,2.122,2.187,2.390,2.762,2.960,3.045
2014-11-18,2.023,2.035,2.055,2.021,2.032,2.048,2.058,2.114,2.180,2.370,2.745,2.945,3.032
2014-11-19,2.021,2.035,2.055,2.020,2.032,2.048,2.058,2.113,2.182,2.370,2.740,2.937,3.025
2014-11-20,2.021,2.035,2.051,2.020,2.032,2.046,2.053,2.094,2.155,2.345,2.715,2.917,3.000
2014-11-21,2.021,2.035,2.052,2.020,2.032,2.047,2.058,2.102,2.166,2.357,2.730,2.932,3.013
2014-11-24,2.016,2.030,2.042,2.015,2.027,2.036,2.042,2.061,2.122,2.302,2.675,2.885,2.970
2014-11-25,2.016,2.027,2.035,2.015,2.022,2.027,2.035,2.050,2.102,2.280,2.650,2.861,2.950
2014-11-26,2.016,2.027,2.032,2.013,2.021,2.026,2.030,2.044,2.097,2.270,2.637,2.842,2.936
2014-11-27,2.026,2.036,2.041,2.023,2.030,2.035,2.040,2.061,2.115,2.282,2.648,2.850,2.945
2014-11-28,2.022,2.028,2.031,2.018,2.023,2.023,2.027,2.035,2.077,2.230,2.590,2.790,2.881
2014-12-01,2.025,2.031,2.031,2.020,2.025,2.025,2.028,2.038,2.082,2.232,2.587,2.780,2.863
2014-12-02,2.030,2.036,2.035,2.022,2.027,2.027,2.028,2.073,2.077,2.257,2.605,2.808,2.905
2014-12-03,2.040,2.050,2.053,2.032,2.040,2.043,2.046,2.115,2.117,2.330,2.682,2.885,2.985
2014-12-04,2.041,2.055,2.063,2.035,2.045,2.056,2.062,2.146,2.165,2.370,2.719,2.918,3.020
2014-12-05,2.046,2.057,2.067,2.037,2.046,2.057,2.066,2.145,2.166,2.370,2.724,2.930,3.025
2014-12-08,2.078,2.091,2.105,2.070,2.078,2.090,2.097,2.194,2.225,2.450,2.810,3.014,3.105
2014-12-09,2.076,2.087,2.097,2.066,2.073,2.081,2.083,2.151,2.171,2.397,2.750,2.954,3.048
2014-12-10,2.077,2.091,2.104,2.067,2.076,2.081,2.087,2.165,2.176,2.410,2.765,2.969,3.065
2014-12-11,2.070,2.076,2.088,2.060,2.065,2.066,2.065,2.115,2.121,2.345,2.695,2.902,2.995
2014-12-12,2.071,2.076,2.084,2.058,2.063,2.065,2.065,2.105,2.109,2.327,2.696,2.911,3.001
2014-12-15,2.076,2.083,2.091,2.065,2.070,2.073,2.076,2.114,2.132,2.341,2.690,2.910,2.998
2014-12-16,2.082,2.090,2.096,2.066,2.070,2.073,2.075,2.108,2.127,2.322,2.662,2.885,2.971
2014-12-17,2.100,2.110,2.116,2.081,2.087,2.092,2.095,2.150,2.170,2.360,2.695,2.897,2.978
2014-12-18,2.103,2.113,2.119,2.085,2.090,2.096,2.100,2.162,2.192,2.385,2.727,2.925,3.000
2014-12-19,2.106,2.112,2.117,2.083,2.087,2.093,2.095,2.150,2.180,2.370,2.717,2.922,2.996
2014-12-22,2.103,2.111,2.117,2.081,2.085,2.090,2.090,2.136,2.158,2.332,2.665,2.870,2.944
2014-12-23,2.105,2.112,2.117,2.081,2.083,2.088,2.092,2.135,2.160,2.332,2.670,2.871,2.950
2014-12-24,2.102,2.110,2.115,2.080,2.081,2.086,2.090,2.127,2.145,2.307,2.648,2.852,2.940
2014-12-26,2.103,2.112,2.120,2.081,2.083,2.090,2.096,2.142,2.160,2.317,2.650,2.850,2.940
2014-12-29,2.096,2.105,2.108,2.075,2.077,2.083,2.088,2.123,2.132,2.292,2.610,2.805,2.900
2014-12-30,2.077,2.082,2.083,2.066,2.067,2.072,2.073,2.092,2.095,2.285,2.605,2.800,2.897
2014-12-31,2.077,2.082,2.083,2.066,2.067,2.072,2.073,2.092,2.095,2.285,2.605,2.800,2.897
2015-01-02,2.072,2.077,2.077,2.063,2.066,2.070,2.072,2.107,2.135,2.320,2.655,2.852,2.951
2015-01-05,2.052,2.057,2.060,2.046,2.050,2.053,2.057,2.085,2.115,2.287,2.617,2.820,2.921
2015-01-06,2.025,2.030,2.032,2.018,2.022,2.026,2.030,2.046,2.080,2.235,2.555,2.761,2.860
2015-01-07,2.017,2.021,2.026,2.012,2.016,2.020,2.025,2.044,2.077,2.235,2.556,2.765,2.866
2015-01-08,2.011,2.016,2.021,2.008,2.012,2.016,2.020,2.040,2.070,2.225,2.547,2.762,2.862
2015-01-09,2.005,2.010,2.015,2.002,2.006,2.011,2.013,2.031,2.057,2.222,2.537,2.755,2.855
2015-01-12,1.978,1.980,1.985,1.971,1.973,1.978,1.985,1.991,2.007,2.152,2.447,2.660,2.760
2015-01-13,1.971,1.976,1.981,1.970,1.975,1.980,1.985,2.001,2.022,2.157,2.435,2.642,2.740
2015-01-14,1.933,1.936,1.937,1.932,1.935,1.936,1.938,1.955,1.972,2.085,2.370,2.575,2.675
2015-01-15,1.978,1.981,1.982,1.977,1.980,1.981,1.986,2.017,2.037,2.167,2.450,2.645,2.745
2015-01-16,1.968,1.971,1.971,1.966,1.968,1.968,1.970,2.005,2.016,2.102,2.345,2.515,2.610
2015-01-19,1.970,1.971,1.971,1.967,1.971,1.971,1.971,2.026,2.040,2.130,2.382,2.562,2.656
2015-01-20,1.960,1.961,1.961,1.960,1.962,1.962,1.962,2.017,2.032,2.122,2.360,2.535,2.627
2015-01-21,1.961,1.965,1.970,1.961,1.966,1.969,1.972,2.027,2.047,2.147,2.375,2.547,2.640
2015-01-22,1.962,1.970,1.975,1.963,1.970,1.975,1.978,2.037,2.060,2.170,2.400,2.575,2.667
2015-01-23,1.965,1.972,1.976,1.963,1.971,1.976,1.976,2.004,2.030,2.130,2.332,2.512,2.605
2015-01-26,1.971,1.976,1.979,1.967,1.973,1.978,1.979,1.996,2.025,2.110,2.300,2.470,2.562
2015-01-27,1.982,1.987,1.993,1.978,1.985,1.989,1.994,2.010,2.030,2.106,2.297,2.461,2.555
2015-01-28,1.978,1.982,1.984,1.977,1.981,1.982,1.983,1.992,2.005,2.077,2.257,2.422,2.520
2015-01-29,1.981,1.982,1.982,1.980,1.981,1.981,1.981,1.986,1.995,2.070,2.230,2.390,2.485
2015-01-30,1.983,1.982,1.978,1.980,1.978,1.972,1.970,1.969,1.969,2.047,2.240,2.395,2.492
2015-02-02,1.978,1.978,1.976,1.976,1.976,1.972,1.967,1.977,1.985,2.055,2.245,2.402,2.501
2015-02-03,1.951,1.950,1.946,1.947,1.946,1.940,1.938,1.935,1.937,2.007,2.209,2.382,2.475
2015-02-04,1.958,1.957,1.948,1.953,1.952,1.943,1.940,1.947,1.957,2.035,2.242,2.425,2.517
2015-02-05,1.958,1.957,1.947,1.951,1.950,1.942,1.938,1.957,1.975,2.057,2.277,2.447,2.535
2015-02-06,1.956,1.952,1.941,1.946,1.943,1.936,1.928,1.942,1.960,2.050,2.267,2.435,2.525
2015-02-09,1.958,1.952,1.943,1.947,1.945,1.938,1.937,1.952,1.975,2.075,2.292,2.455,2.540
2015-02-10,1.995,1.990,1.982,1.985,1.982,1.977,1.980,2.031,2.060,2.155,2.354,2.512,2.593
2015-02-11,1.996,1.991,1.990,1.986,1.986,1.983,1.987,2.025,2.050,2.147,2.355,2.522,2.600
2015-02-12,1.997,1.997,1.998,1.990,1.993,1.995,2.002,2.050,2.070,2.172,2.405,2.567,2.645
2015-02-13,1.996,1.996,1.996,1.988,1.991,1.992,1.993,2.030,2.050,2.155,2.397,2.562,2.640
2015-02-16,2.006,2.010,2.013,2.000,2.006,2.008,2.018,2.073,2.095,2.222,2.480,2.642,2.714
2015-02-17,2.002,2.006,2.010,1.997,2.002,2.005,2.011,2.043,2.054,2.147,2.380,2.555,2.631
2015-02-23,2.002,2.006,2.010,1.997,2.002,2.005,2.011,2.050,2.067,2.170,2.427,2.611,2.690
2015-02-24,2.002,2.006,2.010,1.997,2.002,2.005,2.011,2.047,2.067,2.175,2.437,2.621,2.702
2015-02-25,2.001,2.001,2.003,1.997,1.997,2.000,2.005,2.027,2.040,2.130,2.375,2.567,2.650
2015-02-26,2.001,2.001,2.003,1.997,1.997,2.001,2.005,2.027,2.040,2.122,2.365,2.547,2.635
2015-02-27,2.000,2.000,2.000,1.997,1.997,2.000,2.002,2.023,2.035,2.107,2.355,2.536,2.625
2015-03-02,1.985,1.985,1.985,1.981,1.981,1.983,1.983,1.990,2.000,2.077,2.335,2.522,2.607
2015-03-03,1.971,1.971,1.971,1.968,1.970,1.970,1.970,1.975,1.990,2.087,2.352,2.545,2.627
2015-03-04,1.961,1.961,1.961,1.958,1.960,1.960,1.960,1.965,1.980,2.090,2.370,2.565,2.647
2015-03-05,1.950,1.950,1.950,1.948,1.950,1.950,1.950,1.952,1.975,2.070,2.355,2.552,2.635
2015-03-06,1.923,1.922,1.920,1.920,1.920,1.920,1.920,1.920,1.945,2.040,2.332,2.530,2.617
2015-03-09,1.907,1.906,1.902,1.902,1.902,1.901,1.900,1.900,1.922,2.057,2.375,2.572,2.660
2015-03-10,1.892,1.892,1.891,1.890,1.890,1.890,1.892,1.914,1.940,2.077,2.387,2.578,2.662
2015-03-11,1.853,1.853,1.855,1.852,1.852,1.853,1.861,1.885,1.910,2.012,2.315,2.510,2.597
2015-03-12,1.798,1.805,1.812,1.796,1.801,1.810,1.818,1.865,1.900,2.030,2.350,2.537,2.625
2015-03-13,1.772,1.781,1.788,1.768,1.776,1.783,1.792,1.825,1.866,2.012,2.357,2.542,2.630
2015-03-16,1.765,1.773,1.781,1.761,1.768,1.778,1.785,1.827,1.857,1.985,2.312,2.500,2.587
2015-03-17,1.756,1.766,1.773,1.753,1.761,1.771,1.783,1.840,1.871,1.990,2.315,2.505,2.590
2015-03-18,1.754,1.760,1.770,1.753,1.760,1.768,1.781,1.825,1.850,1.970,2.270,2.455,2.535
2015-03-19,1.753,1.759,1.766,1.752,1.758,1.765,1.772,1.805,1.825,1.925,2.210,2.396,2.472
2015-03-20,1.751,1.755,1.761,1.748,1.755,1.758,1.760,1.782,1.800,1.902,2.207,2.395,2.475
2015-03-23,1.751,1.755,1.761,1.748,1.755,1.758,1.760,1.777,1.795,1.892,2.197,2.380,2.455
2015-03-24,1.753,1.755,1.761,1.751,1.755,1.758,1.760,1.775,1.795,1.890,2.191,2.375,2.452
2015-03-25,1.753,1.755,1.756,1.748,1.752,1.753,1.755,1.757,1.777,1.867,2.165,2.350,2.430
2015-03-26,1.753,1.755,1.755,1.748,1.751,1.753,1.755,1.762,1.777,1.870,2.177,2.365,2.445
2015-03-27,1.753,1.755,1.755,1.748,1.751,1.753,1.754,1.757,1.770,1.850,2.175,2.366,2.447
2015-03-30,1.748,1.748,1.745,1.743,1.743,1.741,1.735,1.730,1.740,1.820,2.150,2.340,2.427
2015-03-31,1.720,1.720,1.717,1.718,1.718,1.716,1.707,1.706,1.717,1.802,2.157,2.355,2.438
2015-04-01,1.713,1.710,1.705,1.708,1.706,1.704,1.695,1.707,1.722,1.802,2.147,2.347,2.432
2015-04-02,1.707,1.704,1.697,1.705,1.702,1.696,1.690,1.699,1.715,1.792,2.110,2.307,2.399
2015-04-03,1.707,1.704,1.697,1.705,1.702,1.696,1.688,1.700,1.712,1.800,2.085,2.280,2.372
2015-04-06,1.706,1.703,1.695,1.703,1.701,1.695,1.686,1.693,1.710,1.792,2.065,2.257,2.351
2015-04-07,1.702,1.700,1.695,1.698,1.697,1.695,1.686,1.697,1.722,1.812,2.105,2.292,2.380
2015-04-08,1.700,1.700,1.695,1.697,1.697,1.695,1.690,1.701,1.727,1.825,2.115,2.300,2.385
2015-04-09,1.672,1.672,1.667,1.671,1.671,1.667,1.665,1.675,1.695,1.777,2.062,2.250,2.339
2015-04-10,1.672,1.672,1.670,1.671,1.671,1.670,1.670,1.690,1.717,1.800,2.075,2.262,2.349
2015-04-13,1.678,1.678,1.680,1.677,1.677,1.678,1.680,1.702,1.732,1.834,2.107,2.295,2.380
2015-04-14,1.678,1.678,1.680,1.677,1.677,1.678,1.680,1.706,1.730,1.841,2.121,2.308,2.395
2015-04-15,1.678,1.678,1.680,1.677,1.677,1.678,1.680,1.699,1.717,1.826,2.127,2.315,2.397
2015-04-16,1.678,1.678,1.680,1.677,1.677,1.678,1.680,1.700,1.720,1.837,2.155,2.346,2.427
2015-04-17,1.673,1.671,1.670,1.672,1.671,1.669,1.667,1.676,1.692,1.802,2.115,2.307,2.390
2015-04-20,1.670,1.669,1.668,1.669,1.668,1.668,1.667,1.678,1.695,1.812,2.147,2.332,2.415
2015-04-21,1.671,1.671,1.671,1.670,1.670,1.671,1.671,1.690,1.707,1.829,2.170,2.356,2.435
2015-04-22,1.670,1.671,1.671,1.668,1.670,1.671,1.671,1.690,1.713,1.835,2.177,2.365,2.442
2015-04-23,1.680,1.681,1.682,1.677,1.678,1.681,1.683,1.715,1.742,1.900,2.265,2.457,2.537
2015-04-24,1.690,1.696,1.702,1.686,1.693,1.701,1.705,1.752,1.782,1.937,2.295,2.500,2.580
2015-04-27,1.696,1.702,1.715,1.693,1.701,1.711,1.715,1.757,1.789,1.942,2.287,2.500,2.582
2015-04-28,1.723,1.730,1.746,1.721,1.728,1.741,1.749,1.790,1.829,2.007,2.367,2.585,2.672
2015-04-29,1.723,1.730,1.748,1.721,1.728,1.742,1.752,1.796,1.839,2.027,2.380,2.600,2.687
2015-04-30,1.723,1.730,1.748,1.721,1.728,1.742,1.752,1.795,1.850,2.050,2.423,2.640,2.730
2015-05-04,1.728,1.735,1.758,1.726,1.733,1.751,1.765,1.838,1.900,2.121,2.495,2.711,2.805
2015-05-06,1.737,1.745,1.771,1.731,1.741,1.762,1.783,1.884,1.976,2.232,2.593,2.805,2.895
2015-05-07,1.728,1.735,1.761,1.726,1.735,1.755,1.779,1.872,1.967,2.215,2.550,2.760,2.850
2015-05-08,1.708,1.715,1.738,1.706,1.713,1.733,1.748,1.813,1.880,2.070,2.398,2.601,2.690
2015-05-11,1.708,1.715,1.735,1.703,1.711,1.730,1.743,1.807,1.872,2.107,2.460,2.667,2.756
2015-05-12,1.727,1.733,1.750,1.721,1.728,1.743,1.758,1.852,1.945,2.221,2.600,2.817,2.904
2015-05-13,1.710,1.715,1.727,1.705,1.708,1.722,1.734,1.784,1.862,2.137,2.535,2.762,2.850
2015-05-14,1.710,1.713,1.725,1.703,1.707,1.720,1.732,1.785,1.855,2.101,2.495,2.719,2.805
2015-05-15,1.712,1.718,1.734,1.707,1.712,1.729,1.741,1.810,1.882,2.127,2.507,2.732,2.815
2015-05-18,1.712,1.718,1.735,1.707,1.712,1.730,1.746,1.820,1.892,2.137,2.527,2.752,2.835
2015-05-19,1.712,1.718,1.735,1.707,1.712,1.730,1.750,1.832,1.900,2.150,2.542,2.770,2.852
2015-05-20,1.706,1.712,1.728,1.701,1.706,1.723,1.743,1.821,1.877,2.110,2.490,2.719,2.800
2015-05-21,1.705,1.711,1.728,1.700,1.705,1.723,1.743,1.821,1.880,2.120,2.515,2.742,2.825
2015-05-22,1.711,1.717,1.735,1.706,1.711,1.730,1.750,1.816,1.871,2.097,2.477,2.705,2.790
2015-05-26,1.711,1.716,1.728,1.706,1.710,1.724,1.741,1.798,1.845,2.095,2.495,2.716,2.802
2015-05-27,1.705,1.710,1.719,1.700,1.705,1.714,1.725,1.773,1.807,2.052,2.445,2.666,2.752
2015-05-28,1.705,1.710,1.715,1.701,1.706,1.714,1.720,1.773,1.797,2.015,2.405,2.620,2.705
2015-05-29,1.696,1.695,1.695,1.692,1.692,1.693,1.693,1.719,1.745,1.915,2.305,2.510,2.600
2015-06-01,1.691,1.686,1.678,1.688,1.685,1.677,1.676,1.709,1.746,1.945,2.350,2.555,2.645
2015-06-02,1.671,1.666,1.652,1.666,1.663,1.656,1.655,1.688,1.730,1.932,2.340,2.547,2.636
2015-06-03,1.667,1.663,1.653,1.663,1.662,1.655,1.655,1.696,1.760,2.012,2.430,2.639,2.725
2015-06-04,1.665,1.662,1.652,1.661,1.661,1.653,1.653,1.696,1.770,2.047,2.485,2.686,2.772
2015-06-05,1.660,1.658,1.651,1.657,1.656,1.651,1.648,1.675,1.740,2.010,2.466,2.675,2.762
2015-06-08,1.640,1.633,1.627,1.637,1.633,1.627,1.625,1.660,1.725,2.024,2.480,2.700,2.790
2015-06-09,1.633,1.627,1.623,1.631,1.627,1.623,1.620,1.667,1.732,1.990,2.425,2.651,2.740
2015-06-10,1.617,1.615,1.616,1.613,1.613,1.613,1.613,1.728,1.780,2.027,2.466,2.672,2.762
2015-06-11,1.560,1.572,1.593,1.558,1.571,1.593,1.605,1.735,1.797,2.090,2.532,2.732,2.820
2015-06-12,1.550,1.563,1.584,1.547,1.561,1.583,1.593,1.704,1.765,2.027,2.456,2.660,2.746
2015-06-15,1.548,1.565,1.589,1.546,1.560,1.585,1.593,1.702,1.761,2.034,2.497,2.702,2.785
2015-06-16,1.548,1.563,1.589,1.545,1.556,1.585,1.595,1.707,1.765,2.040,2.507,2.712,2.795
2015-06-17,1.551,1.566,1.595,1.547,1.557,1.590,1.610,1.735,1.801,2.097,2.556,2.760,2.841
2015-06-18,1.547,1.562,1.590,1.542,1.552,1.585,1.600,1.720,1.778,2.052,2.510,2.710,2.790
2015-06-19,1.550,1.565,1.592,1.542,1.552,1.585,1.600,1.725,1.775,2.015,2.445,2.655,2.740
2015-06-22,1.569,1.583,1.610,1.560,1.570,1.602,1.615,1.737,1.790,2.060,2.507,2.728,2.815
2015-06-23,1.575,1.589,1.615,1.565,1.575,1.607,1.621,1.750,1.797,2.060,2.480,2.702,2.790
2015-06-24,1.580,1.594,1.615,1.568,1.578,1.611,1.626,1.750,1.810,2.077,2.465,2.687,2.777
2015-06-25,1.581,1.595,1.615,1.570,1.580,1.611,1.626,1.745,1.820,2.100,2.495,2.707,2.797
2015-06-26,1.580,1.590,1.612,1.570,1.581,1.611,1.626,1.740,1.819,2.100,2.496,2.707,2.797
2015-06-29,1.576,1.584,1.600,1.567,1.576,1.601,1.620,1.720,1.794,2.070,2.447,2.657,2.747
2015-06-30,1.576,1.584,1.600,1.567,1.576,1.600,1.618,1.717,1.795,2.070,2.452,2.662,2.750
2015-07-01,1.576,1.584,1.600,1.567,1.576,1.600,1.618,1.725,1.805,2.082,2.472,2.677,2.765
2015-07-02,1.573,1.581,1.597,1.565,1.572,1.598,1.618,1.737,1.830,2.137,2.532,2.731,2.817
2015-07-03,1.561,1.572,1.588,1.551,1.561,1.590,1.613,1.732,1.830,2.130,2.520,2.720,2.805
2015-07-06,1.549,1.561,1.581,1.541,1.550,1.581,1.603,1.728,1.827,2.092,2.463,2.666,2.750
2015-07-07,1.542,1.556,1.576,1.533,1.545,1.576,1.599,1.726,1.825,2.102,2.495,2.697,2.775
2015-07-08,1.536,1.550,1.571,1.528,1.540,1.571,1.593,1.710,1.805,2.070,2.467,2.670,2.750
2015-07-09,1.531,1.546,1.568,1.523,1.536,1.569,1.590,1.710,1.797,2.085,2.487,2.690,2.770
2015-07-10,1.527,1.542,1.566,1.521,1.535,1.568,1.590,1.712,1.802,2.102,2.502,2.700,2.780
2015-07-13,1.527,1.542,1.566,1.520,1.533,1.565,1.586,1.712,1.802,2.100,2.507,2.702,2.782
2015-07-14,1.526,1.541,1.566,1.519,1.533,1.565,1.585,1.710,1.797,2.092,2.502,2.702,2.782
2015-07-15,1.521,1.541,1.566,1.515,1.530,1.565,1.585,1.709,1.790,2.080,2.492,2.697,2.777
2015-07-16,1.521,1.541,1.566,1.516,1.530,1.565,1.584,1.710,1.790,2.070,2.482,2.691,2.771
2015-07-17,1.521,1.541,1.566,1.516,1.530,1.565,1.587,1.712,1.780,2.052,2.467,2.680,2.760
2015-07-20,1.521,1.541,1.566,1.516,1.530,1.565,1.587,1.710,1.775,2.045,2.467,2.680,2.760
2015-07-21,1.521,1.541,1.566,1.516,1.531,1.565,1.587,1.707,1.770,2.035,2.455,2.672,2.752
2015-07-22,1.521,1.541,1.565,1.516,1.530,1.563,1.578,1.692,1.750,2.007,2.420,2.641,2.721
2015-07-23,1.520,1.538,1.558,1.513,1.527,1.556,1.566,1.665,1.717,1.957,2.367,2.584,2.665
2015-07-24,1.518,1.534,1.553,1.512,1.523,1.550,1.558,1.655,1.705,1.937,2.335,2.552,2.635
2015-07-27,1.522,1.536,1.553,1.512,1.523,1.550,1.558,1.642,1.702,1.945,2.350,2.567,2.650
2015-07-28,1.524,1.538,1.556,1.514,1.525,1.551,1.559,1.655,1.727,1.980,2.382,2.594,2.679
2015-07-29,1.524,1.538,1.556,1.511,1.522,1.551,1.559,1.647,1.715,1.965,2.360,2.572,2.660
2015-07-30,1.524,1.540,1.558,1.511,1.522,1.552,1.564,1.662,1.735,1.990,2.390,2.595,2.680
2015-07-31,1.525,1.540,1.562,1.511,1.522,1.556,1.574,1.682,1.770,2.032,2.425,2.625,2.710
2015-08-03,1.521,1.538,1.560,1.507,1.520,1.553,1.569,1.669,1.757,2.015,2.402,2.607,2.695
2015-08-04,1.520,1.538,1.560,1.506,1.519,1.553,1.569,1.685,1.777,2.035,2.410,2.611,2.693
2015-08-05,1.519,1.538,1.563,1.506,1.520,1.556,1.574,1.700,1.792,2.050,2.421,2.615,2.702
2015-08-06,1.516,1.537,1.564,1.506,1.520,1.556,1.572,1.690,1.785,2.037,2.407,2.600,2.690
2015-08-07,1.512,1.535,1.564,1.503,1.518,1.555,1.572,1.692,1.785,2.037,2.412,2.605,2.690
2015-08-10,1.508,1.532,1.563,1.500,1.516,1.554,1.570,1.677,1.762,1.989,2.357,2.551,2.635
2015-08-11,1.508,1.531,1.560,1.500,1.513,1.550,1.563,1.657,1.737,1.960,2.322,2.520,2.605
2015-08-12,1.506,1.527,1.551,1.500,1.510,1.546,1.553,1.630,1.705,1.915,2.255,2.455,2.540
2015-08-13,1.507,1.528,1.553,1.500,1.510,1.547,1.555,1.650,1.725,1.941,2.290,2.478,2.561
2015-08-17,1.506,1.527,1.551,1.500,1.508,1.546,1.555,1.650,1.722,1.934,2.280,2.467,2.549
2015-08-18,1.506,1.527,1.551,1.500,1.508,1.546,1.555,1.647,1.715,1.920,2.272,2.462,2.545
2015-08-19,1.506,1.528,1.553,1.500,1.508,1.548,1.557,1.660,1.730,1.937,2.307,2.497,2.580
2015-08-20,1.506,1.528,1.553,1.500,1.508,1.548,1.557,1.650,1.712,1.902,2.275,2.465,2.547
2015-08-21,1.512,1.535,1.558,1.502,1.511,1.551,1.560,1.647,1.707,1.880,2.252,2.445,2.528
2015-08-24,1.514,1.536,1.559,1.505,1.514,1.551,1.561,1.637,1.692,1.847,2.187,2.375,2.461
2015-08-25,1.523,1.546,1.567,1.516,1.525,1.560,1.571,1.645,1.707,1.872,2.219,2.395,2.480
2015-08-26,1.526,1.549,1.570,1.522,1.531,1.566,1.576,1.650,1.717,1.900,2.247,2.417,2.500
2015-08-27,1.528,1.550,1.570,1.523,1.533,1.566,1.576,1.642,1.705,1.890,2.250,2.417,2.502
2015-08-28,1.535,1.558,1.580,1.531,1.542,1.573,1.586,1.655,1.720,1.910,2.285,2.455,2.540
2015-08-31,1.536,1.559,1.581,1.532,1.542,1.573,1.590,1.665,1.735,1.927,2.295,2.470,2.555
2015-09-01,1.526,1.549,1.570,1.523,1.533,1.565,1.580,1.653,1.722,1.927,2.300,2.475,2.560
2015-09-02,1.522,1.543,1.559,1.521,1.531,1.555,1.566,1.632,1.697,1.895,2.267,2.447,2.532
2015-09-03,1.520,1.537,1.551,1.520,1.526,1.546,1.556,1.610,1.670,1.885,2.280,2.465,2.552
2015-09-04,1.510,1.521,1.530,1.508,1.512,1.525,1.534,1.586,1.642,1.842,2.240,2.422,2.512
2015-09-07,1.510,1.521,1.529,1.505,1.509,1.520,1.529,1.595,1.652,1.840,2.222,2.395,2.485
2015-09-08,1.510,1.521,1.529,1.505,1.510,1.520,1.528,1.607,1.670,1.855,2.230,2.399,2.488
2015-09-09,1.510,1.521,1.535,1.505,1.510,1.520,1.530,1.617,1.680,1.870,2.252,2.415,2.505
2015-09-10,1.506,1.516,1.526,1.502,1.508,1.512,1.523,1.589,1.647,1.872,2.225,2.400,2.480
2015-09-11,1.506,1.516,1.526,1.501,1.507,1.511,1.522,1.601,1.655,1.880,2.235,2.407,2.487
2015-09-14,1.507,1.516,1.526,1.502,1.508,1.512,1.521,1.606,1.667,1.902,2.270,2.442,2.522
2015-09-15,1.505,1.515,1.524,1.501,1.507,1.511,1.517,1.598,1.652,1.877,2.250,2.425,2.500
2015-09-16,1.506,1.516,1.525,1.501,1.509,1.516,1.530,1.609,1.670,1.902,2.277,2.450,2.525
2015-09-17,1.506,1.517,1.534,1.502,1.511,1.521,1.535,1.628,1.682,1.897,2.270,2.444,2.515
2015-09-18,1.506,1.516,1.528,1.501,1.510,1.519,1.533,1.594,1.632,1.820,2.192,2.365,2.436
2015-09-21,1.506,1.516,1.528,1.501,1.510,1.516,1.529,1.580,1.620,1.790,2.157,2.327,2.400
2015-09-22,1.506,1.516,1.528,1.503,1.510,1.516,1.529,1.582,1.625,1.795,2.147,2.315,2.387
2015-09-23,1.507,1.517,1.529,1.503,1.510,1.516,1.529,1.582,1.617,1.785,2.135,2.303,2.377
2015-09-24,1.510,1.521,1.533,1.506,1.512,1.519,1.530,1.586,1.625,1.800,2.157,2.325,2.392
2015-09-25,1.510,1.522,1.535,1.506,1.512,1.520,1.530,1.581,1.614,1.785,2.132,2.301,2.372
2015-09-30,1.506,1.517,1.525,1.500,1.507,1.514,1.518,1.541,1.565,1.722,2.065,2.232,2.297
2015-10-01,1.506,1.517,1.526,1.501,1.508,1.516,1.520,1.563,1.592,1.760,2.107,2.267,2.335
2015-10-02,1.499,1.509,1.517,1.497,1.503,1.510,1.515,1.549,1.582,1.742,2.082,2.242,2.315
2015-10-05,1.494,1.500,1.507,1.492,1.495,1.501,1.504,1.539,1.576,1.721,2.040,2.202,2.275
2015-10-06,1.496,1.502,1.507,1.493,1.496,1.502,1.506,1.551,1.590,1.737,2.045,2.205,2.274
2015-10-07,1.500,1.508,1.518,1.498,1.502,1.510,1.516,1.569,1.615,1.780,2.087,2.238,2.302
2015-10-08,1.501,1.508,1.519,1.499,1.501,1.510,1.516,1.566,1.615,1.782,2.090,2.240,2.305
2015-10-12,1.503,1.510,1.525,1.501,1.504,1.516,1.527,1.596,1.646,1.832,2.150,2.295,2.357
2015-10-13,1.505,1.512,1.527,1.501,1.506,1.517,1.527,1.592,1.637,1.815,2.122,2.265,2.325
2015-10-14,1.506,1.513,1.530,1.502,1.507,1.519,1.536,1.605,1.655,1.825,2.120,2.255,2.315
2015-10-15,1.503,1.511,1.523,1.499,1.503,1.513,1.527,1.576,1.622,1.772,2.060,2.191,2.250
2015-10-16,1.505,1.513,1.525,1.500,1.505,1.514,1.528,1.576,1.620,1.770,2.062,2.200,2.255
2015-10-19,1.506,1.513,1.525,1.500,1.505,1.514,1.528,1.579,1.622,1.778,2.077,2.220,2.270
2015-10-20,1.506,1.514,1.531,1.500,1.506,1.518,1.535,1.596,1.640,1.805,2.100,2.235,2.285
2015-10-21,1.509,1.518,1.536,1.503,1.509,1.522,1.540,1.606,1.647,1.812,2.108,2.222,2.270
2015-10-22,1.512,1.520,1.540,1.505,1.511,1.525,1.544,1.616,1.655,1.822,2.120,2.203,2.245
2015-10-23,1.512,1.521,1.542,1.505,1.512,1.527,1.546,1.617,1.647,1.808,2.102,2.201,2.235
2015-10-26,1.512,1.524,1.543,1.505,1.514,1.528,1.547,1.618,1.640,1.797,2.095,2.217,2.245
2015-10-27,1.512,1.523,1.542,1.505,1.514,1.528,1.547,1.608,1.630,1.772,2.062,2.187,2.217
2015-10-28,1.512,1.523,1.542,1.505,1.516,1.533,1.548,1.606,1.625,1.760,2.036,2.160,2.190
2015-10-29,1.514,1.531,1.552,1.508,1.523,1.542,1.560,1.616,1.640,1.770,2.055,2.172,2.210
2015-10-30,1.518,1.534,1.557,1.511,1.526,1.545,1.564,1.626,1.652,1.795,2.112,2.225,2.270
2015-11-02,1.516,1.534,1.556,1.510,1.526,1.545,1.564,1.628,1.657,1.807,2.122,2.235,2.279
2015-11-03,1.516,1.534,1.556,1.510,1.526,1.545,1.564,1.633,1.662,1.837,2.152,2.276,2.325
2015-11-04,1.516,1.534,1.557,1.510,1.526,1.546,1.567,1.643,1.677,1.848,2.162,2.288,2.332
2015-11-05,1.516,1.536,1.560,1.511,1.527,1.551,1.574,1.655,1.692,1.857,2.155,2.267,2.305
2015-11-06,1.529,1.551,1.576,1.523,1.542,1.567,1.593,1.683,1.730,1.920,2.210,2.321,2.365
2015-11-09,1.555,1.578,1.602,1.550,1.570,1.593,1.622,1.734,1.802,2.010,2.302,2.400,2.440
2015-11-10,1.558,1.580,1.601,1.551,1.572,1.594,1.621,1.717,1.780,1.970,2.270,2.375,2.415
2015-11-11,1.558,1.581,1.605,1.551,1.574,1.600,1.627,1.735,1.800,2.000,2.312,2.412,2.453
2015-11-12,1.558,1.581,1.605,1.551,1.574,1.600,1.626,1.723,1.790,2.002,2.329,2.426,2.469
2015-11-13,1.558,1.581,1.603,1.551,1.574,1.598,1.623,1.715,1.777,1.997,2.330,2.427,2.470
2015-11-16,1.555,1.578,1.598,1.548,1.571,1.593,1.613,1.698,1.750,1.960,2.285,2.390,2.435
2015-11-17,1.553,1.576,1.596,1.546,1.569,1.593,1.612,1.698,1.755,1.975,2.302,2.422,2.467
2015-11-18,1.553,1.576,1.596,1.546,1.569,1.593,1.612,1.695,1.752,1.965,2.290,2.415,2.460
2015-11-19,1.553,1.576,1.596,1.546,1.569,1.593,1.612,1.692,1.732,1.934,2.257,2.365,2.407
2015-11-20,1.562,1.586,1.608,1.554,1.579,1.605,1.631,1.729,1.764,1.960,2.267,2.365,2.405
2015-11-23,1.569,1.591,1.614,1.561,1.584,1.615,1.634,1.725,1.760,1.967,2.290,2.407,2.442
2015-11-24,1.581,1.603,1.624,1.572,1.595,1.624,1.644,1.730,1.770,1.967,2.275,2.397,2.428
2015-11-25,1.597,1.619,1.639,1.589,1.610,1.638,1.658,1.728,1.767,1.957,2.247,2.374,2.404
2015-11-26,1.627,1.649,1.669,1.618,1.639,1.666,1.683,1.749,1.780,1.960,2.237,2.355,2.380
2015-11-27,1.656,1.677,1.696,1.646,1.667,1.693,1.706,1.771,1.797,1.982,2.267,2.387,2.412
2015-11-30,1.656,1.677,1.696,1.648,1.668,1.693,1.706,1.768,1.785,1.962,2.247,2.377,2.410
2015-12-01,1.641,1.660,1.673,1.631,1.650,1.670,1.679,1.745,1.770,1.987,2.275,2.405,2.425
2015-12-02,1.621,1.638,1.650,1.610,1.629,1.646,1.654,1.731,1.761,1.977,2.256,2.390,2.410
2015-12-03,1.597,1.612,1.626,1.586,1.604,1.622,1.630,1.710,1.753,1.980,2.265,2.382,2.402
2015-12-04,1.583,1.606,1.626,1.573,1.597,1.616,1.630,1.722,1.782,2.007,2.300,2.410,2.430
2015-12-07,1.577,1.601,1.625,1.566,1.591,1.611,1.630,1.721,1.787,2.000,2.300,2.402,2.422
2015-12-08,1.568,1.592,1.616,1.559,1.584,1.604,1.622,1.707,1.762,1.940,2.226,2.330,2.350
2015-12-09,1.568,1.593,1.620,1.556,1.583,1.606,1.631,1.713,1.761,1.935,2.207,2.308,2.328
2015-12-10,1.565,1.589,1.613,1.560,1.591,1.615,1.645,1.702,1.745,1.922,2.220,2.310,2.325
2015-12-11,1.565,1.593,1.618,1.560,1.595,1.619,1.651,1.706,1.745,1.942,2.243,2.332,2.346
2015-12-14,1.566,1.594,1.619,1.561,1.596,1.619,1.651,1.700,1.732,1.930,2.220,2.310,2.325
2015-12-15,1.567,1.595,1.619,1.561,1.596,1.619,1.651,1.700,1.730,1.917,2.197,2.280,2.290
2015-12-16,1.572,1.602,1.626,1.566,1.602,1.625,1.659,1.717,1.747,1.935,2.215,2.300,2.310
2015-12-17,1.565,1.595,1.621,1.558,1.595,1.618,1.644,1.702,1.727,1.895,2.160,2.250,2.255
2015-12-18,1.562,1.593,1.619,1.556,1.593,1.614,1.635,1.677,1.692,1.855,2.122,2.215,2.220
2015-12-21,1.558,1.588,1.610,1.551,1.587,1.605,1.626,1.652,1.660,1.827,2.100,2.193,2.207
2015-12-22,1.560,1.589,1.616,1.551,1.590,1.610,1.630,1.665,1.675,1.835,2.112,2.212,2.242
2015-12-23,1.561,1.590,1.616,1.551,1.589,1.611,1.630,1.665,1.667,1.835,2.112,2.207,2.257
2015-12-24,1.561,1.590,1.617,1.551,1.589,1.616,1.636,1.665,1.664,1.837,2.097,2.175,2.215
2015-12-28,1.561,1.593,1.622,1.552,1.591,1.619,1.643,1.662,1.677,1.835,2.097,2.175,2.215
2015-12-29,1.560,1.589,1.616,1.551,1.588,1.614,1.632,1.644,1.657,1.805,2.075,2.157,2.207
2015-12-30,1.558,1.586,1.610,1.550,1.584,1.608,1.629,1.648,1.660,1.820,2.085,2.180,2.236
2015-12-31,1.558,1.586,1.610,1.550,1.584,1.608,1.629,1.648,1.660,1.820,2.085,2.180,2.236
2016-01-04,1.528,1.556,1.580,1.521,1.554,1.578,1.600,1.620,1.632,1.780,2.037,2.132,2.192
2016-01-05,1.521,1.548,1.571,1.513,1.546,1.569,1.592,1.620,1.640,1.792,2.056,2.160,2.207
2016-01-06,1.518,1.545,1.567,1.512,1.544,1.566,1.592,1.617,1.637,1.785,2.030,2.145,2.192
2016-01-07,1.518,1.545,1.567,1.510,1.543,1.565,1.589,1.617,1.640,1.777,2.016,2.134,2.180
2016-01-08,1.518,1.545,1.567,1.511,1.543,1.565,1.594,1.632,1.665,1.810,2.057,2.165,2.207
2016-01-11,1.518,1.536,1.557,1.508,1.536,1.555,1.583,1.612,1.635,1.775,2.025,2.135,2.172
2016-01-12,1.518,1.536,1.557,1.508,1.536,1.555,1.581,1.613,1.635,1.782,2.037,2.145,2.185
2016-01-13,1.518,1.536,1.557,1.508,1.535,1.555,1.581,1.610,1.632,1.780,2.022,2.125,2.172
2016-01-14,1.518,1.536,1.557,1.510,1.535,1.555,1.581,1.627,1.648,1.795,2.030,2.125,2.170
2016-01-15,1.518,1.536,1.557,1.510,1.535,1.555,1.581,1.627,1.647,1.790,2.020,2.105,2.147
2016-01-18,1.518,1.536,1.557,1.510,1.535,1.555,1.581,1.627,1.645,1.795,2.040,2.117,2.155
2016-01-19,1.518,1.536,1.557,1.510,1.535,1.555,1.580,1.625,1.642,1.807,2.067,2.139,2.175
2016-01-20,1.517,1.535,1.552,1.508,1.534,1.552,1.570,1.607,1.617,1.757,1.998,2.070,2.102
2016-01-21,1.517,1.535,1.552,1.508,1.533,1.551,1.570,1.600,1.607,1.745,1.995,2.074,2.097
2016-01-22,1.517,1.535,1.552,1.508,1.533,1.551,1.570,1.605,1.620,1.757,2.035,2.117,2.137
2016-01-25,1.518,1.536,1.554,1.508,1.534,1.551,1.574,1.605,1.620,1.757,2.022,2.110,2.131
2016-01-26,1.518,1.536,1.554,1.507,1.534,1.551,1.573,1.585,1.595,1.730,1.987,2.090,2.110
2016-01-27,1.520,1.539,1.559,1.509,1.535,1.554,1.577,1.590,1.602,1.745,2.015,2.112,2.136
2016-01-28,1.521,1.543,1.563,1.510,1.537,1.557,1.581,1.605,1.617,1.755,2.017,2.110,2.135
2016-01-29,1.503,1.521,1.538,1.496,1.516,1.532,1.546,1.560,1.565,1.700,1.980,2.081,2.110
2016-02-01,1.491,1.505,1.514,1.488,1.503,1.511,1.513,1.517,1.525,1.645,1.920,2.032,2.060
2016-02-02,1.489,1.498,1.500,1.485,1.496,1.498,1.500,1.507,1.515,1.640,1.915,2.025,2.050
2016-02-03,1.480,1.482,1.482,1.476,1.481,1.481,1.481,1.490,1.495,1.607,1.864,1.976,2.001
2016-02-04,1.480,1.482,1.481,1.476,1.479,1.479,1.479,1.487,1.492,1.605,1.860,1.965,1.995
2016-02-05,1.480,1.482,1.482,1.476,1.479,1.479,1.483,1.492,1.505,1.626,1.880,1.982,2.015
2016-02-11,1.453,1.454,1.452,1.450,1.451,1.451,1.452,1.453,1.455,1.540,1.767,1.860,1.892
2016-02-12,1.460,1.461,1.461,1.456,1.458,1.458,1.460,1.472,1.475,1.575,1.797,1.885,1.916
2016-02-15,1.471,1.472,1.471,1.467,1.468,1.468,1.470,1.475,1.482,1.604,1.827,1.912,1.942
2016-02-16,1.431,1.431,1.430,1.427,1.428,1.428,1.427,1.424,1.430,1.550,1.777,1.875,1.905
2016-02-17,1.431,1.431,1.430,1.427,1.429,1.429,1.428,1.427,1.435,1.547,1.780,1.880,1.910
2016-02-18,1.443,1.444,1.443,1.438,1.440,1.440,1.440,1.442,1.450,1.566,1.804,1.900,1.930
2016-02-19,1.456,1.456,1.456,1.450,1.450,1.450,1.450,1.461,1.467,1.580,1.815,1.900,1.928
2016-02-22,1.468,1.468,1.470,1.460,1.460,1.461,1.462,1.475,1.480,1.595,1.830,1.915,1.940
2016-02-23,1.471,1.471,1.472,1.464,1.464,1.465,1.466,1.476,1.480,1.592,1.830,1.914,1.939
2016-02-24,1.471,1.471,1.472,1.464,1.464,1.465,1.465,1.470,1.467,1.577,1.815,1.897,1.920
2016-02-25,1.472,1.472,1.472,1.464,1.464,1.465,1.465,1.465,1.462,1.565,1.797,1.880,1.902
2016-02-26,1.470,1.470,1.469,1.464,1.464,1.465,1.465,1.465,1.452,1.550,1.775,1.852,1.872
2016-02-29,1.471,1.471,1.469,1.463,1.463,1.463,1.461,1.455,1.455,1.555,1.787,1.867,1.892
2016-03-02,1.471,1.471,1.469,1.464,1.464,1.464,1.463,1.460,1.465,1.576,1.827,1.904,1.929
2016-03-03,1.472,1.472,1.477,1.465,1.465,1.471,1.477,1.497,1.505,1.615,1.875,1.945,1.966
2016-03-04,1.472,1.476,1.484,1.466,1.470,1.477,1.485,1.510,1.520,1.630,1.877,1.940,1.960
2016-03-07,1.475,1.479,1.485,1.466,1.470,1.477,1.485,1.495,1.500,1.612,1.865,1.930,1.947
2016-03-08,1.475,1.479,1.482,1.466,1.470,1.475,1.479,1.477,1.480,1.597,1.842,1.915,1.935
2016-03-09,1.461,1.461,1.458,1.454,1.454,1.456,1.455,1.457,1.470,1.600,1.850,1.907,1.932
2016-03-10,1.471,1.476,1.479,1.465,1.469,1.479,1.484,1.490,1.500,1.617,1.860,1.920,1.950
2016-03-11,1.490,1.502,1.509,1.483,1.493,1.508,1.518,1.542,1.547,1.672,1.922,1.967,1.995
2016-03-14,1.494,1.505,1.511,1.487,1.496,1.511,1.520,1.532,1.530,1.660,1.915,1.962,1.995
2016-03-15,1.498,1.508,1.516,1.492,1.500,1.517,1.525,1.537,1.532,1.657,1.904,1.955,1.985
2016-03-16,1.503,1.516,1.525,1.497,1.508,1.526,1.535,1.549,1.545,1.667,1.910,1.962,1.990
2016-03-17,1.503,1.516,1.524,1.497,1.508,1.523,1.526,1.527,1.515,1.622,1.857,1.917,1.946
2016-03-18,1.505,1.518,1.524,1.499,1.510,1.522,1.523,1.511,1.499,1.602,1.832,1.895,1.917
2016-03-21,1.513,1.523,1.529,1.505,1.515,1.526,1.526,1.510,1.497,1.597,1.830,1.890,1.912
2016-03-22,1.518,1.530,1.534,1.509,1.521,1.532,1.532,1.525,1.512,1.612,1.846,1.902,1.922
2016-03-23,1.518,1.530,1.533,1.509,1.521,1.532,1.529,1.523,1.510,1.620,1.867,1.922,1.942
2016-03-24,1.519,1.529,1.528,1.510,1.521,1.529,1.524,1.515,1.497,1.610,1.850,1.910,1.930
2016-03-25,1.521,1.530,1.530,1.511,1.521,1.529,1.524,1.510,1.487,1.597,1.832,1.895,1.922
2016-03-28,1.521,1.529,1.525,1.512,1.519,1.524,1.516,1.500,1.476,1.585,1.832,1.905,1.935
2016-03-29,1.511,1.511,1.498,1.498,1.500,1.494,1.489,1.470,1.450,1.555,1.795,1.885,1.920
2016-03-30,1.512,1.511,1.497,1.499,1.500,1.498,1.488,1.472,1.450,1.552,1.782,1.872,1.912
2016-03-31,1.512,1.511,1.497,1.498,1.498,1.495,1.483,1.472,1.446,1.552,1.795,1.885,1.927
2016-04-01,1.512,1.511,1.497,1.497,1.497,1.488,1.478,1.467,1.447,1.550,1.795,1.882,1.922
2016-04-04,1.505,1.503,1.487,1.488,1.488,1.480,1.466,1.456,1.441,1.535,1.765,1.855,1.895
2016-04-05,1.503,1.502,1.487,1.487,1.487,1.480,1.467,1.462,1.452,1.546,1.786,1.875,1.910
2016-04-06,1.502,1.502,1.487,1.487,1.487,1.480,1.471,1.470,1.460,1.550,1.787,1.875,1.910
2016-04-07,1.502,1.502,1.491,1.487,1.487,1.486,1.478,1.480,1.467,1.562,1.801,1.886,1.920
2016-04-08,1.500,1.500,1.490,1.487,1.487,1.486,1.478,1.475,1.460,1.565,1.795,1.877,1.905
2016-04-11,1.500,1.500,1.491,1.488,1.490,1.489,1.490,1.480,1.466,1.567,1.792,1.875,1.905
2016-04-12,1.500,1.500,1.496,1.490,1.491,1.492,1.490,1.480,1.462,1.563,1.787,1.872,1.902
2016-04-14,1.508,1.510,1.513,1.500,1.501,1.509,1.508,1.512,1.502,1.605,1.842,1.919,1.947
2016-04-15,1.508,1.510,1.513,1.500,1.501,1.509,1.508,1.510,1.492,1.597,1.838,1.912,1.940
2016-04-18,1.514,1.516,1.521,1.504,1.506,1.516,1.519,1.522,1.512,1.615,1.847,1.917,1.945
2016-04-19,1.514,1.516,1.520,1.504,1.506,1.516,1.519,1.512,1.500,1.600,1.837,1.907,1.931
2016-04-20,1.508,1.509,1.506,1.498,1.500,1.503,1.504,1.492,1.470,1.565,1.800,1.872,1.895
2016-04-21,1.508,1.510,1.511,1.500,1.502,1.510,1.510,1.504,1.482,1.582,1.825,1.900,1.922
2016-04-22,1.506,1.506,1.504,1.498,1.500,1.504,1.504,1.496,1.472,1.580,1.830,1.912,1.935
2016-04-25,1.505,1.504,1.497,1.498,1.499,1.497,1.491,1.475,1.455,1.570,1.832,1.915,1.945
2016-04-26,1.501,1.498,1.486,1.493,1.493,1.486,1.476,1.465,1.450,1.560,1.812,1.900,1.927
2016-04-27,1.501,1.499,1.486,1.493,1.495,1.486,1.478,1.467,1.455,1.557,1.810,1.900,1.925
2016-04-28,1.500,1.498,1.485,1.493,1.494,1.486,1.477,1.462,1.450,1.552,1.800,1.895,1.917
2016-04-29,1.500,1.498,1.485,1.493,1.494,1.484,1.477,1.465,1.452,1.550,1.795,1.887,1.912
2016-05-02,1.500,1.498,1.485,1.493,1.494,1.484,1.477,1.467,1.460,1.565,1.807,1.900,1.930
2016-05-03,1.490,1.488,1.470,1.483,1.483,1.469,1.462,1.452,1.445,1.552,1.795,1.890,1.917
2016-05-04,1.475,1.473,1.455,1.468,1.468,1.454,1.447,1.440,1.432,1.535,1.774,1.875,1.902
2016-05-09,1.455,1.454,1.438,1.448,1.449,1.437,1.429,1.420,1.412,1.520,1.767,1.872,1.902
2016-05-10,1.451,1.451,1.436,1.446,1.447,1.437,1.427,1.412,1.409,1.520,1.769,1.880,1.912
2016-05-11,1.452,1.451,1.438,1.447,1.448,1.441,1.432,1.420,1.418,1.520,1.765,1.880,1.912
2016-05-12,1.451,1.451,1.442,1.447,1.448,1.443,1.436,1.427,1.422,1.520,1.762,1.872,1.902
2016-05-13,1.461,1.465,1.463,1.457,1.460,1.463,1.454,1.449,1.442,1.532,1.765,1.870,1.897
2016-05-16,1.463,1.468,1.472,1.460,1.463,1.470,1.466,1.455,1.445,1.537,1.772,1.875,1.902
2016-05-17,1.470,1.474,1.486,1.465,1.471,1.480,1.479,1.467,1.455,1.550,1.790,1.890,1.915
2016-05-18,1.477,1.483,1.496,1.473,1.481,1.488,1.491,1.482,1.472,1.567,1.797,1.895,1.915
2016-05-19,1.480,1.489,1.506,1.476,1.486,1.498,1.502,1.500,1.490,1.587,1.827,1.918,1.940
2016-05-20,1.477,1.486,1.498,1.474,1.481,1.491,1.491,1.482,1.470,1.565,1.800,1.900,1.925
2016-05-23,1.477,1.485,1.498,1.474,1.480,1.491,1.495,1.482,1.467,1.562,1.797,1.897,1.922
2016-05-24,1.477,1.485,1.493,1.473,1.478,1.486,1.484,1.470,1.442,1.537,1.767,1.870,1.895
2016-05-25,1.484,1.492,1.501,1.479,1.485,1.492,1.494,1.482,1.460,1.554,1.787,1.885,1.907
2016-05-26,1.484,1.492,1.501,1.479,1.485,1.491,1.494,1.487,1.467,1.557,1.790,1.885,1.910
2016-05-27,1.484,1.492,1.501,1.479,1.485,1.491,1.494,1.487,1.465,1.550,1.775,1.870,1.895
2016-05-30,1.496,1.505,1.516,1.491,1.498,1.505,1.510,1.512,1.500,1.587,1.812,1.900,1.925
2016-05-31,1.494,1.501,1.512,1.490,1.494,1.502,1.507,1.510,1.495,1.582,1.810,1.900,1.925
2016-06-01,1.451,1.454,1.466,1.445,1.446,1.454,1.455,1.452,1.435,1.525,1.755,1.852,1.877
2016-06-02,1.451,1.455,1.465,1.445,1.448,1.455,1.456,1.452,1.440,1.531,1.762,1.860,1.885
2016-06-03,1.451,1.454,1.455,1.445,1.448,1.450,1.446,1.432,1.420,1.512,1.737,1.840,1.867
2016-06-07,1.442,1.440,1.435,1.434,1.432,1.431,1.425,1.412,1.402,1.492,1.715,1.820,1.847
2016-06-08,1.424,1.423,1.413,1.416,1.412,1.408,1.401,1.387,1.375,1.465,1.695,1.797,1.822
2016-06-09,1.307,1.320,1.343,1.300,1.313,1.334,1.340,1.350,1.342,1.420,1.652,1.757,1.787
2016-06-10,1.304,1.317,1.337,1.295,1.309,1.334,1.335,1.342,1.322,1.420,1.652,1.761,1.792
2016-06-13,1.298,1.311,1.331,1.293,1.304,1.329,1.330,1.328,1.310,1.391,1.615,1.720,1.755
2016-06-14,1.298,1.313,1.339,1.294,1.311,1.336,1.346,1.352,1.336,1.415,1.632,1.730,1.762
2016-06-15,1.301,1.318,1.349,1.297,1.316,1.344,1.353,1.352,1.334,1.410,1.620,1.710,1.742
2016-06-16,1.303,1.321,1.349,1.298,1.322,1.345,1.351,1.337,1.316,1.382,1.575,1.659,1.688
2016-06-17,1.311,1.333,1.361,1.307,1.332,1.356,1.366,1.350,1.332,1.400,1.597,1.685,1.712
2016-06-20,1.316,1.342,1.374,1.312,1.341,1.370,1.381,1.377,1.357,1.432,1.640,1.732,1.757
2016-06-21,1.312,1.337,1.364,1.307,1.336,1.362,1.373,1.362,1.342,1.411,1.615,1.705,1.727
2016-06-22,1.326,1.350,1.374,1.321,1.348,1.372,1.382,1.375,1.352,1.422,1.635,1.726,1.750
2016-06-23,1.324,1.347,1.367,1.319,1.346,1.367,1.373,1.360,1.332,1.406,1.625,1.717,1.745
2016-06-24,1.272,1.288,1.300,1.267,1.288,1.301,1.309,1.277,1.253,1.305,1.500,1.600,1.630
2016-06-27,1.272,1.288,1.294,1.267,1.287,1.295,1.295,1.267,1.239,1.290,1.483,1.575,1.606
2016-06-28,1.273,1.290,1.296,1.268,1.288,1.296,1.296,1.277,1.247,1.300,1.482,1.563,1.592
2016-06-29,1.273,1.288,1.296,1.266,1.287,1.295,1.293,1.265,1.239,1.282,1.455,1.535,1.557
2016-06-30,1.273,1.288,1.297,1.268,1.289,1.295,1.293,1.275,1.247,1.297,1.465,1.555,1.580
2016-07-01,1.251,1.267,1.268,1.246,1.266,1.267,1.267,1.229,1.205,1.250,1.397,1.487,1.513
2016-07-04,1.240,1.256,1.260,1.236,1.256,1.266,1.264,1.240,1.220,1.267,1.415,1.500,1.527
2016-07-05,1.235,1.245,1.246,1.230,1.246,1.253,1.250,1.232,1.213,1.267,1.422,1.510,1.536
2016-07-06,1.228,1.236,1.238,1.223,1.234,1.243,1.240,1.217,1.200,1.240,1.380,1.470,1.497
2016-07-07,1.228,1.238,1.243,1.224,1.234,1.245,1.250,1.230,1.210,1.242,1.380,1.467,1.495
2016-07-08,1.228,1.241,1.248,1.224,1.236,1.249,1.253,1.235,1.216,1.251,1.387,1.475,1.502
2016-07-11,1.228,1.241,1.253,1.224,1.237,1.253,1.258,1.235,1.212,1.237,1.380,1.470,1.495
2016-07-12,1.230,1.241,1.255,1.224,1.237,1.257,1.262,1.241,1.217,1.240,1.387,1.475,1.500
2016-07-13,1.233,1.245,1.259,1.226,1.239,1.258,1.265,1.232,1.210,1.235,1.395,1.482,1.507
2016-07-14,1.233,1.245,1.259,1.226,1.239,1.256,1.261,1.227,1.205,1.225,1.377,1.460,1.483
2016-07-15,1.233,1.245,1.259,1.226,1.239,1.256,1.260,1.236,1.219,1.240,1.390,1.467,1.492
2016-07-18,1.233,1.245,1.260,1.226,1.239,1.256,1.260,1.246,1.227,1.252,1.414,1.485,1.512
2016-07-19,1.233,1.245,1.259,1.226,1.239,1.253,1.257,1.240,1.220,1.247,1.420,1.492,1.517
2016-07-20,1.233,1.245,1.259,1.226,1.238,1.253,1.257,1.241,1.220,1.247,1.420,1.495,1.520
2016-07-21,1.233,1.245,1.263,1.226,1.238,1.258,1.262,1.252,1.230,1.265,1.440,1.520,1.545
2016-07-22,1.233,1.246,1.259,1.226,1.239,1.256,1.261,1.246,1.222,1.252,1.415,1.495,1.525
2016-07-25,1.233,1.246,1.259,1.226,1.239,1.257,1.262,1.246,1.223,1.255,1.425,1.505,1.532
2016-07-26,1.233,1.245,1.260,1.225,1.237,1.256,1.262,1.242,1.217,1.247,1.409,1.490,1.515
2016-07-27,1.234,1.245,1.265,1.225,1.237,1.257,1.267,1.250,1.220,1.245,1.400,1.480,1.505
2016-07-28,1.232,1.243,1.257,1.223,1.236,1.252,1.257,1.235,1.202,1.217,1.355,1.430,1.455
2016-07-29,1.231,1.242,1.257,1.223,1.236,1.252,1.256,1.242,1.215,1.235,1.382,1.455,1.480
2016-08-01,1.231,1.241,1.255,1.223,1.235,1.252,1.254,1.232,1.210,1.225,1.367,1.442,1.470
2016-08-02,1.232,1.242,1.255,1.223,1.236,1.252,1.254,1.240,1.222,1.242,1.390,1.462,1.490
2016-08-03,1.233,1.252,1.268,1.224,1.244,1.263,1.266,1.257,1.247,1.275,1.426,1.497,1.522
2016-08-04,1.233,1.255,1.268,1.224,1.243,1.262,1.264,1.250,1.235,1.265,1.415,1.482,1.502
2016-08-05,1.233,1.254,1.264,1.223,1.243,1.259,1.260,1.239,1.225,1.247,1.392,1.462,1.480
2016-08-08,1.234,1.256,1.270,1.224,1.241,1.266,1.270,1.257,1.247,1.275,1.435,1.505,1.521
2016-08-09,1.234,1.256,1.270,1.224,1.241,1.266,1.268,1.245,1.237,1.262,1.422,1.492,1.510
2016-08-10,1.232,1.250,1.260,1.221,1.237,1.257,1.257,1.230,1.212,1.240,1.392,1.462,1.480
2016-08-11,1.233,1.254,1.267,1.223,1.239,1.263,1.265,1.242,1.225,1.250,1.400,1.465,1.482
2016-08-12,1.233,1.254,1.267,1.223,1.238,1.263,1.265,1.240,1.221,1.247,1.397,1.457,1.472
2016-08-16,1.233,1.254,1.267,1.223,1.238,1.263,1.265,1.237,1.217,1.242,1.392,1.450,1.464
2016-08-17,1.234,1.255,1.272,1.224,1.240,1.269,1.275,1.250,1.232,1.261,1.432,1.507,1.520
2016-08-18,1.233,1.254,1.271,1.223,1.240,1.268,1.272,1.245,1.226,1.250,1.415,1.495,1.510
2016-08-19,1.235,1.257,1.275,1.224,1.241,1.271,1.275,1.247,1.227,1.252,1.425,1.505,1.518
2016-08-22,1.237,1.262,1.279,1.226,1.245,1.275,1.280,1.250,1.231,1.257,1.437,1.522,1.535
2016-08-23,1.236,1.261,1.274,1.227,1.245,1.276,1.280,1.247,1.227,1.252,1.425,1.512,1.525
2016-08-24,1.238,1.263,1.278,1.230,1.249,1.279,1.281,1.255,1.230,1.260,1.425,1.512,1.525
2016-08-25,1.240,1.266,1.282,1.232,1.254,1.283,1.286,1.260,1.232,1.259,1.415,1.487,1.500
2016-08-26,1.240,1.266,1.284,1.232,1.256,1.283,1.286,1.265,1.240,1.270,1.415,1.480,1.487
2016-08-29,1.258,1.286,1.300,1.247,1.273,1.299,1.300,1.292,1.273,1.305,1.447,1.512,1.520
2016-08-30,1.259,1.288,1.305,1.249,1.275,1.302,1.305,1.302,1.292,1.330,1.465,1.527,1.532
2016-08-31,1.267,1.296,1.314,1.256,1.282,1.310,1.315,1.325,1.315,1.357,1.483,1.527,1.532
2016-09-01,1.270,1.299,1.316,1.262,1.287,1.314,1.323,1.340,1.330,1.382,1.525,1.582,1.588
2016-09-02,1.266,1.295,1.312,1.257,1.282,1.309,1.318,1.327,1.320,1.370,1.522,1.570,1.574
2016-09-05,1.259,1.287,1.305,1.253,1.279,1.306,1.312,1.315,1.302,1.350,1.505,1.553,1.555
2016-09-06,1.259,1.287,1.304,1.253,1.279,1.304,1.311,1.317,1.300,1.347,1.510,1.562,1.565
2016-09-07,1.253,1.281,1.294,1.247,1.273,1.294,1.300,1.295,1.272,1.315,1.462,1.525,1.530
2016-09-08,1.253,1.280,1.294,1.247,1.274,1.296,1.301,1.305,1.287,1.325,1.462,1.517,1.519
2016-09-09,1.261,1.294,1.320,1.253,1.287,1.320,1.331,1.345,1.325,1.372,1.507,1.555,1.552
2016-09-12,1.268,1.305,1.334,1.263,1.305,1.341,1.347,1.365,1.350,1.402,1.562,1.570,1.581
2016-09-13,1.269,1.306,1.334,1.265,1.306,1.342,1.347,1.365,1.350,1.402,1.565,1.567,1.572
2016-09-19,1.269,1.306,1.335,1.267,1.309,1.343,1.353,1.370,1.347,1.412,1.591,1.616,1.620
2016-09-20,1.266,1.306,1.335,1.267,1.309,1.343,1.353,1.356,1.327,1.382,1.565,1.590,1.605
2016-09-21,1.266,1.306,1.336,1.267,1.310,1.344,1.356,1.353,1.322,1.379,1.585,1.610,1.630
2016-09-22,1.264,1.304,1.331,1.266,1.308,1.339,1.349,1.326,1.292,1.320,1.515,1.540,1.558
2016-09-23,1.269,1.313,1.341,1.268,1.315,1.346,1.355,1.334,1.302,1.332,1.502,1.523,1.539
2016-09-26,1.271,1.323,1.349,1.269,1.321,1.354,1.363,1.343,1.302,1.335,1.485,1.510,1.521
2016-09-27,1.272,1.325,1.352,1.271,1.323,1.357,1.364,1.350,1.307,1.345,1.495,1.507,1.520
2016-09-28,1.276,1.331,1.359,1.272,1.327,1.361,1.366,1.345,1.300,1.335,1.467,1.497,1.510
2016-09-29,1.276,1.332,1.359,1.271,1.325,1.357,1.359,1.330,1.282,1.315,1.445,1.482,1.495
2016-09-30,1.266,1.322,1.349,1.259,1.311,1.343,1.343,1.298,1.250,1.270,1.424,1.457,1.470
2016-10-04,1.266,1.322,1.349,1.260,1.312,1.343,1.343,1.325,1.277,1.290,1.460,1.502,1.512
2016-10-05,1.274,1.331,1.358,1.267,1.320,1.353,1.357,1.357,1.315,1.335,1.515,1.560,1.575
2016-10-06,1.282,1.339,1.362,1.270,1.323,1.355,1.359,1.362,1.320,1.345,1.541,1.591,1.602
2016-10-07,1.285,1.344,1.366,1.273,1.326,1.359,1.364,1.364,1.320,1.342,1.530,1.567,1.575
2016-10-10,1.291,1.351,1.374,1.278,1.330,1.365,1.368,1.380,1.345,1.385,1.560,1.597,1.605
2016-10-11,1.301,1.360,1.384,1.284,1.336,1.375,1.376,1.391,1.365,1.427,1.614,1.647,1.660
2016-10-12,1.295,1.354,1.375,1.280,1.330,1.369,1.367,1.371,1.337,1.400,1.585,1.620,1.627
2016-10-13,1.292,1.349,1.369,1.278,1.326,1.358,1.355,1.355,1.315,1.362,1.537,1.570,1.577
2016-10-14,1.296,1.355,1.371,1.277,1.326,1.358,1.356,1.357,1.318,1.370,1.557,1.595,1.607
2016-10-17,1.307,1.365,1.383,1.284,1.334,1.369,1.368,1.386,1.356,1.437,1.635,1.675,1.687
2016-10-18,1.308,1.369,1.387,1.286,1.334,1.373,1.367,1.378,1.346,1.422,1.610,1.657,1.667
2016-10-19,1.314,1.376,1.394,1.290,1.339,1.381,1.374,1.385,1.350,1.425,1.617,1.662,1.674
2016-10-20,1.321,1.382,1.399,1.292,1.340,1.383,1.375,1.390,1.350,1.422,1.612,1.660,1.667
2016-10-21,1.338,1.398,1.417,1.305,1.353,1.397,1.396,1.423,1.385,1.455,1.637,1.683,1.690
2016-10-24,1.339,1.399,1.419,1.309,1.356,1.400,1.398,1.420,1.375,1.427,1.597,1.655,1.661
2016-10-25,1.350,1.412,1.432,1.318,1.366,1.411,1.411,1.445,1.397,1.455,1.632,1.687,1.692
2016-10-26,1.352,1.419,1.444,1.321,1.371,1.422,1.421,1.465,1.427,1.472,1.645,1.697,1.704
2016-10-27,1.351,1.418,1.439,1.319,1.375,1.422,1.420,1.456,1.410,1.475,1.665,1.712,1.722
2016-10-28,1.351,1.423,1.446,1.322,1.381,1.428,1.426,1.481,1.450,1.532,1.722,1.780,1.795
2016-10-31,1.349,1.419,1.439,1.321,1.379,1.420,1.420,1.462,1.430,1.497,1.680,1.750,1.767
2016-11-01,1.347,1.417,1.438,1.321,1.379,1.421,1.421,1.476,1.450,1.530,1.731,1.810,1.830
2016-11-02,1.346,1.415,1.434,1.318,1.376,1.415,1.413,1.460,1.427,1.500,1.690,1.780,1.802
2016-11-03,1.346,1.415,1.434,1.319,1.376,1.417,1.416,1.465,1.432,1.500,1.677,1.767,1.790
2016-11-04,1.346,1.415,1.434,1.321,1.377,1.419,1.424,1.467,1.437,1.527,1.710,1.800,1.823
2016-11-07,1.346,1.415,1.434,1.321,1.377,1.419,1.424,1.455,1.430,1.530,1.718,1.813,1.837
2016-11-08,1.346,1.415,1.434,1.321,1.377,1.418,1.423,1.450,1.422,1.512,1.705,1.796,1.822
2016-11-09,1.322,1.390,1.409,1.299,1.354,1.393,1.404,1.414,1.385,1.467,1.650,1.749,1.774
2016-11-10,1.336,1.410,1.431,1.314,1.369,1.415,1.426,1.471,1.470,1.600,1.835,1.945,1.970
2016-11-11,1.352,1.426,1.453,1.327,1.381,1.437,1.458,1.509,1.520,1.680,1.950,2.045,2.065
2016-11-14,1.402,1.481,1.511,1.378,1.434,1.495,1.518,1.632,1.660,1.845,2.115,2.215,2.237
2016-11-15,1.399,1.477,1.506,1.376,1.432,1.489,1.514,1.614,1.640,1.800,2.055,2.140,2.157
2016-11-16,1.441,1.521,1.556,1.429,1.488,1.541,1.566,1.693,1.745,1.896,2.145,2.220,2.235
2016-11-17,1.429,1.507,1.541,1.424,1.482,1.530,1.552,1.638,1.680,1.815,2.050,2.140,2.155
2016-11-18,1.460,1.543,1.579,1.461,1.521,1.567,1.590,1.688,1.741,1.881,2.136,2.220,2.235
2016-11-21,1.474,1.559,1.597,1.476,1.541,1.587,1.609,1.691,1.735,1.880,2.130,2.225,2.245
2016-11-22,1.486,1.571,1.609,1.486,1.551,1.598,1.626,1.720,1.750,1.897,2.150,2.237,2.255
2016-11-23,1.509,1.591,1.629,1.509,1.575,1.619,1.650,1.730,1.757,1.890,2.130,2.210,2.225
2016-11-24,1.561,1.644,1.688,1.561,1.632,1.674,1.712,1.803,1.830,1.965,2.195,2.270,2.285
2016-11-25,1.574,1.657,1.702,1.576,1.645,1.688,1.723,1.803,1.823,1.967,2.185,2.250,2.265
2016-11-28,1.546,1.629,1.670,1.551,1.616,1.658,1.681,1.750,1.748,1.912,2.140,2.194,2.209
2016-11-29,1.533,1.614,1.655,1.537,1.601,1.643,1.661,1.718,1.710,1.907,2.138,2.157,2.167
2016-11-30,1.519,1.599,1.639,1.526,1.587,1.626,1.647,1.716,1.722,1.911,2.150,2.167,2.155
2016-12-01,1.495,1.577,1.620,1.497,1.570,1.605,1.626,1.690,1.725,1.927,2.200,2.217,2.210
2016-12-02,1.469,1.551,1.601,1.469,1.544,1.584,1.608,1.704,1.761,1.990,2.260,2.275,2.275
2016-12-05,1.433,1.518,1.576,1.436,1.514,1.559,1.585,1.677,1.720,1.915,2.182,2.187,2.185
2016-12-06,1.428,1.514,1.575,1.425,1.503,1.558,1.595,1.695,1.737,1.930,2.200,2.200,2.192
2016-12-07,1.406,1.498,1.566,1.400,1.486,1.547,1.589,1.688,1.731,1.917,2.192,2.200,2.190
2016-12-08,1.389,1.481,1.548,1.381,1.472,1.536,1.575,1.651,1.708,1.887,2.157,2.170,2.164
2016-12-09,1.383,1.475,1.544,1.377,1.471,1.535,1.577,1.671,1.735,1.930,2.200,2.195,2.186
2016-12-12,1.366,1.460,1.529,1.360,1.453,1.518,1.564,1.692,1.716,1.960,2.255,2.260,2.242
2016-12-13,1.354,1.448,1.518,1.343,1.437,1.501,1.553,1.640,1.662,1.885,2.200,2.218,2.205
2016-12-14,1.343,1.436,1.508,1.330,1.425,1.490,1.543,1.615,1.645,1.831,2.120,2.148,2.141
2016-12-15,1.345,1.450,1.525,1.330,1.438,1.508,1.568,1.657,1.695,1.886,2.185,2.200,2.195
2016-12-16,1.341,1.448,1.524,1.326,1.436,1.507,1.568,1.655,1.685,1.860,2.160,2.191,2.190
2016-12-19,1.341,1.448,1.528,1.326,1.436,1.508,1.568,1.677,1.707,1.880,2.177,2.215,2.220
2016-12-20,1.341,1.448,1.532,1.320,1.436,1.511,1.580,1.695,1.725,1.885,2.177,2.210,2.220
2016-12-21,1.338,1.445,1.529,1.318,1.434,1.509,1.570,1.667,1.682,1.825,2.102,2.123,2.133
2016-12-22,1.343,1.450,1.536,1.322,1.439,1.511,1.571,1.650,1.647,1.795,2.100,2.140,2.157
2016-12-23,1.358,1.466,1.556,1.335,1.460,1.529,1.589,1.665,1.662,1.815,2.115,2.177,2.190
2016-12-26,1.362,1.475,1.564,1.335,1.466,1.534,1.591,1.665,1.665,1.820,2.115,2.175,2.190
2016-12-27,1.354,1.467,1.560,1.328,1.461,1.533,1.590,1.657,1.658,1.830,2.122,2.182,2.210
2016-12-28,1.343,1.456,1.549,1.319,1.452,1.520,1.571,1.645,1.645,1.810,2.087,2.147,2.180
2016-12-29,1.340,1.451,1.542,1.316,1.448,1.515,1.561,1.635,1.640,1.807,2.092,2.161,2.200
2016-12-30,1.340,1.451,1.542,1.316,1.448,1.515,1.561,1.635,1.640,1.807,2.092,2.161,2.200
2017-01-02,1.324,1.431,1.522,1.298,1.431,1.500,1.542,1.602,1.623,1.780,2.047,2.130,2.165
2017-01-03,1.308,1.409,1.499,1.283,1.406,1.477,1.512,1.597,1.627,1.790,2.071,2.162,2.190
2017-01-04,1.298,1.393,1.479,1.271,1.386,1.456,1.493,1.589,1.627,1.802,2.094,2.170,2.185
2017-01-05,1.290,1.378,1.458,1.262,1.369,1.436,1.473,1.560,1.600,1.770,2.057,2.135,2.155
2017-01-06,1.294,1.381,1.465,1.265,1.371,1.441,1.490,1.596,1.640,1.811,2.102,2.170,2.190
2017-01-09,1.298,1.386,1.471,1.271,1.377,1.447,1.497,1.612,1.663,1.850,2.137,2.187,2.202
2017-01-10,1.294,1.380,1.463,1.266,1.369,1.436,1.490,1.590,1.642,1.827,2.104,2.141,2.157
2017-01-11,1.294,1.380,1.463,1.266,1.369,1.435,1.491,1.595,1.657,1.837,2.130,2.172,2.184
2017-01-12,1.288,1.370,1.453,1.260,1.359,1.426,1.481,1.567,1.617,1.782,2.057,2.110,2.119
2017-01-13,1.288,1.370,1.453,1.261,1.359,1.427,1.481,1.570,1.622,1.792,2.085,2.122,2.127
2017-01-16,1.290,1.370,1.453,1.261,1.360,1.427,1.480,1.582,1.635,1.817,2.120,2.160,2.165
2017-01-17,1.287,1.365,1.448,1.258,1.355,1.422,1.473,1.582,1.630,1.807,2.105,2.161,2.166
2017-01-18,1.286,1.361,1.443,1.258,1.354,1.421,1.470,1.597,1.646,1.830,2.122,2.187,2.190
2017-01-19,1.295,1.370,1.451,1.263,1.361,1.429,1.478,1.612,1.671,1.870,2.165,2.226,2.226
2017-01-20,1.295,1.370,1.443,1.263,1.361,1.428,1.471,1.600,1.652,1.835,2.120,2.206,2.202
2017-01-23,1.305,1.376,1.443,1.268,1.363,1.428,1.471,1.595,1.645,1.837,2.127,2.180,2.182
2017-01-24,1.309,1.378,1.443,1.275,1.369,1.431,1.472,1.587,1.627,1.807,2.102,2.154,2.154
2017-01-25,1.325,1.394,1.458,1.290,1.384,1.445,1.491,1.605,1.647,1.822,2.130,2.185,2.185
2017-01-26,1.330,1.399,1.464,1.295,1.388,1.452,1.501,1.647,1.697,1.880,2.187,2.235,2.241
2017-01-31,1.323,1.390,1.454,1.290,1.382,1.444,1.492,1.632,1.672,1.850,2.155,2.212,2.222
2017-02-01,1.326,1.399,1.448,1.286,1.375,1.442,1.488,1.640,1.686,1.875,2.172,2.220,2.235
2017-02-02,1.309,1.380,1.429,1.271,1.359,1.424,1.469,1.619,1.672,1.862,2.160,2.212,2.230
2017-02-03,1.305,1.375,1.429,1.270,1.355,1.423,1.469,1.617,1.681,1.882,2.180,2.235,2.255
2017-02-06,1.300,1.365,1.416,1.269,1.351,1.418,1.459,1.600,1.660,1.857,2.160,2.222,2.237
2017-02-07,1.296,1.360,1.411,1.267,1.347,1.412,1.454,1.585,1.647,1.842,2.142,2.192,2.200
2017-02-08,1.296,1.360,1.411,1.267,1.346,1.411,1.454,1.575,1.643,1.827,2.125,2.175,2.182
2017-02-09,1.296,1.361,1.413,1.268,1.346,1.412,1.459,1.585,1.657,1.842,2.140,2.187,2.195
2017-02-10,1.296,1.361,1.413,1.268,1.346,1.412,1.459,1.585,1.657,1.840,2.141,2.180,2.185
2017-02-13,1.296,1.361,1.413,1.267,1.346,1.412,1.459,1.590,1.662,1.850,2.155,2.190,2.195
2017-02-14,1.296,1.361,1.413,1.267,1.346,1.412,1.457,1.582,1.647,1.835,2.133,2.175,2.182
2017-02-15,1.300,1.365,1.418,1.271,1.350,1.417,1.462,1.595,1.656,1.852,2.150,2.189,2.193
2017-02-16,1.299,1.363,1.415,1.271,1.349,1.415,1.458,1.587,1.655,1.847,2.142,2.185,2.190
2017-02-17,1.300,1.363,1.415,1.271,1.349,1.415,1.455,1.586,1.652,1.847,2.140,2.185,2.190
2017-02-20,1.301,1.363,1.414,1.270,1.348,1.412,1.455,1.600,1.667,1.875,2.185,2.230,2.235
2017-02-21,1.301,1.363,1.413,1.270,1.346,1.411,1.453,1.597,1.665,1.885,2.202,2.270,2.270
2017-02-22,1.301,1.363,1.413,1.271,1.346,1.411,1.453,1.615,1.690,1.922,2.242,2.305,2.305
2017-02-23,1.301,1.362,1.412,1.271,1.346,1.411,1.451,1.597,1.662,1.870,2.191,2.255,2.255
2017-02-24,1.306,1.367,1.417,1.276,1.351,1.414,1.458,1.600,1.662,1.860,2.172,2.237,2.240
2017-02-27,1.306,1.367,1.417,1.276,1.351,1.414,1.456,1.600,1.665,1.852,2.160,2.230,2.232
2017-02-28,1.306,1.367,1.417,1.276,1.349,1.414,1.453,1.600,1.667,1.852,2.157,2.226,2.228
2017-03-02,1.309,1.371,1.422,1.280,1.353,1.419,1.461,1.629,1.710,1.910,2.222,2.286,2.287
2017-03-03,1.309,1.371,1.422,1.280,1.354,1.419,1.461,1.620,1.707,1.905,2.220,2.280,2.277
2017-03-06,1.313,1.374,1.427,1.286,1.361,1.424,1.467,1.635,1.737,1.935,2.247,2.318,2.315
2017-03-07,1.327,1.389,1.447,1.306,1.381,1.444,1.488,1.677,1.790,2.000,2.320,2.397,2.392
2017-03-08,1.326,1.389,1.447,1.311,1.389,1.451,1.496,1.665,1.775,1.982,2.297,2.367,2.366
2017-03-09,1.326,1.389,1.447,1.314,1.391,1.453,1.498,1.670,1.790,2.000,2.321,2.381,2.380
2017-03-10,1.325,1.388,1.446,1.318,1.400,1.456,1.491,1.655,1.767,1.977,2.307,2.357,2.365
2017-03-13,1.322,1.384,1.440,1.315,1.393,1.447,1.481,1.633,1.757,1.981,2.290,2.337,2.345
2017-03-14,1.322,1.384,1.439,1.314,1.392,1.447,1.483,1.626,1.755,1.992,2.292,2.340,2.345
2017-03-15,1.323,1.385,1.441,1.315,1.394,1.452,1.487,1.631,1.755,1.967,2.265,2.305,2.310
2017-03-16,1.321,1.384,1.435,1.315,1.392,1.441,1.474,1.593,1.690,1.877,2.177,2.230,2.235
2017-03-17,1.323,1.385,1.438,1.315,1.392,1.441,1.474,1.584,1.667,1.857,2.167,2.222,2.222
2017-03-20,1.324,1.386,1.440,1.315,1.394,1.444,1.477,1.593,1.675,1.872,2.192,2.260,2.261
2017-03-21,1.324,1.386,1.441,1.315,1.393,1.444,1.476,1.592,1.672,1.872,2.191,2.259,2.260
2017-03-22,1.324,1.387,1.441,1.316,1.393,1.444,1.481,1.589,1.660,1.845,2.145,2.237,2.240
2017-03-23,1.325,1.388,1.441,1.316,1.393,1.444,1.481,1.593,1.665,1.855,2.152,2.245,2.250
2017-03-24,1.328,1.391,1.445,1.318,1.395,1.446,1.486,1.603,1.680,1.882,2.185,2.287,2.292
2017-03-27,1.327,1.389,1.439,1.316,1.393,1.441,1.477,1.586,1.650,1.845,2.152,2.297,2.330
2017-03-28,1.320,1.385,1.436,1.315,1.390,1.437,1.475,1.587,1.660,1.855,2.165,2.295,2.325
2017-03-29,1.319,1.383,1.431,1.311,1.385,1.431,1.470,1.581,1.656,1.845,2.162,2.287,2.322
2017-03-30,1.315,1.377,1.430,1.305,1.378,1.428,1.467,1.581,1.657,1.852,2.184,2.325,2.360
2017-03-31,1.313,1.375,1.427,1.304,1.378,1.428,1.464,1.582,1.670,1.852,2.187,2.336,2.380
2017-04-03,1.306,1.367,1.418,1.299,1.371,1.421,1.456,1.572,1.657,1.826,2.167,2.299,2.337
2017-04-04,1.299,1.359,1.410,1.295,1.365,1.413,1.448,1.563,1.647,1.805,2.130,2.247,2.292
2017-04-05,1.299,1.357,1.408,1.295,1.364,1.413,1.448,1.566,1.650,1.820,2.132,2.245,2.290
2017-04-06,1.297,1.356,1.407,1.296,1.365,1.413,1.448,1.580,1.675,1.870,2.184,2.285,2.325
2017-04-07,1.298,1.356,1.408,1.297,1.365,1.413,1.448,1.581,1.680,1.880,2.197,2.287,2.322
2017-04-10,1.298,1.357,1.415,1.298,1.369,1.421,1.458,1.611,1.719,1.927,2.249,2.350,2.382
2017-04-11,1.296,1.353,1.413,1.297,1.367,1.417,1.458,1.588,1.690,1.885,2.200,2.324,2.352
2017-04-12,1.296,1.353,1.415,1.297,1.366,1.415,1.458,1.582,1.687,1.882,2.207,2.317,2.338
2017-04-13,1.299,1.357,1.418,1.299,1.368,1.416,1.461,1.576,1.672,1.852,2.175,2.290,2.310
2017-04-14,1.299,1.358,1.420,1.300,1.369,1.417,1.462,1.577,1.675,1.855,2.183,2.292,2.312
2017-04-17,1.300,1.358,1.420,1.301,1.370,1.417,1.462,1.576,1.670,1.847,2.175,2.287,2.307
2017-04-18,1.301,1.360,1.425,1.301,1.370,1.419,1.464,1.582,1.675,1.847,2.170,2.287,2.307
2017-04-19,1.301,1.360,1.426,1.304,1.370,1.422,1.467,1.583,1.670,1.840,2.142,2.272,2.293
2017-04-20,1.302,1.360,1.427,1.304,1.370,1.423,1.469,1.589,1.670,1.835,2.140,2.277,2.315
2017-04-21,1.304,1.361,1.429,1.306,1.371,1.426,1.472,1.601,1.683,1.857,2.167,2.300,2.335
2017-04-24,1.304,1.362,1.429,1.309,1.375,1.431,1.476,1.608,1.695,1.880,2.202,2.335,2.370
2017-04-25,1.304,1.362,1.427,1.309,1.374,1.426,1.470,1.595,1.675,1.862,2.192,2.327,2.360
2017-04-26,1.304,1.361,1.422,1.308,1.370,1.418,1.463,1.589,1.680,1.870,2.200,2.332,2.365
2017-04-27,1.301,1.353,1.412,1.306,1.363,1.409,1.453,1.576,1.670,1.860,2.195,2.330,2.370
2017-04-28,1.299,1.348,1.402,1.304,1.361,1.404,1.449,1.575,1.670,1.862,2.192,2.322,2.367
2017-05-02,1.290,1.339,1.391,1.299,1.353,1.397,1.443,1.581,1.685,1.897,2.237,2.361,2.406
2017-05-04,1.286,1.336,1.388,1.295,1.349,1.393,1.439,1.576,1.682,1.884,2.212,2.340,2.385
2017-05-08,1.284,1.334,1.385,1.292,1.346,1.392,1.442,1.589,1.700,1.912,2.237,2.362,2.405
2017-05-10,1.278,1.329,1.385,1.289,1.344,1.397,1.454,1.607,1.732,1.957,2.300,2.417,2.455
2017-05-11,1.274,1.325,1.381,1.286,1.341,1.396,1.450,1.591,1.725,1.952,2.307,2.422,2.457
2017-05-12,1.267,1.318,1.375,1.275,1.329,1.388,1.441,1.574,1.707,1.939,2.292,2.412,2.450
2017-05-15,1.267,1.317,1.374,1.274,1.328,1.388,1.441,1.575,1.710,1.942,2.302,2.430,2.465
2017-05-16,1.267,1.316,1.372,1.274,1.327,1.387,1.442,1.585,1.717,1.945,2.305,2.430,2.462
2017-05-17,1.259,1.307,1.364,1.271,1.323,1.381,1.435,1.565,1.682,1.897,2.247,2.377,2.409
2017-05-18,1.259,1.307,1.364,1.271,1.323,1.381,1.435,1.567,1.680,1.892,2.245,2.375,2.405
2017-05-19,1.259,1.306,1.364,1.271,1.323,1.381,1.435,1.566,1.666,1.867,2.232,2.371,2.402
2017-05-22,1.261,1.309,1.368,1.273,1.324,1.385,1.445,1.585,1.685,1.905,2.272,2.412,2.445
2017-05-23,1.261,1.309,1.368,1.273,1.324,1.385,1.445,1.582,1.675,1.890,2.247,2.395,2.430
2017-05-24,1.264,1.312,1.376,1.274,1.326,1.389,1.449,1.591,1.690,1.912,2.265,2.405,2.440
2017-05-25,1.264,1.314,1.380,1.274,1.326,1.390,1.448,1.582,1.677,1.897,2.244,2.371,2.406
2017-05-26,1.265,1.315,1.382,1.275,1.328,1.392,1.449,1.578,1.674,1.890,2.235,2.367,2.400
2017-05-29,1.264,1.315,1.382,1.275,1.328,1.392,1.449,1.569,1.670,1.887,2.245,2.372,2.400
2017-05-30,1.261,1.312,1.377,1.273,1.323,1.387,1.444,1.562,1.657,1.870,2.225,2.352,2.377
2017-05-31,1.261,1.313,1.378,1.273,1.322,1.387,1.444,1.570,1.667,1.890,2.237,2.362,2.390
2017-06-01,1.260,1.311,1.376,1.272,1.319,1.383,1.436,1.555,1.640,1.857,2.210,2.337,2.366
2017-06-02,1.260,1.310,1.376,1.272,1.317,1.381,1.434,1.548,1.625,1.842,2.197,2.337,2.370
2017-06-05,1.260,1.310,1.376,1.273,1.318,1.381,1.432,1.544,1.617,1.832,2.175,2.322,2.350
2017-06-07,1.262,1.311,1.377,1.278,1.318,1.382,1.429,1.548,1.622,1.830,2.157,2.285,2.310
2017-06-08,1.265,1.313,1.380,1.280,1.318,1.381,1.425,1.551,1.635,1.855,2.172,2.292,2.312
2017-06-09,1.266,1.313,1.380,1.284,1.316,1.378,1.420,1.547,1.630,1.847,2.170,2.287,2.307
2017-06-12,1.271,1.320,1.399,1.290,1.319,1.399,1.447,1.620,1.695,1.905,2.215,2.322,2.342
2017-06-13,1.271,1.320,1.394,1.290,1.319,1.399,1.437,1.600,1.655,1.862,2.175,2.277,2.290
2017-06-14,1.271,1.320,1.394,1.290,1.320,1.400,1.442,1.620,1.682,1.870,2.162,2.270,2.280
2017-06-15,1.271,1.320,1.393,1.289,1.317,1.400,1.446,1.622,1.680,1.850,2.125,2.215,2.222
2017-06-16,1.271,1.320,1.393,1.290,1.322,1.405,1.457,1.630,1.697,1.870,2.159,2.251,2.260
2017-06-19,1.271,1.320,1.391,1.290,1.322,1.403,1.456,1.612,1.682,1.855,2.155,2.255,2.266
2017-06-20,1.271,1.320,1.391,1.290,1.321,1.400,1.456,1.620,1.682,1.847,2.140,2.238,2.250
2017-06-21,1.273,1.320,1.391,1.294,1.323,1.402,1.461,1.627,1.690,1.857,2.135,2.224,2.231
2017-06-22,1.275,1.323,1.394,1.294,1.324,1.404,1.467,1.647,1.702,1.872,2.135,2.225,2.230
2017-06-23,1.276,1.326,1.397,1.296,1.326,1.405,1.472,1.638,1.685,1.855,2.130,2.202,2.210
2017-06-26,1.280,1.330,1.399,1.296,1.327,1.406,1.472,1.637,1.685,1.852,2.122,2.197,2.207
2017-06-27,1.280,1.330,1.401,1.299,1.330,1.406,1.468,1.635,1.677,1.850,2.115,2.200,2.210
2017-06-28,1.288,1.338,1.409,1.308,1.339,1.417,1.480,1.657,1.705,1.900,2.180,2.252,2.260
2017-06-29,1.289,1.339,1.410,1.309,1.340,1.417,1.479,1.647,1.695,1.895,2.192,2.275,2.282
2017-06-30,1.278,1.326,1.396,1.301,1.332,1.404,1.464,1.632,1.700,1.902,2.212,2.307,2.317
2017-07-03,1.278,1.325,1.394,1.300,1.331,1.404,1.466,1.644,1.715,1.917,2.230,2.332,2.335
2017-07-04,1.274,1.320,1.390,1.298,1.329,1.401,1.465,1.659,1.737,1.945,2.267,2.370,2.375
2017-07-05,1.266,1.311,1.381,1.294,1.326,1.397,1.464,1.670,1.745,1.960,2.277,2.370,2.375
2017-07-06,1.261,1.304,1.375,1.289,1.319,1.393,1.463,1.672,1.752,1.975,2.282,2.367,2.370
2017-07-07,1.259,1.302,1.372,1.285,1.315,1.392,1.471,1.690,1.777,1.997,2.317,2.375,2.377
2017-07-10,1.259,1.301,1.371,1.281,1.309,1.388,1.467,1.665,1.752,1.962,2.282,2.345,2.345
2017-07-11,1.259,1.301,1.371,1.277,1.306,1.385,1.467,1.675,1.762,1.962,2.277,2.335,2.336
2017-07-12,1.259,1.301,1.371,1.272,1.301,1.380,1.466,1.670,1.762,1.960,2.275,2.325,2.327
2017-07-13,1.258,1.300,1.367,1.269,1.298,1.376,1.462,1.657,1.747,1.937,2.242,2.295,2.297
2017-07-14,1.258,1.300,1.367,1.269,1.298,1.376,1.462,1.655,1.745,1.940,2.247,2.297,2.297
2017-07-17,1.260,1.302,1.367,1.269,1.298,1.376,1.462,1.659,1.752,1.962,2.280,2.325,2.322
2017-07-18,1.256,1.298,1.364,1.264,1.295,1.372,1.459,1.659,1.747,1.945,2.260,2.302,2.297
2017-07-19,1.256,1.299,1.364,1.264,1.294,1.372,1.459,1.660,1.747,1.945,2.257,2.300,2.300
2017-07-20,1.256,1.299,1.364,1.264,1.294,1.372,1.459,1.650,1.737,1.932,2.235,2.300,2.300
2017-07-21,1.256,1.299,1.364,1.264,1.294,1.373,1.459,1.642,1.722,1.917,2.220,2.290,2.290
2017-07-24,1.256,1.299,1.364,1.264,1.294,1.373,1.457,1.640,1.717,1.912,2.220,2.287,2.290
2017-07-25,1.256,1.299,1.362,1.263,1.293,1.361,1.435,1.626,1.707,1.905,2.210,2.271,2.269
2017-07-26,1.256,1.299,1.362,1.263,1.293,1.361,1.427,1.632,1.725,1.927,2.240,2.290,2.285
2017-07-27,1.255,1.298,1.358,1.259,1.289,1.353,1.418,1.617,1.712,1.907,2.217,2.285,2.285
2017-07-28,1.254,1.297,1.357,1.256,1.285,1.340,1.404,1.616,1.715,1.920,2.225,2.295,2.287
2017-07-31,1.253,1.297,1.357,1.255,1.282,1.336,1.399,1.615,1.720,1.925,2.227,2.300,2.290
2017-08-01,1.251,1.296,1.356,1.252,1.279,1.333,1.395,1.620,1.730,1.950,2.260,2.336,2.330
2017-08-02,1.250,1.293,1.353,1.250,1.276,1.330,1.391,1.615,1.730,1.947,2.247,2.335,2.322
2017-08-03,1.250,1.291,1.350,1.250,1.274,1.329,1.389,1.615,1.736,1.951,2.252,2.335,2.329
2017-08-04,1.250,1.291,1.351,1.250,1.274,1.329,1.391,1.617,1.742,1.947,2.252,2.345,2.350
2017-08-07,1.250,1.293,1.358,1.250,1.275,1.331,1.399,1.645,1.775,1.980,2.292,2.375,2.375
2017-08-08,1.253,1.301,1.373,1.252,1.282,1.346,1.419,1.675,1.802,2.002,2.307,2.380,2.375
2017-08-09,1.256,1.314,1.400,1.253,1.291,1.373,1.454,1.710,1.831,2.032,2.332,2.405,2.395
2017-08-10,1.256,1.315,1.413,1.253,1.292,1.374,1.460,1.697,1.811,2.015,2.315,2.387,2.377
2017-08-11,1.256,1.318,1.423,1.253,1.294,1.379,1.475,1.697,1.802,2.000,2.295,2.362,2.355
2017-08-14,1.256,1.321,1.434,1.253,1.296,1.381,1.481,1.707,1.807,2.002,2.302,2.355,2.345
2017-08-16,1.256,1.321,1.436,1.253,1.299,1.386,1.496,1.720,1.820,2.025,2.332,2.387,2.370
2017-08-17,1.256,1.320,1.432,1.253,1.299,1.389,1.496,1.702,1.791,2.005,2.317,2.387,2.370
2017-08-18,1.256,1.320,1.428,1.253,1.299,1.388,1.489,1.694,1.782,2.000,2.317,2.390,2.380
2017-08-21,1.253,1.320,1.428,1.253,1.299,1.389,1.489,1.704,1.787,1.997,2.307,2.375,2.375
2017-08-22,1.253,1.320,1.428,1.253,1.299,1.391,1.493,1.721,1.802,2.010,2.307,2.372,2.372
2017-08-23,1.253,1.320,1.429,1.253,1.300,1.393,1.496,1.711,1.795,1.997,2.292,2.375,2.375
2017-08-24,1.254,1.321,1.431,1.253,1.300,1.394,1.499,1.716,1.800,1.997,2.292,2.387,2.390
2017-08-25,1.250,1.311,1.417,1.250,1.294,1.384,1.483,1.682,1.752,1.960,2.252,2.353,2.354
2017-08-28,1.250,1.311,1.417,1.250,1.294,1.384,1.483,1.685,1.760,1.962,2.250,2.350,2.352
2017-08-29,1.250,1.311,1.417,1.250,1.294,1.385,1.488,1.690,1.770,1.975,2.255,2.347,2.345
2017-08-30,1.246,1.306,1.403,1.247,1.291,1.377,1.471,1.670,1.750,1.960,2.250,2.335,2.335
2017-08-31,1.245,1.304,1.396,1.246,1.290,1.376,1.466,1.662,1.747,1.967,2.267,2.340,2.340
2017-09-01,1.244,1.300,1.389,1.245,1.289,1.370,1.450,1.657,1.747,1.967,2.277,2.340,2.337
2017-09-04,1.245,1.301,1.389,1.245,1.290,1.373,1.451,1.687,1.777,1.997,2.302,2.377,2.375
2017-09-05,1.241,1.297,1.383,1.241,1.286,1.367,1.440,1.685,1.777,1.995,2.305,2.365,2.360
2017-09-06,1.239,1.297,1.382,1.238,1.284,1.367,1.437,1.683,1.777,1.984,2.280,2.332,2.325
2017-09-07,1.238,1.296,1.382,1.236,1.283,1.367,1.437,1.685,1.777,1.972,2.267,2.310,2.301
2017-09-08,1.238,1.297,1.382,1.236,1.283,1.369,1.436,1.665,1.752,1.940,2.235,2.286,2.280
2017-09-11,1.238,1.297,1.382,1.235,1.283,1.373,1.436,1.672,1.757,1.955,2.252,2.280,2.295
2017-09-12,1.240,1.299,1.386,1.235,1.284,1.381,1.440,1.670,1.752,1.952,2.247,2.275,2.290
2017-09-13,1.240,1.304,1.393,1.236,1.287,1.387,1.444,1.658,1.740,1.940,2.237,2.272,2.287
2017-09-14,1.244,1.312,1.404,1.238,1.297,1.398,1.457,1.655,1.737,1.945,2.242,2.267,2.280
2017-09-15,1.245,1.313,1.406,1.238,1.298,1.399,1.459,1.652,1.737,1.950,2.250,2.270,2.280
2017-09-18,1.246,1.317,1.412,1.239,1.302,1.410,1.468,1.660,1.740,1.957,2.267,2.295,2.300
2017-09-19,1.247,1.322,1.417,1.241,1.305,1.418,1.479,1.695,1.780,1.992,2.292,2.317,2.322
2017-09-20,1.247,1.323,1.410,1.241,1.306,1.416,1.475,1.685,1.770,1.975,2.274,2.300,2.302
2017-09-21,1.248,1.325,1.411,1.242,1.306,1.419,1.477,1.693,1.780,1.980,2.280,2.305,2.315
2017-09-22,1.248,1.325,1.411,1.242,1.306,1.411,1.464,1.689,1.775,1.967,2.262,2.287,2.300
2017-09-25,1.248,1.330,1.416,1.242,1.304,1.408,1.461,1.706,1.790,1.982,2.272,2.295,2.307
2017-09-26,1.252,1.337,1.425,1.246,1.313,1.417,1.470,1.738,1.832,2.025,2.310,2.325,2.325
2017-09-27,1.284,1.376,1.465,1.278,1.348,1.455,1.516,1.786,1.889,2.087,2.385,2.387,2.385
2017-09-28,1.288,1.380,1.472,1.282,1.353,1.466,1.531,1.789,1.890,2.095,2.405,2.392,2.390
2017-09-29,1.288,1.380,1.470,1.282,1.353,1.465,1.529,1.787,1.887,2.077,2.371,2.365,2.363
2017-10-10,1.302,1.397,1.493,1.289,1.371,1.487,1.557,1.826,1.942,2.140,2.417,2.397,2.395
2017-10-11,1.307,1.407,1.500,1.290,1.373,1.487,1.562,1.808,1.922,2.130,2.418,2.385,2.380
2017-10-12,1.307,1.409,1.509,1.291,1.374,1.491,1.573,1.789,1.895,2.100,2.380,2.375,2.360
2017-10-13,1.307,1.411,1.517,1.291,1.375,1.498,1.587,1.799,1.912,2.115,2.390,2.383,2.360
2017-10-16,1.316,1.423,1.532,1.299,1.386,1.514,1.606,1.814,1.935,2.135,2.405,2.390,2.372
2017-10-17,1.320,1.435,1.545,1.303,1.393,1.522,1.611,1.823,1.946,2.145,2.400,2.390,2.380
2017-10-18,1.320,1.441,1.552,1.304,1.395,1.529,1.618,1.810,1.932,2.140,2.392,2.386,2.376
2017-10-19,1.355,1.517,1.635,1.331,1.469,1.610,1.699,1.886,2.010,2.211,2.425,2.398,2.385
2017-10-20,1.382,1.557,1.701,1.360,1.514,1.679,1.761,1.974,2.087,2.305,2.470,2.384,2.370
2017-10-23,1.358,1.522,1.662,1.349,1.496,1.648,1.730,1.934,2.026,2.261,2.447,2.384,2.350
2017-10-24,1.343,1.503,1.647,1.341,1.485,1.636,1.724,1.965,2.065,2.301,2.457,2.395,2.359
2017-10-25,1.337,1.499,1.654,1.336,1.484,1.638,1.731,2.012,2.110,2.347,2.506,2.448,2.415
2017-10-26,1.356,1.529,1.693,1.358,1.513,1.677,1.785,2.093,2.187,2.420,2.550,2.455,2.420
2017-10-27,1.353,1.527,1.704,1.351,1.508,1.672,1.786,2.076,2.160,2.405,2.535,2.445,2.405
2017-10-30,1.362,1.536,1.715,1.347,1.503,1.669,1.798,2.073,2.138,2.390,2.520,2.467,2.432
2017-10-31,1.364,1.541,1.724,1.352,1.508,1.678,1.813,2.100,2.170,2.402,2.576,2.553,2.522
2017-11-01,1.364,1.532,1.713,1.349,1.500,1.666,1.796,2.061,2.135,2.366,2.542,2.525,2.511
2017-11-02,1.364,1.533,1.703,1.349,1.498,1.655,1.783,2.047,2.120,2.350,2.520,2.487,2.500
2017-11-03,1.364,1.531,1.693,1.349,1.494,1.640,1.767,2.060,2.145,2.380,2.532,2.499,2.505
2017-11-06,1.366,1.531,1.690,1.349,1.493,1.637,1.761,2.065,2.156,2.390,2.555,2.525,2.520
2017-11-07,1.368,1.532,1.680,1.350,1.491,1.629,1.749,2.046,2.130,2.355,2.537,2.502,2.500
2017-11-08,1.384,1.546,1.688,1.359,1.499,1.638,1.752,2.061,2.145,2.355,2.532,2.500,2.497
2017-11-09,1.407,1.562,1.701,1.378,1.516,1.651,1.763,2.061,2.146,2.345,2.540,2.500,2.500
2017-11-10,1.429,1.580,1.711,1.395,1.533,1.661,1.774,2.076,2.157,2.352,2.570,2.506,2.505
2017-11-13,1.459,1.601,1.730,1.416,1.550,1.673,1.784,2.093,2.177,2.380,2.587,2.527,2.530
2017-11-14,1.483,1.616,1.730,1.430,1.563,1.681,1.792,2.111,2.206,2.415,2.607,2.572,2.555
2017-11-15,1.502,1.635,1.737,1.445,1.578,1.696,1.804,2.092,2.170,2.375,2.567,2.560,2.540
2017-11-16,1.524,1.651,1.751,1.463,1.594,1.714,1.828,2.105,2.190,2.387,2.575,2.572,2.545
2017-11-17,1.526,1.651,1.752,1.467,1.596,1.711,1.824,2.088,2.172,2.381,2.570,2.560,2.540
2017-11-20,1.528,1.651,1.751,1.467,1.594,1.708,1.817,2.068,2.152,2.357,2.545,2.557,2.535
2017-11-21,1.531,1.651,1.752,1.467,1.594,1.710,1.819,2.074,2.160,2.362,2.545,2.547,2.530
2017-11-22,1.536,1.656,1.760,1.471,1.598,1.715,1.827,2.075,2.165,2.360,2.540,2.542,2.522
2017-11-23,1.537,1.656,1.760,1.471,1.598,1.715,1.827,2.058,2.140,2.327,2.522,2.532,2.515
2017-11-24,1.543,1.663,1.772,1.477,1.604,1.726,1.841,2.075,2.167,2.350,2.540,2.540,2.519
2017-11-27,1.546,1.668,1.777,1.480,1.608,1.729,1.847,2.064,2.145,2.337,2.530,2.540,2.520
2017-11-28,1.545,1.667,1.772,1.480,1.608,1.729,1.846,2.046,2.130,2.320,2.490,2.446,2.420
2017-11-29,1.548,1.667,1.772,1.482,1.610,1.731,1.847,2.026,2.105,2.300,2.477,2.422,2.397
2017-11-30,1.548,1.666,1.771,1.504,1.610,1.731,1.838,1.991,2.072,2.262,2.477,2.432,2.410
2017-12-01,1.548,1.665,1.770,1.511,1.611,1.731,1.827,1.972,2.077,2.270,2.485,2.434,2.407
2017-12-04,1.545,1.663,1.773,1.510,1.611,1.731,1.824,1.977,2.082,2.267,2.482,2.429,2.400
2017-12-05,1.545,1.664,1.784,1.513,1.611,1.736,1.834,2.005,2.115,2.300,2.505,2.448,2.415
2017-12-06,1.541,1.656,1.786,1.512,1.607,1.734,1.831,1.989,2.090,2.277,2.470,2.422,2.377
2017-12-07,1.537,1.650,1.782,1.515,1.609,1.739,1.832,1.991,2.095,2.287,2.485,2.440,2.394
2017-12-08,1.533,1.646,1.778,1.516,1.604,1.737,1.832,1.988,2.095,2.292,2.487,2.452,2.410
2017-12-11,1.533,1.642,1.769,1.508,1.581,1.725,1.828,2.040,2.085,2.300,2.480,2.467,2.425
2017-12-12,1.533,1.639,1.764,1.502,1.576,1.713,1.814,2.022,2.075,2.280,2.455,2.436,2.402
2017-12-13,1.532,1.638,1.764,1.502,1.577,1.718,1.819,2.025,2.075,2.267,2.455,2.440,2.411
2017-12-14,1.532,1.638,1.767,1.502,1.586,1.728,1.829,2.042,2.082,2.270,2.450,2.439,2.412
2017-12-15,1.533,1.638,1.769,1.504,1.600,1.745,1.849,2.040,2.071,2.252,2.430,2.429,2.400
2017-12-18,1.536,1.641,1.776,1.507,1.610,1.761,1.864,2.055,2.087,2.272,2.433,2.411,2.400
2017-12-19,1.540,1.645,1.778,1.507,1.609,1.764,1.861,2.056,2.092,2.287,2.444,2.412,2.396
2017-12-20,1.540,1.645,1.778,1.507,1.611,1.761,1.850,2.040,2.077,2.292,2.462,2.447,2.435
2017-12-21,1.541,1.646,1.779,1.507,1.615,1.769,1.855,2.052,2.087,2.300,2.470,2.445,2.435
2017-12-22,1.547,1.655,1.796,1.508,1.624,1.789,1.878,2.087,2.123,2.330,2.490,2.436,2.430
2017-12-26,1.552,1.659,1.799,1.510,1.626,1.791,1.879,2.100,2.130,2.335,2.490,2.445,2.437
2017-12-27,1.556,1.664,1.804,1.511,1.632,1.795,1.881,2.111,2.152,2.367,2.502,2.460,2.455
2017-12-28,1.553,1.658,1.790,1.509,1.627,1.785,1.852,2.082,2.133,2.347,2.467,2.450,2.440
2017-12-29,1.553,1.658,1.790,1.509,1.627,1.785,1.852,2.082,2.133,2.347,2.467,2.450,2.440
2018-01-02,1.538,1.632,1.759,1.506,1.606,1.756,1.819,2.065,2.115,2.335,2.492,2.472,2.465
2018-01-03,1.528,1.620,1.744,1.505,1.596,1.741,1.804,2.070,2.125,2.342,2.505,2.490,2.485
2018-01-04,1.526,1.616,1.741,1.505,1.588,1.733,1.795,2.080,2.140,2.360,2.530,2.510,2.505
2018-01-05,1.519,1.609,1.732,1.505,1.582,1.723,1.784,2.060,2.092,2.337,2.515,2.510,2.507
2018-01-08,1.518,1.603,1.736,1.505,1.579,1.721,1.794,2.072,2.130,2.355,2.537,2.535,2.535
2018-01-09,1.517,1.603,1.735,1.505,1.574,1.718,1.795,2.085,2.152,2.387,2.570,2.535,2.520
2018-01-10,1.517,1.603,1.735,1.505,1.574,1.718,1.810,2.105,2.175,2.449,2.630,2.580,2.560
2018-01-11,1.515,1.599,1.733,1.504,1.566,1.711,1.807,2.088,2.152,2.410,2.590,2.545,2.532
2018-01-12,1.514,1.597,1.730,1.504,1.563,1.706,1.809,2.096,2.167,2.427,2.617,2.553,2.532
2018-01-15,1.513,1.596,1.738,1.504,1.564,1.714,1.831,2.157,2.230,2.485,2.661,2.574,2.552
2018-01-16,1.511,1.594,1.736,1.504,1.564,1.711,1.830,2.153,2.225,2.464,2.637,2.569,2.539
2018-01-17,1.510,1.592,1.734,1.504,1.562,1.711,1.833,2.144,2.216,2.457,2.635,2.559,2.527
2018-01-18,1.508,1.587,1.717,1.503,1.554,1.696,1.803,2.096,2.167,2.425,2.617,2.567,2.535
2018-01-19,1.508,1.584,1.713,1.503,1.549,1.691,1.798,2.087,2.172,2.442,2.640,2.597,2.565
2018-01-22,1.508,1.586,1.714,1.503,1.551,1.693,1.805,2.122,2.205,2.465,2.655,2.608,2.572
2018-01-23,1.508,1.583,1.709,1.503,1.551,1.691,1.795,2.112,2.187,2.452,2.645,2.574,2.536
2018-01-24,1.508,1.583,1.709,1.504,1.552,1.693,1.796,2.120,2.197,2.462,2.647,2.555,2.519
2018-01-25,1.508,1.583,1.709,1.504,1.552,1.693,1.796,2.131,2.212,2.482,2.660,2.570,2.526
2018-01-26,1.508,1.583,1.709,1.504,1.552,1.692,1.798,2.146,2.222,2.495,2.680,2.600,2.548
2018-01-29,1.510,1.598,1.728,1.505,1.564,1.713,1.836,2.215,2.292,2.575,2.750,2.657,2.605
2018-01-30,1.510,1.601,1.732,1.505,1.567,1.720,1.843,2.225,2.306,2.602,2.805,2.757,2.697
2018-01-31,1.510,1.601,1.731,1.505,1.567,1.720,1.836,2.193,2.270,2.566,2.770,2.720,2.687
2018-02-01,1.510,1.599,1.727,1.505,1.567,1.718,1.831,2.175,2.255,2.545,2.757,2.695,2.675
2018-02-02,1.510,1.592,1.718,1.505,1.567,1.713,1.823,2.160,2.245,2.522,2.752,2.702,2.687
2018-02-05,1.510,1.595,1.724,1.505,1.567,1.714,1.828,2.186,2.290,2.562,2.812,2.757,2.732
2018-02-06,1.510,1.594,1.722,1.505,1.567,1.713,1.825,2.160,2.260,2.517,2.764,2.719,2.692
2018-02-07,1.510,1.590,1.724,1.505,1.566,1.711,1.821,2.140,2.242,2.480,2.712,2.690,2.662
2018-02-08,1.509,1.590,1.726,1.505,1.569,1.714,1.831,2.167,2.277,2.525,2.748,2.710,2.670
2018-02-09,1.511,1.592,1.731,1.505,1.570,1.717,1.837,2.172,2.287,2.535,2.767,2.730,2.697
2018-02-12,1.517,1.594,1.737,1.505,1.572,1.720,1.844,2.182,2.305,2.569,2.812,2.759,2.718
2018-02-13,1.517,1.594,1.736,1.505,1.572,1.718,1.834,2.151,2.272,2.540,2.777,2.734,2.697
2018-02-14,1.517,1.594,1.736,1.505,1.572,1.718,1.834,2.142,2.262,2.516,2.752,2.720,2.685
2018-02-19,1.522,1.600,1.744,1.505,1.577,1.725,1.843,2.172,2.302,2.567,2.795,2.758,2.713
2018-02-20,1.525,1.602,1.745,1.506,1.579,1.725,1.844,2.182,2.315,2.577,2.810,2.777,2.735
2018-02-21,1.525,1.602,1.745,1.506,1.579,1.725,1.843,2.172,2.310,2.565,2.802,2.774,2.725
2018-02-22,1.525,1.601,1.744,1.506,1.579,1.725,1.841,2.156,2.295,2.555,2.800,2.783,2.745
2018-02-23,1.525,1.601,1.744,1.506,1.579,1.723,1.838,2.142,2.280,2.535,2.797,2.792,2.769
2018-02-26,1.525,1.600,1.741,1.505,1.579,1.723,1.835,2.124,2.257,2.510,2.750,2.750,2.722
2018-02-27,1.525,1.600,1.741,1.505,1.579,1.723,1.835,2.125,2.260,2.515,2.732,2.740,2.712
2018-02-28,1.525,1.600,1.740,1.505,1.580,1.723,1.835,2.130,2.265,2.517,2.735,2.742,2.720
2018-03-02,1.525,1.603,1.747,1.505,1.583,1.728,1.844,2.164,2.305,2.554,2.755,2.760,2.737
2018-03-05,1.530,1.610,1.756,1.505,1.589,1.735,1.857,2.163,2.300,2.535,2.725,2.729,2.710
2018-03-06,1.531,1.615,1.762,1.505,1.597,1.743,1.864,2.171,2.305,2.547,2.752,2.760,2.746
2018-03-07,1.530,1.620,1.776,1.506,1.603,1.751,1.879,2.170,2.297,2.525,2.730,2.737,2.725
2018-03-08,1.530,1.626,1.787,1.506,1.609,1.760,1.891,2.162,2.285,2.515,2.730,2.735,2.717
2018-03-09,1.530,1.626,1.787,1.506,1.617,1.769,1.897,2.170,2.295,2.537,2.747,2.756,2.725
2018-03-12,1.534,1.628,1.789,1.508,1.621,1.773,1.901,2.169,2.300,2.560,2.757,2.769,2.750
2018-03-13,1.536,1.631,1.792,1.508,1.624,1.778,1.906,2.165,2.295,2.545,2.745,2.750,2.740
2018-03-14,1.538,1.632,1.793,1.508,1.622,1.778,1.904,2.145,2.267,2.505,2.711,2.710,2.693
2018-03-15,1.539,1.633,1.794,1.508,1.622,1.778,1.904,2.142,2.267,2.495,2.707,2.676,2.651
2018-03-16,1.540,1.635,1.794,1.508,1.622,1.780,1.909,2.146,2.270,2.495,2.715,2.681,2.652
2018-03-19,1.547,1.642,1.799,1.511,1.625,1.785,1.913,2.145,2.275,2.500,2.725,2.707,2.675
2018-03-20,1.550,1.645,1.801,1.512,1.626,1.788,1.916,2.145,2.285,2.512,2.732,2.705,2.672
2018-03-21,1.553,1.648,1.800,1.512,1.626,1.788,1.916,2.143,2.287,2.510,2.722,2.695,2.658
2018-03-22,1.552,1.648,1.797,1.510,1.623,1.783,1.899,2.103,2.245,2.475,2.687,2.681,2.640
2018-03-23,1.552,1.646,1.793,1.510,1.623,1.780,1.891,2.088,2.222,2.435,2.650,2.655,2.617
2018-03-26,1.552,1.646,1.793,1.510,1.624,1.783,1.892,2.102,2.245,2.467,2.690,2.690,2.665
2018-03-27,1.552,1.646,1.793,1.510,1.624,1.783,1.890,2.093,2.225,2.457,2.670,2.662,2.642
2018-03-28,1.552,1.646,1.793,1.510,1.624,1.783,1.889,2.090,2.222,2.437,2.642,2.635,2.615
2018-03-29,1.552,1.646,1.794,1.516,1.636,1.784,1.889,2.090,2.220,2.435,2.637,2.632,2.610
2018-03-30,1.552,1.646,1.794,1.517,1.638,1.785,1.889,2.091,2.217,2.425,2.622,2.635,2.617
2018-04-02,1.551,1.653,1.795,1.516,1.641,1.786,1.889,2.091,2.217,2.435,2.637,2.661,2.637
2018-04-03,1.550,1.653,1.791,1.516,1.645,1.777,1.878,2.068,2.195,2.427,2.637,2.686,2.677
2018-04-04,1.550,1.656,1.780,1.516,1.646,1.766,1.858,2.034,2.160,2.390,2.610,2.652,2.655
2018-04-05,1.549,1.657,1.777,1.516,1.645,1.760,1.851,2.036,2.170,2.407,2.636,2.660,2.657
2018-04-06,1.549,1.657,1.773,1.516,1.646,1.759,1.845,2.029,2.162,2.387,2.602,2.625,2.633
2018-04-09,1.549,1.657,1.776,1.517,1.648,1.763,1.853,2.036,2.170,2.402,2.610,2.622,2.630
2018-04-10,1.549,1.659,1.778,1.517,1.648,1.765,1.854,2.045,2.180,2.405,2.607,2.620,2.629
2018-04-11,1.549,1.659,1.776,1.517,1.648,1.765,1.852,2.034,2.157,2.385,2.582,2.607,2.622
2018-04-12,1.549,1.659,1.776,1.517,1.649,1.765,1.847,2.027,2.150,2.375,2.577,2.586,2.607
2018-04-13,1.549,1.659,1.774,1.517,1.649,1.760,1.841,2.025,2.155,2.385,2.607,2.605,2.617
2018-04-16,1.551,1.661,1.776,1.521,1.651,1.761,1.842,2.037,2.170,2.407,2.630,2.635,2.637
2018-04-17,1.551,1.661,1.776,1.522,1.653,1.761,1.845,2.046,2.177,2.417,2.632,2.645,2.637
2018-04-18,1.551,1.662,1.777,1.524,1.656,1.765,1.849,2.054,2.190,2.427,2.642,2.657,2.645
2018-04-19,1.551,1.663,1.777,1.524,1.656,1.765,1.849,2.056,2.186,2.425,2.640,2.670,2.660
2018-04-20,1.551,1.663,1.779,1.525,1.657,1.768,1.854,2.065,2.191,2.440,2.665,2.700,2.685
2018-04-23,1.552,1.664,1.785,1.528,1.661,1.773,1.863,2.091,2.231,2.493,2.722,2.744,2.732
2018-04-24,1.552,1.663,1.783,1.528,1.661,1.771,1.859,2.085,2.220,2.489,2.720,2.732,2.718
2018-04-25,1.552,1.663,1.787,1.531,1.663,1.777,1.867,2.102,2.247,2.525,2.767,2.755,2.735
2018-04-26,1.552,1.661,1.784,1.531,1.662,1.774,1.859,2.085,2.222,2.500,2.740,2.740,2.727
2018-04-27,1.552,1.659,1.778,1.531,1.659,1.768,1.851,2.068,2.200,2.467,2.695,2.697,2.692
2018-04-30,1.553,1.658,1.771,1.531,1.659,1.767,1.846,2.080,2.217,2.490,2.717,2.722,2.710
2018-05-02,1.553,1.658,1.771,1.531,1.659,1.767,1.846,2.096,2.237,2.517,2.747,2.761,2.752
2018-05-03,1.553,1.658,1.771,1.531,1.658,1.767,1.848,2.113,2.250,2.533,2.757,2.762,2.755
2018-05-04,1.552,1.657,1.781,1.531,1.658,1.770,1.862,2.139,2.280,2.555,2.762,2.762,2.752
2018-05-08,1.551,1.668,1.796,1.532,1.662,1.786,1.889,2.168,2.302,2.575,2.776,2.766,2.747
2018-05-09,1.551,1.671,1.804,1.532,1.665,1.791,1.897,2.171,2.300,2.575,2.800,2.780,2.765
2018-05-10,1.551,1.672,1.803,1.532,1.665,1.790,1.896,2.155,2.275,2.555,2.777,2.762,2.750
2018-05-11,1.551,1.672,1.801,1.532,1.665,1.790,1.899,2.168,2.282,2.560,2.785,2.762,2.741
2018-05-14,1.550,1.672,1.806,1.533,1.663,1.793,1.908,2.190,2.305,2.582,2.792,2.772,2.745
2018-05-15,1.550,1.672,1.806,1.534,1.663,1.794,1.908,2.186,2.308,2.592,2.815,2.790,2.753
2018-05-16,1.550,1.672,1.800,1.534,1.661,1.791,1.890,2.157,2.277,2.557,2.782,2.770,2.736
2018-05-17,1.550,1.672,1.796,1.534,1.661,1.787,1.876,2.138,2.265,2.552,2.797,2.787,2.751
2018-05-18,1.550,1.672,1.786,1.534,1.661,1.777,1.848,2.089,2.220,2.502,2.750,2.760,2.735
2018-05-21,1.558,1.682,1.793,1.540,1.668,1.783,1.859,2.113,2.249,2.527,2.765,2.770,2.752
2018-05-23,1.561,1.686,1.797,1.546,1.674,1.787,1.865,2.096,2.225,2.505,2.740,2.750,2.730
2018-05-24,1.560,1.682,1.780,1.545,1.672,1.776,1.850,2.067,2.190,2.480,2.720,2.732,2.705
2018-05-25,1.560,1.682,1.784,1.546,1.672,1.777,1.851,2.079,2.202,2.485,2.720,2.722,2.707
2018-05-28,1.560,1.684,1.790,1.548,1.673,1.782,1.857,2.085,2.202,2.495,2.722,2.722,2.706
2018-05-29,1.560,1.684,1.790,1.548,1.673,1.782,1.851,2.076,2.187,2.480,2.687,2.707,2.692
2018-05-30,1.560,1.684,1.790,1.548,1.671,1.782,1.852,2.078,2.192,2.485,2.695,2.705,2.690
2018-05-31,1.560,1.684,1.790,1.548,1.671,1.781,1.851,2.078,2.195,2.477,2.695,2.695,2.680
2018-06-01,1.560,1.684,1.784,1.548,1.669,1.778,1.842,2.068,2.187,2.482,2.702,2.690,2.667
2018-06-04,1.560,1.683,1.784,1.551,1.669,1.778,1.842,2.081,2.210,2.504,2.735,2.725,2.697
2018-06-05,1.563,1.681,1.786,1.555,1.667,1.774,1.842,2.080,2.202,2.500,2.717,2.709,2.681
2018-06-07,1.565,1.682,1.790,1.556,1.667,1.777,1.846,2.088,2.212,2.522,2.752,2.732,2.700
2018-06-08,1.565,1.682,1.786,1.556,1.664,1.776,1.839,2.072,2.180,2.472,2.706,2.690,2.671
2018-06-11,1.571,1.683,1.790,1.558,1.664,1.783,1.839,2.093,2.222,2.498,2.730,2.716,2.690
2018-06-12,1.572,1.683,1.791,1.562,1.663,1.783,1.839,2.087,2.215,2.490,2.715,2.704,2.674
2018-06-14,1.577,1.695,1.805,1.572,1.664,1.791,1.849,2.107,2.225,2.500,2.710,2.699,2.669
2018-06-15,1.577,1.695,1.805,1.572,1.664,1.791,1.849,2.082,2.192,2.472,2.677,2.670,2.640
2018-06-18,1.581,1.690,1.804,1.575,1.658,1.793,1.849,2.067,2.177,2.451,2.651,2.640,2.613
2018-06-19,1.581,1.690,1.804,1.575,1.651,1.793,1.847,2.057,2.155,2.407,2.612,2.605,2.590
2018-06-20,1.582,1.691,1.811,1.575,1.651,1.796,1.848,2.062,2.160,2.407,2.612,2.607,2.587
2018-06-21,1.582,1.688,1.805,1.574,1.645,1.792,1.843,2.052,2.144,2.390,2.595,2.600,2.580
2018-06-22,1.582,1.688,1.805,1.574,1.645,1.792,1.843,2.053,2.147,2.402,2.612,2.605,2.577
2018-06-25,1.586,1.689,1.806,1.575,1.645,1.792,1.843,2.050,2.137,2.390,2.600,2.597,2.585
2018-06-26,1.589,1.692,1.811,1.578,1.646,1.794,1.847,2.052,2.140,2.395,2.607,2.600,2.585
2018-06-27,1.589,1.690,1.806,1.578,1.646,1.789,1.845,2.032,2.120,2.365,2.575,2.572,2.560
2018-06-28,1.589,1.688,1.800,1.578,1.646,1.789,1.845,2.027,2.115,2.351,2.560,2.560,2.550
2018-06-29,1.589,1.688,1.800,1.578,1.646,1.790,1.846,2.028,2.122,2.351,2.555,2.555,2.547
2018-07-02,1.594,1.690,1.791,1.579,1.646,1.789,1.844,2.029,2.122,2.340,2.530,2.545,2.540
2018-07-03,1.598,1.693,1.786,1.580,1.648,1.788,1.843,2.041,2.137,2.380,2.577,2.580,2.570
2018-07-04,1.598,1.691,1.770,1.578,1.644,1.779,1.834,2.014,2.110,2.347,2.548,2.558,2.552
2018-07-05,1.596,1.689,1.766,1.576,1.642,1.774,1.822,1.990,2.090,2.332,2.548,2.555,2.551
2018-07-06,1.596,1.689,1.766,1.576,1.643,1.775,1.824,1.997,2.097,2.345,2.555,2.550,2.539
2018-07-09,1.598,1.688,1.766,1.576,1.643,1.770,1.823,2.000,2.105,2.355,2.557,2.555,2.544
2018-07-10,1.598,1.684,1.760,1.576,1.643,1.765,1.817,1.986,2.091,2.340,2.550,2.547,2.535
2018-07-11,1.595,1.679,1.749,1.573,1.636,1.755,1.802,1.951,2.047,2.292,2.507,2.510,2.500
2018-07-12,1.606,1.701,1.789,1.581,1.654,1.788,1.849,2.001,2.090,2.330,2.547,2.535,2.520
2018-07-13,1.608,1.703,1.791,1.582,1.656,1.789,1.851,2.010,2.102,2.340,2.557,2.547,2.526
2018-07-16,1.604,1.701,1.780,1.581,1.654,1.779,1.843,1.998,2.087,2.326,2.542,2.540,2.524
2018-07-17,1.604,1.701,1.780,1.581,1.653,1.774,1.833,2.001,2.090,2.332,2.550,2.546,2.530
2018-07-18,1.601,1.701,1.775,1.580,1.653,1.771,1.824,1.994,2.085,2.317,2.530,2.531,2.519
2018-07-19,1.601,1.701,1.775,1.580,1.653,1.769,1.821,1.996,2.090,2.330,2.540,2.542,2.528
2018-07-20,1.600,1.696,1.764,1.577,1.651,1.757,1.809,1.986,2.075,2.310,2.522,2.530,2.515
2018-07-23,1.596,1.696,1.764,1.577,1.651,1.757,1.808,1.984,2.077,2.320,2.540,2.542,2.536
2018-07-24,1.595,1.696,1.768,1.577,1.651,1.757,1.808,1.995,2.085,2.340,2.570,2.562,2.552
2018-07-25,1.595,1.696,1.768,1.577,1.651,1.752,1.807,1.987,2.077,2.322,2.545,2.540,2.520
2018-07-26,1.594,1.694,1.767,1.574,1.646,1.742,1.797,1.982,2.067,2.320,2.550,2.542,2.525
2018-07-27,1.605,1.714,1.790,1.576,1.655,1.754,1.809,2.024,2.110,2.355,2.570,2.547,2.527
2018-07-30,1.608,1.718,1.802,1.579,1.661,1.770,1.826,2.036,2.127,2.367,2.571,2.552,2.535
2018-07-31,1.608,1.718,1.803,1.579,1.661,1.769,1.825,2.030,2.125,2.362,2.570,2.545,2.537
2018-08-01,1.608,1.709,1.799,1.578,1.660,1.767,1.821,2.021,2.117,2.370,2.585,2.560,2.545
2018-08-02,1.607,1.703,1.799,1.576,1.659,1.764,1.819,2.015,2.110,2.360,2.572,2.557,2.542
2018-08-03,1.607,1.699,1.796,1.574,1.656,1.761,1.816,2.005,2.102,2.355,2.575,2.565,2.545
2018-08-06,1.604,1.699,1.793,1.571,1.649,1.752,1.807,1.995,2.092,2.335,2.565,2.552,2.532
2018-08-07,1.601,1.691,1.783,1.565,1.639,1.742,1.796,1.985,2.082,2.325,2.557,2.542,2.523
2018-08-08,1.600,1.688,1.778,1.563,1.635,1.735,1.787,1.971,2.067,2.317,2.555,2.530,2.512
2018-08-09,1.600,1.687,1.777,1.562,1.635,1.734,1.785,1.958,2.055,2.287,2.517,2.485,2.470
2018-08-10,1.600,1.687,1.777,1.561,1.639,1.734,1.785,1.948,2.040,2.265,2.496,2.460,2.447
2018-08-13,1.597,1.687,1.777,1.560,1.639,1.733,1.785,1.955,2.052,2.277,2.497,2.462,2.447
2018-08-14,1.597,1.688,1.778,1.560,1.639,1.733,1.786,1.961,2.060,2.285,2.495,2.457,2.437
2018-08-16,1.597,1.688,1.776,1.559,1.639,1.733,1.785,1.951,2.045,2.262,2.470,2.421,2.401
2018-08-17,1.596,1.684,1.769,1.559,1.637,1.732,1.784,1.908,1.990,2.200,2.427,2.395,2.377
2018-08-20,1.593,1.684,1.764,1.559,1.636,1.730,1.777,1.900,1.982,2.180,2.405,2.382,2.370
2018-08-21,1.587,1.678,1.749,1.558,1.634,1.720,1.754,1.841,1.930,2.142,2.377,2.357,2.345
2018-08-22,1.585,1.677,1.746,1.558,1.635,1.720,1.754,1.868,1.965,2.175,2.402,2.362,2.342
2018-08-23,1.585,1.677,1.748,1.558,1.635,1.719,1.751,1.858,1.965,2.175,2.395,2.345,2.320
2018-08-24,1.585,1.678,1.747,1.558,1.635,1.707,1.743,1.854,1.957,2.172,2.377,2.342,2.317
2018-08-27,1.579,1.674,1.742,1.554,1.630,1.700,1.743,1.854,1.959,2.172,2.363,2.332,2.305
2018-08-28,1.578,1.674,1.742,1.554,1.629,1.695,1.739,1.857,1.965,2.175,2.357,2.325,2.296
2018-08-29,1.578,1.674,1.744,1.554,1.629,1.694,1.739,1.849,1.960,2.167,2.365,2.325,2.296
2018-08-30,1.581,1.683,1.763,1.558,1.636,1.714,1.763,1.876,1.990,2.177,2.365,2.324,2.297
2018-08-31,1.569,1.656,1.719,1.546,1.612,1.681,1.722,1.801,1.910,2.102,2.310,2.270,2.250
2018-09-03,1.568,1.653,1.713,1.544,1.611,1.679,1.721,1.815,1.925,2.105,2.302,2.260,2.240
2018-09-04,1.565,1.648,1.701,1.544,1.607,1.674,1.711,1.816,1.920,2.107,2.308,2.255,2.232
2018-09-05,1.565,1.648,1.701,1.544,1.606,1.673,1.710,1.796,1.898,2.077,2.265,2.202,2.177
2018-09-06,1.565,1.651,1.705,1.547,1.606,1.677,1.717,1.813,1.917,2.085,2.275,2.205,2.180
2018-09-07,1.565,1.656,1.710,1.547,1.606,1.680,1.721,1.815,1.912,2.075,2.262,2.200,2.172
2018-09-10,1.565,1.657,1.711,1.545,1.606,1.681,1.729,1.821,1.912,2.075,2.252,2.176,2.164
2018-09-11,1.565,1.658,1.718,1.543,1.609,1.692,1.739,1.832,1.922,2.090,2.270,2.197,2.187
2018-09-12,1.565,1.656,1.711,1.542,1.605,1.688,1.720,1.807,1.890,2.060,2.250,2.180,2.167
2018-09-13,1.567,1.663,1.734,1.543,1.621,1.704,1.748,1.842,1.920,2.082,2.262,2.190,2.177
2018-09-14,1.570,1.683,1.757,1.543,1.634,1.727,1.773,1.877,1.957,2.122,2.310,2.235,2.220
2018-09-17,1.576,1.692,1.766,1.543,1.637,1.736,1.801,1.891,1.970,2.140,2.325,2.277,2.251
2018-09-18,1.577,1.693,1.769,1.543,1.637,1.736,1.802,1.891,1.972,2.147,2.335,2.282,2.242
2018-09-19,1.580,1.696,1.779,1.543,1.639,1.743,1.815,1.916,1.997,2.185,2.375,2.327,2.285
2018-09-20,1.595,1.714,1.802,1.553,1.651,1.761,1.834,1.956,2.037,2.240,2.430,2.430,2.385
2018-09-21,1.595,1.714,1.802,1.553,1.653,1.763,1.836,1.933,2.015,2.215,2.410,2.385,2.335
2018-09-27,1.610,1.728,1.820,1.561,1.661,1.771,1.843,1.926,2.002,2.192,2.365,2.337,2.295
2018-09-28,1.611,1.731,1.816,1.567,1.663,1.771,1.843,1.928,2.002,2.175,2.355,2.335,2.305
2018-10-01,1.614,1.732,1.818,1.569,1.668,1.775,1.847,1.945,2.015,2.195,2.380,2.357,2.330
2018-10-02,1.615,1.734,1.815,1.569,1.668,1.775,1.846,1.943,2.015,2.190,2.375,2.360,2.340
2018-10-04,1.628,1.747,1.828,1.574,1.677,1.791,1.864,1.987,2.065,2.244,2.445,2.420,2.395
2018-10-05,1.633,1.759,1.838,1.576,1.682,1.796,1.864,1.997,2.080,2.265,2.445,2.420,2.382
2018-10-08,1.643,1.764,1.841,1.583,1.694,1.804,1.866,2.004,2.085,2.282,2.442,2.394,2.355
2018-10-10,1.643,1.761,1.826,1.584,1.697,1.787,1.850,1.978,2.055,2.240,2.410,2.347,2.315
2018-10-11,1.645,1.761,1.818,1.584,1.701,1.785,1.835,1.959,2.020,2.200,2.365,2.300,2.277
2018-10-12,1.655,1.775,1.832,1.593,1.716,1.796,1.847,1.983,2.050,2.230,2.400,2.320,2.300
2018-10-15,1.663,1.783,1.840,1.601,1.736,1.804,1.855,1.984,2.050,2.225,2.380,2.307,2.297
2018-10-16,1.679,1.797,1.853,1.613,1.748,1.819,1.866,1.986,2.041,2.210,2.375,2.297,2.283
2018-10-17,1.688,1.804,1.857,1.623,1.757,1.825,1.869,1.976,2.012,2.167,2.330,2.250,2.230
2018-10-18,1.688,1.789,1.831,1.622,1.751,1.812,1.848,1.945,1.977,2.127,2.297,2.225,2.205
2018-10-19,1.688,1.789,1.829,1.622,1.749,1.806,1.838,1.949,1.982,2.135,2.322,2.252,2.240
2018-10-22,1.696,1.793,1.833,1.622,1.753,1.814,1.838,1.964,2.007,2.170,2.342,2.290,2.260
2018-10-23,1.701,1.796,1.837,1.622,1.754,1.812,1.829,1.954,1.992,2.137,2.307,2.255,2.225
2018-10-24,1.704,1.804,1.846,1.622,1.754,1.807,1.829,1.961,2.000,2.135,2.302,2.250,2.220
2018-10-25,1.708,1.808,1.853,1.623,1.757,1.811,1.839,1.959,1.987,2.102,2.272,2.215,2.185
2018-10-26,1.709,1.808,1.853,1.623,1.752,1.811,1.839,1.950,1.970,2.080,2.252,2.202,2.167
2018-10-29,1.695,1.791,1.814,1.608,1.732,1.766,1.787,1.864,1.882,1.979,2.160,2.128,2.095
2018-10-30,1.698,1.794,1.829,1.613,1.739,1.776,1.803,1.912,1.932,2.045,2.222,2.172,2.134
2018-10-31,1.698,1.794,1.829,1.612,1.736,1.776,1.803,1.912,1.942,2.075,2.245,2.192,2.143
2018-11-01,1.698,1.790,1.823,1.611,1.734,1.773,1.801,1.907,1.940,2.080,2.252,2.196,2.137
2018-11-02,1.698,1.789,1.826,1.612,1.735,1.776,1.813,1.938,1.980,2.115,2.280,2.227,2.145
2018-11-05,1.693,1.781,1.814,1.603,1.726,1.771,1.805,1.934,1.977,2.103,2.272,2.219,2.132
2018-11-06,1.688,1.774,1.807,1.600,1.720,1.764,1.799,1.939,1.981,2.115,2.292,2.240,2.155
2018-11-07,1.684,1.770,1.802,1.595,1.715,1.758,1.784,1.919,1.960,2.080,2.250,2.195,2.115
2018-11-08,1.685,1.771,1.803,1.595,1.715,1.758,1.783,1.919,1.962,2.082,2.250,2.185,2.101
2018-11-09,1.686,1.771,1.803,1.594,1.714,1.756,1.780,1.918,1.952,2.060,2.225,2.162,2.080
2018-11-12,1.688,1.767,1.800,1.594,1.714,1.754,1.778,1.915,1.946,2.045,2.210,2.148,2.073
2018-11-13,1.688,1.767,1.800,1.594,1.714,1.754,1.779,1.908,1.935,2.050,2.207,2.145,2.076
2018-11-14,1.689,1.769,1.801,1.594,1.714,1.754,1.778,1.899,1.922,2.042,2.197,2.140,2.075
2018-11-15,1.694,1.774,1.806,1.594,1.715,1.758,1.786,1.915,1.940,2.070,2.230,2.170,2.105
2018-11-16,1.698,1.780,1.812,1.594,1.717,1.763,1.791,1.921,1.945,2.058,2.220,2.172,2.112
2018-11-19,1.698,1.784,1.814,1.594,1.717,1.763,1.794,1.914,1.940,2.042,2.197,2.170,2.110
2018-11-20,1.706,1.796,1.829,1.599,1.727,1.773,1.806,1.920,1.940,2.047,2.205,2.165,2.095
2018-11-21,1.711,1.801,1.839,1.609,1.740,1.789,1.821,1.929,1.947,2.050,2.210,2.167,2.095
2018-11-22,1.719,1.815,1.846,1.616,1.747,1.796,1.829,1.926,1.935,2.040,2.205,2.165,2.095
2018-11-23,1.725,1.821,1.851,1.624,1.755,1.807,1.832,1.903,1.912,2.007,2.165,2.122,2.050
2018-11-26,1.731,1.825,1.852,1.623,1.754,1.798,1.816,1.899,1.915,2.010,2.170,2.122,2.045
2018-11-27,1.735,1.831,1.856,1.619,1.746,1.788,1.802,1.887,1.907,1.992,2.151,2.112,2.037
2018-11-28,1.739,1.836,1.857,1.623,1.751,1.794,1.805,1.898,1.915,2.002,2.152,2.116,2.050
2018-11-29,1.739,1.831,1.851,1.628,1.751,1.791,1.801,1.876,1.887,1.975,2.114,2.077,2.015
2018-11-30,1.757,1.832,1.851,1.750,1.771,1.800,1.806,1.880,1.895,1.975,2.110,2.045,1.987
2018-12-03,1.765,1.836,1.860,1.751,1.775,1.808,1.814,1.904,1.917,1.992,2.127,2.065,2.012
2018-12-04,1.765,1.835,1.860,1.751,1.775,1.806,1.814,1.903,1.912,1.975,2.092,2.051,2.006
2018-12-05,1.767,1.835,1.861,1.751,1.777,1.807,1.814,1.889,1.890,1.925,2.035,2.006,1.980
2018-12-06,1.767,1.831,1.855,1.751,1.777,1.803,1.806,1.838,1.837,1.880,1.982,1.940,1.900
2018-12-07,1.766,1.823,1.853,1.751,1.763,1.767,1.766,1.813,1.830,1.887,1.997,1.955,1.915
2018-12-10,1.763,1.821,1.846,1.748,1.751,1.755,1.753,1.818,1.801,1.874,1.977,1.948,1.910
2018-12-11,1.763,1.821,1.843,1.747,1.750,1.750,1.747,1.809,1.792,1.880,1.982,1.955,1.915
2018-12-12,1.763,1.821,1.834,1.747,1.749,1.750,1.746,1.815,1.796,1.905,2.007,1.980,1.932
2018-12-13,1.767,1.822,1.835,1.747,1.752,1.752,1.755,1.821,1.792,1.915,2.020,1.985,1.940
2018-12-14,1.767,1.820,1.833,1.745,1.752,1.752,1.756,1.812,1.777,1.885,2.000,1.970,1.925
2018-12-17,1.762,1.814,1.823,1.743,1.746,1.745,1.747,1.821,1.792,1.885,2.002,1.971,1.932
2018-12-18,1.755,1.804,1.812,1.742,1.744,1.742,1.743,1.812,1.785,1.852,1.970,1.950,1.920
2018-12-19,1.751,1.796,1.803,1.741,1.742,1.741,1.742,1.803,1.785,1.825,1.923,1.910,1.875
2018-12-20,1.751,1.798,1.804,1.741,1.742,1.741,1.742,1.815,1.800,1.846,1.934,1.925,1.890
2018-12-21,1.753,1.803,1.816,1.741,1.742,1.741,1.742,1.852,1.842,1.902,1.975,1.960,1.932
2018-12-24,1.758,1.805,1.826,1.744,1.745,1.744,1.751,1.857,1.846,1.902,1.990,1.985,1.960
2018-12-26,1.758,1.805,1.827,1.745,1.746,1.746,1.753,1.835,1.807,1.865,1.937,1.956,1.930
2018-12-27,1.758,1.805,1.828,1.746,1.748,1.748,1.755,1.835,1.810,1.876,1.937,1.953,1.927
2018-12-28,1.758,1.801,1.824,1.746,1.748,1.748,1.755,1.835,1.823,1.892,1.956,1.977,1.955
2018-12-31,1.758,1.801,1.824,1.746,1.748,1.748,1.755,1.835,1.823,1.892,1.956,1.977,1.955
2019-01-02,1.753,1.782,1.790,1.746,1.746,1.747,1.750,1.805,1.797,1.875,1.950,1.976,1.955
2019-01-03,1.751,1.775,1.782,1.746,1.746,1.747,1.750,1.805,1.802,1.878,1.962,1.985,1.962
2019-01-04,1.746,1.764,1.771,1.742,1.744,1.745,1.743,1.782,1.795,1.865,1.967,1.975,1.950
2019-01-07,1.740,1.760,1.766,1.740,1.741,1.741,1.741,1.794,1.807,1.880,1.980,1.975,1.952
2019-01-08,1.738,1.760,1.768,1.738,1.741,1.741,1.741,1.799,1.811,1.895,1.992,1.990,1.962
2019-01-09,1.736,1.753,1.764,1.736,1.738,1.738,1.738,1.799,1.805,1.888,1.979,1.990,1.957
2019-01-10,1.735,1.753,1.766,1.736,1.738,1.738,1.738,1.786,1.792,1.855,1.960,1.980,1.957
2019-01-11,1.735,1.753,1.767,1.736,1.738,1.738,1.741,1.800,1.802,1.875,1.995,2.005,1.982
2019-01-14,1.739,1.755,1.770,1.737,1.740,1.740,1.742,1.795,1.797,1.855,1.972,2.000,1.975
2019-01-15,1.738,1.755,1.777,1.738,1.743,1.743,1.747,1.791,1.792,1.855,1.962,1.997,1.975
2019-01-16,1.738,1.755,1.777,1.741,1.748,1.748,1.752,1.791,1.797,1.867,1.975,2.000,1.980
2019-01-17,1.740,1.755,1.779,1.743,1.750,1.752,1.756,1.791,1.800,1.875,1.977,2.015,1.990
2019-01-18,1.742,1.758,1.785,1.745,1.754,1.759,1.762,1.801,1.815,1.895,2.012,2.040,2.017
2019-01-21,1.747,1.763,1.790,1.747,1.758,1.766,1.766,1.807,1.820,1.897,2.030,2.075,2.055
2019-01-22,1.747,1.766,1.791,1.747,1.760,1.765,1.765,1.795,1.797,1.869,1.995,2.050,2.030
2019-01-23,1.747,1.770,1.798,1.747,1.760,1.764,1.762,1.795,1.800,1.867,1.986,2.037,2.017
2019-01-24,1.751,1.775,1.806,1.748,1.758,1.764,1.762,1.805,1.812,1.877,1.992,2.037,2.020
2019-01-25,1.752,1.777,1.812,1.750,1.761,1.765,1.763,1.796,1.810,1.880,2.002,2.052,2.047
2019-01-28,1.762,1.786,1.820,1.753,1.764,1.768,1.768,1.802,1.817,1.890,2.015,2.085,2.075
2019-01-29,1.764,1.789,1.824,1.756,1.768,1.775,1.773,1.810,1.820,1.900,2.037,2.095,2.082
2019-01-30,1.765,1.791,1.824,1.755,1.766,1.771,1.773,1.820,1.830,1.910,2.047,2.098,2.085
2019-01-31,1.765,1.791,1.823,1.755,1.766,1.770,1.772,1.807,1.810,1.885,1.997,2.045,2.045
2019-02-01,1.765,1.785,1.814,1.755,1.765,1.769,1.772,1.805,1.802,1.877,1.982,2.041,2.040
2019-02-07,1.770,1.784,1.814,1.750,1.758,1.761,1.771,1.802,1.800,1.874,1.992,2.057,2.057
2019-02-08,1.765,1.775,1.804,1.746,1.750,1.752,1.761,1.787,1.782,1.852,1.962,2.037,2.035
2019-02-11,1.771,1.775,1.800,1.746,1.750,1.752,1.761,1.785,1.780,1.835,1.940,2.007,1.995
2019-02-12,1.771,1.777,1.804,1.746,1.750,1.752,1.757,1.797,1.792,1.855,1.980,2.032,2.015
2019-02-13,1.772,1.778,1.808,1.746,1.750,1.753,1.759,1.807,1.800,1.867,1.990,2.035,2.012
2019-02-14,1.772,1.778,1.808,1.746,1.750,1.752,1.757,1.800,1.787,1.855,1.980,2.040,2.015
2019-02-15,1.772,1.778,1.807,1.746,1.750,1.752,1.757,1.796,1.780,1.842,1.965,2.017,1.990
2019-02-18,1.781,1.787,1.815,1.746,1.750,1.752,1.759,1.815,1.802,1.870,1.997,2.047,2.020
2019-02-19,1.781,1.787,1.815,1.746,1.750,1.752,1.761,1.815,1.797,1.865,1.997,2.052,2.034
2019-02-20,1.782,1.789,1.816,1.746,1.751,1.756,1.765,1.819,1.802,1.870,1.992,2.056,2.031
2019-02-21,1.785,1.795,1.822,1.750,1.756,1.761,1.770,1.829,1.810,1.880,2.015,2.080,2.055
2019-02-22,1.785,1.796,1.823,1.750,1.757,1.761,1.770,1.830,1.810,1.880,2.002,2.076,2.052
2019-02-25,1.793,1.801,1.828,1.751,1.758,1.762,1.771,1.836,1.820,1.892,2.015,2.075,2.053
2019-02-26,1.792,1.800,1.825,1.750,1.758,1.761,1.768,1.826,1.808,1.878,1.995,2.062,2.043
2019-02-27,1.792,1.800,1.821,1.750,1.757,1.761,1.768,1.822,1.805,1.867,1.977,2.062,2.042
2019-02-28,1.792,1.800,1.820,1.750,1.757,1.761,1.770,1.828,1.812,1.880,1.986,2.065,2.056
2019-03-04,1.790,1.801,1.820,1.751,1.758,1.765,1.776,1.845,1.832,1.907,2.025,2.106,2.095
2019-03-05,1.790,1.801,1.816,1.753,1.760,1.765,1.775,1.845,1.835,1.909,2.027,2.085,2.070
2019-03-06,1.790,1.801,1.816,1.753,1.760,1.765,1.775,1.832,1.825,1.897,2.020,2.075,2.062
2019-03-07,1.790,1.801,1.814,1.753,1.760,1.765,1.775,1.827,1.820,1.886,2.010,2.062,2.057
2019-03-08,1.789,1.797,1.807,1.753,1.760,1.765,1.773,1.812,1.807,1.867,1.975,2.025,2.020
2019-03-11,1.789,1.797,1.807,1.755,1.760,1.765,1.777,1.815,1.813,1.867,1.987,2.035,2.030
2019-03-12,1.789,1.797,1.807,1.755,1.760,1.765,1.776,1.808,1.805,1.864,1.985,2.050,2.044
2019-03-13,1.789,1.797,1.807,1.755,1.758,1.763,1.776,1.800,1.795,1.852,1.970,2.027,2.022
2019-03-14,1.790,1.799,1.809,1.755,1.760,1.765,1.778,1.805,1.790,1.852,1.980,2.027,2.025
2019-03-15,1.790,1.800,1.810,1.755,1.760,1.765,1.779,1.820,1.800,1.865,1.992,2.035,2.030
2019-03-18,1.796,1.801,1.809,1.755,1.760,1.765,1.779,1.834,1.810,1.872,1.997,2.045,2.039
2019-03-19,1.793,1.801,1.809,1.753,1.759,1.765,1.781,1.834,1.807,1.861,1.980,2.030,2.025
2019-03-20,1.794,1.804,1.817,1.756,1.764,1.769,1.789,1.839,1.815,1.870,1.987,2.012,2.007
2019-03-21,1.794,1.804,1.816,1.756,1.764,1.769,1.789,1.824,1.792,1.827,1.932,1.945,1.947
2019-03-22,1.794,1.806,1.816,1.755,1.764,1.770,1.791,1.824,1.797,1.822,1.932,1.932,1.922
2019-03-25,1.798,1.802,1.808,1.755,1.764,1.770,1.789,1.798,1.772,1.790,1.895,1.910,1.907
2019-03-26,1.793,1.796,1.800,1.755,1.763,1.767,1.780,1.787,1.760,1.790,1.905,1.932,1.935
2019-03-27,1.787,1.788,1.788,1.753,1.762,1.765,1.770,1.754,1.714,1.737,1.840,1.877,1.880
2019-03-28,1.780,1.778,1.770,1.747,1.752,1.752,1.750,1.703,1.675,1.697,1.805,1.840,1.842
2019-03-29,1.779,1.775,1.766,1.747,1.752,1.752,1.750,1.711,1.690,1.706,1.830,1.861,1.865
2019-04-01,1.783,1.779,1.768,1.748,1.753,1.752,1.751,1.741,1.727,1.747,1.865,1.897,1.900
2019-04-02,1.782,1.778,1.764,1.748,1.752,1.751,1.741,1.719,1.700,1.725,1.850,1.890,1.885
2019-04-03,1.773,1.770,1.761,1.748,1.752,1.751,1.745,1.731,1.717,1.750,1.887,1.917,1.902
2019-04-04,1.771,1.765,1.758,1.748,1.750,1.745,1.743,1.731,1.717,1.755,1.872,1.915,1.902
2019-04-05,1.767,1.765,1.757,1.748,1.751,1.745,1.746,1.746,1.735,1.775,1.895,1.925,1.910
2019-04-08,1.767,1.765,1.757,1.748,1.751,1.745,1.750,1.745,1.730,1.762,1.875,1.902,1.885
2019-04-09,1.767,1.765,1.757,1.748,1.752,1.745,1.750,1.738,1.722,1.755,1.867,1.889,1.875
2019-04-10,1.765,1.763,1.758,1.748,1.752,1.745,1.752,1.744,1.729,1.762,1.867,1.897,1.885
2019-04-11,1.766,1.764,1.758,1.748,1.752,1.745,1.752,1.747,1.731,1.762,1.872,1.895,1.877
2019-04-12,1.766,1.764,1.758,1.748,1.752,1.745,1.752,1.747,1.730,1.770,1.885,1.900,1.880
2019-04-15,1.766,1.765,1.762,1.749,1.754,1.748,1.759,1.773,1.760,1.802,1.925,1.930,1.910
2019-04-16,1.766,1.765,1.762,1.749,1.754,1.748,1.758,1.776,1.762,1.807,1.932,1.945,1.935
2019-04-17,1.767,1.766,1.763,1.749,1.754,1.748,1.758,1.783,1.770,1.820,1.942,1.960,1.955
2019-04-18,1.760,1.760,1.753,1.749,1.753,1.747,1.751,1.762,1.742,1.777,1.892,1.915,1.907
2019-04-19,1.760,1.760,1.754,1.750,1.753,1.748,1.752,1.774,1.760,1.800,1.910,1.917,1.910
2019-04-22,1.757,1.761,1.756,1.750,1.753,1.748,1.754,1.784,1.772,1.817,1.935,1.947,1.937
2019-04-23,1.755,1.759,1.757,1.748,1.753,1.748,1.754,1.778,1.765,1.807,1.922,1.937,1.927
2019-04-24,1.755,1.759,1.757,1.748,1.753,1.747,1.750,1.763,1.747,1.795,1.912,1.932,1.922
2019-04-25,1.752,1.755,1.753,1.745,1.749,1.743,1.745,1.743,1.725,1.760,1.877,1.912,1.903
2019-04-26,1.751,1.754,1.753,1.745,1.749,1.743,1.744,1.737,1.720,1.752,1.875,1.900,1.895
2019-04-29,1.746,1.749,1.747,1.742,1.746,1.741,1.741,1.731,1.715,1.745,1.866,1.890,1.885
2019-04-30,1.736,1.737,1.735,1.738,1.741,1.735,1.735,1.711,1.695,1.727,1.845,1.877,1.875
2019-05-02,1.738,1.739,1.738,1.740,1.743,1.736,1.739,1.746,1.732,1.767,1.890,1.917,1.915
2019-05-03,1.735,1.735,1.735,1.740,1.740,1.736,1.738,1.745,1.735,1.777,1.902,1.932,1.925
2019-05-07,1.730,1.730,1.729,1.736,1.737,1.733,1.733,1.733,1.720,1.762,1.885,1.925,1.915
2019-05-08,1.729,1.729,1.728,1.730,1.731,1.726,1.724,1.731,1.717,1.760,1.880,1.915,1.905
2019-05-09,1.721,1.721,1.720,1.724,1.724,1.718,1.715,1.717,1.705,1.742,1.857,1.896,1.887
2019-05-10,1.717,1.717,1.715,1.720,1.721,1.714,1.711,1.730,1.720,1.765,1.875,1.910,1.897
2019-05-13,1.712,1.713,1.713,1.717,1.717,1.711,1.707,1.727,1.720,1.767,1.877,1.914,1.902
2019-05-14,1.704,1.705,1.703,1.708,1.708,1.701,1.697,1.717,1.707,1.757,1.867,1.905,1.892
2019-05-15,1.702,1.702,1.701,1.703,1.703,1.695,1.691,1.712,1.705,1.750,1.860,1.890,1.882
2019-05-16,1.691,1.691,1.689,1.691,1.691,1.683,1.681,1.686,1.670,1.710,1.821,1.857,1.852
2019-05-17,1.689,1.689,1.687,1.689,1.689,1.682,1.680,1.684,1.667,1.705,1.825,1.855,1.845
2019-05-20,1.689,1.688,1.686,1.689,1.689,1.682,1.680,1.685,1.677,1.725,1.847,1.877,1.870
2019-05-21,1.689,1.687,1.685,1.682,1.681,1.674,1.671,1.675,1.662,1.710,1.835,1.867,1.860
2019-05-22,1.689,1.687,1.683,1.677,1.674,1.669,1.668,1.669,1.661,1.707,1.825,1.870,1.862
2019-05-23,1.684,1.682,1.677,1.667,1.664,1.661,1.652,1.650,1.642,1.680,1.800,1.845,1.840
2019-05-24,1.682,1.680,1.677,1.666,1.664,1.660,1.650,1.649,1.642,1.680,1.795,1.835,1.831
2019-05-27,1.678,1.676,1.676,1.660,1.657,1.654,1.645,1.649,1.647,1.682,1.795,1.840,1.839
2019-05-28,1.677,1.676,1.676,1.660,1.657,1.652,1.643,1.647,1.647,1.675,1.787,1.825,1.830
2019-05-29,1.668,1.667,1.665,1.651,1.648,1.643,1.635,1.624,1.615,1.635,1.735,1.771,1.772
2019-05-30,1.668,1.667,1.665,1.651,1.648,1.643,1.635,1.631,1.630,1.650,1.741,1.775,1.776
2019-05-31,1.635,1.633,1.629,1.618,1.615,1.608,1.591,1.578,1.570,1.590,1.669,1.700,1.712
2019-06-03,1.629,1.628,1.628,1.615,1.613,1.607,1.590,1.576,1.570,1.592,1.685,1.722,1.730
2019-06-04,1.628,1.627,1.626,1.606,1.604,1.594,1.580,1.564,1.570,1.595,1.685,1.722,1.727
2019-06-05,1.619,1.618,1.617,1.580,1.578,1.559,1.556,1.541,1.540,1.565,1.650,1.690,1.700
2019-06-07,1.617,1.616,1.615,1.575,1.573,1.554,1.550,1.533,1.530,1.565,1.655,1.695,1.705
2019-06-10,1.608,1.607,1.603,1.556,1.549,1.532,1.525,1.540,1.530,1.577,1.662,1.715,1.720
2019-06-11,1.605,1.604,1.601,1.544,1.531,1.516,1.510,1.542,1.532,1.580,1.672,1.727,1.725
2019-06-12,1.566,1.564,1.560,1.524,1.509,1.486,1.482,1.480,1.472,1.512,1.602,1.665,1.670
2019-06-13,1.563,1.558,1.553,1.520,1.506,1.488,1.483,1.497,1.490,1.532,1.627,1.677,1.680
2019-06-14,1.556,1.550,1.542,1.518,1.503,1.488,1.479,1.480,1.467,1.495,1.587,1.637,1.638
2019-06-17,1.550,1.547,1.542,1.516,1.501,1.490,1.488,1.499,1.491,1.525,1.622,1.667,1.665
2019-06-18,1.550,1.547,1.541,1.516,1.501,1.491,1.493,1.510,1.500,1.527,1.617,1.660,1.660
2019-06-19,1.548,1.545,1.539,1.516,1.501,1.491,1.497,1.490,1.477,1.502,1.595,1.630,1.629
2019-06-20,1.540,1.533,1.517,1.514,1.493,1.471,1.470,1.442,1.422,1.452,1.550,1.585,1.582
2019-06-21,1.545,1.540,1.524,1.514,1.493,1.471,1.470,1.455,1.444,1.475,1.570,1.610,1.607
2019-06-24,1.551,1.542,1.527,1.514,1.493,1.471,1.467,1.457,1.443,1.475,1.565,1.607,1.607
2019-06-25,1.556,1.551,1.540,1.518,1.498,1.480,1.480,1.497,1.482,1.512,1.597,1.625,1.625
2019-06-26,1.560,1.555,1.547,1.518,1.498,1.483,1.496,1.502,1.485,1.517,1.602,1.632,1.632
2019-06-27,1.560,1.555,1.547,1.518,1.500,1.490,1.507,1.507,1.490,1.532,1.622,1.647,1.654
2019-06-28,1.558,1.553,1.538,1.518,1.499,1.488,1.507,1.485,1.465,1.505,1.595,1.627,1.632
2019-07-01,1.561,1.550,1.535,1.516,1.498,1.488,1.510,1.500,1.482,1.527,1.612,1.645,1.645
2019-07-02,1.551,1.536,1.518,1.514,1.495,1.487,1.505,1.477,1.462,1.500,1.582,1.612,1.610
2019-07-03,1.544,1.524,1.501,1.513,1.491,1.480,1.490,1.441,1.426,1.454,1.522,1.560,1.557
2019-07-04,1.541,1.514,1.485,1.513,1.491,1.477,1.482,1.425,1.412,1.440,1.520,1.557,1.553
2019-07-05,1.539,1.511,1.480,1.511,1.492,1.475,1.480,1.430,1.421,1.450,1.537,1.567,1.565
2019-07-08,1.539,1.510,1.477,1.511,1.492,1.475,1.478,1.427,1.418,1.447,1.530,1.557,1.557
2019-07-09,1.539,1.509,1.475,1.511,1.492,1.475,1.478,1.430,1.422,1.455,1.540,1.562,1.560
2019-07-10,1.536,1.506,1.471,1.511,1.492,1.475,1.478,1.445,1.437,1.475,1.565,1.584,1.580
2019-07-11,1.528,1.494,1.457,1.506,1.486,1.461,1.458,1.425,1.417,1.460,1.550,1.567,1.564
2019-07-12,1.521,1.488,1.451,1.505,1.485,1.460,1.454,1.425,1.420,1.470,1.565,1.582,1.577
2019-07-15,1.519,1.483,1.446,1.503,1.482,1.458,1.454,1.432,1.432,1.485,1.581,1.602,1.595
2019-07-16,1.510,1.472,1.437,1.499,1.478,1.455,1.448,1.427,1.427,1.477,1.570,1.588,1.580
2019-07-17,1.495,1.457,1.422,1.484,1.458,1.430,1.417,1.400,1.393,1.449,1.542,1.562,1.555
2019-07-18,1.467,1.428,1.391,1.458,1.430,1.395,1.375,1.357,1.350,1.385,1.477,1.500,1.490
2019-07-19,1.453,1.414,1.376,1.444,1.415,1.378,1.353,1.338,1.327,1.372,1.465,1.481,1.480
2019-07-22,1.454,1.406,1.375,1.443,1.414,1.378,1.350,1.337,1.332,1.372,1.462,1.473,1.472
2019-07-23,1.446,1.396,1.365,1.435,1.408,1.372,1.344,1.342,1.337,1.382,1.472,1.480,1.477
2019-07-24,1.429,1.380,1.351,1.418,1.391,1.357,1.329,1.324,1.315,1.365,1.460,1.460,1.450
2019-07-25,1.422,1.373,1.343,1.404,1.380,1.341,1.312,1.302,1.287,1.330,1.412,1.410,1.400
2019-07-26,1.421,1.372,1.343,1.398,1.373,1.335,1.310,1.315,1.302,1.342,1.420,1.400,1.387
2019-07-29,1.414,1.365,1.338,1.394,1.368,1.329,1.301,1.320,1.307,1.342,1.412,1.380,1.365
2019-07-30,1.411,1.362,1.336,1.387,1.360,1.317,1.294,1.317,1.305,1.340,1.410,1.397,1.385
2019-07-31,1.406,1.357,1.331,1.379,1.350,1.306,1.284,1.302,1.288,1.320,1.385,1.375,1.362
2019-08-01,1.405,1.357,1.336,1.377,1.349,1.305,1.284,1.320,1.308,1.345,1.412,1.387,1.372
2019-08-02,1.370,1.322,1.302,1.342,1.308,1.262,1.245,1.260,1.246,1.277,1.340,1.332,1.325
2019-08-05,1.338,1.288,1.261,1.307,1.273,1.225,1.204,1.185,1.169,1.185,1.247,1.247,1.240
2019-08-06,1.337,1.286,1.261,1.304,1.273,1.225,1.204,1.180,1.165,1.186,1.255,1.257,1.250
2019-08-07,1.330,1.277,1.247,1.298,1.263,1.213,1.193,1.162,1.147,1.177,1.247,1.245,1.237
2019-08-08,1.330,1.277,1.245,1.297,1.261,1.212,1.186,1.177,1.167,1.207,1.272,1.257,1.245
2019-08-09,1.329,1.274,1.240,1.294,1.258,1.210,1.184,1.190,1.175,1.215,1.280,1.267,1.255
2019-08-12,1.319,1.266,1.232,1.291,1.253,1.205,1.178,1.195,1.182,1.220,1.282,1.270,1.257
2019-08-13,1.310,1.254,1.219,1.282,1.243,1.191,1.163,1.162,1.142,1.170,1.220,1.218,1.200
2019-08-14,1.309,1.247,1.211,1.281,1.241,1.187,1.160,1.165,1.142,1.177,1.225,1.205,1.197
2019-08-16,1.300,1.230,1.181,1.274,1.228,1.165,1.127,1.115,1.092,1.122,1.170,1.146,1.138
2019-08-19,1.290,1.218,1.170,1.267,1.220,1.154,1.118,1.112,1.090,1.130,1.182,1.175,1.170
2019-08-20,1.288,1.212,1.165,1.263,1.216,1.150,1.114,1.125,1.100,1.145,1.200,1.192,1.185
2019-08-21,1.284,1.212,1.166,1.260,1.214,1.148,1.113,1.190,1.167,1.220,1.280,1.267,1.272
2019-08-22,1.275,1.203,1.157,1.253,1.206,1.141,1.103,1.150,1.125,1.180,1.230,1.240,1.242
2019-08-23,1.275,1.203,1.157,1.254,1.208,1.142,1.105,1.180,1.155,1.202,1.252,1.260,1.260
2019-08-26,1.270,1.195,1.147,1.248,1.200,1.134,1.095,1.152,1.120,1.145,1.190,1.212,1.220
2019-08-27,1.273,1.206,1.168,1.250,1.206,1.154,1.121,1.204,1.177,1.210,1.250,1.265,1.267
2019-08-28,1.273,1.207,1.169,1.248,1.201,1.157,1.128,1.200,1.175,1.210,1.241,1.250,1.250
2019-08-29,1.273,1.210,1.175,1.246,1.200,1.157,1.135,1.190,1.160,1.209,1.246,1.252,1.252
2019-08-30,1.273,1.212,1.179,1.246,1.201,1.161,1.145,1.219,1.195,1.252,1.295,1.282,1.280
2019-09-02,1.277,1.218,1.193,1.248,1.202,1.166,1.155,1.255,1.230,1.297,1.345,1.337,1.332
2019-09-03,1.277,1.220,1.198,1.248,1.202,1.166,1.160,1.243,1.216,1.277,1.320,1.307,1.295
2019-09-04,1.285,1.228,1.219,1.249,1.203,1.172,1.170,1.250,1.227,1.290,1.335,1.315,1.302
2019-09-05,1.288,1.243,1.238,1.251,1.211,1.192,1.186,1.275,1.252,1.320,1.365,1.345,1.330
2019-09-06,1.295,1.255,1.253,1.256,1.217,1.203,1.198,1.287,1.270,1.330,1.380,1.357,1.339
2019-09-09,1.286,1.255,1.253,1.249,1.218,1.210,1.210,1.277,1.235,1.302,1.355,1.325,1.305
2019-09-10,1.285,1.255,1.253,1.244,1.218,1.213,1.218,1.269,1.235,1.280,1.362,1.282,1.300
2019-09-11,1.286,1.262,1.264,1.244,1.222,1.222,1.226,1.292,1.265,1.322,1.402,1.303,1.330
2019-09-16,1.291,1.277,1.288,1.244,1.237,1.248,1.262,1.375,1.345,1.440,1.540,1.457,1.485
2019-09-17,1.288,1.275,1.286,1.241,1.237,1.253,1.266,1.350,1.315,1.402,1.492,1.436,1.455
2019-09-18,1.288,1.275,1.286,1.241,1.237,1.254,1.266,1.341,1.306,1.380,1.457,1.406,1.417
2019-09-19,1.291,1.283,1.301,1.239,1.238,1.259,1.270,1.360,1.330,1.395,1.465,1.416,1.425
2019-09-20,1.292,1.285,1.305,1.239,1.240,1.263,1.278,1.366,1.325,1.395,1.457,1.417,1.425
2019-09-23,1.291,1.286,1.306,1.239,1.243,1.273,1.288,1.372,1.335,1.405,1.470,1.455,1.427
2019-09-24,1.292,1.293,1.311,1.240,1.251,1.283,1.298,1.362,1.322,1.387,1.447,1.430,1.410
2019-09-25,1.304,1.306,1.322,1.241,1.255,1.290,1.306,1.343,1.300,1.362,1.425,1.412,1.390
2019-09-26,1.303,1.306,1.322,1.241,1.255,1.290,1.311,1.337,1.300,1.364,1.435,1.422,1.405
2019-09-27,1.305,1.309,1.322,1.241,1.255,1.280,1.307,1.337,1.302,1.362,1.447,1.422,1.404
2019-09-30,1.310,1.309,1.320,1.239,1.252,1.268,1.298,1.333,1.297,1.355,1.460,1.435,1.426
2019-10-01,1.311,1.310,1.320,1.239,1.252,1.268,1.298,1.349,1.317,1.375,1.495,1.475,1.462
2019-10-02,1.310,1.309,1.317,1.234,1.246,1.251,1.281,1.322,1.297,1.365,1.497,1.475,1.457
2019-10-04,1.293,1.286,1.282,1.214,1.220,1.221,1.242,1.237,1.207,1.247,1.372,1.367,1.360
2019-10-07,1.291,1.285,1.282,1.214,1.220,1.222,1.245,1.266,1.237,1.282,1.395,1.389,1.384
2019-10-08,1.293,1.286,1.285,1.214,1.220,1.224,1.256,1.283,1.260,1.305,1.422,1.417,1.405
2019-10-10,1.293,1.288,1.286,1.214,1.225,1.227,1.261,1.296,1.275,1.340,1.460,1.457,1.446
2019-10-11,1.293,1.288,1.286,1.214,1.227,1.227,1.262,1.297,1.275,1.347,1.485,1.467,1.457
2019-10-14,1.287,1.283,1.283,1.211,1.227,1.228,1.263,1.302,1.280,1.356,1.484,1.467,1.457
2019-10-15,1.283,1.280,1.279,1.211,1.228,1.228,1.263,1.305,1.285,1.371,1.510,1.502,1.492
2019-10-16,1.282,1.280,1.279,1.211,1.228,1.229,1.266,1.330,1.320,1.397,1.527,1.510,1.495
2019-10-17,1.288,1.290,1.290,1.215,1.235,1.242,1.282,1.383,1.380,1.455,1.580,1.555,1.531
2019-10-18,1.288,1.290,1.290,1.217,1.237,1.251,1.287,1.377,1.375,1.462,1.592,1.585,1.557
2019-10-21,1.301,1.302,1.303,1.226,1.248,1.271,1.307,1.406,1.412,1.520,1.669,1.647,1.630
2019-10-22,1.300,1.300,1.300,1.225,1.247,1.270,1.301,1.366,1.370,1.482,1.647,1.655,1.640
2019-10-23,1.303,1.306,1.315,1.227,1.250,1.274,1.305,1.375,1.380,1.487,1.642,1.660,1.645
2019-10-24,1.310,1.318,1.328,1.231,1.257,1.283,1.324,1.392,1.397,1.497,1.637,1.652,1.645
2019-10-25,1.317,1.328,1.348,1.237,1.266,1.296,1.339,1.429,1.445,1.545,1.685,1.687,1.690
2019-10-28,1.326,1.344,1.375,1.245,1.280,1.318,1.376,1.503,1.530,1.635,1.777,1.772,1.760
2019-10-29,1.326,1.344,1.370,1.245,1.280,1.313,1.371,1.464,1.487,1.610,1.766,1.758,1.747
2019-10-30,1.321,1.339,1.363,1.243,1.277,1.313,1.373,1.437,1.467,1.587,1.743,1.725,1.720
2019-10-31,1.317,1.335,1.359,1.243,1.277,1.311,1.371,1.432,1.462,1.586,1.730,1.710,1.699
2019-11-01,1.308,1.326,1.351,1.238,1.272,1.304,1.369,1.437,1.477,1.605,1.740,1.712,1.700
2019-11-04,1.311,1.326,1.351,1.236,1.273,1.310,1.379,1.492,1.557,1.685,1.837,1.795,1.777
2019-11-05,1.308,1.323,1.345,1.232,1.271,1.308,1.373,1.461,1.520,1.657,1.820,1.787,1.770
2019-11-06,1.310,1.325,1.346,1.232,1.274,1.308,1.372,1.458,1.520,1.657,1.810,1.780,1.760
2019-11-07,1.310,1.325,1.349,1.232,1.274,1.314,1.379,1.485,1.550,1.675,1.832,1.790,1.770
2019-11-08,1.308,1.323,1.348,1.231,1.274,1.314,1.379,1.460,1.515,1.640,1.800,1.775,1.747
2019-11-11,1.310,1.325,1.351,1.235,1.283,1.318,1.383,1.457,1.505,1.630,1.797,1.767,1.742
2019-11-12,1.318,1.336,1.365,1.242,1.296,1.331,1.403,1.498,1.553,1.672,1.842,1.800,1.766
2019-11-13,1.318,1.336,1.365,1.242,1.295,1.330,1.395,1.465,1.502,1.611,1.785,1.752,1.717
2019-11-14,1.319,1.336,1.367,1.245,1.300,1.340,1.404,1.472,1.512,1.610,1.782,1.746,1.710
2019-11-15,1.320,1.337,1.368,1.245,1.303,1.348,1.411,1.483,1.515,1.610,1.795,1.752,1.720
2019-11-18,1.325,1.337,1.368,1.246,1.304,1.355,1.421,1.490,1.517,1.595,1.780,1.740,1.710
2019-11-19,1.332,1.345,1.376,1.248,1.308,1.363,1.412,1.463,1.480,1.552,1.725,1.705,1.672
2019-11-20,1.336,1.350,1.381,1.251,1.310,1.361,1.396,1.434,1.442,1.517,1.666,1.642,1.615
2019-11-21,1.341,1.355,1.386,1.252,1.313,1.365,1.400,1.452,1.467,1.540,1.680,1.621,1.595
2019-11-22,1.345,1.355,1.386,1.251,1.311,1.364,1.396,1.440,1.455,1.550,1.698,1.652,1.625
2019-11-25,1.345,1.355,1.386,1.251,1.311,1.364,1.395,1.446,1.472,1.575,1.725,1.680,1.642
2019-11-26,1.347,1.356,1.386,1.252,1.313,1.364,1.391,1.438,1.467,1.557,1.700,1.647,1.610
2019-11-27,1.347,1.356,1.386,1.252,1.313,1.364,1.388,1.427,1.450,1.526,1.665,1.605,1.570
2019-11-28,1.347,1.356,1.383,1.252,1.313,1.361,1.383,1.407,1.425,1.520,1.665,1.621,1.581
2019-11-29,1.343,1.348,1.365,1.248,1.308,1.356,1.369,1.375,1.387,1.480,1.635,1.600,1.560
2019-12-02,1.341,1.347,1.365,1.248,1.308,1.356,1.372,1.404,1.430,1.530,1.700,1.660,1.620
2019-12-03,1.339,1.345,1.363,1.247,1.306,1.356,1.370,1.416,1.455,1.547,1.737,1.695,1.655
2019-12-04,1.338,1.343,1.359,1.247,1.306,1.352,1.363,1.383,1.402,1.475,1.652,1.630,1.590
2019-12-05,1.338,1.343,1.359,1.247,1.306,1.353,1.364,1.397,1.420,1.490,1.655,1.620,1.587
2019-12-06,1.339,1.345,1.360,1.245,1.304,1.353,1.364,1.405,1.430,1.515,1.685,1.630,1.600
2019-12-09,1.331,1.339,1.358,1.243,1.300,1.348,1.353,1.386,1.405,1.480,1.657,1.606,1.570
2019-12-10,1.331,1.343,1.359,1.246,1.301,1.339,1.345,1.400,1.390,1.482,1.619,1.572,1.530
2019-12-11,1.333,1.346,1.359,1.246,1.301,1.338,1.342,1.395,1.381,1.475,1.620,1.582,1.540
2019-12-12,1.333,1.346,1.359,1.247,1.301,1.338,1.342,1.397,1.380,1.472,1.615,1.592,1.552
2019-12-13,1.335,1.348,1.364,1.250,1.306,1.343,1.349,1.420,1.400,1.497,1.652,1.612,1.570
2019-12-16,1.330,1.344,1.358,1.252,1.306,1.339,1.340,1.394,1.367,1.456,1.602,1.567,1.532
2019-12-17,1.328,1.344,1.361,1.256,1.306,1.339,1.340,1.395,1.357,1.450,1.600,1.575,1.540
2019-12-18,1.328,1.345,1.362,1.255,1.305,1.338,1.339,1.395,1.360,1.445,1.610,1.592,1.557
2019-12-19,1.326,1.345,1.364,1.258,1.305,1.341,1.342,1.402,1.380,1.465,1.655,1.647,1.620
2019-12-20,1.325,1.345,1.364,1.258,1.305,1.341,1.341,1.403,1.385,1.475,1.665,1.655,1.627
2019-12-23,1.330,1.350,1.369,1.258,1.305,1.341,1.337,1.397,1.377,1.459,1.642,1.645,1.615
2019-12-24,1.330,1.351,1.369,1.258,1.305,1.341,1.337,1.391,1.369,1.460,1.632,1.632,1.602
2019-12-26,1.330,1.351,1.365,1.261,1.305,1.341,1.341,1.385,1.365,1.470,1.639,1.645,1.620
2019-12-27,1.329,1.349,1.362,1.262,1.305,1.341,1.341,1.378,1.366,1.485,1.682,1.697,1.685
2019-12-30,1.329,1.344,1.354,1.262,1.304,1.338,1.339,1.365,1.355,1.470,1.672,1.702,1.690
2019-12-31,1.329,1.344,1.354,1.262,1.304,1.338,1.339,1.365,1.355,1.470,1.672,1.702,1.690
2020-01-02,1.316,1.328,1.334,1.255,1.294,1.325,1.325,1.335,1.322,1.430,1.625,1.665,1.650
2020-01-03,1.299,1.306,1.313,1.237,1.275,1.296,1.295,1.290,1.271,1.361,1.560,1.610,1.595
2020-01-06,1.284,1.289,1.299,1.236,1.273,1.293,1.293,1.295,1.280,1.360,1.557,1.602,1.587
2020-01-07,1.280,1.286,1.299,1.237,1.274,1.296,1.299,1.342,1.335,1.440,1.632,1.657,1.637
2020-01-08,1.276,1.282,1.299,1.237,1.274,1.296,1.304,1.360,1.366,1.465,1.635,1.640,1.616
2020-01-09,1.275,1.281,1.307,1.240,1.275,1.303,1.313,1.400,1.415,1.525,1.685,1.673,1.637
2020-01-10,1.271,1.279,1.307,1.240,1.275,1.303,1.313,1.418,1.417,1.555,1.708,1.697,1.660
2020-01-13,1.271,1.279,1.307,1.240,1.275,1.303,1.313,1.404,1.406,1.542,1.732,1.722,1.672
2020-01-14,1.271,1.278,1.306,1.240,1.274,1.299,1.311,1.380,1.388,1.512,1.715,1.720,1.670
2020-01-15,1.271,1.278,1.306,1.240,1.275,1.303,1.316,1.385,1.391,1.505,1.696,1.710,1.665
2020-01-16,1.274,1.281,1.309,1.240,1.280,1.307,1.330,1.415,1.425,1.535,1.705,1.685,1.635
2020-01-17,1.274,1.281,1.309,1.240,1.280,1.307,1.330,1.412,1.422,1.545,1.740,1.733,1.685
2020-01-20,1.271,1.279,1.312,1.240,1.280,1.307,1.330,1.440,1.452,1.577,1.756,1.760,1.720
2020-01-21,1.271,1.278,1.302,1.240,1.275,1.298,1.315,1.397,1.400,1.517,1.692,1.715,1.680
2020-01-22,1.271,1.278,1.302,1.240,1.275,1.298,1.316,1.421,1.435,1.552,1.730,1.737,1.707
2020-01-23,1.271,1.278,1.301,1.240,1.275,1.298,1.315,1.410,1.424,1.540,1.700,1.727,1.700
2020-01-28,1.260,1.266,1.283,1.233,1.267,1.284,1.300,1.340,1.347,1.455,1.601,1.630,1.620
2020-01-29,1.260,1.265,1.274,1.232,1.264,1.277,1.288,1.320,1.322,1.422,1.575,1.609,1.595
2020-01-30,1.255,1.258,1.262,1.230,1.261,1.264,1.271,1.302,1.302,1.390,1.557,1.587,1.577
2020-01-31,1.253,1.255,1.258,1.230,1.259,1.261,1.267,1.297,1.312,1.395,1.562,1.600,1.590
2020-02-03,1.246,1.247,1.250,1.230,1.254,1.256,1.258,1.275,1.290,1.376,1.555,1.590,1.572
2020-02-04,1.246,1.247,1.255,1.230,1.258,1.261,1.261,1.307,1.334,1.442,1.632,1.657,1.642
2020-02-05,1.241,1.242,1.248,1.228,1.251,1.252,1.250,1.287,1.312,1.415,1.602,1.627,1.607
2020-02-06,1.235,1.236,1.248,1.227,1.246,1.246,1.244,1.277,1.302,1.415,1.615,1.635,1.615
2020-02-07,1.225,1.226,1.238,1.217,1.235,1.234,1.232,1.251,1.277,1.400,1.602,1.627,1.615
2020-02-10,1.225,1.226,1.238,1.217,1.235,1.234,1.232,1.265,1.295,1.410,1.605,1.617,1.610
2020-02-11,1.225,1.226,1.238,1.212,1.230,1.230,1.228,1.257,1.292,1.405,1.597,1.605,1.600
2020-02-12,1.225,1.226,1.236,1.212,1.230,1.230,1.228,1.260,1.292,1.420,1.615,1.613,1.610
2020-02-13,1.220,1.221,1.232,1.207,1.220,1.218,1.218,1.242,1.272,1.397,1.605,1.622,1.617
2020-02-14,1.220,1.235,1.252,1.207,1.220,1.227,1.231,1.300,1.330,1.457,1.657,1.665,1.655
2020-02-17,1.221,1.235,1.252,1.206,1.218,1.227,1.231,1.290,1.310,1.425,1.615,1.635,1.630
2020-02-18,1.211,1.224,1.234,1.201,1.210,1.215,1.218,1.262,1.270,1.377,1.555,1.577,1.577
2020-02-19,1.211,1.223,1.231,1.200,1.207,1.213,1.214,1.263,1.281,1.375,1.555,1.570,1.567
2020-02-20,1.198,1.207,1.210,1.190,1.195,1.195,1.195,1.226,1.245,1.340,1.530,1.555,1.557
2020-02-21,1.177,1.179,1.179,1.173,1.171,1.162,1.156,1.176,1.187,1.270,1.447,1.477,1.487
2020-02-24,1.140,1.142,1.141,1.150,1.146,1.136,1.131,1.130,1.145,1.237,1.420,1.442,1.450
2020-02-25,1.129,1.130,1.131,1.136,1.137,1.132,1.130,1.163,1.180,1.272,1.440,1.452,1.457
2020-02-26,1.115,1.116,1.116,1.122,1.121,1.118,1.113,1.135,1.135,1.237,1.405,1.440,1.445
2020-02-27,1.133,1.143,1.152,1.128,1.130,1.138,1.151,1.191,1.192,1.295,1.445,1.486,1.495
2020-02-28,1.111,1.119,1.126,1.108,1.107,1.108,1.106,1.107,1.100,1.170,1.327,1.380,1.395
2020-03-02,1.110,1.119,1.128,1.110,1.108,1.108,1.106,1.119,1.125,1.210,1.375,1.425,1.435
2020-03-03,1.106,1.113,1.117,1.106,1.100,1.096,1.093,1.107,1.118,1.210,1.380,1.444,1.445
2020-03-04,1.067,1.071,1.072,1.077,1.066,1.052,1.036,1.020,1.036,1.120,1.297,1.400,1.405
2020-03-05,1.065,1.069,1.070,1.071,1.060,1.047,1.031,1.040,1.050,1.155,1.347,1.420,1.432
2020-03-06,1.062,1.063,1.064,1.065,1.055,1.040,1.028,1.065,1.072,1.180,1.370,1.425,1.447
2020-03-09,1.048,1.049,1.050,1.051,1.041,1.021,0.998,1.020,1.022,1.110,1.260,1.290,1.315
2020-03-10,1.043,1.044,1.045,1.041,1.030,1.012,1.002,1.082,1.085,1.183,1.360,1.395,1.405
2020-03-11,1.039,1.039,1.039,1.040,1.030,1.012,1.002,1.076,1.075,1.180,1.365,1.410,1.420
2020-03-12,1.035,1.034,1.034,1.036,1.026,1.006,0.996,1.052,1.050,1.165,1.376,1.427,1.441
2020-03-13,1.041,1.037,1.036,1.040,1.033,1.033,1.027,1.138,1.151,1.324,1.618,1.626,1.640
2020-03-16,0.990,0.990,0.990,1.018,1.006,0.997,0.976,1.048,1.060,1.231,1.517,1.540,1.546
2020-03-17,0.880,0.881,0.882,0.911,0.905,0.895,0.881,0.987,1.015,1.187,1.427,1.460,1.457
2020-03-18,0.870,0.871,0.876,0.887,0.881,0.872,0.865,1.022,1.055,1.262,1.510,1.552,1.550
2020-03-19,0.853,0.857,0.897,0.865,0.861,0.870,0.911,1.166,1.198,1.456,1.670,1.690,1.675
2020-03-20,0.837,0.840,0.883,0.848,0.849,0.855,0.892,1.112,1.125,1.405,1.630,1.695,1.665
2020-03-23,0.826,0.831,0.886,0.841,0.846,0.873,0.920,1.161,1.165,1.466,1.737,1.810,1.780
2020-03-24,0.816,0.821,0.880,0.831,0.838,0.870,0.918,1.122,1.135,1.450,1.722,1.790,1.777
2020-03-25,0.816,0.821,0.885,0.831,0.838,0.880,0.927,1.091,1.102,1.383,1.621,1.735,1.720
2020-03-26,0.813,0.821,0.885,0.830,0.836,0.880,0.927,1.069,1.072,1.280,1.504,1.595,1.587
2020-03-27,0.813,0.821,0.886,0.832,0.848,0.896,0.941,1.050,1.067,1.270,1.537,1.629,1.630
2020-03-30,0.807,0.818,0.885,0.841,0.850,0.900,0.949,1.075,1.105,1.327,1.567,1.670,1.670
2020-03-31,0.797,0.807,0.868,0.828,0.836,0.886,0.940,1.057,1.070,1.297,1.552,1.667,1.667
2020-04-01,0.790,0.800,0.875,0.813,0.822,0.873,0.949,1.068,1.090,1.331,1.555,1.658,1.665
2020-04-02,0.767,0.775,0.845,0.782,0.792,0.841,0.901,1.031,1.057,1.300,1.520,1.635,1.650
2020-04-03,0.752,0.756,0.812,0.763,0.772,0.816,0.869,1.031,1.065,1.327,1.550,1.645,1.662
2020-04-06,0.718,0.722,0.775,0.738,0.746,0.785,0.834,1.016,1.060,1.311,1.551,1.642,1.657
2020-04-07,0.697,0.700,0.757,0.717,0.727,0.771,0.821,1.004,1.047,1.317,1.580,1.662,1.671
2020-04-08,0.692,0.693,0.733,0.700,0.710,0.753,0.804,0.981,1.015,1.255,1.513,1.597,1.607
2020-04-09,0.684,0.686,0.726,0.682,0.692,0.737,0.785,0.966,0.992,1.202,1.444,1.545,1.554
2020-04-10,0.681,0.683,0.724,0.674,0.681,0.728,0.778,0.945,0.970,1.192,1.455,1.537,1.540
2020-04-13,0.689,0.691,0.739,0.674,0.681,0.721,0.781,0.961,0.997,1.225,1.475,1.567,1.565
2020-04-14,0.683,0.688,0.746,0.674,0.681,0.721,0.781,0.963,1.000,1.220,1.462,1.562,1.571
2020-04-16,0.681,0.690,0.758,0.674,0.678,0.711,0.783,0.958,0.990,1.192,1.420,1.547,1.565
2020-04-17,0.679,0.690,0.767,0.670,0.675,0.706,0.785,0.973,1.010,1.220,1.448,1.567,1.580
2020-04-20,0.679,0.688,0.765,0.656,0.657,0.691,0.774,0.966,1.015,1.217,1.442,1.560,1.577
2020-04-21,0.679,0.688,0.765,0.656,0.657,0.691,0.774,0.970,1.035,1.232,1.455,1.575,1.597
2020-04-22,0.679,0.688,0.763,0.656,0.657,0.692,0.781,0.974,1.042,1.275,1.540,1.635,1.662
2020-04-23,0.679,0.686,0.754,0.656,0.657,0.697,0.781,0.958,1.027,1.292,1.548,1.635,1.655
2020-04-24,0.679,0.686,0.738,0.656,0.657,0.697,0.758,0.930,1.007,1.255,1.535,1.630,1.655
2020-04-27,0.693,0.698,0.748,0.653,0.656,0.716,0.766,0.933,1.026,1.291,1.581,1.677,1.697
2020-04-28,0.700,0.706,0.758,0.655,0.658,0.741,0.771,0.929,1.030,1.285,1.552,1.677,1.692
2020-04-29,0.700,0.710,0.762,0.657,0.662,0.745,0.771,0.914,1.010,1.247,1.517,1.625,1.650
2020-05-04,0.699,0.707,0.756,0.657,0.662,0.741,0.766,0.881,0.972,1.213,1.496,1.622,1.647
2020-05-06,0.691,0.697,0.746,0.657,0.662,0.734,0.757,0.872,0.957,1.230,1.515,1.637,1.665
2020-05-07,0.676,0.683,0.730,0.657,0.662,0.718,0.741,0.854,0.935,1.205,1.470,1.585,1.605
2020-05-08,0.676,0.683,0.726,0.656,0.661,0.716,0.736,0.838,0.910,1.162,1.425,1.537,1.550
2020-05-11,0.675,0.680,0.721,0.656,0.661,0.717,0.736,0.843,0.930,1.192,1.470,1.566,1.577
2020-05-12,0.662,0.668,0.709,0.652,0.656,0.709,0.719,0.813,0.885,1.140,1.430,1.537,1.547
2020-05-13,0.655,0.662,0.706,0.653,0.656,0.707,0.716,0.791,0.860,1.115,1.392,1.498,1.510
2020-05-14,0.652,0.661,0.703,0.650,0.654,0.703,0.708,0.794,0.867,1.115,1.380,1.485,1.495
2020-05-15,0.646,0.655,0.692,0.645,0.649,0.700,0.705,0.795,0.870,1.112,1.377,1.485,1.497
2020-05-18,0.645,0.653,0.681,0.642,0.645,0.695,0.700,0.802,0.885,1.130,1.395,1.506,1.517
2020-05-19,0.643,0.652,0.671,0.638,0.643,0.698,0.700,0.801,0.875,1.127,1.392,1.519,1.527
2020-05-20,0.642,0.652,0.670,0.636,0.641,0.693,0.695,0.805,0.867,1.115,1.360,1.486,1.502
2020-05-21,0.640,0.650,0.665,0.633,0.638,0.691,0.695,0.809,0.860,1.097,1.341,1.470,1.482
2020-05-22,0.632,0.642,0.657,0.628,0.633,0.682,0.691,0.790,0.832,1.070,1.340,1.470,1.487
2020-05-25,0.631,0.640,0.651,0.621,0.626,0.672,0.681,0.785,0.812,1.050,1.312,1.457,1.482
2020-05-26,0.625,0.634,0.642,0.616,0.620,0.662,0.671,0.801,0.842,1.082,1.337,1.460,1.490
2020-05-27,0.619,0.629,0.636,0.610,0.615,0.657,0.666,0.804,0.850,1.083,1.331,1.447,1.475
2020-05-28,0.553,0.563,0.572,0.546,0.550,0.588,0.602,0.767,0.817,1.085,1.350,1.465,1.497
2020-05-29,0.533,0.543,0.553,0.528,0.530,0.561,0.572,0.737,0.809,1.090,1.365,1.487,1.522
2020-06-01,0.526,0.536,0.543,0.521,0.524,0.546,0.566,0.743,0.835,1.124,1.402,1.530,1.562
2020-06-02,0.523,0.533,0.547,0.519,0.521,0.541,0.566,0.744,0.830,1.100,1.357,1.507,1.560
2020-06-03,0.520,0.532,0.564,0.511,0.516,0.533,0.583,0.765,0.865,1.151,1.417,1.537,1.577
2020-06-04,0.516,0.528,0.564,0.511,0.516,0.535,0.593,0.780,0.885,1.175,1.427,1.537,1.570
2020-06-05,0.508,0.522,0.563,0.501,0.508,0.526,0.586,0.782,0.897,1.200,1.460,1.565,1.590
2020-06-08,0.501,0.516,0.563,0.498,0.506,0.525,0.585,0.782,0.897,1.185,1.447,1.557,1.580
2020-06-09,0.495,0.510,0.559,0.494,0.502,0.522,0.580,0.765,0.850,1.120,1.382,1.507,1.525
2020-06-10,0.492,0.506,0.555,0.489,0.500,0.535,0.589,0.790,0.837,1.117,1.385,1.517,1.540
2020-06-11,0.492,0.505,0.553,0.489,0.499,0.533,0.588,0.790,0.837,1.112,1.382,1.520,1.547
2020-06-12,0.500,0.516,0.578,0.491,0.506,0.547,0.600,0.802,0.841,1.121,1.380,1.525,1.560
2020-06-15,0.498,0.515,0.592,0.490,0.505,0.556,0.624,0.827,0.867,1.157,1.422,1.567,1.582
2020-06-16,0.492,0.510,0.591,0.485,0.498,0.552,0.630,0.822,0.857,1.135,1.407,1.555,1.570
2020-06-17,0.490,0.509,0.599,0.484,0.498,0.559,0.645,0.840,0.875,1.145,1.397,1.542,1.570
2020-06-18,0.487,0.507,0.591,0.484,0.498,0.555,0.645,0.800,0.829,1.100,1.375,1.517,1.556
2020-06-19,0.490,0.509,0.585,0.478,0.490,0.543,0.605,0.805,0.847,1.132,1.390,1.552,1.590
2020-06-22,0.490,0.504,0.571,0.471,0.483,0.536,0.580,0.797,0.847,1.127,1.390,1.570,1.595
2020-06-23,0.490,0.501,0.558,0.473,0.483,0.528,0.561,0.777,0.822,1.105,1.375,1.560,1.587
2020-06-24,0.490,0.501,0.556,0.472,0.481,0.526,0.554,0.772,0.820,1.090,1.362,1.547,1.577
2020-06-25,0.491,0.502,0.565,0.474,0.485,0.528,0.559,0.775,0.815,1.080,1.337,1.535,1.570
2020-06-26,0.493,0.504,0.568,0.481,0.491,0.538,0.569,0.780,0.812,1.070,1.325,1.517,1.547
2020-06-29,0.497,0.508,0.572,0.483,0.494,0.540,0.571,0.791,0.837,1.092,1.357,1.552,1.582
2020-06-30,0.496,0.506,0.557,0.479,0.492,0.541,0.572,0.790,0.845,1.115,1.385,1.585,1.602
2020-07-01,0.493,0.501,0.549,0.476,0.490,0.538,0.562,0.785,0.845,1.130,1.400,1.585,1.600
2020-07-02,0.488,0.495,0.533,0.468,0.481,0.528,0.552,0.767,0.827,1.110,1.375,1.567,1.587
2020-07-03,0.488,0.495,0.530,0.466,0.480,0.528,0.557,0.767,0.835,1.112,1.382,1.572,1.592
2020-07-06,0.492,0.498,0.533,0.466,0.481,0.527,0.562,0.780,0.855,1.135,1.410,1.587,1.607
2020-07-07,0.492,0.498,0.533,0.463,0.480,0.522,0.559,0.767,0.840,1.115,1.387,1.565,1.577
2020-07-08,0.491,0.497,0.529,0.465,0.482,0.522,0.558,0.767,0.837,1.102,1.375,1.547,1.565
2020-07-09,0.490,0.496,0.530,0.468,0.486,0.526,0.563,0.770,0.840,1.120,1.397,1.570,1.585
2020-07-10,0.490,0.496,0.534,0.468,0.486,0.528,0.568,0.772,0.846,1.122,1.397,1.570,1.580
2020-07-13,0.490,0.496,0.535,0.470,0.487,0.533,0.575,0.782,0.860,1.147,1.422,1.592,1.600
2020-07-14,0.490,0.496,0.530,0.470,0.487,0.533,0.578,0.775,0.852,1.147,1.412,1.597,1.605
2020-07-15,0.490,0.496,0.530,0.470,0.491,0.541,0.584,0.775,0.845,1.145,1.412,1.597,1.602
2020-07-16,0.488,0.495,0.531,0.470,0.491,0.541,0.580,0.762,0.825,1.105,1.370,1.574,1.577
2020-07-17,0.486,0.495,0.531,0.467,0.488,0.539,0.578,0.755,0.812,1.078,1.350,1.565,1.568
2020-07-20,0.478,0.492,0.531,0.463,0.487,0.539,0.580,0.745,0.802,1.066,1.332,1.531,1.545
2020-07-21,0.478,0.492,0.531,0.461,0.485,0.539,0.580,0.757,0.817,1.085,1.352,1.552,1.565
2020-07-22,0.476,0.490,0.535,0.454,0.480,0.541,0.575,0.747,0.803,1.067,1.342,1.542,1.550
2020-07-23,0.473,0.487,0.535,0.452,0.476,0.539,0.570,0.742,0.800,1.055,1.322,1.520,1.530
2020-07-24,0.472,0.486,0.536,0.452,0.474,0.541,0.570,0.742,0.800,1.045,1.302,1.495,1.502
2020-07-27,0.470,0.486,0.538,0.452,0.470,0.540,0.567,0.742,0.800,1.050,1.292,1.480,1.482
2020-07-28,0.467,0.485,0.541,0.450,0.466,0.538,0.565,0.742,0.812,1.072,1.325,1.507,1.502
2020-07-29,0.461,0.480,0.539,0.450,0.464,0.538,0.564,0.740,0.812,1.060,1.305,1.490,1.492
2020-07-30,0.460,0.481,0.542,0.446,0.462,0.541,0.564,0.720,0.797,1.030,1.275,1.478,1.485
2020-07-31,0.458,0.485,0.550,0.446,0.462,0.544,0.565,0.712,0.792,1.032,1.295,1.492,1.502
2020-08-03,0.466,0.492,0.550,0.448,0.464,0.548,0.570,0.710,0.796,1.037,1.302,1.515,1.522
2020-08-04,0.466,0.492,0.551,0.448,0.464,0.551,0.575,0.710,0.800,1.055,1.305,1.525,1.532
2020-08-05,0.466,0.493,0.558,0.448,0.464,0.551,0.575,0.702,0.797,1.045,1.292,1.505,1.522
2020-08-06,0.468,0.495,0.566,0.448,0.462,0.548,0.569,0.702,0.805,1.052,1.305,1.510,1.525
2020-08-07,0.467,0.495,0.571,0.448,0.461,0.547,0.571,0.710,0.810,1.062,1.327,1.520,1.535
2020-08-10,0.468,0.496,0.575,0.447,0.461,0.547,0.575,0.725,0.827,1.094,1.362,1.552,1.562
2020-08-11,0.468,0.497,0.575,0.447,0.461,0.555,0.579,0.715,0.820,1.075,1.345,1.535,1.545
2020-08-12,0.468,0.497,0.578,0.451,0.471,0.571,0.583,0.730,0.827,1.092,1.380,1.555,1.562
2020-08-13,0.467,0.497,0.580,0.451,0.480,0.570,0.581,0.725,0.812,1.070,1.357,1.542,1.547
2020-08-14,0.467,0.497,0.586,0.451,0.480,0.570,0.586,0.737,0.827,1.100,1.400,1.572,1.577
2020-08-18,0.469,0.497,0.582,0.452,0.484,0.570,0.587,0.725,0.810,1.065,1.352,1.540,1.542
2020-08-19,0.469,0.497,0.583,0.452,0.484,0.566,0.587,0.725,0.807,1.067,1.352,1.545,1.547
2020-08-20,0.474,0.502,0.583,0.452,0.485,0.570,0.593,0.730,0.815,1.082,1.380,1.562,1.575
2020-08-21,0.485,0.512,0.593,0.453,0.486,0.572,0.603,0.764,0.855,1.130,1.410,1.585,1.595
2020-08-24,0.494,0.515,0.593,0.453,0.486,0.567,0.601,0.752,0.825,1.095,1.382,1.570,1.582
2020-08-25,0.495,0.516,0.595,0.453,0.485,0.566,0.600,0.752,0.825,1.100,1.387,1.582,1.595
2020-08-26,0.501,0.518,0.596,0.453,0.485,0.571,0.605,0.757,0.835,1.115,1.405,1.587,1.600
2020-08-27,0.501,0.519,0.601,0.453,0.488,0.586,0.612,0.777,0.855,1.132,1.422,1.595,1.605
2020-08-28,0.505,0.526,0.610,0.455,0.490,0.601,0.623,0.805,0.892,1.172,1.485,1.642,1.647
2020-08-31,0.510,0.529,0.613,0.456,0.491,0.602,0.628,0.842,0.947,1.220,1.527,1.675,1.672
2020-09-01,0.510,0.530,0.615,0.456,0.491,0.608,0.633,0.860,0.965,1.260,1.570,1.715,1.710
2020-09-02,0.509,0.527,0.609,0.455,0.490,0.618,0.632,0.830,0.917,1.225,1.537,1.697,1.687
2020-09-03,0.509,0.527,0.613,0.455,0.490,0.623,0.636,0.835,0.922,1.225,1.530,1.695,1.685
2020-09-04,0.510,0.530,0.620,0.455,0.490,0.623,0.637,0.850,0.940,1.237,1.540,1.697,1.690
2020-09-07,0.519,0.539,0.630,0.456,0.493,0.630,0.646,0.874,0.975,1.267,1.577,1.697,1.690
2020-09-08,0.519,0.539,0.630,0.456,0.493,0.630,0.646,0.852,0.942,1.225,1.550,1.667,1.655
2020-09-09,0.519,0.539,0.627,0.456,0.493,0.627,0.638,0.832,0.910,1.182,1.517,1.647,1.637
2020-09-10,0.519,0.540,0.627,0.475,0.525,0.624,0.626,0.843,0.912,1.222,1.522,1.619,1.637
2020-09-11,0.523,0.544,0.619,0.481,0.551,0.611,0.618,0.856,0.930,1.230,1.532,1.646,1.655
2020-09-14,0.522,0.544,0.615,0.486,0.560,0.608,0.617,0.848,0.917,1.212,1.512,1.650,1.660
2020-09-15,0.527,0.548,0.613,0.492,0.564,0.603,0.612,0.834,0.905,1.195,1.500,1.637,1.640
2020-09-16,0.533,0.558,0.614,0.496,0.568,0.598,0.611,0.834,0.914,1.185,1.482,1.600,1.612
2020-09-17,0.537,0.563,0.618,0.502,0.575,0.602,0.611,0.828,0.910,1.192,1.500,1.615,1.622
2020-09-18,0.540,0.568,0.625,0.500,0.571,0.597,0.609,0.816,0.905,1.202,1.505,1.622,1.637
2020-09-21,0.536,0.572,0.630,0.495,0.569,0.594,0.609,0.816,0.905,1.197,1.495,1.631,1.637
2020-09-22,0.537,0.573,0.634,0.491,0.565,0.597,0.608,0.808,0.897,1.175,1.467,1.605,1.605
2020-09-23,0.541,0.578,0.640,0.496,0.570,0.591,0.606,0.804,0.885,1.147,1.450,1.603,1.602
2020-09-24,0.546,0.583,0.644,0.500,0.572,0.593,0.606,0.786,0.852,1.116,1.427,1.585,1.590
2020-09-25,0.548,0.586,0.651,0.503,0.576,0.598,0.610,0.790,0.850,1.120,1.427,1.570,1.587
2020-09-28,0.545,0.586,0.651,0.501,0.576,0.597,0.606,0.783,0.840,1.120,1.427,1.567,1.582
2020-09-29,0.544,0.586,0.651,0.498,0.572,0.596,0.604,0.781,0.842,1.100,1.427,1.560,1.575
2020-10-05,0.543,0.586,0.651,0.498,0.572,0.596,0.610,0.805,0.877,1.147,1.480,1.616,1.627
2020-10-06,0.543,0.591,0.653,0.493,0.572,0.596,0.622,0.818,0.902,1.197,1.535,1.665,1.680
2020-10-07,0.542,0.591,0.651,0.491,0.571,0.596,0.623,0.818,0.907,1.202,1.532,1.660,1.672
2020-10-08,0.541,0.590,0.650,0.480,0.567,0.597,0.626,0.805,0.902,1.205,1.541,1.657,1.667
2020-10-12,0.540,0.590,0.651,0.470,0.555,0.596,0.626,0.825,0.923,1.225,1.557,1.657,1.662
2020-10-13,0.540,0.589,0.647,0.470,0.554,0.600,0.631,0.823,0.920,1.207,1.520,1.617,1.622
2020-10-14,0.540,0.585,0.641,0.470,0.542,0.595,0.628,0.800,0.897,1.192,1.512,1.620,1.625
2020-10-15,0.537,0.583,0.638,0.470,0.541,0.591,0.626,0.784,0.870,1.155,1.472,1.605,1.610
2020-10-16,0.536,0.581,0.634,0.463,0.536,0.586,0.631,0.804,0.890,1.180,1.500,1.642,1.650
2020-10-19,0.527,0.574,0.634,0.454,0.518,0.581,0.626,0.811,0.892,1.150,1.440,1.592,1.597
2020-10-20,0.522,0.570,0.631,0.453,0.514,0.571,0.625,0.825,0.912,1.175,1.465,1.607,1.616
2020-10-21,0.517,0.565,0.628,0.451,0.505,0.561,0.622,0.825,0.930,1.222,1.520,1.640,1.645
2020-10-22,0.513,0.561,0.626,0.449,0.504,0.560,0.620,0.818,0.920,1.207,1.505,1.632,1.637
2020-10-23,0.511,0.558,0.626,0.448,0.502,0.560,0.617,0.807,0.910,1.197,1.495,1.632,1.645
2020-10-26,0.503,0.556,0.629,0.449,0.502,0.560,0.617,0.807,0.907,1.190,1.485,1.622,1.640
2020-10-27,0.503,0.556,0.629,0.449,0.502,0.560,0.617,0.812,0.915,1.210,1.507,1.640,1.657
2020-10-28,0.502,0.554,0.629,0.451,0.502,0.565,0.631,0.810,0.910,1.197,1.497,1.623,1.640
2020-10-29,0.498,0.552,0.630,0.451,0.492,0.569,0.632,0.820,0.922,1.215,1.520,1.632,1.647
2020-10-30,0.496,0.550,0.628,0.443,0.477,0.569,0.633,0.826,0.935,1.240,1.552,1.652,1.655
2020-11-02,0.495,0.551,0.628,0.440,0.468,0.569,0.638,0.849,0.968,1.290,1.605,1.691,1.695
2020-11-03,0.495,0.550,0.627,0.440,0.464,0.566,0.637,0.857,0.977,1.297,1.605,1.707,1.707
2020-11-04,0.495,0.550,0.631,0.437,0.459,0.560,0.633,0.827,0.950,1.265,1.565,1.685,1.687
2020-11-05,0.495,0.550,0.631,0.434,0.455,0.560,0.633,0.809,0.922,1.220,1.525,1.670,1.672
2020-11-06,0.495,0.550,0.631,0.434,0.455,0.560,0.632,0.818,0.947,1.257,1.565,1.687,1.691
2020-11-09,0.497,0.550,0.631,0.434,0.456,0.560,0.631,0.816,0.955,1.267,1.565,1.690,1.695
2020-11-10,0.497,0.550,0.631,0.434,0.456,0.558,0.634,0.826,0.982,1.312,1.630,1.735,1.742
2020-11-11,0.497,0.550,0.631,0.433,0.451,0.551,0.634,0.832,0.987,1.340,1.670,1.755,1.762
2020-11-12,0.497,0.549,0.631,0.433,0.450,0.545,0.631,0.821,0.967,1.320,1.646,1.745,1.750
2020-11-13,0.500,0.548,0.630,0.433,0.449,0.542,0.631,0.816,0.960,1.297,1.627,1.740,1.745
2020-11-16,0.498,0.546,0.630,0.432,0.446,0.542,0.631,0.823,0.967,1.295,1.620,1.737,1.740
2020-11-17,0.496,0.545,0.627,0.428,0.444,0.542,0.636,0.822,0.960,1.295,1.622,1.736,1.735
2020-11-18,0.495,0.543,0.626,0.428,0.441,0.539,0.633,0.816,0.945,1.282,1.604,1.712,1.710
2020-11-19,0.495,0.544,0.625,0.428,0.441,0.536,0.625,0.821,0.957,1.300,1.617,1.720,1.712
2020-11-20,0.500,0.549,0.635,0.428,0.448,0.536,0.612,0.826,0.967,1.302,1.612,1.717,1.707
2020-11-23,0.508,0.558,0.645,0.428,0.451,0.537,0.612,0.819,0.955,1.285,1.582,1.695,1.690
2020-11-24,0.512,0.563,0.656,0.428,0.451,0.540,0.607,0.824,0.960,1.287,1.595,1.702,1.700
2020-11-25,0.515,0.567,0.667,0.428,0.451,0.540,0.607,0.834,0.972,1.312,1.635,1.727,1.726
2020-11-26,0.517,0.571,0.677,0.427,0.448,0.537,0.604,0.844,0.985,1.335,1.657,1.740,1.737
2020-11-27,0.521,0.573,0.678,0.425,0.442,0.528,0.590,0.834,0.977,1.325,1.640,1.720,1.717
2020-11-30,0.530,0.581,0.683,0.419,0.441,0.526,0.588,0.839,0.980,1.335,1.662,1.741,1.737
2020-12-01,0.530,0.578,0.680,0.414,0.440,0.520,0.579,0.836,0.977,1.332,1.645,1.730,1.725
2020-12-02,0.530,0.583,0.680,0.409,0.440,0.518,0.576,0.838,0.982,1.350,1.675,1.752,1.747
2020-12-03,0.526,0.580,0.675,0.405,0.438,0.516,0.574,0.834,0.965,1.325,1.657,1.742,1.735
2020-12-04,0.521,0.575,0.673,0.404,0.438,0.514,0.572,0.833,0.970,1.335,1.664,1.760,1.752
2020-12-07,0.522,0.571,0.670,0.404,0.438,0.514,0.572,0.830,0.960,1.317,1.642,1.760,1.755
2020-12-08,0.520,0.568,0.667,0.404,0.440,0.516,0.573,0.831,0.960,1.310,1.642,1.757,1.755
2020-12-09,0.521,0.568,0.668,0.400,0.443,0.517,0.571,0.837,0.957,1.312,1.652,1.762,1.757
2020-12-10,0.519,0.566,0.667,0.400,0.480,0.529,0.573,0.864,0.972,1.297,1.652,1.762,1.760
2020-12-11,0.517,0.564,0.665,0.400,0.480,0.529,0.572,0.873,0.977,1.305,1.657,1.762,1.765
2020-12-14,0.518,0.564,0.664,0.400,0.480,0.534,0.575,0.885,0.985,1.305,1.670,1.772,1.785
2020-12-15,0.518,0.563,0.661,0.399,0.480,0.539,0.578,0.882,0.982,1.320,1.672,1.772,1.787
2020-12-16,0.518,0.563,0.661,0.399,0.480,0.541,0.578,0.887,0.990,1.345,1.697,1.800,1.810
2020-12-17,0.518,0.563,0.661,0.399,0.480,0.541,0.585,0.897,0.995,1.367,1.731,1.825,1.835
2020-12-18,0.518,0.564,0.664,0.399,0.480,0.541,0.585,0.890,0.965,1.347,1.707,1.807,1.817
2020-12-21,0.514,0.566,0.666,0.398,0.478,0.541,0.588,0.887,0.960,1.322,1.677,1.812,1.822
2020-12-22,0.517,0.570,0.669,0.398,0.485,0.541,0.588,0.872,0.942,1.302,1.655,1.790,1.800
2020-12-23,0.518,0.571,0.672,0.396,0.492,0.550,0.598,0.862,0.927,1.275,1.637,1.775,1.780
2020-12-24,0.536,0.589,0.691,0.408,0.505,0.563,0.620,0.885,0.952,1.325,1.692,1.810,1.815
2020-12-28,0.555,0.608,0.710,0.420,0.518,0.579,0.636,0.893,0.957,1.312,1.677,1.800,1.800
2020-12-29,0.562,0.615,0.714,0.421,0.525,0.587,0.646,0.900,0.980,1.327,1.697,1.812,1.810
2020-12-30,0.561,0.611,0.699,0.416,0.527,0.595,0.656,0.886,0.970,1.335,1.722,1.832,1.832
2020-12-31,0.561,0.611,0.699,0.416,0.527,0.595,0.656,0.886,0.970,1.335,1.722,1.832,1.832
2021-01-04,0.530,0.581,0.666,0.408,0.518,0.585,0.651,0.865,0.955,1.325,1.732,1.827,1.830
2021-01-05,0.510,0.560,0.642,0.397,0.508,0.574,0.636,0.847,0.937,1.295,1.695,1.810,1.812
2021-01-06,0.502,0.556,0.642,0.397,0.510,0.575,0.636,0.857,0.960,1.322,1.732,1.822,1.822
2021-01-07,0.495,0.551,0.642,0.395,0.510,0.575,0.636,0.865,0.970,1.322,1.720,1.812,1.812
2021-01-08,0.493,0.546,0.633,0.395,0.520,0.583,0.633,0.870,0.977,1.321,1.720,1.812,1.815
2021-01-11,0.496,0.544,0.626,0.395,0.520,0.586,0.633,0.865,0.965,1.295,1.685,1.787,1.802
2021-01-12,0.497,0.545,0.629,0.396,0.528,0.593,0.639,0.871,0.977,1.311,1.717,1.802,1.815
2021-01-13,0.497,0.545,0.628,0.396,0.532,0.594,0.639,0.865,0.975,1.307,1.717,1.805,1.812
2021-01-14,0.497,0.545,0.625,0.396,0.534,0.595,0.639,0.872,0.987,1.325,1.732,1.821,1.825
2021-01-15,0.497,0.545,0.625,0.396,0.534,0.595,0.639,0.862,0.970,1.310,1.730,1.825,1.827
2021-01-18,0.498,0.544,0.626,0.396,0.534,0.595,0.640,0.861,0.967,1.302,1.710,1.820,1.820
2021-01-19,0.501,0.546,0.631,0.396,0.534,0.596,0.641,0.869,0.977,1.297,1.710,1.827,1.827
2021-01-20,0.502,0.549,0.641,0.396,0.534,0.605,0.655,0.871,0.975,1.285,1.702,1.827,1.826
2021-01-21,0.505,0.550,0.643,0.397,0.536,0.607,0.655,0.870,0.970,1.285,1.702,1.830,1.827
2021-01-22,0.507,0.555,0.652,0.400,0.540,0.611,0.655,0.890,0.990,1.325,1.755,1.866,1.867
2021-01-25,0.508,0.558,0.656,0.405,0.548,0.622,0.656,0.902,1.006,1.350,1.777,1.892,1.897
2021-01-26,0.508,0.558,0.656,0.405,0.548,0.622,0.658,0.901,1.002,1.345,1.767,1.902,1.905
2021-01-27,0.508,0.558,0.651,0.405,0.544,0.617,0.657,0.885,0.987,1.337,1.762,1.895,1.897
2021-01-28,0.508,0.558,0.643,0.406,0.543,0.612,0.646,0.868,0.977,1.330,1.765,1.900,1.907
2021-01-29,0.508,0.558,0.640,0.406,0.543,0.608,0.636,0.850,0.972,1.315,1.765,1.890,1.900
2021-02-01,0.508,0.558,0.637,0.406,0.543,0.608,0.636,0.862,0.987,1.337,1.792,1.942,1.947
2021-02-02,0.507,0.555,0.628,0.405,0.539,0.605,0.626,0.852,0.980,1.320,1.765,1.920,1.930
2021-02-03,0.507,0.553,0.623,0.405,0.539,0.602,0.618,0.835,0.977,1.317,1.767,1.917,1.927
2021-02-04,0.505,0.551,0.623,0.405,0.539,0.602,0.618,0.826,0.980,1.320,1.790,1.925,1.935
2021-02-05,0.503,0.547,0.623,0.405,0.539,0.600,0.616,0.830,0.982,1.305,1.782,1.932,1.940
2021-02-08,0.501,0.547,0.623,0.405,0.538,0.601,0.627,0.835,0.995,1.328,1.827,1.981,1.987
2021-02-09,0.500,0.547,0.623,0.405,0.538,0.601,0.627,0.835,0.990,1.320,1.820,1.972,1.977
2021-02-10,0.500,0.547,0.623,0.405,0.538,0.598,0.627,0.840,0.992,1.335,1.830,1.965,1.975
2021-02-15,0.496,0.543,0.625,0.405,0.540,0.598,0.627,0.849,0.994,1.357,1.865,2.002,2.012
2021-02-16,0.495,0.540,0.619,0.405,0.539,0.596,0.625,0.841,0.980,1.335,1.845,1.982,1.995
2021-02-17,0.493,0.537,0.616,0.405,0.539,0.596,0.625,0.840,0.982,1.342,1.862,1.995,2.005
2021-02-18,0.491,0.536,0.614,0.405,0.539,0.596,0.625,0.838,0.985,1.330,1.855,1.985,1.994
2021-02-19,0.491,0.536,0.615,0.406,0.540,0.596,0.626,0.842,0.995,1.345,1.877,2.005,2.015
2021-02-22,0.486,0.533,0.615,0.406,0.538,0.595,0.626,0.855,1.020,1.390,1.930,2.034,2.040
2021-02-23,0.485,0.533,0.609,0.405,0.536,0.591,0.623,0.845,1.015,1.372,1.892,2.020,2.022
2021-02-24,0.486,0.533,0.608,0.403,0.535,0.590,0.618,0.840,1.002,1.360,1.852,1.985,1.987
2021-02-25,0.488,0.533,0.606,0.401,0.531,0.588,0.616,0.835,0.996,1.382,1.892,2.005,2.007
2021-02-26,0.488,0.533,0.609,0.401,0.531,0.586,0.619,0.850,1.020,1.455,1.970,2.065,2.075
2021-03-02,0.495,0.538,0.609,0.400,0.526,0.583,0.619,0.847,1.022,1.457,1.970,2.072,2.080
2021-03-03,0.494,0.538,0.603,0.400,0.526,0.583,0.613,0.842,1.017,1.422,1.950,2.070,2.077
2021-03-04,0.494,0.538,0.602,0.402,0.527,0.581,0.610,0.854,1.035,1.422,1.967,2.087,2.095
2021-03-05,0.495,0.538,0.601,0.405,0.528,0.581,0.611,0.872,1.067,1.441,1.995,2.117,2.125
2021-03-08,0.495,0.538,0.600,0.410,0.527,0.583,0.616,0.949,1.150,1.518,2.032,2.136,2.145
2021-03-09,0.499,0.545,0.614,0.420,0.531,0.589,0.640,1.003,1.220,1.605,2.035,2.120,2.122
2021-03-10,0.499,0.546,0.616,0.485,0.561,0.613,0.674,1.005,1.175,1.570,2.035,2.120,2.120
2021-03-11,0.499,0.546,0.616,0.490,0.563,0.616,0.683,0.980,1.175,1.530,2.022,2.107,2.106
2021-03-12,0.500,0.547,0.614,0.492,0.560,0.615,0.695,0.988,1.230,1.605,2.105,2.167,2.167
2021-03-15,0.498,0.547,0.614,0.495,0.552,0.615,0.701,0.960,1.220,1.620,2.152,2.191,2.187
2021-03-16,0.498,0.547,0.610,0.497,0.551,0.605,0.691,0.895,1.175,1.606,2.097,2.160,2.150
2021-03-17,0.498,0.546,0.603,0.497,0.551,0.604,0.689,0.885,1.177,1.640,2.137,2.185,2.167
2021-03-18,0.498,0.546,0.600,0.498,0.550,0.603,0.687,0.874,1.137,1.635,2.162,2.165,2.145
2021-03-19,0.498,0.546,0.600,0.496,0.546,0.603,0.687,0.893,1.142,1.620,2.115,2.105,2.085
2021-03-22,0.497,0.546,0.599,0.495,0.543,0.601,0.687,0.910,1.130,1.602,2.050,2.093,2.070
2021-03-23,0.497,0.545,0.599,0.486,0.533,0.594,0.682,0.925,1.147,1.595,2.037,2.075,2.050
2021-03-24,0.497,0.545,0.599,0.483,0.522,0.593,0.682,0.915,1.120,1.532,1.980,2.045,2.020
2021-03-25,0.497,0.545,0.599,0.497,0.523,0.593,0.687,0.900,1.095,1.510,1.965,2.060,2.032
2021-03-26,0.497,0.545,0.601,0.502,0.521,0.593,0.691,0.930,1.125,1.535,2.010,2.087,2.070
2021-03-29,0.498,0.545,0.601,0.504,0.520,0.593,0.691,0.918,1.115,1.520,1.967,2.075,2.061
2021-03-30,0.503,0.550,0.610,0.509,0.525,0.597,0.695,0.948,1.151,1.607,2.077,2.165,2.150
2021-03-31,0.502,0.545,0.600,0.509,0.519,0.592,0.693,0.915,1.127,1.597,2.057,2.175,2.160
2021-04-01,0.501,0.542,0.596,0.506,0.519,0.586,0.686,0.905,1.135,1.570,2.020,2.155,2.137
2021-04-02,0.500,0.540,0.590,0.502,0.512,0.579,0.680,0.905,1.147,1.571,2.052,2.187,2.175
2021-04-05,0.491,0.530,0.584,0.498,0.507,0.570,0.675,0.943,1.202,1.640,2.101,2.245,2.235
2021-04-06,0.485,0.526,0.580,0.491,0.500,0.564,0.668,0.928,1.184,1.610,2.076,2.235,2.225
2021-04-07,0.483,0.528,0.587,0.489,0.498,0.563,0.662,0.927,1.177,1.582,2.060,2.225,2.217
2021-04-08,0.483,0.528,0.584,0.489,0.497,0.558,0.652,0.917,1.160,1.555,2.022,2.155,2.152
2021-04-09,0.483,0.526,0.585,0.489,0.497,0.558,0.652,0.922,1.167,1.575,2.025,2.105,2.102
2021-04-12,0.483,0.525,0.584,0.489,0.497,0.558,0.649,0.915,1.135,1.542,1.997,2.107,2.105
2021-04-13,0.485,0.526,0.586,0.485,0.497,0.560,0.649,0.914,1.132,1.560,2.025,2.132,2.127
2021-04-14,0.485,0.526,0.587,0.483,0.497,0.560,0.646,0.898,1.100,1.525,1.991,2.097,2.090
2021-04-15,0.485,0.525,0.592,0.483,0.497,0.560,0.646,0.921,1.140,1.565,2.015,2.105,2.095
2021-04-16,0.485,0.525,0.593,0.483,0.497,0.560,0.646,0.925,1.147,1.575,2.022,2.092,2.077
2021-04-19,0.478,0.517,0.592,0.480,0.497,0.554,0.639,0.915,1.130,1.545,1.980,2.072,2.062
2021-04-20,0.477,0.515,0.591,0.478,0.497,0.554,0.639,0.917,1.130,1.570,2.006,2.097,2.087
2021-04-21,0.477,0.515,0.589,0.478,0.497,0.554,0.639,0.905,1.110,1.557,2.005,2.100,2.087
2021-04-22,0.477,0.515,0.589,0.473,0.493,0.551,0.637,0.905,1.112,1.552,2.005,2.110,2.100
2021-04-23,0.476,0.512,0.589,0.472,0.492,0.547,0.637,0.906,1.117,1.575,2.045,2.140,2.127
2021-04-26,0.476,0.512,0.588,0.471,0.491,0.547,0.637,0.905,1.112,1.587,2.077,2.170,2.152
2021-04-27,0.476,0.512,0.588,0.471,0.491,0.547,0.636,0.903,1.095,1.585,2.070,2.167,2.160
2021-04-28,0.477,0.513,0.589,0.471,0.490,0.546,0.640,0.925,1.110,1.602,2.077,2.175,2.175
2021-04-29,0.477,0.513,0.589,0.471,0.490,0.544,0.640,0.938,1.122,1.605,2.102,2.207,2.205
2021-04-30,0.475,0.510,0.584,0.471,0.490,0.544,0.640,0.948,1.137,1.630,2.130,2.255,2.260
2021-05-03,0.477,0.510,0.580,0.470,0.490,0.539,0.635,0.955,1.148,1.630,2.115,2.250,2.250
2021-05-04,0.477,0.510,0.571,0.465,0.485,0.533,0.626,0.950,1.157,1.645,2.130,2.230,2.227
2021-05-06,0.476,0.508,0.568,0.465,0.485,0.524,0.612,0.927,1.135,1.622,2.095,2.226,2.225
2021-05-07,0.473,0.503,0.559,0.463,0.483,0.520,0.599,0.925,1.132,1.640,2.120,2.240,2.240
2021-05-10,0.472,0.502,0.553,0.461,0.480,0.513,0.591,0.926,1.135,1.631,2.140,2.255,2.255
2021-05-11,0.472,0.498,0.550,0.461,0.480,0.505,0.589,0.925,1.117,1.620,2.140,2.252,2.250
2021-05-12,0.471,0.497,0.550,0.460,0.480,0.498,0.589,0.927,1.117,1.622,2.122,2.230,2.230
2021-05-13,0.472,0.498,0.549,0.460,0.480,0.498,0.587,0.925,1.121,1.650,2.155,2.245,2.242
2021-05-14,0.471,0.497,0.549,0.459,0.480,0.496,0.586,0.925,1.112,1.650,2.155,2.255,2.251
2021-05-17,0.470,0.497,0.546,0.459,0.480,0.496,0.585,0.911,1.102,1.622,2.117,2.235,2.227
2021-05-18,0.470,0.497,0.546,0.458,0.480,0.498,0.585,0.900,1.095,1.625,2.120,2.250,2.242
2021-05-20,0.470,0.497,0.546,0.455,0.477,0.494,0.581,0.902,1.102,1.645,2.135,2.252,2.243
2021-05-21,0.468,0.496,0.546,0.451,0.476,0.494,0.576,0.897,1.092,1.627,2.117,2.252,2.245
2021-05-24,0.468,0.496,0.549,0.451,0.473,0.494,0.571,0.905,1.115,1.650,2.117,2.255,2.252
2021-05-25,0.468,0.496,0.553,0.450,0.475,0.503,0.574,0.927,1.142,1.660,2.130,2.267,2.266
2021-05-26,0.468,0.497,0.561,0.450,0.477,0.509,0.590,0.946,1.165,1.675,2.132,2.257,2.257
2021-05-27,0.468,0.497,0.561,0.450,0.477,0.511,0.595,0.910,1.115,1.623,2.097,2.246,2.247
2021-05-28,0.473,0.502,0.588,0.450,0.477,0.521,0.626,0.950,1.162,1.676,2.137,2.265,2.272
2021-05-31,0.475,0.510,0.626,0.453,0.480,0.545,0.675,0.991,1.227,1.742,2.180,2.295,2.295
2021-06-01,0.475,0.510,0.626,0.453,0.477,0.545,0.680,0.985,1.212,1.727,2.190,2.285,2.282
2021-06-02,0.471,0.505,0.626,0.448,0.472,0.545,0.680,0.987,1.200,1.720,2.195,2.290,2.287
2021-06-03,0.467,0.501,0.620,0.443,0.467,0.545,0.680,0.990,1.192,1.712,2.195,2.295,2.291
2021-06-04,0.466,0.497,0.618,0.441,0.462,0.545,0.690,1.020,1.215,1.720,2.167,2.272,2.267
2021-06-07,0.467,0.497,0.623,0.436,0.458,0.545,0.691,1.030,1.197,1.700,2.155,2.257,2.247
2021-06-08,0.467,0.497,0.623,0.436,0.458,0.555,0.699,1.030,1.165,1.652,2.112,2.230,2.225
2021-06-09,0.465,0.496,0.626,0.436,0.471,0.578,0.720,1.030,1.135,1.615,2.100,2.205,2.195
2021-06-10,0.462,0.493,0.652,0.436,0.477,0.621,0.781,1.150,1.274,1.635,2.090,2.191,2.185
2021-06-11,0.472,0.515,0.696,0.441,0.492,0.649,0.820,1.120,1.242,1.632,2.080,2.176,2.170
2021-06-14,0.481,0.525,0.723,0.450,0.506,0.675,0.850,1.141,1.280,1.667,2.092,2.195,2.187
2021-06-15,0.487,0.538,0.751,0.458,0.516,0.726,0.882,1.172,1.310,1.700,2.082,2.170,2.162
2021-06-16,0.492,0.543,0.753,0.461,0.528,0.748,0.895,1.164,1.285,1.682,2.067,2.147,2.135
2021-06-17,0.501,0.552,0.761,0.468,0.537,0.760,0.895,1.181,1.330,1.719,2.080,2.147,2.132
2021-06-18,0.510,0.561,0.766,0.473,0.541,0.751,0.875,1.184,1.312,1.676,2.035,2.130,2.115
2021-06-21,0.511,0.563,0.770,0.473,0.541,0.754,0.885,1.195,1.356,1.680,2.007,2.097,2.080
2021-06-22,0.515,0.571,0.772,0.471,0.541,0.752,0.868,1.173,1.330,1.685,2.046,2.147,2.140
2021-06-23,0.523,0.587,0.781,0.465,0.545,0.760,0.861,1.170,1.335,1.682,2.050,2.162,2.155
2021-06-24,0.550,0.615,0.808,0.475,0.558,0.783,0.880,1.215,1.385,1.710,2.075,2.162,2.160
2021-06-25,0.585,0.656,0.846,0.515,0.618,0.841,0.932,1.288,1.444,1.770,2.102,2.204,2.202
2021-06-28,0.612,0.686,0.880,0.529,0.635,0.858,0.965,1.332,1.477,1.802,2.142,2.225,2.217
2021-06-29,0.625,0.700,0.893,0.539,0.647,0.873,0.958,1.312,1.460,1.757,2.100,2.205,2.201
2021-06-30,0.630,0.701,0.892,0.540,0.647,0.870,0.954,1.299,1.452,1.742,2.095,2.201,2.197
2021-07-01,0.628,0.700,0.890,0.539,0.645,0.866,0.944,1.302,1.475,1.765,2.100,2.177,2.170
2021-07-02,0.627,0.698,0.888,0.543,0.651,0.866,0.944,1.306,1.485,1.777,2.105,2.172,2.167
2021-07-05,0.616,0.687,0.878,0.530,0.637,0.836,0.918,1.281,1.457,1.750,2.085,2.157,2.147
2021-07-06,0.615,0.686,0.871,0.525,0.633,0.818,0.909,1.295,1.460,1.765,2.115,2.185,2.175
2021-07-07,0.585,0.656,0.840,0.501,0.606,0.788,0.879,1.245,1.412,1.700,2.037,2.122,2.115
2021-07-08,0.571,0.636,0.813,0.488,0.590,0.760,0.848,1.200,1.355,1.647,1.992,2.074,2.067
2021-07-09,0.569,0.633,0.810,0.483,0.583,0.760,0.848,1.193,1.370,1.685,2.035,2.102,2.092
2021-07-12,0.569,0.633,0.811,0.483,0.583,0.760,0.846,1.198,1.387,1.692,2.022,2.095,2.085
2021-07-13,0.575,0.640,0.826,0.496,0.598,0.775,0.860,1.221,1.422,1.722,2.030,2.075,2.065
2021-07-14,0.575,0.640,0.826,0.495,0.596,0.765,0.859,1.196,1.387,1.687,2.002,2.062,2.049
2021-07-15,0.602,0.671,0.871,0.515,0.621,0.801,0.922,1.300,1.485,1.735,2.005,2.055,2.040
2021-07-16,0.603,0.676,0.877,0.521,0.640,0.816,0.941,1.306,1.467,1.730,2.017,2.080,2.067
2021-07-19,0.601,0.673,0.872,0.521,0.640,0.816,0.940,1.305,1.455,1.702,1.977,2.057,2.047
2021-07-20,0.598,0.672,0.870,0.520,0.640,0.815,0.933,1.287,1.420,1.660,1.902,1.977,1.970
2021-07-21,0.608,0.681,0.866,0.518,0.639,0.813,0.928,1.255,1.380,1.630,1.885,1.970,1.960
2021-07-22,0.607,0.681,0.866,0.518,0.640,0.820,0.928,1.250,1.391,1.655,1.910,1.985,1.982
2021-07-23,0.602,0.681,0.865,0.518,0.640,0.820,0.926,1.249,1.387,1.635,1.882,1.962,1.955
2021-07-26,0.601,0.680,0.858,0.518,0.640,0.810,0.916,1.229,1.362,1.600,1.850,1.952,1.945
2021-07-27,0.598,0.681,0.858,0.518,0.640,0.810,0.916,1.230,1.380,1.617,1.875,1.960,1.950
2021-07-28,0.613,0.698,0.881,0.520,0.650,0.826,0.938,1.258,1.417,1.635,1.851,1.947,1.937
2021-07-29,0.618,0.707,0.888,0.520,0.659,0.835,0.945,1.274,1.435,1.660,1.892,1.990,1.980
2021-07-30,0.618,0.710,0.892,0.518,0.666,0.835,0.938,1.248,1.415,1.635,1.867,1.950,1.952
2021-08-02,0.626,0.716,0.895,0.520,0.670,0.838,0.951,1.267,1.439,1.660,1.910,1.965,1.962
2021-08-03,0.632,0.722,0.896,0.520,0.670,0.826,0.957,1.276,1.445,1.657,1.895,1.952,1.950
2021-08-04,0.635,0.733,0.892,0.517,0.670,0.820,0.957,1.246,1.415,1.632,1.862,1.937,1.935
2021-08-05,0.637,0.743,0.902,0.517,0.670,0.827,0.975,1.237,1.410,1.640,1.872,1.944,1.942
2021-08-06,0.643,0.756,0.917,0.517,0.672,0.832,0.990,1.265,1.435,1.670,1.895,1.940,1.935
2021-08-09,0.650,0.767,0.922,0.517,0.672,0.825,0.995,1.256,1.430,1.662,1.915,1.965,1.960
2021-08-10,0.657,0.776,0.927,0.517,0.672,0.822,1.005,1.248,1.427,1.657,1.912,1.955,1.947
2021-08-11,0.660,0.780,0.927,0.517,0.680,0.820,1.005,1.238,1.415,1.665,1.935,1.975,1.967
2021-08-12,0.660,0.781,0.927,0.517,0.690,0.821,1.005,1.238,1.410,1.662,1.925,1.967,1.962
2021-08-13,0.660,0.781,0.927,0.518,0.696,0.822,1.003,1.242,1.402,1.660,1.920,1.972,1.968
2021-08-17,0.661,0.782,0.927,0.518,0.696,0.822,1.003,1.242,1.397,1.637,1.870,1.935,1.927
2021-08-18,0.661,0.782,0.927,0.523,0.706,0.828,1.002,1.234,1.390,1.632,1.882,1.947,1.940
2021-08-19,0.662,0.782,0.927,0.525,0.715,0.831,1.010,1.210,1.360,1.605,1.865,1.942,1.937
2021-08-20,0.671,0.791,0.933,0.532,0.727,0.835,1.007,1.213,1.360,1.597,1.852,1.930,1.922
2021-08-23,0.692,0.812,0.958,0.557,0.753,0.868,1.037,1.248,1.397,1.645,1.895,1.970,1.960
2021-08-24,0.717,0.838,0.982,0.593,0.792,0.912,1.061,1.286,1.437,1.690,1.940,2.002,1.990
2021-08-25,0.736,0.858,1.001,0.617,0.816,0.940,1.080,1.282,1.425,1.680,1.930,1.997,1.977
2021-08-26,0.757,0.862,1.003,0.732,0.838,0.948,1.081,1.257,1.395,1.657,1.930,2.000,1.985
2021-08-27,0.760,0.856,0.997,0.748,0.848,0.953,1.082,1.262,1.406,1.665,1.937,2.001,1.992
2021-08-30,0.760,0.840,0.968,0.755,0.841,0.946,1.076,1.252,1.397,1.650,1.905,1.977,1.965
2021-08-31,0.760,0.822,0.941,0.757,0.830,0.938,1.067,1.246,1.395,1.647,1.912,1.975,1.960
2021-09-01,0.761,0.820,0.933,0.757,0.826,0.937,1.042,1.255,1.410,1.672,1.942,1.995,1.975
2021-09-02,0.761,0.818,0.927,0.757,0.821,0.935,1.030,1.267,1.422,1.687,1.947,1.992,1.972
2021-09-03,0.761,0.818,0.923,0.757,0.815,0.936,1.031,1.274,1.437,1.695,1.942,1.985,1.962
2021-09-06,0.761,0.820,0.923,0.761,0.818,0.947,1.040,1.275,1.457,1.717,1.967,2.007,1.982
2021-09-07,0.761,0.821,0.921,0.761,0.796,0.947,1.038,1.285,1.466,1.722,1.980,2.020,1.997
2021-09-08,0.760,0.818,0.918,0.761,0.782,0.951,1.049,1.297,1.480,1.740,2.010,2.045,2.020
2021-09-09,0.762,0.827,0.932,0.759,0.783,0.961,1.065,1.315,1.502,1.757,2.002,2.035,2.007
2021-09-10,0.765,0.835,0.950,0.769,0.793,1.026,1.081,1.350,1.497,1.745,1.995,2.005,2.010
2021-09-13,0.768,0.838,0.955,0.770,0.806,1.028,1.080,1.382,1.530,1.767,2.045,2.050,2.047
2021-09-14,0.771,0.843,0.961,0.770,0.808,1.036,1.086,1.403,1.540,1.780,2.062,2.082,2.067
2021-09-15,0.770,0.842,0.957,0.768,0.800,1.028,1.075,1.365,1.492,1.747,2.027,2.060,2.045
2021-09-16,0.770,0.842,0.957,0.767,0.800,1.030,1.075,1.385,1.507,1.762,2.045,2.068,2.050
2021-09-17,0.768,0.841,0.957,0.763,0.800,1.031,1.075,1.405,1.527,1.789,2.072,2.080,2.072
2021-09-23,0.770,0.841,0.957,0.763,0.800,1.033,1.076,1.427,1.565,1.818,2.102,2.095,2.092
2021-09-24,0.768,0.840,0.957,0.763,0.800,1.034,1.080,1.426,1.577,1.867,2.157,2.166,2.155
2021-09-27,0.768,0.838,0.955,0.763,0.800,1.035,1.082,1.408,1.562,1.887,2.172,2.172,2.155
2021-09-28,0.770,0.841,0.965,0.766,0.803,1.044,1.104,1.460,1.622,1.966,2.267,2.242,2.217
2021-09-29,0.767,0.838,0.963,0.763,0.803,1.044,1.091,1.444,1.590,1.914,2.202,2.209,2.189
2021-09-30,0.766,0.840,0.965,0.763,0.803,1.044,1.091,1.443,1.590,1.927,2.237,2.242,2.227
2021-10-01,0.766,0.840,0.965,0.763,0.803,1.045,1.095,1.478,1.630,1.957,2.250,2.230,2.210
2021-10-05,0.771,0.846,0.970,0.763,0.803,1.046,1.099,1.476,1.645,1.990,2.295,2.255,2.220
2021-10-06,0.778,0.857,0.987,0.772,0.822,1.066,1.121,1.550,1.720,2.087,2.397,2.320,2.267
2021-10-07,0.775,0.853,0.983,0.771,0.822,1.066,1.120,1.537,1.690,2.045,2.371,2.307,2.247
2021-10-08,0.777,0.851,0.976,0.771,0.822,1.065,1.119,1.529,1.692,2.045,2.362,2.335,2.282
2021-10-12,0.790,0.861,0.991,0.771,0.822,1.077,1.132,1.630,1.800,2.130,2.427,2.370,2.325
2021-10-13,0.790,0.861,0.991,0.770,0.823,1.078,1.131,1.650,1.820,2.130,2.389,2.347,2.292
2021-10-14,0.790,0.861,0.991,0.770,0.824,1.079,1.133,1.637,1.812,2.105,2.345,2.300,2.252
2021-10-15,0.790,0.861,0.991,0.770,0.825,1.080,1.132,1.609,1.792,2.105,2.361,2.325,2.282
2021-10-18,0.801,0.871,1.005,0.770,0.825,1.075,1.161,1.668,1.880,2.172,2.402,2.347,2.300
2021-10-19,0.798,0.867,1.002,0.765,0.823,1.071,1.151,1.634,1.853,2.130,2.370,2.312,2.267
2021-10-20,0.798,0.867,1.002,0.763,0.827,1.071,1.141,1.617,1.847,2.155,2.397,2.323,2.280
2021-10-21,0.798,0.867,1.003,0.768,0.843,1.073,1.153,1.598,1.842,2.165,2.391,2.335,2.285
2021-10-22,0.802,0.873,1.015,0.771,0.850,1.086,1.189,1.640,1.900,2.215,2.407,2.385,2.310
2021-10-25,0.807,0.877,1.020,0.773,0.858,1.093,1.203,1.661,1.930,2.250,2.457,2.475,2.425
2021-10-26,0.826,0.905,1.050,0.795,0.896,1.132,1.243,1.670,1.942,2.260,2.460,2.495,2.440
2021-10-27,0.880,0.973,1.130,0.837,0.957,1.206,1.335,1.792,2.067,2.371,2.510,2.517,2.485
2021-10-28,0.878,0.971,1.130,0.847,0.980,1.252,1.388,1.772,2.035,2.293,2.420,2.425,2.395
2021-10-29,0.886,0.978,1.142,0.862,0.997,1.316,1.488,1.836,2.107,2.425,2.562,2.530,2.500
2021-11-01,0.875,0.970,1.140,0.866,1.001,1.336,1.488,1.853,2.115,2.380,2.510,2.457,2.424
2021-11-02,0.855,0.951,1.118,0.856,0.991,1.322,1.436,1.783,2.032,2.300,2.462,2.445,2.413
2021-11-03,0.848,0.951,1.130,0.853,0.991,1.338,1.417,1.799,2.037,2.295,2.475,2.452,2.420
2021-11-04,0.848,0.950,1.130,0.852,0.990,1.326,1.415,1.798,2.017,2.247,2.415,2.432,2.397
2021-11-05,0.852,0.953,1.136,0.851,0.982,1.295,1.379,1.766,1.960,2.176,2.350,2.352,2.327
2021-11-08,0.855,0.951,1.131,0.851,0.982,1.293,1.329,1.733,1.902,2.147,2.335,2.315,2.282
2021-11-09,0.853,0.947,1.115,0.850,0.981,1.285,1.296,1.705,1.860,2.115,2.290,2.300,2.264
2021-11-10,0.863,0.957,1.114,0.853,0.996,1.283,1.296,1.718,1.882,2.117,2.317,2.326,2.285
2021-11-11,0.860,0.957,1.114,0.858,1.001,1.286,1.299,1.732,1.915,2.130,2.347,2.340,2.302
2021-11-12,0.853,0.951,1.098,0.858,1.006,1.286,1.299,1.761,1.960,2.160,2.350,2.323,2.280
2021-11-15,0.858,0.947,1.086,0.858,1.005,1.267,1.288,1.740,1.912,2.102,2.295,2.290,2.260
2021-11-16,0.861,0.950,1.090,0.861,1.017,1.266,1.292,1.774,1.955,2.135,2.322,2.305,2.290
2021-11-17,0.860,0.948,1.088,0.861,1.017,1.246,1.283,1.781,1.965,2.155,2.352,2.320,2.305
2021-11-18,0.872,0.952,1.088,0.862,1.018,1.236,1.276,1.759,1.947,2.157,2.335,2.322,2.302
2021-11-19,0.885,0.967,1.103,0.862,1.018,1.236,1.278,1.770,1.972,2.192,2.380,2.366,2.335
2021-11-22,0.910,0.997,1.143,0.880,1.038,1.258,1.313,1.822,2.025,2.242,2.390,2.385,2.334
2021-11-23,0.930,1.016,1.159,0.891,1.050,1.270,1.324,1.827,2.020,2.245,2.400,2.416,2.364
2021-11-24,0.947,1.033,1.174,0.891,1.050,1.268,1.324,1.803,2.000,2.225,2.390,2.405,2.365
2021-11-25,1.002,1.056,1.189,1.001,1.061,1.265,1.320,1.750,1.937,2.160,2.352,2.385,2.348
2021-11-26,1.007,1.066,1.196,1.001,1.061,1.262,1.320,1.715,1.872,2.062,2.262,2.315,2.270
2021-11-29,1.016,1.071,1.199,1.003,1.063,1.257,1.318,1.707,1.847,2.055,2.270,2.342,2.314
2021-11-30,1.016,1.071,1.199,1.003,1.063,1.257,1.318,1.654,1.787,1.990,2.204,2.255,2.220
2021-12-01,1.012,1.063,1.201,1.003,1.062,1.252,1.324,1.698,1.817,1.970,2.182,2.192,2.162
2021-12-02,1.011,1.060,1.200,1.003,1.062,1.251,1.323,1.730,1.850,1.999,2.207,2.205,2.182
2021-12-03,1.005,1.055,1.204,1.001,1.062,1.250,1.326,1.768,1.897,2.030,2.235,2.252,2.230
2021-12-06,1.002,1.053,1.204,1.001,1.060,1.243,1.320,1.740,1.867,2.020,2.215,2.237,2.215
2021-12-07,1.001,1.055,1.205,1.002,1.065,1.245,1.323,1.755,1.867,2.040,2.240,2.265,2.237
2021-12-08,1.000,1.053,1.205,1.001,1.065,1.245,1.322,1.708,1.820,1.987,2.180,2.215,2.196
2021-12-09,1.000,1.053,1.202,1.001,1.067,1.242,1.320,1.693,1.792,1.960,2.182,2.220,2.210
2021-12-10,1.000,1.061,1.202,1.010,1.130,1.270,1.361,1.702,1.797,1.997,2.195,2.237,2.225
2021-12-13,0.996,1.053,1.195,1.007,1.140,1.256,1.332,1.685,1.782,1.975,2.167,2.250,2.230
2021-12-14,0.996,1.053,1.192,1.001,1.131,1.246,1.309,1.678,1.785,1.982,2.172,2.245,2.230
2021-12-15,0.996,1.053,1.188,0.998,1.130,1.243,1.288,1.680,1.803,1.977,2.165,2.235,2.220
2021-12-16,0.995,1.047,1.177,0.997,1.097,1.215,1.261,1.664,1.760,1.935,2.145,2.207,2.187
2021-12-17,0.995,1.047,1.177,0.997,1.097,1.213,1.276,1.670,1.760,1.937,2.152,2.220,2.197
2021-12-20,0.992,1.047,1.177,0.988,1.091,1.213,1.286,1.650,1.730,1.905,2.102,2.195,2.170
2021-12-21,0.992,1.047,1.175,0.983,1.088,1.211,1.296,1.642,1.722,1.897,2.107,2.190,2.175
2021-12-22,0.992,1.046,1.183,0.983,1.097,1.224,1.318,1.660,1.755,1.935,2.145,2.210,2.187
2021-12-23,0.992,1.046,1.191,0.987,1.107,1.234,1.343,1.681,1.805,1.998,2.202,2.258,2.230
2021-12-24,0.992,1.046,1.186,0.986,1.105,1.231,1.338,1.666,1.795,1.990,2.202,2.260,2.235
2021-12-27,0.991,1.046,1.186,0.982,1.105,1.231,1.336,1.660,1.777,1.985,2.205,2.277,2.255
2021-12-28,0.991,1.046,1.188,0.982,1.107,1.232,1.341,1.678,1.789,1.991,2.202,2.290,2.267
2021-12-29,0.998,1.053,1.196,0.987,1.123,1.242,1.351,1.670,1.778,1.970,2.175,2.290,2.267
2021-12-30,1.000,1.056,1.205,0.992,1.145,1.246,1.352,1.672,1.795,2.006,2.255,2.334,2.315
2021-12-31,1.000,1.056,1.205,0.992,1.145,1.246,1.352,1.672,1.795,2.006,2.255,2.334,2.315
2022-01-03,0.998,1.055,1.202,0.992,1.147,1.238,1.339,1.706,1.852,2.087,2.330,2.375,2.345
2022-01-04,0.997,1.053,1.202,0.992,1.148,1.238,1.336,1.730,1.883,2.100,2.327,2.366,2.342
2022-01-05,0.997,1.060,1.212,0.992,1.148,1.240,1.348,1.763,1.907,2.150,2.367,2.382,2.352
2022-01-06,1.005,1.072,1.236,1.000,1.158,1.252,1.400,1.887,2.020,2.297,2.485,2.445,2.400
2022-01-07,1.005,1.072,1.235,1.000,1.163,1.250,1.410,1.890,2.025,2.255,2.457,2.447,2.402
2022-01-10,1.017,1.085,1.247,1.008,1.175,1.255,1.417,1.890,2.046,2.245,2.477,2.447,2.402
2022-01-11,1.025,1.096,1.258,1.018,1.191,1.263,1.417,1.870,2.027,2.240,2.480,2.445,2.400
2022-01-12,1.035,1.111,1.266,1.023,1.196,1.260,1.413,1.831,1.987,2.175,2.415,2.400,2.375
2022-01-13,1.048,1.127,1.280,1.026,1.201,1.285,1.415,1.805,1.960,2.165,2.392,2.385,2.352
2022-01-14,1.250,1.251,1.293,1.250,1.250,1.291,1.425,1.880,2.045,2.245,2.464,2.440,2.395
2022-01-17,1.245,1.245,1.302,1.245,1.245,1.293,1.441,1.971,2.142,2.350,2.565,2.520,2.452
2022-01-18,1.242,1.242,1.298,1.242,1.242,1.293,1.441,1.935,2.107,2.317,2.539,2.512,2.445
2022-01-19,1.240,1.240,1.293,1.240,1.240,1.288,1.427,1.885,2.067,2.295,2.530,2.502,2.427
2022-01-20,1.239,1.239,1.298,1.240,1.240,1.301,1.438,1.931,2.112,2.350,2.555,2.530,2.460
2022-01-21,1.240,1.243,1.305,1.239,1.245,1.303,1.442,1.935,2.135,2.356,2.542,2.535,2.475
2022-01-24,1.240,1.243,1.305,1.239,1.245,1.302,1.441,1.920,2.120,2.345,2.550,2.552,2.480
2022-01-25,1.243,1.246,1.312,1.240,1.246,1.310,1.453,1.960,2.172,2.392,2.577,2.580,2.500
2022-01-26,1.246,1.251,1.320,1.240,1.251,1.315,1.453,1.956,2.157,2.367,2.562,2.555,2.475
2022-01-27,1.248,1.255,1.327,1.239,1.251,1.318,1.465,2.006,2.210,2.415,2.610,2.575,2.500
2022-01-28,1.247,1.250,1.323,1.236,1.247,1.315,1.463,1.990,2.192,2.397,2.590,2.597,2.527
2022-02-03,1.240,1.242,1.320,1.230,1.238,1.308,1.452,1.955,2.155,2.365,2.562,2.582,2.500
2022-02-04,1.225,1.226,1.307,1.228,1.233,1.312,1.457,1.976,2.182,2.407,2.602,2.630,2.557
2022-02-07,1.215,1.218,1.298,1.223,1.228,1.307,1.452,2.030,2.240,2.472,2.637,2.675,2.615
2022-02-08,1.211,1.213,1.302,1.220,1.225,1.302,1.459,2.094,2.302,2.555,2.722,2.692,2.631
2022-02-09,1.207,1.211,1.300,1.213,1.215,1.297,1.454,2.082,2.275,2.505,2.682,2.680,2.615
2022-02-10,1.207,1.211,1.300,1.212,1.213,1.293,1.451,2.072,2.265,2.482,2.682,2.692,2.627
2022-02-11,1.217,1.223,1.315,1.213,1.225,1.313,1.473,2.142,2.347,2.550,2.735,2.710,2.655
2022-02-14,1.217,1.223,1.315,1.213,1.225,1.315,1.474,2.153,2.360,2.551,2.730,2.695,2.627
2022-02-15,1.218,1.227,1.323,1.213,1.223,1.316,1.478,2.161,2.350,2.525,2.715,2.695,2.630
2022-02-16,1.218,1.227,1.325,1.212,1.222,1.325,1.491,2.132,2.320,2.497,2.702,2.705,2.635
2022-02-17,1.213,1.227,1.325,1.211,1.222,1.325,1.494,2.110,2.292,2.480,2.708,2.711,2.640
2022-02-18,1.213,1.227,1.326,1.211,1.225,1.331,1.501,2.125,2.320,2.515,2.730,2.722,2.652
2022-02-21,1.208,1.226,1.332,1.210,1.222,1.331,1.501,2.130,2.360,2.557,2.765,2.760,2.685
2022-02-22,1.205,1.223,1.333,1.211,1.223,1.333,1.505,2.095,2.325,2.523,2.715,2.715,2.632
2022-02-23,1.207,1.226,1.336,1.215,1.230,1.336,1.506,2.087,2.315,2.520,2.720,2.710,2.630
2022-02-24,1.202,1.218,1.323,1.220,1.243,1.335,1.493,1.995,2.220,2.429,2.620,2.628,2.567
2022-02-25,1.202,1.218,1.325,1.227,1.257,1.342,1.506,2.005,2.242,2.467,2.667,2.690,2.621
2022-02-28,1.202,1.213,1.323,1.225,1.262,1.338,1.502,1.990,2.245,2.470,2.685,2.695,2.635
2022-03-02,1.201,1.211,1.319,1.225,1.262,1.332,1.495,1.927,2.180,2.405,2.612,2.652,2.590
2022-03-03,1.195,1.203,1.318,1.228,1.267,1.338,1.501,1.950,2.212,2.464,2.677,2.710,2.655
2022-03-04,1.192,1.198,1.314,1.231,1.271,1.341,1.495,1.940,2.200,2.452,2.647,2.695,2.632
2022-03-07,1.192,1.193,1.309,1.232,1.273,1.341,1.500,2.010,2.280,2.515,2.702,2.685,2.622
2022-03-08,1.192,1.193,1.309,1.233,1.275,1.338,1.495,1.996,2.280,2.515,2.717,2.700,2.632
2022-03-10,1.192,1.193,1.308,1.260,1.303,1.383,1.535,2.081,2.270,2.507,2.721,2.695,2.630
2022-03-11,1.183,1.180,1.301,1.255,1.298,1.381,1.545,2.041,2.247,2.480,2.695,2.694,2.617
2022-03-14,1.182,1.181,1.296,1.256,1.296,1.381,1.533,2.048,2.280,2.522,2.740,2.735,2.647
2022-03-15,1.175,1.175,1.288,1.256,1.296,1.381,1.523,2.054,2.282,2.530,2.745,2.747,2.662
2022-03-16,1.171,1.173,1.281,1.257,1.296,1.380,1.512,2.035,2.265,2.530,2.775,2.762,2.685
2022-03-17,1.175,1.172,1.274,1.251,1.291,1.379,1.507,2.007,2.217,2.467,2.702,2.725,2.652
2022-03-18,1.177,1.176,1.279,1.253,1.290,1.386,1.527,2.033,2.227,2.496,2.731,2.745,2.675
2022-03-21,1.185,1.186,1.279,1.268,1.300,1.396,1.531,2.060,2.270,2.532,2.737,2.750,2.677
2022-03-22,1.196,1.201,1.303,1.296,1.328,1.428,1.572,2.152,2.395,2.641,2.827,2.790,2.711
2022-03-23,1.205,1.213,1.322,1.315,1.348,1.449,1.586,2.157,2.415,2.636,2.808,2.810,2.700
2022-03-24,1.222,1.233,1.348,1.320,1.375,1.485,1.621,2.185,2.462,2.670,2.860,2.840,2.745
2022-03-25,1.258,1.268,1.378,1.348,1.430,1.561,1.677,2.217,2.515,2.727,2.877,2.870,2.777
2022-03-28,1.285,1.311,1.461,1.382,1.489,1.649,1.803,2.452,2.777,2.982,3.041,3.022,2.900
2022-03-29,1.291,1.326,1.477,1.378,1.484,1.654,1.812,2.380,2.692,2.875,2.950,2.966,2.828
2022-03-30,1.288,1.321,1.474,1.375,1.480,1.650,1.810,2.325,2.620,2.797,2.885,2.887,2.760
2022-03-31,1.288,1.321,1.477,1.388,1.504,1.674,1.807,2.351,2.662,2.855,2.965,2.957,2.837
2022-04-01,1.288,1.321,1.491,1.378,1.551,1.724,1.831,2.480,2.782,2.938,3.005,2.992,2.890
2022-04-04,1.283,1.325,1.501,1.378,1.566,1.744,1.843,2.535,2.815,2.976,3.037,3.050,3.027
2022-04-05,1.285,1.328,1.516,1.367,1.586,1.770,1.881,2.630,2.890,3.030,3.076,3.072,3.035
2022-04-06,1.290,1.337,1.536,1.376,1.600,1.807,1.962,2.701,2.920,3.065,3.102,3.097,3.044
2022-04-07,1.293,1.347,1.551,1.376,1.612,1.841,2.040,2.695,2.890,3.037,3.107,3.132,3.047
2022-04-08,1.312,1.372,1.589,1.390,1.647,1.900,2.092,2.800,3.000,3.120,3.182,3.150,3.060
2022-04-11,1.327,1.402,1.678,1.402,1.720,1.976,2.201,3.030,3.219,3.320,3.320,3.267,3.165
2022-04-12,1.330,1.401,1.680,1.406,1.728,1.983,2.193,2.950,3.100,3.267,3.310,3.246,3.140
2022-04-13,1.330,1.401,1.674,1.416,1.727,1.971,2.128,2.870,3.010,3.207,3.302,3.227,3.125
2022-04-14,1.502,1.506,1.646,1.501,1.747,1.928,2.006,2.726,2.882,3.085,3.207,3.182,3.087
2022-04-15,1.505,1.508,1.676,1.508,1.755,1.915,1.991,2.770,2.952,3.180,3.320,3.275,3.180
2022-04-18,1.510,1.520,1.681,1.511,1.748,1.898,1.989,2.805,3.000,3.226,3.353,3.340,3.257
2022-04-19,1.508,1.520,1.655,1.508,1.721,1.875,1.992,2.755,2.955,3.185,3.325,3.283,3.205
2022-04-20,1.506,1.515,1.634,1.490,1.702,1.871,1.991,2.733,2.950,3.184,3.305,3.307,3.210
2022-04-21,1.500,1.505,1.620,1.485,1.676,1.847,1.985,2.720,2.945,3.195,3.311,3.312,3.222
2022-04-22,1.500,1.503,1.606,1.473,1.661,1.836,1.990,2.733,2.960,3.215,3.305,3.310,3.225
2022-04-25,1.478,1.482,1.578,1.456,1.638,1.812,1.962,2.645,2.857,3.085,3.177,3.185,3.130
2022-04-26,1.476,1.478,1.563,1.446,1.622,1.801,1.951,2.620,2.827,3.077,3.180,3.182,3.130
2022-04-27,1.472,1.475,1.558,1.435,1.598,1.788,1.946,2.690,2.900,3.121,3.187,3.182,3.120
2022-04-28,1.467,1.470,1.551,1.428,1.597,1.792,1.956,2.737,2.920,3.125,3.160,3.161,3.085
2022-04-29,1.461,1.461,1.546,1.428,1.591,1.793,1.965,2.755,2.960,3.170,3.235,3.233,3.170
2022-05-02,1.477,1.479,1.565,1.435,1.590,1.791,1.991,2.870,3.100,3.325,3.391,3.355,3.282
2022-05-03,1.460,1.461,1.545,1.433,1.581,1.791,1.988,2.910,3.142,3.357,3.407,3.360,3.282
2022-05-04,1.455,1.456,1.540,1.433,1.580,1.793,2.015,2.960,3.175,3.385,3.427,3.375,3.289
2022-05-06,1.451,1.453,1.536,1.418,1.577,1.787,2.011,2.926,3.145,3.360,3.420,3.370,3.285
2022-05-09,1.448,1.451,1.525,1.400,1.561,1.762,1.990,2.855,3.072,3.320,3.420,3.398,3.305
2022-05-10,1.448,1.451,1.531,1.391,1.552,1.756,1.987,2.840,3.055,3.307,3.410,3.390,3.297
2022-05-11,1.450,1.452,1.529,1.395,1.552,1.739,1.956,2.726,2.917,3.150,3.260,3.260,3.185
2022-05-12,1.451,1.453,1.530,1.393,1.551,1.736,1.948,2.700,2.905,3.095,3.175,3.165,3.090
2022-05-13,1.466,1.471,1.541,1.420,1.588,1.776,1.973,2.697,2.922,3.127,3.230,3.195,3.117
2022-05-16,1.496,1.502,1.576,1.456,1.629,1.826,2.040,2.805,3.035,3.217,3.267,3.201,3.132
2022-05-17,1.506,1.513,1.590,1.478,1.656,1.865,2.062,2.781,3.025,3.225,3.280,3.201,3.129
2022-05-18,1.515,1.521,1.598,1.493,1.678,1.896,2.082,2.780,3.051,3.257,3.315,3.250,3.155
2022-05-19,1.517,1.525,1.604,1.501,1.692,1.908,2.083,2.765,3.047,3.252,3.307,3.259,3.156
2022-05-20,1.520,1.526,1.606,1.502,1.694,1.910,2.083,2.730,3.005,3.197,3.240,3.230,3.127
2022-05-23,1.531,1.537,1.618,1.512,1.712,1.929,2.102,2.751,3.025,3.205,3.262,3.245,3.146
2022-05-24,1.531,1.537,1.616,1.525,1.727,1.935,2.098,2.710,2.960,3.135,3.202,3.210,3.117
2022-05-25,1.536,1.542,1.623,1.553,1.752,1.961,2.126,2.699,2.945,3.117,3.181,3.165,3.080
2022-05-26,1.750,1.755,1.770,1.765,1.835,2.004,2.142,2.700,2.955,3.140,3.232,3.220,3.135
2022-05-27,1.750,1.757,1.770,1.765,1.858,2.030,2.133,2.688,2.950,3.140,3.217,3.205,3.097
2022-05-30,1.746,1.756,1.770,1.763,1.849,2.025,2.132,2.685,2.952,3.150,3.220,3.170,3.070
2022-05-31,1.748,1.766,1.790,1.770,1.861,2.044,2.155,2.758,3.031,3.252,3.330,3.257,3.145
2022-06-02,1.747,1.778,1.825,1.768,1.863,2.045,2.170,2.836,3.122,3.365,3.420,3.335,3.190
2022-06-03,1.745,1.767,1.825,1.761,1.858,2.049,2.184,2.835,3.125,3.365,3.407,3.290,3.160
2022-06-07,1.745,1.767,1.866,1.761,1.868,2.079,2.238,2.930,3.235,3.505,3.542,3.385,3.232
2022-06-08,1.735,1.761,1.860,1.761,1.864,2.073,2.233,2.900,3.197,3.435,3.470,3.320,3.163
2022-06-09,1.731,1.758,1.860,1.762,1.870,2.081,2.236,2.880,3.172,3.415,3.475,3.336,3.180
2022-06-10,1.730,1.748,1.881,1.746,1.971,2.175,2.332,3.061,3.275,3.457,3.490,3.404,3.270
2022-06-13,1.762,1.792,1.987,1.778,2.022,2.247,2.433,3.358,3.530,3.682,3.677,3.560,3.400
2022-06-14,1.782,1.808,2.036,1.784,2.041,2.293,2.453,3.392,3.555,3.700,3.685,3.585,3.427
2022-06-15,1.843,1.913,2.217,1.840,2.110,2.432,2.606,3.505,3.655,3.807,3.769,3.665,3.490
2022-06-16,1.871,1.950,2.277,1.863,2.146,2.507,2.773,3.618,3.725,3.842,3.772,3.710,3.545
2022-06-17,1.873,1.953,2.281,1.870,2.162,2.546,2.810,3.656,3.750,3.872,3.795,3.720,3.570
2022-06-20,1.861,1.941,2.258,1.844,2.155,2.537,2.817,3.590,3.668,3.832,3.785,3.718,3.590
2022-06-21,1.845,1.930,2.237,1.826,2.160,2.570,2.857,3.586,3.660,3.835,3.772,3.701,3.573
2022-06-22,1.840,1.925,2.230,1.813,2.155,2.563,2.830,3.451,3.520,3.705,3.675,3.622,3.495
2022-06-23,1.840,1.926,2.235,1.819,2.170,2.583,2.858,3.551,3.610,3.777,3.726,3.650,3.525
2022-06-24,1.837,1.923,2.232,1.813,2.187,2.586,2.836,3.475,3.510,3.662,3.625,3.567,3.471
2022-06-27,1.845,1.941,2.273,1.839,2.192,2.606,2.872,3.512,3.560,3.725,3.712,3.630,3.535
2022-06-28,1.853,1.952,2.315,1.839,2.192,2.622,2.892,3.525,3.557,3.711,3.685,3.600,3.505
2022-06-29,1.866,1.975,2.367,1.854,2.208,2.657,2.920,3.525,3.557,3.685,3.660,3.605,3.507
2022-06-30,1.891,2.002,2.415,1.880,2.250,2.741,3.010,3.542,3.553,3.647,3.622,3.568,3.462
2022-07-01,1.918,2.035,2.470,1.901,2.272,2.778,2.962,3.413,3.440,3.500,3.495,3.440,3.321
2022-07-04,1.923,2.040,2.480,1.904,2.257,2.761,2.968,3.425,3.420,3.485,3.475,3.410,3.280
2022-07-05,1.923,2.040,2.490,1.909,2.246,2.747,2.948,3.316,3.285,3.351,3.365,3.287,3.160
2022-07-06,1.927,2.040,2.501,1.920,2.246,2.742,2.920,3.268,3.242,3.290,3.302,3.234,3.117
2022-07-07,1.956,2.076,2.666,1.933,2.259,2.766,2.951,3.286,3.272,3.305,3.316,3.235,3.122
2022-07-08,1.970,2.091,2.688,1.943,2.258,2.755,2.960,3.317,3.315,3.342,3.360,3.277,3.175
2022-07-11,1.992,2.115,2.727,1.959,2.267,2.763,2.990,3.307,3.320,3.380,3.386,3.300,3.207
2022-07-12,2.038,2.167,2.758,2.030,2.330,2.762,2.985,3.259,3.270,3.330,3.335,3.247,3.145
2022-07-13,2.253,2.302,2.747,2.251,2.392,2.737,2.966,3.175,3.210,3.281,3.295,3.191,3.090
2022-07-14,2.282,2.370,2.830,2.277,2.436,2.753,3.008,3.215,3.248,3.302,3.271,3.152,3.040
2022-07-15,2.281,2.368,2.830,2.263,2.442,2.746,2.991,3.159,3.191,3.256,3.222,3.152,3.040
2022-07-18,2.283,2.375,2.832,2.263,2.440,2.750,2.982,3.193,3.220,3.287,3.280,3.222,3.122
2022-07-19,2.283,2.375,2.830,2.250,2.428,2.728,2.956,3.166,3.185,3.250,3.245,3.195,3.130
2022-07-20,2.293,2.391,2.861,2.253,2.441,2.741,2.975,3.264,3.287,3.365,3.353,3.280,3.200
2022-07-21,2.293,2.391,2.863,2.253,2.441,2.741,2.971,3.271,3.296,3.378,3.370,3.282,3.200
2022-07-22,2.290,2.382,2.856,2.248,2.435,2.731,2.948,3.199,3.208,3.290,3.301,3.240,3.159
2022-07-25,2.292,2.385,2.857,2.240,2.425,2.731,2.929,3.159,3.150,3.220,3.207,3.145,3.082
2022-07-26,2.301,2.408,2.877,2.240,2.425,2.736,2.931,3.146,3.120,3.197,3.180,3.128,3.067
2022-07-27,2.303,2.411,2.882,2.241,2.438,2.754,2.938,3.118,3.080,3.132,3.115,3.080,3.025
2022-07-28,2.310,2.417,2.890,2.245,2.445,2.769,2.940,3.148,3.125,3.180,3.200,3.155,3.097
2022-07-29,2.307,2.412,2.875,2.243,2.435,2.752,2.900,3.027,2.997,3.055,3.125,3.110,3.053
2022-08-01,2.330,2.435,2.900,2.251,2.456,2.775,2.915,3.093,3.080,3.135,3.174,3.177,3.150
2022-08-02,2.325,2.430,2.886,2.240,2.442,2.762,2.893,3.021,3.004,3.040,3.075,3.103,3.106
2022-08-03,2.322,2.430,2.886,2.240,2.441,2.761,2.890,3.075,3.067,3.095,3.120,3.130,3.125
2022-08-04,2.316,2.428,2.880,2.240,2.437,2.761,2.890,3.104,3.120,3.140,3.155,3.165,3.145
2022-08-05,2.313,2.427,2.871,2.238,2.433,2.758,2.873,3.057,3.075,3.095,3.115,3.100,3.055
2022-08-08,2.325,2.445,2.887,2.248,2.447,2.762,2.907,3.106,3.127,3.141,3.170,3.130,3.067
2022-08-09,2.325,2.445,2.885,2.248,2.442,2.752,2.898,3.120,3.130,3.140,3.152,3.145,3.080
2022-08-10,2.330,2.453,2.891,2.248,2.448,2.733,2.905,3.141,3.150,3.172,3.200,3.200,3.145
2022-08-11,2.335,2.452,2.882,2.248,2.448,2.735,2.890,3.111,3.119,3.166,3.215,3.220,3.172
2022-08-12,2.367,2.476,2.898,2.264,2.471,2.752,2.890,3.142,3.177,3.232,3.277,3.259,3.200
2022-08-16,2.365,2.470,2.866,2.251,2.453,2.727,2.846,3.045,3.065,3.116,3.150,3.157,3.110
2022-08-17,2.370,2.476,2.869,2.268,2.476,2.750,2.850,3.058,3.085,3.140,3.180,3.170,3.135
2022-08-18,2.371,2.481,2.878,2.285,2.495,2.772,2.870,3.086,3.130,3.190,3.225,3.215,3.165
2022-08-19,2.386,2.506,2.900,2.299,2.511,2.797,2.901,3.149,3.192,3.272,3.302,3.270,3.215
2022-08-22,2.420,2.542,2.940,2.313,2.542,2.845,2.948,3.195,3.235,3.307,3.332,3.305,3.245
2022-08-23,2.455,2.581,2.981,2.353,2.588,2.917,3.014,3.246,3.272,3.332,3.352,3.330,3.285
2022-08-24,2.512,2.637,3.033,2.423,2.652,2.983,3.070,3.297,3.315,3.397,3.440,3.385,3.350
2022-08-25,2.623,2.750,3.155,2.548,2.773,3.110,3.206,3.535,3.536,3.597,3.585,3.530,3.470
2022-08-26,2.625,2.753,3.156,2.550,2.780,3.118,3.223,3.545,3.535,3.632,3.621,3.562,3.510
2022-08-29,2.652,2.795,3.203,2.561,2.796,3.145,3.275,3.698,3.660,3.760,3.707,3.655,3.586
2022-08-30,2.646,2.791,3.186,2.543,2.777,3.125,3.246,3.670,3.650,3.747,3.692,3.605,3.552
2022-08-31,2.655,2.798,3.197,2.558,2.793,3.141,3.267,3.697,3.678,3.775,3.712,3.630,3.570
2022-09-01,2.670,2.822,3.217,2.572,2.813,3.168,3.301,3.786,3.790,3.877,3.812,3.717,3.620
2022-09-02,2.657,2.800,3.167,2.560,2.803,3.143,3.256,3.670,3.682,3.760,3.730,3.667,3.592
2022-09-05,2.650,2.780,3.131,2.556,2.795,3.118,3.225,3.604,3.615,3.680,3.665,3.585,3.510
2022-09-06,2.637,2.782,3.140,2.548,2.790,3.116,3.238,3.663,3.680,3.742,3.712,3.620,3.534
2022-09-07,2.637,2.782,3.132,2.547,2.787,3.111,3.232,3.668,3.686,3.748,3.740,3.645,3.560
2022-09-08,2.625,2.770,3.090,2.537,2.770,3.076,3.178,3.530,3.547,3.605,3.620,3.532,3.472
2022-09-13,2.625,2.770,3.088,2.640,2.953,3.141,3.187,3.504,3.520,3.573,3.600,3.479,3.472
2022-09-14,2.637,2.782,3.095,2.650,2.983,3.146,3.190,3.597,3.580,3.594,3.625,3.501,3.473
2022-09-15,2.651,2.817,3.130,2.648,3.027,3.195,3.202,3.729,3.765,3.771,3.790,3.659,3.602
2022-09-16,2.652,2.822,3.131,2.645,3.042,3.196,3.196,3.752,3.770,3.770,3.770,3.665,3.590
2022-09-19,2.640,2.820,3.116,2.627,3.021,3.171,3.167,3.752,3.760,3.774,3.785,3.654,3.610
2022-09-20,2.658,2.863,3.162,2.625,3.033,3.170,3.168,3.826,3.825,3.850,3.840,3.681,3.640
2022-09-21,2.663,2.872,3.173,2.625,3.048,3.176,3.178,3.848,3.845,3.895,3.882,3.700,3.657
2022-09-22,2.776,3.015,3.320,2.721,3.206,3.301,3.303,4.105,4.110,4.111,4.005,3.812,3.740
2022-09-23,2.813,3.068,3.376,2.736,3.238,3.386,3.392,4.200,4.200,4.228,4.127,3.935,3.855
2022-09-26,2.893,3.196,3.543,2.816,3.362,3.562,3.592,4.560,4.545,4.560,4.332,4.155,4.025
2022-09-27,2.881,3.153,3.483,2.796,3.270,3.438,3.482,4.340,4.310,4.350,4.210,4.090,3.982
2022-09-28,2.893,3.176,3.505,2.828,3.278,3.438,3.467,4.382,4.335,4.370,4.330,4.205,4.098
2022-09-29,2.833,3.116,3.445,2.788,3.216,3.386,3.417,4.316,4.302,4.335,4.230,4.111,3.982
2022-09-30,2.803,3.067,3.367,2.753,3.181,3.353,3.386,4.183,4.185,4.176,4.082,3.958,3.870
2022-10-04,2.782,3.050,3.332,2.758,3.181,3.353,3.391,4.031,4.070,4.025,3.990,3.870,3.785
2022-10-05,2.778,3.055,3.340,2.766,3.210,3.408,3.441,4.108,4.172,4.130,4.105,3.972,3.855
2022-10-06,2.775,3.045,3.315,2.766,3.217,3.402,3.441,4.081,4.150,4.132,4.100,3.975,3.861
2022-10-07,2.780,3.035,3.305,2.748,3.212,3.387,3.481,4.183,4.277,4.225,4.210,4.065,3.955
2022-10-11,2.828,3.065,3.335,2.801,3.263,3.396,3.511,4.267,4.345,4.310,4.310,4.176,4.050
2022-10-12,3.005,3.127,3.362,3.000,3.257,3.396,3.481,4.077,4.102,4.100,4.092,4.021,3.925
2022-10-13,3.018,3.143,3.390,3.000,3.265,3.423,3.546,4.175,4.202,4.220,4.230,4.115,3.997
2022-10-14,3.026,3.152,3.398,2.993,3.265,3.425,3.546,4.165,4.200,4.206,4.180,4.095,3.995
2022-10-17,3.041,3.171,3.435,2.993,3.285,3.452,3.583,4.222,4.250,4.267,4.232,4.125,4.052
2022-10-18,3.048,3.180,3.477,2.998,3.287,3.468,3.620,4.228,4.250,4.315,4.287,4.158,4.065
2022-10-19,3.070,3.223,3.526,3.007,3.297,3.487,3.670,4.312,4.336,4.422,4.405,4.280,4.155
2022-10-20,3.090,3.247,3.547,3.010,3.306,3.482,3.693,4.323,4.350,4.469,4.435,4.330,4.197
2022-10-21,3.155,3.343,3.658,3.016,3.373,3.608,3.803,4.446,4.462,4.631,4.620,4.530,4.390
2022-10-24,3.162,3.346,3.642,3.002,3.355,3.558,3.748,4.330,4.316,4.498,4.520,4.500,4.365
2022-10-25,3.168,3.360,3.646,2.993,3.341,3.545,3.731,4.238,4.215,4.355,4.340,4.270,4.160
2022-10-26,3.208,3.412,3.688,3.031,3.371,3.562,3.742,4.251,4.217,4.320,4.282,4.181,4.090
2022-10-27,3.253,3.470,3.715,3.068,3.402,3.601,3.777,4.281,4.260,4.360,4.315,4.235,4.142
2022-10-28,3.252,3.460,3.687,3.083,3.407,3.598,3.760,4.138,4.120,4.195,4.175,4.130,4.062
2022-10-31,3.275,3.495,3.723,3.093,3.433,3.636,3.805,4.190,4.175,4.246,4.227,4.130,4.052
2022-11-01,3.277,3.497,3.723,3.088,3.443,3.652,3.815,4.090,4.060,4.120,4.136,4.090,4.020
2022-11-02,3.300,3.537,3.771,3.072,3.468,3.707,3.867,4.120,4.080,4.145,4.135,4.095,4.025
2022-11-03,3.327,3.567,3.806,3.073,3.496,3.745,3.913,4.200,4.155,4.235,4.190,4.115,4.045
2022-11-04,3.332,3.568,3.806,3.078,3.495,3.745,3.913,4.175,4.125,4.205,4.190,4.144,4.100
2022-11-07,3.343,3.581,3.822,3.096,3.518,3.772,3.942,4.246,4.182,4.270,4.247,4.215,4.172
2022-11-08,3.358,3.588,3.825,3.092,3.517,3.768,3.937,4.230,4.152,4.245,4.235,4.205,4.160
2022-11-09,3.366,3.596,3.827,3.090,3.515,3.766,3.927,4.165,4.089,4.182,4.182,4.165,4.125
2022-11-10,3.373,3.600,3.830,3.107,3.523,3.766,3.925,4.097,4.030,4.080,4.065,4.042,4.005
2022-11-11,3.361,3.585,3.791,3.112,3.521,3.757,3.870,3.900,3.832,3.895,3.900,3.900,3.860
2022-11-14,3.377,3.611,3.812,3.133,3.538,3.770,3.866,3.915,3.852,3.930,3.935,3.935,3.900
2022-11-15,3.370,3.601,3.775,3.126,3.523,3.737,3.803,3.836,3.745,3.803,3.845,3.860,3.840
2022-11-16,3.395,3.638,3.827,3.138,3.538,3.753,3.836,3.880,3.810,3.875,3.900,3.906,3.890
2022-11-17,3.396,3.641,3.827,3.143,3.541,3.751,3.830,3.875,3.812,3.880,3.849,3.840,3.823
2022-11-18,3.386,3.633,3.810,3.145,3.541,3.746,3.810,3.856,3.787,3.844,3.796,3.780,3.770
2022-11-21,3.378,3.648,3.830,3.165,3.563,3.777,3.843,3.908,3.845,3.865,3.765,3.770,3.766
2022-11-22,3.371,3.651,3.842,3.177,3.571,3.782,3.838,3.923,3.857,3.875,3.780,3.807,3.800
2022-11-23,3.371,3.648,3.827,3.186,3.575,3.783,3.838,3.918,3.840,3.850,3.767,3.797,3.790
2022-11-24,3.376,3.640,3.735,3.291,3.582,3.728,3.757,3.817,3.691,3.715,3.615,3.646,3.640
2022-11-25,3.385,3.640,3.723,3.288,3.580,3.720,3.723,3.764,3.640,3.658,3.612,3.680,3.670
2022-11-28,3.392,3.650,3.736,3.288,3.580,3.717,3.725,3.793,3.665,3.663,3.595,3.675,3.665
2022-11-29,3.408,3.671,3.757,3.292,3.583,3.723,3.732,3.863,3.710,3.705,3.665,3.710,3.696
2022-11-30,3.408,3.671,3.738,3.305,3.592,3.710,3.722,3.843,3.705,3.705,3.680,3.725,3.705
2022-12-01,3.366,3.618,3.685,3.302,3.583,3.681,3.686,3.795,3.642,3.670,3.660,3.685,3.665
2022-12-02,3.343,3.588,3.648,3.301,3.582,3.666,3.666,3.770,3.615,3.625,3.575,3.585,3.570
2022-12-05,3.348,3.593,3.625,3.305,3.576,3.657,3.655,3.760,3.602,3.585,3.539,3.548,3.537
2022-12-06,3.367,3.620,3.641,3.322,3.591,3.660,3.652,3.780,3.632,3.590,3.505,3.505,3.492
2022-12-07,3.392,3.645,3.662,3.345,3.613,3.675,3.665,3.797,3.678,3.620,3.530,3.515,3.510
2022-12-08,3.413,3.664,3.675,3.365,3.628,3.673,3.660,3.805,3.682,3.620,3.534,3.518,3.505
2022-12-09,3.405,3.653,3.668,3.375,3.629,3.665,3.654,3.780,3.649,3.562,3.480,3.460,3.460
2022-12-12,3.417,3.663,3.681,3.475,3.663,3.661,3.646,3.754,3.611,3.570,3.440,3.460,3.460
2022-12-13,3.440,3.683,3.701,3.507,3.685,3.693,3.656,3.765,3.620,3.577,3.464,3.462,3.462
2022-12-14,3.437,3.676,3.693,3.531,3.683,3.691,3.647,3.671,3.528,3.463,3.400,3.425,3.420
2022-12-15,3.447,3.683,3.702,3.566,3.692,3.700,3.666,3.671,3.530,3.436,3.371,3.395,3.396
2022-12-16,3.450,3.685,3.705,3.590,3.697,3.722,3.688,3.660,3.535,3.450,3.350,3.370,3.370
2022-12-19,3.465,3.690,3.710,3.606,3.707,3.742,3.713,3.679,3.542,3.455,3.400,3.415,3.410
2022-12-20,3.500,3.727,3.752,3.641,3.752,3.783,3.756,3.800,3.680,3.610,3.605,3.575,3.575
2022-12-21,3.508,3.723,3.746,3.667,3.750,3.775,3.763,3.737,3.630,3.540,3.560,3.570,3.566
2022-12-22,3.496,3.706,3.731,3.662,3.743,3.761,3.747,3.678,3.570,3.478,3.470,3.535,3.535
2022-12-23,3.523,3.730,3.751,3.695,3.773,3.788,3.782,3.715,3.615,3.555,3.551,3.580,3.580
2022-12-26,3.530,3.735,3.758,3.686,3.765,3.788,3.780,3.745,3.670,3.637,3.635,3.610,3.609
2022-12-27,3.532,3.730,3.747,3.681,3.765,3.776,3.763,3.727,3.665,3.641,3.605,3.570,3.566
2022-12-28,3.531,3.711,3.726,3.681,3.752,3.767,3.750,3.754,3.666,3.680,3.670,3.634,3.627
2022-12-29,3.531,3.708,3.726,3.682,3.725,3.757,3.748,3.788,3.725,3.738,3.735,3.680,3.682
2022-12-30,3.531,3.708,3.726,3.682,3.725,3.757,3.748,3.788,3.725,3.738,3.735,3.680,3.682
2023-01-02,3.506,3.683,3.693,3.670,3.723,3.761,3.751,3.822,3.760,3.786,3.791,3.733,3.720
2023-01-03,3.455,3.620,3.628,3.612,3.668,3.706,3.700,3.728,3.670,3.677,3.670,3.665,3.670
2023-01-04,3.417,3.582,3.593,3.570,3.628,3.633,3.648,3.670,3.625,3.595,3.575,3.590,3.595
2023-01-05,3.410,3.573,3.585,3.550,3.615,3.613,3.602,3.697,3.655,3.605,3.575,3.572,3.580
2023-01-06,3.410,3.560,3.580,3.530,3.597,3.611,3.618,3.710,3.687,3.625,3.575,3.537,3.541
2023-01-09,3.399,3.536,3.558,3.490,3.562,3.571,3.586,3.576,3.560,3.480,3.462,3.455,3.460
2023-01-10,3.403,3.540,3.561,3.493,3.572,3.577,3.589,3.578,3.550,3.480,3.472,3.480,3.482
2023-01-11,3.408,3.533,3.544,3.478,3.564,3.584,3.594,3.475,3.440,3.376,3.395,3.432,3.435
2023-01-12,3.430,3.532,3.542,3.473,3.556,3.578,3.577,3.495,3.462,3.395,3.395,3.425,3.420
2023-01-13,3.503,3.526,3.530,3.486,3.556,3.572,3.576,3.404,3.365,3.265,3.295,3.337,3.341
2023-01-16,3.502,3.530,3.553,3.491,3.562,3.596,3.603,3.488,3.445,3.370,3.372,3.388,3.390
2023-01-17,3.502,3.528,3.549,3.495,3.558,3.594,3.602,3.506,3.481,3.437,3.442,3.425,3.417
2023-01-18,3.489,3.512,3.521,3.480,3.547,3.571,3.573,3.415,3.373,3.331,3.320,3.320,3.312
2023-01-19,3.474,3.481,3.473,3.470,3.518,3.539,3.539,3.335,3.267,3.235,3.237,3.230,3.235
2023-01-20,3.484,3.494,3.491,3.479,3.526,3.548,3.546,3.380,3.319,3.287,3.272,3.255,3.260
2023-01-25,3.481,3.490,3.489,3.465,3.509,3.536,3.534,3.348,3.281,3.235,3.220,3.242,3.245
2023-01-26,3.480,3.488,3.485,3.453,3.487,3.511,3.506,3.367,3.270,3.225,3.230,3.265,3.262
2023-01-27,3.471,3.474,3.475,3.445,3.473,3.492,3.478,3.410,3.310,3.275,3.286,3.307,3.295
2023-01-30,3.450,3.457,3.459,3.435,3.464,3.483,3.469,3.383,3.265,3.235,3.235,3.275,3.265
2023-01-31,3.433,3.438,3.442,3.420,3.444,3.454,3.463,3.425,3.315,3.285,3.280,3.305,3.295
2023-02-01,3.419,3.423,3.433,3.410,3.434,3.441,3.450,3.389,3.270,3.242,3.242,3.275,3.270
2023-02-02,3.404,3.407,3.412,3.397,3.418,3.425,3.431,3.317,3.195,3.185,3.220,3.245,3.242
2023-02-03,3.389,3.392,3.389,3.391,3.405,3.408,3.401,3.233,3.116,3.105,3.155,3.195,3.200
2023-02-06,3.396,3.404,3.409,3.388,3.407,3.420,3.434,3.399,3.297,3.280,3.295,3.295,3.292
2023-02-07,3.390,3.400,3.406,3.382,3.401,3.416,3.432,3.388,3.300,3.275,3.282,3.280,3.271
2023-02-08,3.391,3.400,3.408,3.381,3.403,3.423,3.435,3.413,3.328,3.302,3.305,3.290,3.275
2023-02-09,3.397,3.408,3.424,3.380,3.404,3.425,3.446,3.482,3.405,3.387,3.359,3.320,3.292
2023-02-10,3.406,3.419,3.433,3.392,3.416,3.433,3.455,3.465,3.400,3.382,3.355,3.332,3.300
2023-02-13,3.434,3.452,3.466,3.419,3.446,3.464,3.498,3.517,3.445,3.444,3.417,3.385,3.345
2023-02-14,3.447,3.465,3.478,3.419,3.457,3.472,3.503,3.495,3.425,3.417,3.392,3.340,3.300
2023-02-15,3.467,3.486,3.501,3.428,3.477,3.500,3.538,3.588,3.512,3.507,3.487,3.402,3.347
2023-02-16,3.479,3.496,3.511,3.432,3.482,3.508,3.548,3.595,3.512,3.505,3.480,3.400,3.345
2023-02-17,3.515,3.536,3.562,3.466,3.516,3.549,3.601,3.710,3.637,3.640,3.618,3.526,3.490
2023-02-20,3.515,3.540,3.574,3.474,3.525,3.561,3.600,3.770,3.692,3.694,3.655,3.585,3.550
2023-02-21,3.514,3.538,3.568,3.474,3.526,3.559,3.590,3.698,3.615,3.637,3.595,3.557,3.520
2023-02-22,3.518,3.548,3.583,3.482,3.536,3.575,3.608,3.718,3.632,3.660,3.628,3.587,3.547
2023-02-23,3.517,3.547,3.580,3.484,3.535,3.571,3.599,3.704,3.603,3.630,3.597,3.546,3.509
2023-02-24,3.517,3.547,3.579,3.481,3.535,3.571,3.598,3.650,3.551,3.567,3.520,3.455,3.420
2023-02-27,3.541,3.579,3.622,3.495,3.549,3.615,3.637,3.803,3.700,3.700,3.630,3.530,3.495
2023-02-28,3.569,3.609,3.662,3.522,3.584,3.657,3.702,3.899,3.810,3.830,3.760,3.655,3.617
2023-03-02,3.586,3.627,3.687,3.541,3.604,3.681,3.733,3.942,3.865,3.890,3.834,3.715,3.670
2023-03-03,3.574,3.614,3.671,3.530,3.588,3.659,3.709,3.855,3.790,3.805,3.772,3.675,3.625
2023-03-06,3.553,3.599,3.649,3.515,3.565,3.628,3.674,3.824,3.767,3.767,3.715,3.630,3.590
2023-03-07,3.533,3.578,3.626,3.508,3.549,3.602,3.643,3.777,3.723,3.715,3.652,3.592,3.555
2023-03-08,3.555,3.607,3.670,3.521,3.565,3.625,3.690,3.911,3.850,3.813,3.712,3.625,3.585
2023-03-09,3.549,3.601,3.668,3.521,3.567,3.627,3.700,3.895,3.836,3.790,3.719,3.625,3.583
2023-03-10,3.522,3.560,3.618,3.503,3.556,3.617,3.680,3.755,3.712,3.610,3.582,3.476,3.432
2023-03-13,3.458,3.470,3.496,3.445,3.456,3.493,3.519,3.486,3.450,3.400,3.425,3.385,3.355
2023-03-14,3.417,3.426,3.434,3.410,3.411,3.424,3.446,3.450,3.415,3.367,3.375,3.350,3.325
2023-03-15,3.415,3.426,3.432,3.406,3.408,3.419,3.400,3.505,3.465,3.420,3.420,3.380,3.355
2023-03-16,3.398,3.405,3.402,3.391,3.388,3.391,3.339,3.443,3.410,3.365,3.399,3.382,3.359
2023-03-17,3.388,3.387,3.387,3.377,3.372,3.380,3.341,3.450,3.402,3.357,3.405,3.385,3.360
2023-03-20,3.352,3.345,3.333,3.343,3.334,3.328,3.281,3.310,3.235,3.229,3.290,3.307,3.295
2023-03-21,3.355,3.352,3.343,3.347,3.344,3.348,3.291,3.361,3.292,3.280,3.305,3.315,3.295
2023-03-22,3.354,3.355,3.349,3.358,3.351,3.357,3.307,3.323,3.253,3.229,3.265,3.265,3.249
2023-03-23,3.352,3.353,3.347,3.360,3.356,3.355,3.312,3.286,3.220,3.195,3.272,3.280,3.265
2023-03-24,3.339,3.336,3.329,3.340,3.335,3.326,3.278,3.252,3.170,3.165,3.222,3.220,3.205
2023-03-27,3.326,3.330,3.326,3.336,3.331,3.323,3.281,3.302,3.226,3.220,3.262,3.255,3.228
2023-03-28,3.315,3.320,3.316,3.321,3.318,3.312,3.271,3.333,3.260,3.247,3.277,3.280,3.260
2023-03-29,3.288,3.293,3.289,3.292,3.287,3.271,3.255,3.298,3.229,3.227,3.268,3.275,3.255
2023-03-30,3.273,3.282,3.274,3.277,3.274,3.259,3.255,3.295,3.230,3.245,3.310,3.326,3.310
2023-03-31,3.255,3.274,3.272,3.249,3.256,3.263,3.285,3.339,3.290,3.295,3.360,3.395,3.374
2023-04-03,3.261,3.271,3.271,3.235,3.243,3.250,3.306,3.377,3.335,3.327,3.385,3.416,3.395
2023-04-04,3.248,3.252,3.253,3.222,3.228,3.236,3.301,3.318,3.272,3.247,3.317,3.350,3.345
2023-04-05,3.245,3.248,3.249,3.216,3.220,3.221,3.301,3.327,3.267,3.235,3.327,3.345,3.345
2023-04-06,3.234,3.235,3.234,3.199,3.206,3.185,3.274,3.281,3.220,3.200,3.282,3.249,3.248
2023-04-07,3.232,3.233,3.234,3.192,3.200,3.175,3.279,3.302,3.238,3.215,3.292,3.245,3.239
2023-04-10,3.221,3.222,3.223,3.182,3.189,3.159,3.260,3.244,3.182,3.155,3.223,3.225,3.215
2023-04-11,3.226,3.228,3.231,3.181,3.190,3.169,3.256,3.275,3.212,3.180,3.242,3.227,3.212
2023-04-12,3.235,3.239,3.246,3.189,3.197,3.175,3.252,3.303,3.245,3.232,3.272,3.252,3.235
2023-04-13,3.230,3.234,3.239,3.192,3.202,3.165,3.231,3.261,3.210,3.204,3.280,3.267,3.257
2023-04-14,3.223,3.226,3.229,3.181,3.184,3.157,3.211,3.261,3.210,3.210,3.290,3.262,3.252
2023-04-17,3.234,3.237,3.241,3.183,3.202,3.172,3.226,3.334,3.300,3.293,3.357,3.317,3.302
2023-04-18,3.233,3.237,3.240,3.182,3.201,3.176,3.223,3.334,3.296,3.295,3.352,3.320,3.305
2023-04-19,3.242,3.248,3.251,3.196,3.216,3.198,3.238,3.388,3.352,3.337,3.372,3.330,3.307
2023-04-20,3.243,3.250,3.258,3.194,3.218,3.202,3.238,3.363,3.327,3.332,3.402,3.384,3.380
2023-04-21,3.234,3.238,3.240,3.181,3.207,3.194,3.223,3.299,3.250,3.260,3.318,3.305,3.295
2023-04-24,3.231,3.232,3.235,3.175,3.200,3.176,3.219,3.290,3.230,3.250,3.307,3.322,3.315
2023-04-25,3.235,3.236,3.242,3.175,3.210,3.181,3.226,3.334,3.278,3.280,3.327,3.350,3.340
2023-04-26,3.238,3.240,3.250,3.175,3.216,3.204,3.248,3.328,3.260,3.255,3.310,3.335,3.326
2023-04-27,3.248,3.252,3.266,3.187,3.234,3.241,3.285,3.347,3.286,3.272,3.345,3.352,3.345
2023-04-28,3.264,3.274,3.291,3.205,3.251,3.270,3.323,3.370,3.300,3.300,3.367,3.370,3.370
2023-05-02,3.286,3.296,3.315,3.230,3.274,3.291,3.352,3.402,3.328,3.320,3.370,3.395,3.390
2023-05-03,3.283,3.293,3.306,3.248,3.288,3.307,3.345,3.365,3.270,3.257,3.317,3.360,3.357
2023-05-04,3.277,3.281,3.284,3.257,3.278,3.281,3.322,3.317,3.215,3.200,3.277,3.332,3.340
2023-05-08,3.289,3.289,3.290,3.276,3.299,3.302,3.347,3.374,3.257,3.240,3.312,3.370,3.377
2023-05-09,3.291,3.291,3.293,3.279,3.301,3.304,3.349,3.365,3.258,3.240,3.320,3.352,3.360
2023-05-10,3.305,3.305,3.307,3.296,3.323,3.332,3.366,3.367,3.270,3.253,3.335,3.352,3.360
2023-05-11,3.300,3.300,3.301,3.294,3.324,3.333,3.365,3.318,3.220,3.207,3.295,3.337,3.350
2023-05-12,3.318,3.316,3.317,3.311,3.340,3.350,3.380,3.319,3.230,3.205,3.282,3.327,3.340
2023-05-15,3.359,3.357,3.359,3.344,3.373,3.383,3.413,3.368,3.275,3.252,3.333,3.380,3.387
2023-05-16,3.367,3.366,3.367,3.358,3.389,3.383,3.406,3.334,3.240,3.212,3.302,3.357,3.362
2023-05-17,3.388,3.384,3.385,3.381,3.412,3.397,3.413,3.369,3.275,3.242,3.320,3.365,3.370
2023-05-18,3.423,3.419,3.419,3.415,3.440,3.420,3.432,3.400,3.307,3.285,3.358,3.400,3.405
2023-05-19,3.439,3.437,3.438,3.429,3.451,3.437,3.455,3.429,3.337,3.329,3.415,3.445,3.447
2023-05-22,3.449,3.441,3.440,3.445,3.455,3.434,3.446,3.394,3.312,3.317,3.387,3.434,3.435
2023-05-23,3.468,3.464,3.464,3.462,3.470,3.450,3.464,3.460,3.380,3.393,3.480,3.510,3.512
2023-05-24,3.473,3.471,3.471,3.463,3.471,3.451,3.464,3.460,3.386,3.407,3.507,3.546,3.540
2023-05-25,3.509,3.509,3.509,3.492,3.502,3.497,3.508,3.550,3.475,3.505,3.595,3.626,3.612
2023-05-26,3.538,3.540,3.547,3.518,3.534,3.540,3.557,3.603,3.527,3.557,3.645,3.686,3.672
2023-05-30,3.546,3.546,3.556,3.521,3.536,3.547,3.584,3.649,3.555,3.577,3.652,3.695,3.682
2023-05-31,3.510,3.509,3.512,3.493,3.498,3.494,3.533,3.559,3.440,3.425,3.520,3.590,3.590
2023-06-01,3.508,3.509,3.512,3.488,3.492,3.496,3.527,3.584,3.480,3.464,3.550,3.615,3.620
2023-06-02,3.500,3.499,3.500,3.482,3.486,3.490,3.509,3.546,3.437,3.410,3.492,3.546,3.560
2023-06-05,3.505,3.506,3.510,3.502,3.507,3.507,3.527,3.620,3.500,3.475,3.550,3.600,3.607
2023-06-07,3.500,3.499,3.499,3.498,3.499,3.498,3.506,3.591,3.477,3.450,3.522,3.587,3.597
2023-06-08,3.504,3.503,3.505,3.501,3.502,3.503,3.516,3.633,3.547,3.530,3.632,3.682,3.692
2023-06-09,3.503,3.501,3.500,3.492,3.492,3.486,3.500,3.592,3.510,3.505,3.618,3.680,3.687
2023-06-12,3.500,3.498,3.497,3.488,3.469,3.490,3.475,3.580,3.492,3.505,3.574,3.656,3.662
2023-06-13,3.497,3.497,3.496,3.477,3.455,3.479,3.463,3.562,3.485,3.506,3.580,3.650,3.657
2023-06-14,3.510,3.512,3.514,3.490,3.466,3.496,3.485,3.609,3.538,3.562,3.625,3.662,3.670
2023-06-15,3.521,3.527,3.533,3.494,3.462,3.513,3.517,3.664,3.620,3.630,3.685,3.685,3.690
2023-06-16,3.514,3.523,3.528,3.488,3.453,3.512,3.515,3.631,3.588,3.600,3.658,3.684,3.680
2023-06-19,3.519,3.527,3.532,3.495,3.453,3.512,3.511,3.635,3.580,3.587,3.635,3.680,3.677
2023-06-20,3.517,3.525,3.530,3.495,3.451,3.516,3.509,3.635,3.580,3.590,3.645,3.700,3.696
2023-06-21,3.519,3.525,3.530,3.491,3.447,3.513,3.496,3.627,3.570,3.576,3.622,3.678,3.667
2023-06-22,3.523,3.529,3.536,3.498,3.451,3.523,3.514,3.650,3.598,3.599,3.653,3.695,3.687
2023-06-23,3.526,3.533,3.540,3.503,3.456,3.545,3.521,3.667,3.612,3.620,3.670,3.727,3.735
2023-06-26,3.521,3.524,3.529,3.498,3.450,3.531,3.509,3.623,3.570,3.575,3.607,3.647,3.653
2023-06-27,3.516,3.519,3.522,3.488,3.441,3.521,3.502,3.620,3.550,3.562,3.602,3.639,3.645
2023-06-28,3.522,3.527,3.531,3.499,3.456,3.539,3.518,3.628,3.560,3.565,3.610,3.647,3.655
2023-06-29,3.532,3.535,3.541,3.514,3.473,3.563,3.534,3.656,3.595,3.595,3.633,3.657,3.660
2023-06-30,3.554,3.559,3.568,3.540,3.508,3.601,3.578,3.710,3.656,3.650,3.660,3.670,3.667
2023-07-03,3.551,3.556,3.563,3.533,3.490,3.599,3.558,3.660,3.607,3.580,3.590,3.580,3.580
2023-07-04,3.554,3.558,3.568,3.534,3.492,3.626,3.568,3.673,3.617,3.600,3.630,3.621,3.625
2023-07-05,3.557,3.561,3.571,3.534,3.492,3.628,3.562,3.665,3.615,3.602,3.635,3.617,3.615
2023-07-06,3.583,3.587,3.600,3.564,3.528,3.668,3.600,3.731,3.672,3.675,3.715,3.675,3.677
2023-07-07,3.618,3.624,3.638,3.598,3.565,3.707,3.642,3.785,3.735,3.730,3.757,3.697,3.695
2023-07-10,3.636,3.644,3.661,3.620,3.579,3.728,3.670,3.840,3.795,3.815,3.867,3.790,3.775
2023-07-11,3.622,3.628,3.631,3.608,3.562,3.705,3.623,3.752,3.700,3.716,3.760,3.693,3.670
2023-07-12,3.623,3.630,3.635,3.611,3.559,3.711,3.619,3.754,3.705,3.722,3.757,3.688,3.638
2023-07-13,3.595,3.596,3.597,3.586,3.533,3.684,3.590,3.653,3.602,3.607,3.660,3.630,3.597
2023-07-14,3.594,3.595,3.596,3.583,3.528,3.683,3.588,3.664,3.615,3.637,3.690,3.652,3.635
2023-07-17,3.594,3.595,3.596,3.580,3.520,3.674,3.581,3.656,3.607,3.617,3.660,3.637,3.617
2023-07-18,3.584,3.584,3.585,3.570,3.504,3.659,3.561,3.639,3.600,3.605,3.645,3.637,3.630
2023-07-19,3.570,3.572,3.572,3.561,3.496,3.627,3.530,3.587,3.540,3.540,3.575,3.600,3.590
2023-07-20,3.576,3.578,3.578,3.566,3.504,3.636,3.540,3.627,3.582,3.580,3.610,3.595,3.590
2023-07-21,3.578,3.580,3.582,3.563,3.500,3.627,3.540,3.636,3.602,3.600,3.635,3.600,3.602
2023-07-24,3.580,3.582,3.584,3.563,3.500,3.607,3.537,3.652,3.620,3.612,3.646,3.596,3.600
2023-07-25,3.579,3.582,3.584,3.553,3.490,3.586,3.525,3.671,3.639,3.635,3.680,3.636,3.635
2023-07-26,3.573,3.575,3.576,3.548,3.483,3.576,3.519,3.651,3.622,3.617,3.655,3.635,3.632
2023-07-27,3.569,3.570,3.570,3.541,3.469,3.561,3.497,3.618,3.583,3.582,3.637,3.635,3.634
2023-07-28,3.572,3.578,3.588,3.540,3.467,3.581,3.506,3.676,3.633,3.650,3.731,3.695,3.695
2023-07-31,3.577,3.583,3.593,3.545,3.479,3.584,3.506,3.715,3.682,3.700,3.765,3.690,3.682
2023-08-01,3.572,3.578,3.585,3.532,3.466,3.565,3.481,3.685,3.650,3.672,3.733,3.675,3.645
2023-08-02,3.572,3.578,3.585,3.518,3.469,3.564,3.478,3.705,3.670,3.702,3.780,3.713,3.665
2023-08-03,3.576,3.582,3.589,3.520,3.478,3.575,3.489,3.742,3.715,3.760,3.860,3.770,3.730
2023-08-04,3.577,3.582,3.589,3.520,3.478,3.568,3.488,3.758,3.737,3.775,3.874,3.800,3.760
2023-08-07,3.565,3.570,3.573,3.514,3.476,3.557,3.479,3.730,3.689,3.717,3.818,3.762,3.722
2023-08-08,3.556,3.561,3.565,3.507,3.473,3.544,3.464,3.690,3.645,3.655,3.737,3.695,3.673
2023-08-09,3.553,3.561,3.569,3.505,3.467,3.543,3.463,3.710,3.670,3.690,3.776,3.712,3.684
2023-08-10,3.551,3.560,3.569,3.492,3.444,3.545,3.466,3.714,3.677,3.705,3.780,3.717,3.685
2023-08-11,3.552,3.562,3.572,3.490,3.440,3.545,3.466,3.716,3.695,3.730,3.820,3.761,3.730
2023-08-14,3.560,3.570,3.582,3.485,3.425,3.540,3.470,3.752,3.748,3.800,3.900,3.827,3.785
2023-08-16,3.554,3.559,3.565,3.479,3.417,3.533,3.461,3.716,3.700,3.757,3.861,3.799,3.770
2023-08-17,3.567,3.574,3.586,3.493,3.431,3.549,3.492,3.775,3.782,3.861,3.963,3.885,3.835
2023-08-18,3.559,3.565,3.571,3.485,3.423,3.543,3.488,3.725,3.725,3.796,3.905,3.825,3.775
2023-08-21,3.569,3.578,3.588,3.495,3.439,3.565,3.508,3.775,3.790,3.857,3.967,3.867,3.803
2023-08-22,3.572,3.584,3.594,3.500,3.446,3.573,3.516,3.783,3.798,3.865,3.984,3.917,3.855
2023-08-23,3.568,3.580,3.589,3.490,3.434,3.565,3.519,3.766,3.770,3.821,3.920,3.875,3.815
2023-08-24,3.564,3.576,3.582,3.482,3.401,3.571,3.528,3.756,3.754,3.800,3.877,3.840,3.794
2023-08-25,3.565,3.578,3.586,3.479,3.388,3.580,3.542,3.783,3.790,3.842,3.933,3.880,3.837
2023-08-28,3.564,3.576,3.584,3.475,3.384,3.576,3.534,3.765,3.760,3.795,3.872,3.835,3.800
2023-08-29,3.563,3.575,3.583,3.471,3.375,3.576,3.516,3.751,3.740,3.780,3.845,3.815,3.780
2023-08-30,3.564,3.575,3.582,3.471,3.375,3.576,3.511,3.741,3.740,3.785,3.857,3.815,3.783
2023-08-31,3.558,3.568,3.575,3.469,3.375,3.575,3.507,3.721,3.717,3.755,3.825,3.770,3.735
2023-09-01,3.558,3.567,3.574,3.470,3.376,3.582,3.488,3.709,3.687,3.715,3.780,3.720,3.686
2023-09-04,3.572,3.582,3.590,3.484,3.396,3.611,3.508,3.752,3.732,3.775,3.855,3.761,3.717
2023-09-05,3.578,3.589,3.597,3.490,3.406,3.629,3.511,3.800,3.765,3.815,3.887,3.804,3.742
2023-09-06,3.579,3.590,3.597,3.488,3.432,3.619,3.533,3.800,3.775,3.825,3.905,3.827,3.777
2023-09-07,3.593,3.606,3.615,3.492,3.476,3.614,3.571,3.857,3.840,3.885,3.965,3.860,3.810
2023-09-08,3.584,3.595,3.604,3.470,3.504,3.581,3.575,3.822,3.790,3.830,3.886,3.816,3.755
2023-09-11,3.603,3.614,3.624,3.422,3.635,3.564,3.641,3.873,3.860,3.880,3.955,3.842,3.817
2023-09-12,3.610,3.620,3.631,3.418,3.643,3.571,3.638,3.878,3.862,3.887,3.970,3.851,3.825
2023-09-13,3.611,3.622,3.630,3.411,3.649,3.577,3.640,3.866,3.850,3.875,3.947,3.811,3.780
2023-09-14,3.612,3.623,3.630,3.406,3.651,3.577,3.636,3.855,3.835,3.858,3.917,3.793,3.747
2023-09-15,3.612,3.623,3.632,3.406,3.668,3.583,3.645,3.865,3.847,3.879,3.927,3.815,3.775
2023-09-18,3.624,3.639,3.651,3.418,3.680,3.580,3.645,3.907,3.893,3.930,3.975,3.855,3.815
2023-09-19,3.623,3.638,3.648,3.415,3.674,3.578,3.645,3.898,3.885,3.910,3.952,3.850,3.815
2023-09-20,3.623,3.638,3.648,3.416,3.675,3.578,3.650,3.892,3.880,3.904,3.952,3.850,3.805
2023-09-21,3.636,3.651,3.663,3.432,3.690,3.597,3.677,3.925,3.925,3.960,4.030,3.900,3.848
2023-09-22,3.629,3.644,3.652,3.424,3.668,3.573,3.643,3.860,3.865,3.912,3.995,3.880,3.830
2023-09-25,3.629,3.644,3.650,3.424,3.669,3.576,3.650,3.867,3.880,3.930,4.015,3.917,3.870
2023-09-26,3.629,3.644,3.650,3.420,3.680,3.577,3.659,3.878,3.897,3.955,4.055,3.964,3.915
2023-09-27,3.625,3.638,3.645,3.414,3.672,3.564,3.673,3.859,3.875,3.925,4.012,3.931,3.882
2023-10-04,3.666,3.685,3.698,3.456,3.721,3.642,3.753,4.093,4.140,4.232,4.385,4.275,4.249
2023-10-05,3.660,3.675,3.684,3.439,3.702,3.627,3.737,4.039,4.085,4.187,4.335,4.247,4.220
2023-10-06,3.647,3.659,3.666,3.431,3.694,3.622,3.737,3.968,4.011,4.100,4.244,4.173,4.136
2023-10-10,3.642,3.648,3.656,3.426,3.686,3.609,3.727,3.951,4.000,4.088,4.225,4.165,4.133
2023-10-11,3.635,3.638,3.641,3.414,3.676,3.584,3.708,3.907,3.947,4.025,4.137,4.100,4.085
2023-10-12,3.633,3.637,3.642,3.410,3.676,3.584,3.716,3.881,3.927,3.990,4.092,4.042,4.020
2023-10-13,3.626,3.631,3.641,3.406,3.666,3.571,3.736,3.902,3.952,4.037,4.165,4.118,4.095
2023-10-16,3.619,3.627,3.639,3.402,3.637,3.565,3.733,3.921,3.974,4.066,4.197,4.161,4.144
2023-10-17,3.624,3.633,3.649,3.402,3.610,3.558,3.739,3.932,3.994,4.095,4.225,4.185,4.167
2023-10-18,3.627,3.640,3.656,3.411,3.617,3.566,3.752,3.954,4.027,4.150,4.285,4.230,4.210
2023-10-19,3.637,3.649,3.666,3.421,3.625,3.570,3.761,3.966,4.065,4.210,4.360,4.300,4.277
2023-10-20,3.632,3.644,3.659,3.420,3.622,3.563,3.750,3.930,4.027,4.176,4.317,4.265,4.247
2023-10-23,3.638,3.651,3.667,3.421,3.623,3.559,3.757,3.960,4.060,4.233,4.375,4.335,4.320
2023-10-24,3.628,3.643,3.657,3.409,3.603,3.521,3.728,3.914,3.995,4.130,4.260,4.230,4.227
2023-10-25,3.630,3.645,3.664,3.406,3.598,3.499,3.736,3.955,4.045,4.160,4.287,4.210,4.205
2023-10-26,3.638,3.654,3.677,3.415,3.608,3.505,3.759,3.995,4.112,4.245,4.400,4.265,4.260
2023-10-27,3.630,3.644,3.666,3.406,3.590,3.481,3.727,3.973,4.077,4.172,4.290,4.084,4.040
2023-10-30,3.630,3.645,3.667,3.407,3.600,3.481,3.727,3.976,4.085,4.188,4.305,4.132,4.092
2023-10-31,3.631,3.646,3.668,3.405,3.602,3.467,3.728,3.981,4.083,4.202,4.335,4.140,4.070
2023-11-01,3.626,3.640,3.661,3.395,3.585,3.447,3.711,3.963,4.065,4.165,4.285,4.087,4.020
2023-11-02,3.620,3.634,3.653,3.394,3.579,3.434,3.718,3.908,3.980,4.056,4.160,4.050,4.005
2023-11-03,3.617,3.626,3.643,3.390,3.581,3.436,3.729,3.893,3.945,4.015,4.100,3.992,3.945
2023-11-06,3.616,3.621,3.633,3.390,3.586,3.436,3.727,3.860,3.880,3.952,4.056,3.964,3.910
2023-11-07,3.616,3.622,3.633,3.396,3.597,3.484,3.746,3.870,3.882,3.950,4.055,3.925,3.872
2023-11-08,3.617,3.623,3.634,3.399,3.599,3.512,3.763,3.867,3.871,3.930,4.030,3.880,3.817
2023-11-09,3.616,3.622,3.630,3.393,3.600,3.526,3.762,3.852,3.838,3.873,3.935,3.780,3.722
2023-11-10,3.616,3.623,3.632,3.395,3.610,3.547,3.785,3.873,3.853,3.892,3.960,3.795,3.737
2023-11-13,3.612,3.624,3.635,3.394,3.615,3.564,3.801,3.895,3.872,3.923,4.007,3.830,3.785
2023-11-14,3.609,3.620,3.629,3.389,3.613,3.562,3.793,3.888,3.857,3.902,3.980,3.837,3.800
2023-11-15,3.602,3.610,3.618,3.378,3.612,3.552,3.766,3.790,3.745,3.762,3.817,3.697,3.652
2023-11-16,3.597,3.605,3.611,3.379,3.611,3.550,3.753,3.746,3.697,3.717,3.790,3.660,3.623
2023-11-17,3.612,3.623,3.628,3.394,3.640,3.601,3.733,3.726,3.685,3.720,3.805,3.706,3.670
2023-11-20,3.606,3.619,3.622,3.392,3.634,3.598,3.720,3.703,3.659,3.687,3.745,3.660,3.629
2023-11-21,3.605,3.618,3.621,3.382,3.628,3.599,3.711,3.684,3.639,3.669,3.710,3.627,3.588
2023-11-22,3.607,3.620,3.623,3.395,3.629,3.611,3.705,3.714,3.665,3.705,3.760,3.674,3.635
2023-11-23,3.607,3.620,3.623,3.392,3.624,3.611,3.691,3.695,3.642,3.675,3.710,3.645,3.605
2023-11-24,3.615,3.631,3.635,3.401,3.630,3.637,3.710,3.718,3.674,3.720,3.775,3.710,3.670
2023-11-27,3.614,3.630,3.634,3.402,3.629,3.639,3.712,3.725,3.687,3.715,3.762,3.702,3.667
2023-11-28,3.610,3.624,3.625,3.400,3.624,3.634,3.696,3.683,3.650,3.672,3.735,3.645,3.609
2023-11-29,3.580,3.586,3.586,3.392,3.603,3.620,3.639,3.581,3.550,3.576,3.640,3.550,3.515
2023-11-30,3.582,3.588,3.588,3.406,3.605,3.622,3.638,3.606,3.582,3.620,3.697,3.595,3.567
2023-12-01,3.580,3.584,3.584,3.402,3.603,3.617,3.616,3.602,3.585,3.620,3.700,3.577,3.560
2023-12-04,3.569,3.570,3.570,3.400,3.600,3.619,3.591,3.565,3.532,3.562,3.625,3.525,3.512
2023-12-05,3.566,3.564,3.561,3.400,3.594,3.602,3.573,3.525,3.482,3.517,3.575,3.488,3.472
2023-12-06,3.563,3.561,3.557,3.407,3.592,3.591,3.564,3.522,3.470,3.486,3.540,3.447,3.436
2023-12-07,3.565,3.563,3.563,3.409,3.590,3.586,3.574,3.545,3.505,3.520,3.575,3.477,3.460
2023-12-08,3.561,3.558,3.558,3.424,3.585,3.578,3.560,3.516,3.460,3.460,3.533,3.452,3.440
2023-12-11,3.563,3.565,3.567,3.544,3.582,3.576,3.563,3.555,3.470,3.515,3.560,3.491,3.477
2023-12-12,3.560,3.562,3.564,3.529,3.584,3.577,3.568,3.527,3.447,3.485,3.530,3.442,3.432
2023-12-13,3.562,3.564,3.564,3.537,3.586,3.587,3.577,3.539,3.460,3.495,3.526,3.395,3.378
2023-12-14,3.488,3.466,3.442,3.475,3.518,3.503,3.441,3.323,3.236,3.260,3.303,3.220,3.210
2023-12-15,3.492,3.471,3.446,3.486,3.524,3.509,3.464,3.352,3.275,3.302,3.348,3.286,3.275
2023-12-18,3.487,3.466,3.444,3.492,3.522,3.504,3.464,3.364,3.279,3.302,3.339,3.259,3.248
2023-12-19,3.492,3.472,3.449,3.500,3.524,3.506,3.464,3.367,3.273,3.296,3.306,3.240,3.225
2023-12-20,3.488,3.469,3.446,3.500,3.522,3.501,3.443,3.319,3.223,3.245,3.277,3.232,3.202
2023-12-21,3.488,3.469,3.446,3.497,3.525,3.501,3.448,3.319,3.232,3.251,3.292,3.250,3.227
2023-12-22,3.488,3.469,3.446,3.503,3.516,3.502,3.453,3.301,3.225,3.243,3.291,3.242,3.209
2023-12-26,3.485,3.466,3.444,3.505,3.495,3.496,3.450,3.299,3.215,3.221,3.266,3.219,3.190
2023-12-27,3.485,3.466,3.444,3.521,3.487,3.496,3.446,3.294,3.212,3.215,3.255,3.170,3.150
2023-12-28,3.464,3.444,3.417,3.515,3.471,3.477,3.422,3.241,3.145,3.155,3.175,3.095,3.080
2023-12-29,3.464,3.444,3.417,3.515,3.471,3.477,3.422,3.241,3.145,3.155,3.175,3.095,3.080
2024-01-02,3.467,3.447,3.413,3.508,3.480,3.491,3.441,3.329,3.245,3.270,3.305,3.240,3.222
2024-01-03,3.465,3.445,3.395,3.510,3.485,3.503,3.459,3.365,3.275,3.308,3.335,3.250,3.231
2024-01-04,3.454,3.433,3.379,3.504,3.474,3.485,3.434,3.332,3.223,3.257,3.285,3.213,3.185
2024-01-05,3.448,3.424,3.368,3.504,3.472,3.487,3.429,3.376,3.280,3.302,3.337,3.240,3.200
2024-01-08,3.432,3.415,3.354,3.501,3.470,3.482,3.427,3.390,3.290,3.306,3.355,3.245,3.190
2024-01-09,3.423,3.405,3.342,3.497,3.462,3.473,3.407,3.362,3.247,3.267,3.315,3.227,3.180
2024-01-10,3.420,3.404,3.341,3.498,3.459,3.467,3.403,3.352,3.267,3.295,3.347,3.257,3.215
2024-01-11,3.414,3.396,3.325,3.498,3.457,3.465,3.373,3.306,3.222,3.252,3.317,3.245,3.202
2024-01-12,3.406,3.384,3.313,3.482,3.448,3.453,3.355,3.280,3.197,3.232,3.306,3.257,3.215
2024-01-15,3.395,3.373,3.304,3.478,3.445,3.447,3.346,3.264,3.195,3.227,3.295,3.243,3.198
2024-01-16,3.395,3.373,3.304,3.478,3.444,3.446,3.342,3.300,3.231,3.265,3.315,3.261,3.215
2024-01-17,3.394,3.373,3.307,3.474,3.444,3.446,3.344,3.329,3.270,3.312,3.360,3.283,3.215
2024-01-18,3.392,3.370,3.308,3.473,3.443,3.443,3.338,3.326,3.270,3.315,3.372,3.287,3.225
2024-01-19,3.392,3.370,3.308,3.473,3.439,3.442,3.337,3.346,3.303,3.355,3.415,3.325,3.265
2024-01-22,3.388,3.364,3.300,3.444,3.430,3.435,3.333,3.318,3.277,3.322,3.375,3.312,3.250
2024-01-23,3.388,3.362,3.299,3.444,3.419,3.431,3.331,3.335,3.288,3.330,3.375,3.320,3.260
2024-01-24,3.390,3.362,3.302,3.441,3.419,3.432,3.331,3.340,3.292,3.333,3.397,3.335,3.272
2024-01-25,3.390,3.362,3.302,3.438,3.421,3.428,3.330,3.340,3.305,3.345,3.415,3.365,3.305
2024-01-26,3.391,3.360,3.297,3.432,3.419,3.428,3.333,3.291,3.260,3.310,3.387,3.355,3.300
2024-01-29,3.401,3.369,3.305,3.440,3.430,3.437,3.346,3.339,3.304,3.364,3.441,3.420,3.366
2024-01-30,3.399,3.365,3.304,3.432,3.429,3.436,3.340,3.312,3.270,3.312,3.361,3.338,3.297
2024-01-31,3.401,3.366,3.305,3.435,3.433,3.435,3.339,3.310,3.258,3.295,3.345,3.330,3.297
2024-02-01,3.403,3.366,3.306,3.435,3.432,3.435,3.347,3.319,3.270,3.297,3.345,3.322,3.285
2024-02-02,3.400,3.365,3.305,3.434,3.432,3.434,3.343,3.305,3.243,3.256,3.290,3.250,3.212
2024-02-05,3.414,3.384,3.329,3.443,3.450,3.460,3.372,3.398,3.307,3.335,3.382,3.320,3.275
2024-02-06,3.413,3.382,3.325,3.442,3.446,3.458,3.371,3.366,3.291,3.327,3.383,3.344,3.303
2024-02-07,3.415,3.385,3.328,3.442,3.446,3.456,3.379,3.361,3.290,3.317,3.382,3.346,3.307
2024-02-08,3.418,3.389,3.332,3.445,3.455,3.463,3.402,3.374,3.303,3.340,3.405,3.363,3.327
2024-02-13,3.421,3.393,3.340,3.447,3.457,3.462,3.417,3.404,3.347,3.385,3.445,3.388,3.350
2024-02-14,3.432,3.408,3.359,3.452,3.462,3.468,3.451,3.471,3.414,3.455,3.495,3.415,3.360
2024-02-15,3.427,3.402,3.353,3.446,3.455,3.463,3.452,3.465,3.407,3.445,3.480,3.412,3.350
2024-02-16,3.432,3.408,3.360,3.449,3.458,3.465,3.463,3.458,3.406,3.445,3.480,3.425,3.362
2024-02-19,3.435,3.408,3.361,3.449,3.458,3.464,3.475,3.452,3.396,3.440,3.467,3.430,3.360
2024-02-20,3.437,3.411,3.366,3.450,3.462,3.466,3.496,3.467,3.407,3.460,3.492,3.460,3.397
2024-02-21,3.439,3.410,3.365,3.451,3.463,3.471,3.498,3.463,3.402,3.440,3.475,3.450,3.390
2024-02-22,3.439,3.410,3.365,3.449,3.459,3.471,3.482,3.420,3.345,3.391,3.430,3.424,3.367
2024-02-23,3.442,3.416,3.371,3.449,3.459,3.478,3.490,3.450,3.377,3.439,3.480,3.453,3.380
2024-02-26,3.460,3.438,3.393,3.451,3.457,3.511,3.484,3.425,3.338,3.375,3.401,3.380,3.307
2024-02-27,3.462,3.440,3.396,3.451,3.457,3.517,3.486,3.448,3.365,3.400,3.430,3.400,3.322
2024-02-28,3.466,3.446,3.404,3.453,3.455,3.519,3.484,3.455,3.365,3.410,3.452,3.435,3.365
2024-02-29,3.472,3.450,3.408,3.454,3.457,3.513,3.478,3.465,3.382,3.430,3.480,3.460,3.390
2024-03-04,3.473,3.444,3.401,3.452,3.455,3.503,3.466,3.439,3.357,3.401,3.435,3.427,3.357
2024-03-05,3.473,3.443,3.400,3.452,3.456,3.499,3.456,3.439,3.352,3.390,3.415,3.395,3.320
2024-03-06,3.469,3.436,3.390,3.448,3.448,3.489,3.432,3.410,3.320,3.355,3.377,3.375,3.310
2024-03-07,3.469,3.435,3.389,3.448,3.448,3.483,3.423,3.413,3.317,3.360,3.397,3.400,3.335
2024-03-08,3.466,3.429,3.379,3.446,3.449,3.466,3.390,3.362,3.265,3.297,3.321,3.330,3.272
2024-03-11,3.466,3.429,3.378,3.445,3.465,3.414,3.352,3.341,3.275,3.282,3.347,3.340,3.270
2024-03-12,3.466,3.429,3.374,3.445,3.468,3.406,3.347,3.346,3.270,3.280,3.333,3.316,3.245
2024-03-13,3.465,3.424,3.366,3.442,3.464,3.370,3.333,3.331,3.245,3.267,3.327,3.308,3.230
2024-03-14,3.463,3.419,3.362,3.445,3.466,3.368,3.338,3.350,3.267,3.296,3.355,3.340,3.266
2024-03-15,3.460,3.415,3.355,3.445,3.466,3.366,3.341,3.374,3.305,3.340,3.410,3.385,3.310
2024-03-18,3.455,3.407,3.339,3.445,3.461,3.370,3.345,3.415,3.350,3.385,3.432,3.418,3.325
2024-03-19,3.455,3.406,3.341,3.445,3.461,3.370,3.345,3.443,3.390,3.422,3.475,3.425,3.345
2024-03-20,3.454,3.402,3.335,3.441,3.451,3.376,3.344,3.429,3.365,3.390,3.440,3.400,3.314
2024-03-21,3.451,3.393,3.325,3.415,3.445,3.365,3.338,3.361,3.305,3.345,3.407,3.374,3.287
2024-03-22,3.450,3.392,3.326,3.412,3.446,3.366,3.340,3.341,3.287,3.322,3.364,3.349,3.265
2024-03-25,3.449,3.390,3.324,3.412,3.446,3.372,3.340,3.314,3.291,3.327,3.380,3.370,3.277
2024-03-26,3.453,3.394,3.334,3.418,3.450,3.384,3.350,3.325,3.302,3.345,3.412,3.398,3.302
2024-03-27,3.457,3.403,3.343,3.424,3.458,3.392,3.364,3.323,3.287,3.314,3.375,3.365,3.262
2024-03-28,3.460,3.409,3.345,3.424,3.457,3.403,3.377,3.340,3.300,3.325,3.380,3.370,3.280
2024-03-29,3.462,3.412,3.349,3.432,3.462,3.412,3.395,3.360,3.318,3.345,3.402,3.378,3.310
2024-04-01,3.460,3.406,3.346,3.429,3.454,3.406,3.387,3.348,3.292,3.320,3.376,3.350,3.282
2024-04-02,3.460,3.415,3.356,3.429,3.452,3.406,3.394,3.360,3.325,3.362,3.425,3.375,3.300
2024-04-03,3.459,3.405,3.355,3.429,3.448,3.406,3.394,3.360,3.327,3.372,3.450,3.388,3.310
2024-04-04,3.459,3.405,3.355,3.427,3.450,3.411,3.397,3.369,3.336,3.384,3.459,3.404,3.321
2024-04-05,3.457,3.404,3.352,3.422,3.442,3.410,3.395,3.366,3.330,3.372,3.435,3.390,3.301
2024-04-08,3.459,3.416,3.367,3.422,3.442,3.415,3.403,3.423,3.377,3.420,3.487,3.425,3.335
2024-04-09,3.459,3.416,3.367,3.422,3.442,3.417,3.407,3.425,3.387,3.435,3.505,3.431,3.337
2024-04-11,3.466,3.429,3.390,3.426,3.463,3.440,3.445,3.485,3.460,3.510,3.587,3.490,3.390
2024-04-12,3.455,3.417,3.378,3.419,3.450,3.427,3.423,3.424,3.397,3.452,3.537,3.450,3.359
2024-04-15,3.446,3.416,3.385,3.414,3.444,3.440,3.435,3.467,3.437,3.494,3.557,3.480,3.390
2024-04-16,3.450,3.428,3.394,3.414,3.443,3.440,3.441,3.487,3.470,3.539,3.627,3.530,3.437
2024-04-17,3.450,3.427,3.395,3.414,3.437,3.440,3.440,3.481,3.465,3.532,3.625,3.525,3.425
2024-04-18,3.448,3.426,3.395,3.408,3.428,3.432,3.432,3.447,3.430,3.498,3.565,3.475,3.382
2024-04-19,3.456,3.442,3.425,3.422,3.449,3.452,3.457,3.498,3.477,3.550,3.590,3.490,3.392
2024-04-22,3.458,3.447,3.434,3.422,3.448,3.450,3.477,3.522,3.510,3.585,3.652,3.555,3.450
2024-04-23,3.456,3.443,3.431,3.421,3.441,3.445,3.467,3.502,3.487,3.560,3.635,3.560,3.460
2024-04-24,3.455,3.439,3.430,3.415,3.434,3.435,3.467,3.510,3.507,3.582,3.652,3.565,3.472
2024-04-25,3.457,3.441,3.433,3.416,3.435,3.435,3.470,3.519,3.540,3.625,3.710,3.615,3.522
2024-04-26,3.457,3.439,3.430,3.416,3.437,3.433,3.467,3.503,3.517,3.583,3.685,3.605,3.520
2024-04-29,3.461,3.443,3.436,3.418,3.448,3.442,3.476,3.524,3.537,3.612,3.690,3.602,3.517
2024-04-30,3.458,3.441,3.434,3.418,3.445,3.435,3.469,3.518,3.525,3.585,3.650,3.562,3.482
2024-05-02,3.456,3.439,3.429,3.418,3.451,3.431,3.463,3.502,3.510,3.565,3.642,3.552,3.465
2024-05-03,3.454,3.436,3.425,3.418,3.454,3.428,3.463,3.505,3.505,3.552,3.617,3.530,3.437
2024-05-07,3.447,3.428,3.414,3.415,3.459,3.420,3.451,3.470,3.443,3.480,3.537,3.466,3.377
2024-05-08,3.447,3.428,3.412,3.413,3.451,3.420,3.450,3.465,3.437,3.475,3.532,3.467,3.385
2024-05-09,3.448,3.432,3.419,3.410,3.449,3.417,3.455,3.472,3.450,3.495,3.557,3.502,3.422
2024-05-10,3.446,3.428,3.412,3.410,3.451,3.418,3.455,3.460,3.433,3.475,3.535,3.470,3.392
2024-05-13,3.447,3.429,3.412,3.408,3.455,3.412,3.461,3.473,3.452,3.495,3.555,3.490,3.407
2024-05-14,3.447,3.429,3.410,3.408,3.453,3.412,3.458,3.473,3.452,3.495,3.545,3.472,3.392
2024-05-16,3.440,3.418,3.392,3.403,3.450,3.390,3.420,3.415,3.377,3.415,3.465,3.395,3.322
2024-05-17,3.440,3.418,3.392,3.403,3.450,3.381,3.420,3.415,3.375,3.410,3.455,3.397,3.320
2024-05-20,3.443,3.422,3.403,3.406,3.451,3.383,3.430,3.438,3.407,3.442,3.497,3.452,3.360
2024-05-21,3.443,3.424,3.405,3.406,3.451,3.383,3.431,3.443,3.412,3.445,3.495,3.430,3.340
2024-05-22,3.446,3.427,3.407,3.406,3.452,3.383,3.424,3.445,3.415,3.445,3.485,3.412,3.320
2024-05-23,3.443,3.424,3.406,3.403,3.449,3.382,3.411,3.435,3.400,3.420,3.466,3.415,3.320
2024-05-24,3.447,3.430,3.413,3.403,3.459,3.395,3.414,3.449,3.415,3.440,3.507,3.440,3.360
2024-05-27,3.445,3.428,3.409,3.401,3.457,3.395,3.405,3.445,3.410,3.437,3.496,3.440,3.360
2024-05-28,3.440,3.422,3.401,3.401,3.455,3.396,3.392,3.422,3.387,3.415,3.477,3.427,3.355
2024-05-29,3.443,3.424,3.405,3.402,3.457,3.397,3.399,3.445,3.420,3.465,3.535,3.477,3.395
2024-05-30,3.448,3.430,3.415,3.401,3.457,3.399,3.402,3.458,3.440,3.490,3.562,3.490,3.410
2024-05-31,3.451,3.431,3.414,3.401,3.459,3.391,3.386,3.464,3.452,3.502,3.580,3.505,3.430
2024-06-03,3.456,3.430,3.413,3.401,3.456,3.381,3.376,3.445,3.432,3.467,3.537,3.447,3.367
2024-06-04,3.456,3.430,3.407,3.401,3.450,3.370,3.367,3.415,3.392,3.417,3.472,3.400,3.322
2024-06-05,3.454,3.428,3.404,3.404,3.441,3.361,3.351,3.382,3.343,3.367,3.432,3.365,3.295
2024-06-07,3.452,3.425,3.401,3.412,3.414,3.346,3.342,3.353,3.307,3.330,3.385,3.327,3.260
2024-06-10,3.453,3.426,3.404,3.413,3.374,3.352,3.348,3.403,3.345,3.383,3.432,3.370,3.290
2024-06-11,3.451,3.426,3.402,3.413,3.364,3.364,3.349,3.390,3.332,3.360,3.416,3.346,3.265
2024-06-12,3.451,3.424,3.397,3.414,3.355,3.360,3.342,3.360,3.295,3.315,3.370,3.312,3.237
2024-06-13,3.449,3.418,3.390,3.412,3.348,3.355,3.342,3.345,3.277,3.300,3.352,3.290,3.225
2024-06-14,3.449,3.413,3.376,3.412,3.343,3.353,3.342,3.317,3.242,3.262,3.300,3.267,3.205
2024-06-17,3.448,3.409,3.368,3.412,3.333,3.345,3.333,3.279,3.208,3.230,3.275,3.246,3.187
2024-06-18,3.449,3.409,3.366,3.417,3.334,3.345,3.333,3.275,3.207,3.230,3.277,3.235,3.150
2024-06-19,3.449,3.408,3.362,3.416,3.333,3.340,3.331,3.225,3.150,3.180,3.225,3.195,3.117
2024-06-20,3.452,3.411,3.374,3.416,3.337,3.347,3.342,3.260,3.195,3.220,3.270,3.235,3.160
2024-06-21,3.452,3.411,3.374,3.416,3.336,3.347,3.338,3.231,3.160,3.190,3.242,3.227,3.157
2024-06-24,3.453,3.412,3.379,3.420,3.339,3.359,3.342,3.253,3.192,3.212,3.262,3.239,3.170
2024-06-25,3.453,3.412,3.379,3.418,3.337,3.357,3.337,3.255,3.200,3.212,3.270,3.242,3.180
2024-06-26,3.451,3.411,3.374,3.418,3.336,3.356,3.335,3.257,3.207,3.225,3.275,3.242,3.190
2024-06-27,3.449,3.406,3.372,3.418,3.336,3.356,3.335,3.270,3.212,3.236,3.295,3.272,3.220
2024-06-28,3.446,3.399,3.360,3.418,3.324,3.318,3.294,3.235,3.177,3.195,3.260,3.242,3.197
2024-07-01,3.445,3.395,3.356,3.418,3.322,3.311,3.290,3.257,3.207,3.235,3.307,3.265,3.205
2024-07-02,3.410,3.355,3.311,3.404,3.298,3.281,3.258,3.194,3.165,3.192,3.280,3.242,3.182
2024-07-03,3.394,3.328,3.295,3.398,3.281,3.262,3.244,3.193,3.160,3.192,3.275,3.237,3.176
2024-07-04,3.371,3.294,3.263,3.382,3.264,3.233,3.213,3.151,3.122,3.160,3.235,3.207,3.147
2024-07-05,3.366,3.277,3.258,3.376,3.262,3.228,3.210,3.145,3.115,3.147,3.215,3.177,3.112
2024-07-08,3.353,3.265,3.244,3.371,3.261,3.217,3.200,3.162,3.121,3.142,3.210,3.180,3.112
2024-07-09,3.349,3.261,3.241,3.369,3.261,3.217,3.198,3.155,3.120,3.140,3.200,3.174,3.106
2024-07-10,3.352,3.266,3.246,3.370,3.262,3.220,3.199,3.155,3.117,3.133,3.195,3.170,3.094
2024-07-11,3.366,3.285,3.268,3.390,3.290,3.249,3.228,3.206,3.157,3.170,3.222,3.192,3.110
2024-07-12,3.364,3.280,3.260,3.386,3.284,3.214,3.195,3.151,3.092,3.104,3.167,3.139,3.057
2024-07-15,3.364,3.280,3.260,3.384,3.282,3.209,3.195,3.130,3.072,3.097,3.175,3.145,3.067
2024-07-16,3.362,3.278,3.253,3.382,3.279,3.198,3.189,3.095,3.035,3.060,3.137,3.103,3.030
2024-07-17,3.364,3.282,3.257,3.382,3.288,3.209,3.202,3.111,3.052,3.073,3.140,3.102,3.025
2024-07-18,3.366,3.287,3.265,3.383,3.292,3.215,3.211,3.118,3.060,3.082,3.135,3.089,3.010
2024-07-19,3.362,3.287,3.266,3.383,3.293,3.221,3.229,3.135,3.072,3.095,3.152,3.105,3.025
2024-07-22,3.362,3.287,3.265,3.383,3.293,3.221,3.230,3.126,3.068,3.085,3.142,3.095,3.013
2024-07-23,3.359,3.287,3.262,3.381,3.293,3.220,3.224,3.142,3.087,3.112,3.172,3.117,3.035
2024-07-24,3.356,3.276,3.244,3.378,3.287,3.214,3.211,3.115,3.045,3.074,3.132,3.087,3.005
2024-07-25,3.351,3.266,3.228,3.378,3.280,3.204,3.189,3.092,3.020,3.052,3.122,3.085,3.000
2024-07-26,3.349,3.262,3.219,3.378,3.276,3.183,3.166,3.086,3.017,3.040,3.104,3.082,2.990
2024-07-29,3.344,3.255,3.206,3.376,3.259,3.167,3.143,3.052,2.972,2.986,3.042,3.025,2.937
2024-07-30,3.344,3.255,3.205,3.377,3.258,3.172,3.149,3.069,2.993,3.008,3.055,3.035,2.942
2024-07-31,3.344,3.254,3.201,3.378,3.258,3.167,3.144,3.073,3.000,3.020,3.057,3.037,2.945
2024-08-01,3.342,3.247,3.189,3.370,3.255,3.163,3.139,3.060,2.975,2.985,3.012,3.005,2.917
2024-08-02,3.339,3.240,3.177,3.367,3.251,3.148,3.127,3.037,2.935,2.942,2.970,2.962,2.872
2024-08-05,3.299,3.186,3.116,3.337,3.206,3.089,3.060,2.925,2.815,2.830,2.892,2.907,2.840
2024-08-06,3.304,3.195,3.134,3.344,3.234,3.121,3.103,3.040,2.940,2.955,2.997,2.995,2.915
2024-08-07,3.302,3.193,3.134,3.353,3.233,3.135,3.101,3.032,2.931,2.950,3.002,2.989,2.900
2024-08-08,3.297,3.187,3.123,3.351,3.220,3.124,3.078,3.015,2.918,2.938,3.000,2.995,2.900
2024-08-09,3.297,3.187,3.123,3.349,3.220,3.128,3.080,3.031,2.940,2.957,3.012,3.000,2.911
2024-08-12,3.295,3.187,3.123,3.346,3.220,3.129,3.080,3.035,2.945,2.958,3.002,2.990,2.900
2024-08-13,3.287,3.177,3.108,3.343,3.210,3.118,3.055,3.020,2.915,2.930,2.975,2.962,2.872
2024-08-14,3.280,3.167,3.095,3.339,3.204,3.111,3.045,3.001,2.887,2.897,2.940,2.930,2.830
2024-08-16,3.278,3.169,3.100,3.339,3.204,3.115,3.053,3.030,2.922,2.930,2.975,2.952,2.852
2024-08-19,3.273,3.168,3.097,3.339,3.204,3.110,3.050,3.032,2.922,2.939,2.985,2.967,2.866
2024-08-20,3.272,3.165,3.094,3.339,3.205,3.110,3.055,3.049,2.942,2.960,3.000,2.995,2.900
2024-08-21,3.270,3.162,3.089,3.339,3.205,3.105,3.049,3.045,2.940,2.961,2.997,2.997,2.905
2024-08-22,3.269,3.161,3.087,3.340,3.205,3.105,3.047,3.020,2.905,2.935,2.982,2.995,2.907
2024-08-23,3.269,3.162,3.092,3.342,3.205,3.106,3.045,3.032,2.917,2.952,3.005,3.012,2.922
2024-08-26,3.267,3.160,3.088,3.342,3.204,3.098,3.036,3.010,2.890,2.927,2.975,2.992,2.905
2024-08-27,3.270,3.164,3.097,3.348,3.211,3.109,3.051,3.041,2.935,2.988,3.065,3.060,2.975
2024-08-28,3.263,3.160,3.088,3.353,3.218,3.113,3.049,3.024,2.915,2.972,3.050,3.056,2.967
2024-08-29,3.263,3.159,3.085,3.353,3.219,3.113,3.055,3.053,2.939,2.997,3.072,3.076,2.985
2024-08-30,3.262,3.157,3.083,3.350,3.214,3.106,3.051,3.068,2.955,3.012,3.087,3.082,2.982
2024-09-02,3.260,3.156,3.082,3.348,3.209,3.108,3.056,3.091,2.992,3.052,3.125,3.125,3.005
2024-09-03,3.260,3.154,3.075,3.339,3.195,3.098,3.046,3.079,2.980,3.051,3.120,3.135,3.016
2024-09-04,3.251,3.132,3.046,3.321,3.173,3.083,3.031,3.037,2.927,2.990,3.047,3.085,2.972
2024-09-05,3.243,3.117,3.029,3.308,3.155,3.066,3.017,3.021,2.910,2.972,3.032,3.070,2.973
2024-09-06,3.233,3.105,3.011,3.292,3.135,3.047,3.000,3.003,2.880,2.930,2.987,3.010,2.922
2024-09-09,3.227,3.095,2.996,3.259,3.104,3.026,2.978,3.017,2.895,2.960,3.030,3.045,2.965
2024-09-10,3.217,3.084,2.979,3.150,3.045,2.987,2.913,2.954,2.875,2.907,3.007,2.924,2.913
2024-09-11,3.198,3.068,2.960,3.113,3.023,2.980,2.880,2.907,2.815,2.846,2.937,2.855,2.847
2024-09-12,3.204,3.077,2.972,3.115,3.043,2.999,2.901,2.936,2.867,2.895,2.970,2.853,2.864
2024-09-13,3.185,3.055,2.947,3.101,3.030,2.983,2.879,2.854,2.820,2.830,2.927,2.820,2.839
2024-09-19,3.183,3.053,2.945,3.097,3.015,2.967,2.879,2.861,2.835,2.854,2.968,2.901,2.855
2024-09-20,3.179,3.047,2.939,3.084,3.008,2.955,2.876,2.861,2.837,2.870,2.992,2.911,2.871
2024-09-23,3.178,3.047,2.939,3.083,3.001,2.946,2.880,2.874,2.860,2.902,3.025,2.940,2.910
2024-09-24,3.173,3.041,2.934,3.069,2.987,2.935,2.876,2.873,2.860,2.910,3.032,2.949,2.915
2024-09-25,3.163,3.024,2.918,3.062,2.976,2.919,2.842,2.830,2.812,2.875,2.997,2.930,2.892
2024-09-26,3.162,3.023,2.918,3.058,2.965,2.915,2.832,2.820,2.810,2.877,3.000,2.925,2.895
2024-09-27,3.162,3.023,2.915,3.051,2.965,2.924,2.826,2.834,2.820,2.890,2.997,2.914,2.883
2024-09-30,3.158,3.020,2.911,3.044,2.960,2.921,2.816,2.818,2.805,2.885,2.992,2.912,2.867
2024-10-02,3.126,2.973,2.874,3.039,2.953,2.907,2.811,2.800,2.782,2.842,2.935,2.836,2.812
2024-10-04,3.110,2.958,2.861,3.039,2.953,2.905,2.811,2.847,2.825,2.896,2.995,2.886,2.860
2024-10-07,3.115,2.966,2.893,3.053,2.970,2.950,2.858,2.975,2.957,3.017,3.101,2.965,2.941
2024-10-08,3.103,2.960,2.878,3.056,2.956,2.945,2.855,2.957,2.935,3.001,3.080,2.946,2.922
2024-10-10,3.105,2.962,2.882,3.056,2.953,2.947,2.862,2.979,2.962,3.009,3.087,2.934,2.905
2024-10-11,3.093,2.950,2.864,3.057,2.948,2.941,2.864,2.964,2.948,2.995,3.077,2.928,2.906
2024-10-14,3.084,2.947,2.862,3.055,2.948,2.944,2.861,2.953,2.933,2.995,3.084,2.954,2.937
2024-10-15,3.080,2.944,2.860,3.055,2.944,2.938,2.853,2.926,2.905,2.959,3.047,2.939,2.915
2024-10-16,3.076,2.944,2.862,3.057,2.943,2.934,2.850,2.898,2.875,2.920,3.005,2.910,2.885
2024-10-17,3.075,2.946,2.865,3.066,2.949,2.945,2.860,2.914,2.898,2.952,3.037,2.942,2.907
2024-10-18,3.075,2.948,2.870,3.061,2.947,2.957,2.870,2.927,2.915,2.985,3.080,2.982,2.932
2024-10-21,3.055,2.928,2.850,3.056,2.937,2.945,2.863,2.917,2.905,2.965,3.057,2.979,2.925
2024-10-22,3.058,2.931,2.852,3.057,2.939,2.944,2.870,2.937,2.942,3.012,3.127,3.031,2.965
2024-10-23,3.058,2.933,2.854,3.058,2.939,2.953,2.870,2.930,2.932,3.007,3.127,3.025,2.960
2024-10-24,3.054,2.932,2.853,3.053,2.930,2.945,2.853,2.893,2.890,2.953,3.070,2.997,2.924
2024-10-25,3.054,2.932,2.850,3.053,2.929,2.948,2.849,2.888,2.880,2.950,3.060,2.988,2.922
2024-10-28,3.052,2.933,2.853,3.055,2.931,2.962,2.860,2.931,2.932,3.015,3.127,3.030,2.972
2024-10-29,3.050,2.932,2.852,3.059,2.935,2.976,2.868,2.934,2.932,3.007,3.120,3.038,2.972
2024-10-30,3.050,2.932,2.852,3.059,2.935,2.979,2.872,2.962,2.935,3.000,3.102,3.028,2.950
2024-10-31,3.050,2.932,2.851,3.059,2.946,2.975,2.875,2.971,2.930,2.985,3.095,3.011,2.925
2024-11-01,3.050,2.932,2.851,3.059,2.949,2.962,2.869,2.960,2.942,2.997,3.090,3.021,2.930
2024-11-04,3.050,2.932,2.851,3.059,2.949,2.953,2.857,2.951,2.931,2.992,3.095,3.030,2.935
2024-11-05,3.050,2.932,2.848,3.059,2.949,2.950,2.852,2.936,2.917,2.972,3.075,3.004,2.912
2024-11-06,3.051,2.934,2.857,3.064,2.952,2.951,2.872,2.975,2.956,3.020,3.137,3.040,2.950
2024-11-07,3.045,2.927,2.848,3.065,2.952,2.949,2.865,2.949,2.922,2.977,3.093,3.019,2.925
2024-11-08,3.045,2.929,2.854,3.064,2.951,2.949,2.855,2.915,2.882,2.937,3.037,2.989,2.895
2024-11-11,3.045,2.929,2.857,3.064,2.953,2.950,2.860,2.930,2.900,2.949,3.035,2.975,2.885
2024-11-12,3.045,2.930,2.860,3.064,2.953,2.957,2.865,2.937,2.900,2.940,3.015,2.963,2.865
2024-11-13,3.057,2.942,2.877,3.073,2.962,2.976,2.884,2.980,2.942,2.985,3.062,2.986,2.900
2024-11-14,3.057,2.942,2.877,3.073,2.962,2.969,2.889,2.954,2.927,2.983,3.075,3.002,2.920
2024-11-15,3.060,2.945,2.881,3.073,2.960,2.974,2.901,2.975,2.937,2.990,3.080,3.004,2.920
2024-11-18,3.058,2.944,2.879,3.061,2.947,2.953,2.900,2.962,2.915,2.965,3.060,2.998,2.922
2024-11-19,3.056,2.939,2.873,3.061,2.942,2.947,2.891,2.938,2.887,2.935,3.035,2.983,2.910
2024-11-20,3.056,2.938,2.870,3.061,2.944,2.944,2.889,2.928,2.875,2.920,3.012,2.959,2.890
2024-11-21,3.055,2.934,2.864,3.066,2.942,2.934,2.871,2.892,2.830,2.885,2.980,2.899,2.855
2024-11-22,3.055,2.934,2.863,3.066,2.942,2.934,2.871,2.869,2.817,2.877,2.980,2.911,2.865
2024-11-25,3.055,2.935,2.862,3.067,2.932,2.923,2.860,2.830,2.771,2.818,2.920,2.873,2.820
2024-11-26,3.055,2.934,2.860,3.069,2.933,2.933,2.859,2.823,2.772,2.810,2.902,2.853,2.800
2024-11-27,3.055,2.931,2.857,3.069,2.933,2.931,2.854,2.800,2.740,2.779,2.880,2.830,2.775
2024-11-28,2.982,2.855,2.775,3.000,2.883,2.880,2.790,2.698,2.640,2.686,2.785,2.744,2.685
2024-11-29,2.979,2.852,2.771,3.000,2.878,2.845,2.762,2.669,2.611,2.652,2.760,2.708,2.635
2024-12-02,2.979,2.846,2.760,2.998,2.864,2.819,2.744,2.623,2.565,2.590,2.700,2.652,2.587
2024-12-03,2.979,2.849,2.766,2.993,2.865,2.814,2.738,2.640,2.585,2.600,2.712,2.645,2.575
2024-12-04,2.980,2.850,2.771,2.994,2.872,2.812,2.738,2.679,2.625,2.642,2.765,2.675,2.590
2024-12-05,2.978,2.850,2.771,2.992,2.870,2.810,2.736,2.650,2.600,2.615,2.735,2.654,2.572
2024-12-06,2.978,2.850,2.771,2.992,2.870,2.808,2.736,2.670,2.622,2.633,2.744,2.645,2.557
2024-12-09,2.971,2.845,2.763,2.989,2.865,2.803,2.727,2.629,2.573,2.572,2.672,2.565,2.476
2024-12-10,2.971,2.844,2.762,2.906,2.828,2.753,2.687,2.636,2.516,2.582,2.640,2.567,2.487
2024-12-11,2.969,2.844,2.762,2.900,2.832,2.751,2.687,2.658,2.535,2.615,2.687,2.610,2.540
2024-12-12,2.969,2.842,2.757,2.894,2.836,2.733,2.675,2.665,2.547,2.630,2.700,2.597,2.530
2024-12-13,2.967,2.837,2.750,2.891,2.836,2.732,2.667,2.652,2.536,2.615,2.675,2.572,2.492
2024-12-16,2.967,2.837,2.749,2.882,2.837,2.731,2.673,2.661,2.551,2.650,2.712,2.635,2.570
2024-12-17,2.967,2.836,2.747,2.880,2.834,2.736,2.686,2.714,2.618,2.732,2.790,2.738,2.653
2024-12-18,2.961,2.829,2.735,2.866,2.824,2.718,2.658,2.637,2.541,2.655,2.735,2.710,2.648
2024-12-19,2.966,2.834,2.742,2.866,2.826,2.717,2.678,2.698,2.600,2.730,2.810,2.752,2.687
2024-12-20,2.965,2.834,2.744,2.864,2.816,2.713,2.682,2.730,2.612,2.760,2.860,2.791,2.720
2024-12-23,2.964,2.833,2.744,2.862,2.795,2.709,2.675,2.734,2.609,2.757,2.845,2.767,2.702
2024-12-24,2.970,2.839,2.752,2.864,2.799,2.713,2.685,2.765,2.625,2.800,2.884,2.826,2.765
2024-12-26,2.970,2.841,2.754,2.864,2.797,2.713,2.699,2.796,2.670,2.825,2.913,2.850,2.780
2024-12-27,2.970,2.838,2.745,2.864,2.794,2.706,2.695,2.770,2.625,2.786,2.883,2.871,2.810
2024-12-30,2.968,2.836,2.743,2.862,2.794,2.707,2.702,2.765,2.596,2.765,2.871,2.875,2.796
2024-12-31,2.968,2.836,2.743,2.862,2.794,2.707,2.702,2.765,2.596,2.765,2.871,2.875,2.796
2025-01-02,2.907,2.747,2.651,2.839,2.760,2.666,2.657,2.677,2.501,2.675,2.741,2.769,2.692
2025-01-03,2.893,2.727,2.629,2.834,2.757,2.656,2.643,2.663,2.470,2.635,2.766,2.739,2.675
2025-01-06,2.879,2.736,2.637,2.832,2.761,2.657,2.651,2.694,2.523,2.685,2.820,2.763,2.710
2025-01-07,2.871,2.728,2.624,2.825,2.761,2.651,2.638,2.672,2.511,2.662,2.794,2.739,2.692
2025-01-08,2.870,2.730,2.624,2.821,2.758,2.645,2.623,2.640,2.500,2.647,2.785,2.724,2.685
2025-01-09,2.868,2.724,2.622,2.815,2.750,2.641,2.611,2.618,2.496,2.635,2.794,2.710,2.682
2025-01-10,2.868,2.725,2.624,2.816,2.750,2.646,2.621,2.652,2.570,2.682,2.840,2.748,2.715
2025-01-13,2.872,2.729,2.630,2.816,2.752,2.647,2.636,2.728,2.665,2.755,2.875,2.775,2.735
2025-01-14,2.871,2.726,2.628,2.810,2.744,2.641,2.629,2.706,2.647,2.737,2.845,2.731,2.687
2025-01-15,2.873,2.730,2.633,2.812,2.746,2.646,2.640,2.730,2.680,2.781,2.873,2.743,2.700
2025-01-16,2.865,2.722,2.622,2.801,2.737,2.633,2.624,2.680,2.625,2.725,2.810,2.720,2.675
2025-01-17,2.858,2.719,2.619,2.798,2.735,2.627,2.619,2.648,2.587,2.690,2.813,2.727,2.677
2025-01-20,2.860,2.722,2.625,2.801,2.737,2.631,2.630,2.670,2.621,2.715,2.865,2.746,2.686
2025-01-21,2.859,2.720,2.623,2.798,2.734,2.627,2.625,2.633,2.570,2.675,2.810,2.729,2.680
2025-01-22,2.863,2.728,2.634,2.810,2.745,2.642,2.646,2.641,2.577,2.690,2.823,2.755,2.690
2025-01-23,2.861,2.728,2.636,2.812,2.747,2.643,2.654,2.653,2.565,2.687,2.830,2.780,2.717
2025-01-24,2.861,2.728,2.636,2.810,2.739,2.643,2.655,2.643,2.560,2.700,2.861,2.800,2.742
2025-01-31,2.859,2.726,2.635,2.809,2.714,2.637,2.654,2.645,2.570,2.702,2.857,2.790,2.747
2025-02-03,2.858,2.724,2.633,2.809,2.718,2.639,2.660,2.650,2.564,2.682,2.822,2.774,2.720
2025-02-04,2.861,2.726,2.635,2.812,2.721,2.642,2.674,2.672,2.581,2.702,2.840,2.790,2.705
2025-02-05,2.858,2.723,2.632,2.810,2.720,2.638,2.684,2.664,2.572,2.675,2.812,2.739,2.660
2025-02-06,2.859,2.724,2.632,2.810,2.723,2.641,2.684,2.670,2.588,2.680,2.803,2.736,2.675
2025-02-07,2.862,2.727,2.632,2.811,2.727,2.645,2.690,2.704,2.645,2.722,2.840,2.738,2.677
2025-02-10,2.862,2.726,2.629,2.810,2.727,2.644,2.680,2.697,2.632,2.712,2.837,2.749,2.682
2025-02-11,2.859,2.723,2.627,2.810,2.727,2.649,2.669,2.695,2.637,2.720,2.852,2.755,2.686
2025-02-12,2.859,2.723,2.632,2.809,2.716,2.649,2.671,2.704,2.645,2.742,2.880,2.772,2.697
2025-02-13,2.858,2.720,2.627,2.809,2.702,2.645,2.660,2.691,2.625,2.727,2.872,2.784,2.713
2025-02-14,2.853,2.714,2.614,2.806,2.692,2.633,2.652,2.682,2.608,2.708,2.846,2.764,2.692
2025-02-17,2.853,2.713,2.616,2.803,2.692,2.641,2.654,2.695,2.622,2.730,2.867,2.784,2.702
2025-02-18,2.853,2.713,2.620,2.798,2.691,2.644,2.651,2.714,2.642,2.755,2.880,2.786,2.687
2025-02-19,2.853,2.713,2.620,2.798,2.687,2.653,2.641,2.700,2.630,2.747,2.875,2.775,2.685
2025-02-20,2.853,2.713,2.620,2.798,2.684,2.652,2.641,2.690,2.627,2.748,2.885,2.780,2.690
2025-02-21,2.853,2.713,2.620,2.796,2.684,2.650,2.641,2.672,2.615,2.730,2.852,2.759,2.677
2025-02-24,2.853,2.713,2.620,2.792,2.672,2.642,2.633,2.664,2.610,2.717,2.822,2.740,2.650
2025-02-25,2.760,2.684,2.613,2.748,2.648,2.627,2.622,2.654,2.600,2.705,2.795,2.744,2.645
2025-02-26,2.755,2.680,2.615,2.748,2.646,2.620,2.611,2.655,2.595,2.680,2.752,2.695,2.595
2025-02-27,2.755,2.680,2.616,2.748,2.660,2.623,2.613,2.665,2.592,2.680,2.750,2.690,2.585
2025-02-28,2.755,2.680,2.616,2.748,2.655,2.622,2.607,2.650,2.560,2.634,2.700,2.640,2.542
2025-03-04,2.748,2.675,2.616,2.742,2.654,2.622,2.604,2.648,2.542,2.635,2.707,2.653,2.559
2025-03-05,2.748,2.675,2.623,2.738,2.657,2.630,2.616,2.676,2.574,2.683,2.775,2.702,2.607
2025-03-06,2.748,2.675,2.620,2.730,2.651,2.630,2.620,2.696,2.595,2.710,2.805,2.725,2.612
2025-03-07,2.747,2.674,2.619,2.723,2.639,2.619,2.616,2.667,2.565,2.673,2.762,2.682,2.575
2025-03-10,2.747,2.675,2.622,2.660,2.623,2.608,2.622,2.673,2.595,2.660,2.807,2.703,2.597
2025-03-11,2.736,2.666,2.613,2.638,2.613,2.599,2.580,2.645,2.550,2.625,2.757,2.672,2.557
2025-03-12,2.733,2.662,2.609,2.634,2.607,2.590,2.549,2.626,2.545,2.615,2.760,2.670,2.565
2025-03-13,2.735,2.664,2.613,2.634,2.606,2.594,2.568,2.640,2.567,2.629,2.777,2.684,2.580
2025-03-14,2.735,2.664,2.614,2.634,2.606,2.609,2.582,2.654,2.587,2.639,2.815,2.693,2.590
2025-03-17,2.733,2.662,2.612,2.634,2.606,2.609,2.580,2.666,2.597,2.632,2.805,2.688,2.590
2025-03-18,2.731,2.658,2.611,2.627,2.605,2.608,2.582,2.664,2.600,2.645,2.792,2.675,2.575
2025-03-19,2.731,2.658,2.611,2.623,2.606,2.613,2.591,2.674,2.616,2.667,2.800,2.660,2.557
2025-03-20,2.731,2.657,2.609,2.620,2.605,2.610,2.590,2.657,2.597,2.665,2.795,2.660,2.547
2025-03-21,2.731,2.661,2.614,2.622,2.609,2.615,2.601,2.663,2.590,2.654,2.805,2.665,2.547
2025-03-24,2.731,2.664,2.620,2.624,2.615,2.625,2.615,2.672,2.597,2.682,2.815,2.690,2.567
2025-03-25,2.729,2.662,2.618,2.626,2.621,2.631,2.620,2.677,2.605,2.693,2.812,2.700,2.580
2025-03-26,2.729,2.660,2.617,2.629,2.621,2.635,2.631,2.687,2.620,2.715,2.853,2.735,2.625
2025-03-27,2.729,2.660,2.618,2.630,2.622,2.635,2.630,2.687,2.630,2.713,2.847,2.720,2.610
2025-03-28,2.729,2.660,2.618,2.630,2.622,2.636,2.630,2.690,2.622,2.705,2.840,2.718,2.619
2025-03-31,2.719,2.648,2.606,2.630,2.617,2.625,2.615,2.630,2.560,2.635,2.767,2.669,2.575
2025-04-01,2.718,2.647,2.605,2.639,2.617,2.625,2.616,2.650,2.585,2.660,2.786,2.695,2.597
2025-04-02,2.684,2.605,2.606,2.636,2.620,2.627,2.617,2.648,2.582,2.647,2.765,2.677,2.577
2025-04-03,2.655,2.580,2.580,2.620,2.605,2.615,2.597,2.615,2.545,2.620,2.746,2.661,2.567
2025-04-04,2.643,2.560,2.554,2.614,2.583,2.589,2.550,2.533,2.465,2.545,2.692,2.605,2.512
2025-04-07,2.633,2.551,2.538,2.613,2.575,2.578,2.513,2.461,2.405,2.485,2.647,2.565,2.470
2025-04-08,2.639,2.552,2.538,2.620,2.583,2.583,2.522,2.465,2.412,2.507,2.676,2.605,2.510
2025-04-09,2.639,2.552,2.536,2.620,2.582,2.580,2.518,2.470,2.430,2.527,2.725,2.650,2.550
2025-04-10,2.639,2.552,2.534,2.620,2.581,2.579,2.513,2.483,2.440,2.522,2.712,2.645,2.545
2025-04-11,2.639,2.552,2.530,2.620,2.581,2.579,2.503,2.452,2.400,2.490,2.690,2.637,2.540
2025-04-14,2.627,2.551,2.530,2.598,2.575,2.577,2.494,2.454,2.412,2.515,2.687,2.627,2.530
2025-04-15,2.627,2.550,2.529,2.594,2.570,2.572,2.480,2.444,2.397,2.502,2.662,2.592,2.495
2025-04-16,2.614,2.538,2.514,2.590,2.548,2.543,2.441,2.377,2.331,2.452,2.620,2.552,2.455
2025-04-17,2.610,2.536,2.512,2.572,2.542,2.535,2.426,2.425,2.385,2.487,2.647,2.586,2.492
2025-04-18,2.600,2.528,2.505,2.565,2.536,2.523,2.408,2.391,2.351,2.460,2.615,2.559,2.460
2025-04-21,2.594,2.525,2.498,2.562,2.530,2.512,2.401,2.366,2.320,2.422,2.595,2.547,2.448
2025-04-22,2.590,2.525,2.498,2.554,2.518,2.508,2.400,2.372,2.325,2.437,2.620,2.577,2.492
2025-04-23,2.586,2.520,2.488,2.553,2.517,2.507,2.400,2.379,2.333,2.430,2.592,2.570,2.485
2025-04-24,2.574,2.511,2.482,2.546,2.513,2.500,2.400,2.382,2.342,2.447,2.620,2.587,2.505
2025-04-25,2.567,2.504,2.469,2.546,2.505,2.487,2.389,2.352,2.305,2.405,2.578,2.557,2.475
2025-04-28,2.561,2.496,2.453,2.538,2.503,2.483,2.388,2.355,2.315,2.415,2.590,2.550,2.465
2025-04-29,2.557,2.492,2.449,2.527,2.497,2.476,2.387,2.355,2.315,2.425,2.610,2.572,2.497
2025-04-30,2.553,2.486,2.440,2.527,2.481,2.443,2.378,2.321,2.272,2.375,2.570,2.545,2.470
2025-05-02,2.549,2.482,2.431,2.525,2.479,2.443,2.347,2.325,2.282,2.395,2.595,2.555,2.477
2025-05-07,2.545,2.477,2.419,2.522,2.471,2.428,2.315,2.298,2.252,2.375,2.602,2.572,2.492
2025-05-08,2.543,2.477,2.416,2.522,2.469,2.435,2.313,2.320,2.280,2.400,2.625,2.600,2.520
2025-05-09,2.537,2.473,2.413,2.509,2.458,2.433,2.313,2.352,2.330,2.450,2.672,2.642,2.552
2025-05-12,2.537,2.469,2.407,2.504,2.453,2.428,2.307,2.349,2.327,2.452,2.692,2.665,2.577
2025-05-13,2.536,2.466,2.400,2.506,2.454,2.429,2.310,2.385,2.370,2.497,2.725,2.685,2.590
2025-05-14,2.535,2.460,2.388,2.503,2.454,2.420,2.293,2.363,2.350,2.480,2.712,2.677,2.577
2025-05-15,2.533,2.456,2.382,2.500,2.445,2.415,2.286,2.361,2.350,2.480,2.710,2.685,2.585
2025-05-16,2.523,2.438,2.360,2.474,2.430,2.400,2.270,2.332,2.315,2.440,2.670,2.665,2.572
2025-05-19,2.524,2.437,2.360,2.459,2.421,2.399,2.285,2.362,2.360,2.505,2.745,2.724,2.635
2025-05-20,2.523,2.436,2.358,2.453,2.417,2.398,2.272,2.340,2.332,2.477,2.722,2.690,2.607
2025-05-21,2.523,2.436,2.356,2.453,2.413,2.398,2.272,2.344,2.343,2.500,2.760,2.718,2.628
2025-05-22,2.519,2.432,2.350,2.441,2.403,2.395,2.275,2.328,2.325,2.482,2.740,2.715,2.630
2025-05-23,2.517,2.432,2.350,2.429,2.391,2.393,2.279,2.332,2.332,2.495,2.765,2.736,2.640
2025-05-26,2.513,2.431,2.349,2.421,2.391,2.393,2.275,2.335,2.348,2.502,2.770,2.740,2.637
2025-05-27,2.501,2.426,2.343,2.409,2.384,2.381,2.263,2.327,2.332,2.472,2.705,2.690,2.583
2025-05-28,2.497,2.421,2.338,2.404,2.377,2.374,2.249,2.311,2.307,2.460,2.702,2.680,2.572
2025-05-29,2.489,2.420,2.339,2.399,2.375,2.372,2.249,2.327,2.340,2.500,2.760,2.720,2.617
2025-05-30,2.486,2.415,2.335,2.391,2.358,2.352,2.247,2.327,2.335,2.505,2.772,2.725,2.625
2025-06-02,2.481,2.414,2.334,2.390,2.357,2.338,2.233,2.327,2.335,2.515,2.795,2.745,2.652
2025-06-04,2.486,2.420,2.338,2.397,2.361,2.342,2.245,2.380,2.412,2.602,2.892,2.860,2.775
2025-06-05,2.483,2.416,2.329,2.396,2.356,2.335,2.245,2.378,2.412,2.597,2.890,2.841,2.756
2025-06-09,2.476,2.411,2.324,2.392,2.347,2.315,2.242,2.365,2.395,2.557,2.862,2.824,2.747
2025-06-10,2.473,2.409,2.316,2.355,2.333,2.240,2.257,2.381,2.385,2.563,2.827,2.833,2.755
2025-06-11,2.470,2.408,2.311,2.355,2.333,2.242,2.266,2.410,2.417,2.582,2.835,2.842,2.751
2025-06-12,2.463,2.405,2.304,2.359,2.320,2.242,2.273,2.413,2.422,2.572,2.820,2.835,2.747
2025-06-13,2.454,2.398,2.293,2.366,2.323,2.254,2.280,2.455,2.462,2.598,2.845,2.800,2.717
2025-06-16,2.443,2.386,2.277,2.364,2.325,2.263,2.284,2.469,2.482,2.627,2.870,2.832,2.755
2025-06-17,2.435,2.383,2.273,2.364,2.323,2.262,2.285,2.431,2.440,2.610,2.867,2.827,2.738
2025-06-18,2.427,2.379,2.268,2.368,2.328,2.272,2.291,2.463,2.467,2.637,2.875,2.831,2.732
2025-06-19,2.421,2.378,2.270,2.369,2.328,2.279,2.296,2.472,2.475,2.642,2.877,2.842,2.747
2025-06-20,2.416,2.375,2.265,2.367,2.327,2.280,2.297,2.461,2.457,2.632,2.857,2.837,2.745
2025-06-23,2.416,2.379,2.278,2.370,2.343,2.298,2.311,2.500,2.495,2.660,2.867,2.865,2.766
2025-06-24,2.393,2.365,2.267,2.364,2.342,2.300,2.321,2.460,2.458,2.612,2.820,2.830,2.740
2025-06-25,2.382,2.359,2.266,2.380,2.340,2.301,2.325,2.462,2.462,2.620,2.820,2.823,2.732
2025-06-26,2.376,2.353,2.268,2.388,2.336,2.301,2.324,2.447,2.450,2.585,2.775,2.777,2.682
2025-06-27,2.373,2.352,2.266,2.389,2.333,2.304,2.322,2.462,2.455,2.590,2.785,2.815,2.730
2025-06-30,2.373,2.348,2.265,2.387,2.333,2.301,2.319,2.445,2.455,2.592,2.807,2.837,2.750
2025-07-01,2.371,2.343,2.255,2.387,2.340,2.295,2.311,2.441,2.452,2.577,2.785,2.785,2.695
2025-07-02,2.362,2.278,2.207,2.387,2.338,2.296,2.313,2.460,2.490,2.623,2.835,2.827,2.723
2025-07-03,2.361,2.269,2.200,2.387,2.338,2.295,2.305,2.425,2.445,2.590,2.810,2.806,2.712
2025-07-04,2.370,2.275,2.206,2.390,2.335,2.302,2.312,2.447,2.472,2.625,2.833,2.830,2.732
2025-07-07,2.368,2.273,2.202,2.389,2.335,2.304,2.310,2.449,2.482,2.633,2.840,2.845,2.750
2025-07-08,2.369,2.272,2.200,2.389,2.335,2.303,2.310,2.438,2.477,2.632,2.852,2.847,2.750
2025-07-09,2.367,2.271,2.197,2.389,2.333,2.302,2.310,2.432,2.475,2.632,2.847,2.841,2.742
2025-07-10,2.368,2.272,2.195,2.389,2.332,2.295,2.300,2.400,2.427,2.589,2.807,2.812,2.722
2025-07-11,2.371,2.273,2.198,2.393,2.344,2.302,2.308,2.419,2.447,2.605,2.830,2.810,2.715
2025-07-14,2.372,2.275,2.208,2.393,2.355,2.307,2.310,2.440,2.475,2.655,2.887,2.860,2.760
2025-07-15,2.372,2.273,2.206,2.392,2.354,2.306,2.309,2.423,2.460,2.647,2.880,2.850,2.747
2025-07-16,2.371,2.272,2.206,2.390,2.357,2.314,2.315,2.421,2.455,2.637,2.872,2.852,2.755
2025-07-17,2.371,2.272,2.210,2.389,2.357,2.317,2.327,2.440,2.482,2.670,2.907,2.883,2.787
2025-07-18,2.367,2.272,2.211,2.382,2.362,2.316,2.327,2.431,2.472,2.647,2.872,2.867,2.767
2025-07-21,2.367,2.272,2.211,2.382,2.367,2.320,2.337,2.417,2.455,2.626,2.852,2.855,2.755
2025-07-22,2.364,2.271,2.212,2.382,2.367,2.320,2.335,2.418,2.461,2.622,2.835,2.830,2.740
2025-07-23,2.359,2.270,2.212,2.380,2.369,2.320,2.320,2.415,2.452,2.612,2.827,2.828,2.740
2025-07-24,2.358,2.271,2.214,2.380,2.369,2.320,2.305,2.424,2.470,2.627,2.852,2.847,2.757
2025-07-25,2.358,2.271,2.215,2.380,2.376,2.312,2.291,2.424,2.482,2.635,2.855,2.842,2.752
2025-07-28,2.353,2.267,2.212,2.364,2.358,2.306,2.284,2.401,2.460,2.610,2.825,2.827,2.737
2025-07-29,2.351,2.263,2.207,2.362,2.348,2.306,2.282,2.387,2.457,2.607,2.816,2.830,2.737
2025-07-30,2.350,2.263,2.209,2.360,2.343,2.301,2.279,2.394,2.457,2.597,2.797,2.815,2.717
2025-07-31,2.349,2.265,2.219,2.357,2.336,2.299,2.278,2.397,2.458,2.591,2.790,2.810,2.712
2025-08-01,2.350,2.266,2.227,2.357,2.331,2.300,2.281,2.417,2.475,2.625,2.835,2.850,2.754
2025-08-04,2.346,2.263,2.225,2.355,2.337,2.286,2.268,2.359,2.420,2.565,2.775,2.800,2.710
2025-08-05,2.345,2.262,2.224,2.355,2.337,2.285,2.268,2.358,2.427,2.562,2.765,2.787,2.697
2025-08-06,2.344,2.261,2.224,2.355,2.346,2.287,2.260,2.355,2.425,2.570,2.780,2.805,2.717
2025-08-07,2.349,2.261,2.220,2.364,2.364,2.290,2.258,2.339,2.400,2.545,2.762,2.782,2.697
2025-08-08,2.350,2.256,2.215,2.364,2.362,2.290,2.257,2.347,2.407,2.553,2.772,2.786,2.697
2025-08-11,2.350,2.255,2.212,2.368,2.358,2.290,2.265,2.361,2.420,2.567,2.785,2.795,2.697
2025-08-12,2.344,2.252,2.210,2.361,2.361,2.290,2.266,2.373,2.430,2.580,2.800,2.819,2.722
2025-08-13,2.343,2.251,2.209,2.361,2.361,2.292,2.260,2.357,2.412,2.565,2.800,2.825,2.737
2025-08-14,2.342,2.251,2.205,2.359,2.343,2.297,2.250,2.342,2.392,2.545,2.782,2.817,2.720
2025-08-18,2.342,2.249,2.195,2.359,2.343,2.305,2.266,2.370,2.422,2.590,2.835,2.860,2.755
2025-08-19,2.342,2.249,2.195,2.359,2.352,2.303,2.258,2.371,2.442,2.610,2.857,2.870,2.767
2025-08-20,2.339,2.247,2.191,2.359,2.353,2.307,2.261,2.370,2.437,2.605,2.847,2.860,2.755
2025-08-21,2.338,2.246,2.191,2.356,2.352,2.309,2.259,2.370,2.437,2.602,2.842,2.850,2.750
2025-08-22,2.337,2.246,2.191,2.355,2.354,2.310,2.259,2.380,2.455,2.627,2.860,2.867,2.765
2025-08-25,2.337,2.245,2.186,2.354,2.350,2.310,2.243,2.359,2.435,2.602,2.852,2.865,2.770
2025-08-26,2.336,2.245,2.188,2.353,2.350,2.311,2.238,2.345,2.417,2.591,2.855,2.881,2.785
2025-08-27,2.336,2.246,2.192,2.352,2.349,2.310,2.239,2.331,2.397,2.565,2.822,2.858,2.760
2025-08-28,2.336,2.246,2.194,2.352,2.351,2.309,2.241,2.340,2.415,2.577,2.815,2.865,2.770
2025-08-29,2.336,2.246,2.194,2.350,2.351,2.306,2.246,2.349,2.427,2.581,2.813,2.852,2.757
2025-09-01,2.336,2.246,2.194,2.347,2.343,2.304,2.252,2.361,2.432,2.596,2.847,2.879,2.780
2025-09-02,2.336,2.246,2.192,2.347,2.341,2.302,2.264,2.380,2.447,2.615,2.872,2.898,2.795
2025-09-03,2.336,2.246,2.193,2.347,2.342,2.303,2.276,2.400,2.470,2.655,2.911,2.930,2.822
2025-09-04,2.338,2.248,2.199,2.340,2.331,2.302,2.285,2.402,2.470,2.640,2.880,2.902,2.795
2025-09-05,2.339,2.250,2.205,2.348,2.330,2.302,2.292,2.402,2.465,2.627,2.867,2.892,2.790
2025-09-08,2.339,2.250,2.207,2.349,2.329,2.300,2.290,2.405,2.452,2.612,2.857,2.882,2.782
2025-09-09,2.339,2.250,2.209,2.344,2.325,2.294,2.284,2.393,2.422,2.585,2.827,2.857,2.755
2025-09-10,2.341,2.251,2.202,2.344,2.292,2.264,2.284,2.412,2.420,2.557,2.830,2.810,2.746
2025-09-11,2.342,2.250,2.200,2.342,2.290,2.257,2.270,2.395,2.412,2.552,2.812,2.799,2.732
2025-09-12,2.344,2.250,2.198,2.341,2.287,2.248,2.267,2.403,2.430,2.565,2.815,2.800,2.727
2025-09-15,2.343,2.248,2.197,2.339,2.277,2.241,2.268,2.411,2.440,2.581,2.820,2.805,2.725
2025-09-16,2.343,2.247,2.194,2.352,2.284,2.240,2.266,2.385,2.411,2.560,2.797,2.790,2.697
2025-09-17,2.342,2.247,2.194,2.352,2.284,2.239,2.263,2.380,2.410,2.555,2.775,2.775,2.690
2025-09-18,2.344,2.247,2.194,2.351,2.283,2.240,2.265,2.365,2.400,2.540,2.751,2.751,2.655
2025-09-19,2.348,2.251,2.198,2.354,2.284,2.240,2.273,2.389,2.437,2.580,2.812,2.788,2.692
2025-09-22,2.346,2.252,2.200,2.350,2.285,2.251,2.282,2.408,2.457,2.600,2.830,2.800,2.705
2025-09-23,2.344,2.252,2.202,2.350,2.289,2.255,2.275,2.412,2.460,2.595,2.810,2.792,2.702
2025-09-24,2.346,2.254,2.205,2.344,2.286,2.259,2.279,2.425,2.485,2.626,2.847,2.815,2.732
2025-09-25,2.353,2.263,2.218,2.347,2.283,2.260,2.282,2.470,2.530,2.675,2.885,2.835,2.767
2025-09-26,2.350,2.263,2.225,2.352,2.292,2.269,2.295,2.497,2.560,2.712,2.935,2.870,2.815
2025-09-29,2.347,2.258,2.225,2.339,2.294,2.277,2.295,2.515,2.565,2.720,2.936,2.890,2.819
2025-09-30,2.346,2.261,2.230,2.349,2.308,2.294,2.305,2.520,2.582,2.732,2.940,2.897,2.827
2025-10-01,2.345,2.260,2.232,2.351,2.312,2.302,2.308,2.535,2.600,2.752,2.967,2.916,2.840
2025-10-02,2.338,2.253,2.228,2.352,2.301,2.306,2.314,2.513,2.577,2.722,2.958,2.902,2.822
2025-10-10,2.335,2.251,2.228,2.351,2.301,2.310,2.317,2.515,2.585,2.721,2.957,2.905,2.817
2025-10-13,2.332,2.247,2.224,2.351,2.299,2.312,2.308,2.485,2.552,2.675,2.907,2.863,2.772
2025-10-14,2.313,2.225,2.214,2.350,2.302,2.315,2.296,2.475,2.532,2.642,2.861,2.830,2.746
2025-10-15,2.311,2.223,2.214,2.351,2.299,2.310,2.289,2.468,2.522,2.636,2.858,2.822,2.747
2025-10-16,2.317,2.228,2.220,2.356,2.307,2.317,2.300,2.515,2.580,2.692,2.920,2.875,2.807
2025-10-17,2.319,2.229,2.221,2.344,2.305,2.309,2.295,2.484,2.540,2.655,2.872,2.843,2.767
2025-10-20,2.323,2.233,2.227,2.361,2.318,2.321,2.313,2.510,2.575,2.697,2.892,2.856,2.787
2025-10-21,2.328,2.239,2.236,2.370,2.335,2.334,2.333,2.542,2.605,2.715,2.905,2.872,2.792
2025-10-22,2.328,2.239,2.235,2.381,2.339,2.339,2.333,2.511,2.555,2.670,2.860,2.835,2.760
2025-10-23,2.328,2.247,2.245,2.397,2.363,2.379,2.364,2.550,2.600,2.720,2.912,2.887,2.807
2025-10-24,2.328,2.247,2.249,2.403,2.375,2.379,2.364,2.532,2.580,2.710,2.910,2.892,2.810
2025-10-27,2.337,2.250,2.256,2.406,2.383,2.388,2.377,2.555,2.620,2.757,2.960,2.945,2.855
2025-10-28,2.341,2.252,2.258,2.407,2.393,2.393,2.385,2.575,2.635,2.755,2.937,2.930,2.840
2025-10-29,2.348,2.267,2.283,2.417,2.391,2.410,2.408,2.602,2.675,2.795,2.980,2.967,2.882
2025-10-30,2.377,2.298,2.317,2.427,2.417,2.439,2.446,2.655,2.737,2.860,3.055,3.041,2.957
2025-10-31,2.378,2.301,2.321,2.430,2.409,2.448,2.446,2.632,2.712,2.855,3.058,3.075,2.990
2025-11-03,2.387,2.312,2.337,2.430,2.413,2.456,2.465,2.670,2.742,2.895,3.095,3.095,3.015
2025-11-04,2.388,2.311,2.340,2.430,2.416,2.454,2.463,2.661,2.730,2.880,3.082,3.106,3.030
2025-11-05,2.391,2.320,2.350,2.430,2.424,2.472,2.482,2.695,2.767,2.921,3.130,3.132,3.055
2025-11-06,2.414,2.350,2.383,2.446,2.448,2.501,2.518,2.755,2.843,3.000,3.212,3.199,3.127
2025-11-07,2.422,2.361,2.395,2.455,2.457,2.513,2.529,2.800,2.895,3.040,3.220,3.215,3.136
2025-11-10,2.425,2.365,2.399,2.456,2.452,2.504,2.524,2.780,2.862,3.032,3.230,3.221,3.145
2025-11-11,2.424,2.365,2.394,2.456,2.449,2.481,2.511,2.747,2.822,2.982,3.192,3.195,3.123
2025-11-12,2.438,2.381,2.414,2.460,2.461,2.483,2.516,2.817,2.910,3.060,3.260,3.270,3.187
2025-11-13,2.445,2.398,2.440,2.450,2.456,2.476,2.517,2.826,2.927,3.085,3.262,3.250,3.172
2025-11-14,2.447,2.399,2.440,2.448,2.453,2.469,2.520,2.826,2.955,3.138,3.330,3.322,3.252
2025-11-17,2.437,2.387,2.422,2.446,2.453,2.464,2.486,2.800,2.907,3.102,3.302,3.300,3.237
2025-11-18,2.435,2.385,2.419,2.451,2.450,2.456,2.463,2.755,2.865,3.062,3.260,3.270,3.212
2025-11-19,2.431,2.383,2.412,2.446,2.444,2.457,2.453,2.743,2.870,3.072,3.282,3.288,3.230
2025-11-20,2.432,2.385,2.414,2.446,2.452,2.458,2.455,2.743,2.912,3.120,3.332,3.327,3.265
2025-11-21,2.426,2.381,2.406,2.436,2.439,2.445,2.448,2.697,2.872,3.077,3.275,3.275,3.222
2025-11-24,2.423,2.381,2.405,2.439,2.442,2.448,2.447,2.715,2.905,3.107,3.290,3.285,3.220
2025-11-25,2.423,2.381,2.406,2.437,2.436,2.450,2.449,2.725,2.903,3.100,3.265,3.245,3.172
2025-11-26,2.423,2.382,2.407,2.437,2.440,2.452,2.453,2.732,2.895,3.082,3.250,3.235,3.165
2025-11-27,2.445,2.414,2.442,2.463,2.471,2.495,2.496,2.850,3.020,3.197,3.355,3.325,3.245
2025-11-28,2.447,2.436,2.463,2.461,2.468,2.493,2.497,2.825,2.990,3.170,3.345,3.310,3.217
2025-12-01,2.459,2.456,2.487,2.465,2.476,2.501,2.514,2.880,3.042,3.232,3.390,3.350,3.257
2025-12-02,2.453,2.454,2.484,2.461,2.474,2.497,2.511,2.860,3.020,3.207,3.345,3.340,3.252
2025-12-03,2.453,2.460,2.491,2.459,2.471,2.496,2.513,2.867,3.037,3.240,3.365,3.362,3.262
2025-12-04,2.455,2.465,2.499,2.462,2.469,2.489,2.509,2.848,3.025,3.225,3.375,3.350,3.255
2025-12-05,2.454,2.462,2.497,2.458,2.467,2.484,2.507,2.816,2.990,3.192,3.352,3.312,3.202
2025-12-08,2.452,2.461,2.498,2.458,2.460,2.478,2.515,2.845,3.032,3.240,3.402,3.335,3.212
2025-12-09,2.453,2.465,2.504,2.460,2.466,2.484,2.533,2.882,3.083,3.305,3.452,3.375,3.242
2025-12-10,2.448,2.461,2.503,2.453,2.468,2.515,2.587,2.900,3.085,3.340,3.370,3.381,3.275
2025-12-11,2.448,2.461,2.503,2.440,2.460,2.514,2.586,2.910,3.100,3.360,3.366,3.365,3.257
2025-12-12,2.446,2.460,2.502,2.438,2.452,2.515,2.587,2.898,3.085,3.346,3.411,3.335,3.238
2025-12-15,2.426,2.437,2.470,2.427,2.432,2.495,2.567,2.821,2.991,3.255,3.333,3.263,3.171
2025-12-16,2.426,2.437,2.465,2.424,2.430,2.489,2.552,2.834,3.001,3.245,3.315,3.265,3.182
2025-12-17,2.425,2.436,2.461,2.424,2.431,2.490,2.558,2.830,2.995,3.225,3.322,3.291,3.210
2025-12-18,2.425,2.438,2.461,2.425,2.433,2.493,2.555,2.795,2.965,3.200,3.310,3.320,3.243
2025-12-19,2.429,2.444,2.472,2.424,2.433,2.503,2.591,2.837,3.015,3.247,3.355,3.340,3.260
2025-12-22,2.416,2.432,2.461,2.416,2.411,2.490,2.572,2.811,2.995,3.245,3.365,3.335,3.250
2025-12-23,2.411,2.426,2.454,2.415,2.391,2.479,2.562,2.796,2.960,3.240,3.377,3.353,3.262
2025-12-24,2.410,2.423,2.451,2.410,2.391,2.472,2.560,2.781,2.942,3.212,3.347,3.330,3.243
2025-12-26,2.409,2.422,2.451,2.410,2.391,2.471,2.560,2.800,2.960,3.243,3.380,3.358,3.270
2025-12-29,2.410,2.422,2.459,2.410,2.391,2.471,2.550,2.783,2.939,3.227,3.355,3.328,3.235
2025-12-30,2.411,2.426,2.470,2.410,2.393,2.471,2.550,2.793,2.950,3.235,3.385,3.347,3.251
2025-12-31,2.411,2.426,2.470,2.410,2.393,2.471,2.550,2.793,2.950,3.235,3.385,3.347,3.251
2026-01-02,2.404,2.411,2.457,2.408,2.376,2.461,2.535,2.790,2.925,3.235,3.385,3.346,3.256
2026-01-05,2.403,2.407,2.447,2.398,2.370,2.462,2.532,2.799,2.927,3.242,3.395,3.375,3.275
2026-01-06,2.404,2.406,2.430,2.392,2.372,2.460,2.515,2.822,2.948,3.247,3.400,3.357,3.247
2026-01-07,2.396,2.416,2.427,2.381,2.372,2.451,2.505,2.803,2.907,3.187,3.357,3.320,3.225
2026-01-08,2.395,2.417,2.432,2.383,2.372,2.450,2.505,2.795,2.909,3.165,3.345,3.327,3.235
2026-01-09,2.394,2.417,2.435,2.381,2.372,2.450,2.506,2.813,2.940,3.192,3.387,3.360,3.257
2026-01-12,2.393,2.417,2.436,2.382,2.374,2.450,2.512,2.822,2.980,3.212,3.395,3.347,3.245
2026-01-13,2.393,2.417,2.436,2.393,2.379,2.454,2.523,2.832,2.998,3.242,3.417,3.375,3.277
2026-01-14,2.393,2.418,2.437,2.399,2.394,2.455,2.536,2.824,2.995,3.240,3.420,3.377,3.277
2026-01-15,2.410,2.436,2.456,2.420,2.414,2.474,2.562,2.882,3.085,3.320,3.500,3.437,3.327
2026-01-16,2.413,2.437,2.457,2.424,2.416,2.476,2.577,2.875,3.081,3.322,3.500,3.428,3.322
2026-01-19,2.418,2.441,2.461,2.426,2.421,2.490,2.588,2.907,3.130,3.392,3.565,3.495,3.387
2026-01-20,2.420,2.443,2.466,2.427,2.427,2.499,2.597,2.932,3.183,3.479,3.646,3.605,3.495
2026-01-21,2.420,2.445,2.486,2.427,2.434,2.505,2.603,2.890,3.130,3.427,3.597,3.575,3.470
2026-01-22,2.420,2.447,2.496,2.427,2.442,2.523,2.618,2.860,3.097,3.387,3.551,3.533,3.420
2026-01-23,2.432,2.457,2.517,2.435,2.458,2.548,2.644,2.890,3.130,3.412,3.580,3.580,3.460
2026-01-26,2.434,2.461,2.538,2.436,2.459,2.552,2.658,2.870,3.092,3.382,3.545,3.575,3.455
2026-01-27,2.442,2.474,2.554,2.442,2.469,2.571,2.686,2.870,3.089,3.375,3.527,3.545,3.440
2026-01-28,2.444,2.476,2.556,2.443,2.469,2.571,2.681,2.855,3.065,3.355,3.517,3.530,3.437
2026-01-29,2.450,2.482,2.563,2.447,2.474,2.577,2.685,2.890,3.105,3.397,3.562,3.572,3.487
2026-01-30,2.459,2.492,2.575,2.447,2.482,2.587,2.688,2.918,3.142,3.442,3.611,3.597,3.525
2026-02-02,2.470,2.503,2.588,2.456,2.492,2.596,2.693,2.935,3.155,3.450,3.605,3.610,3.526
2026-02-03,2.480,2.513,2.601,2.459,2.499,2.603,2.700,2.972,3.190,3.492,3.662,3.675,3.590
2026-02-04,2.486,2.519,2.607,2.459,2.506,2.608,2.702,2.993,3.222,3.535,3.720,3.720,3.632
2026-02-05,2.489,2.522,2.609,2.471,2.509,2.611,2.701,2.975,3.205,3.505,3.692,3.705,3.610
2026-02-06,2.493,2.527,2.614,2.473,2.506,2.610,2.699,3.000,3.240,3.530,3.717,3.721,3.617
2026-02-09,2.496,2.527,2.614,2.473,2.506,2.610,2.695,2.991,3.268,3.557,3.760,3.745,3.647
2026-02-10,2.496,2.527,2.611,2.470,2.503,2.607,2.683,2.935,3.222,3.490,3.681,3.705,3.610
2026-02-11,2.496,2.527,2.609,2.470,2.502,2.608,2.671,2.915,3.200,3.457,3.635,3.680,3.590
2026-02-12,2.493,2.520,2.586,2.470,2.502,2.611,2.660,2.886,3.150,3.420,3.615,3.655,3.570
2026-02-13,2.492,2.511,2.560,2.469,2.501,2.618,2.642,2.870,3.140,3.390,3.565,3.599,3.515
2026-02-19,2.492,2.512,2.562,2.472,2.506,2.617,2.646,2.900,3.176,3.425,3.585,3.620,3.535
2026-02-20,2.494,2.516,2.565,2.477,2.519,2.617,2.645,2.870,3.140,3.387,3.537,3.568,3.474
2026-02-23,2.497,2.518,2.568,2.483,2.530,2.625,2.647,2.880,3.155,3.405,3.577,3.600,3.512
2026-02-24,2.498,2.519,2.570,2.489,2.546,2.635,2.660,2.880,3.155,3.407,3.588,3.620,3.537
2026-02-25,2.499,2.519,2.566,2.495,2.552,2.647,2.680,2.865,3.122,3.382,3.557,3.600,3.525
2026-02-26,2.499,2.519,2.565,2.498,2.551,2.652,2.687,2.825,3.064,3.315,3.472,3.530,3.442
2026-02-27,2.499,2.519,2.563,2.499,2.552,2.652,2.695,2.815,3.040,3.275,3.445,3.510,3.422
2026-03-03,2.521,2.548,2.603,2.513,2.576,2.682,2.739,2.969,3.185,3.430,3.620,3.657,3.578
2026-03-04,2.523,2.552,2.610,2.512,2.569,2.685,2.747,2.979,3.225,3.475,3.637,3.637,3.550
2026-03-05,2.521,2.550,2.606,2.511,2.567,2.676,2.740,2.950,3.180,3.425,3.580,3.586,3.490
2026-03-06,2.521,2.547,2.606,2.515,2.576,2.682,2.754,2.970,3.222,3.472,3.617,3.615,3.517
2026-03-09,2.529,2.569,2.639,2.535,2.613,2.714,2.802,3.098,3.400,3.640,3.741,3.700,3.593
2026-03-10,2.524,2.559,2.614,2.573,2.674,2.749,2.832,3.156,3.280,3.505,3.618,3.620,3.505
2026-03-11,2.522,2.554,2.604,2.584,2.686,2.740,2.808,3.126,3.250,3.470,3.612,3.615,3.505
2026-03-12,2.522,2.554,2.606,2.591,2.689,2.743,2.818,3.135,3.265,3.483,3.648,3.650,3.558
2026-03-13,2.523,2.556,2.612,2.589,2.690,2.747,2.834,3.190,3.332,3.560,3.700,3.705,3.600
2026-03-16,2.525,2.555,2.606,2.592,2.685,2.739,2.825,3.175,3.306,3.562,3.680,3.690,3.587
2026-03-17,2.526,2.556,2.607,2.589,2.683,2.738,2.835,3.185,3.327,3.582,3.700,3.695,3.577
2026-03-18,2.522,2.552,2.603,2.586,2.677,2.731,2.830,3.146,3.265,3.517,3.610,3.630,3.506
2026-03-19,2.528,2.560,2.616,2.587,2.685,2.759,2.882,3.212,3.328,3.580,3.685,3.671,3.557
2026-03-20,2.539,2.575,2.646,2.607,2.706,2.786,2.957,3.310,3.412,3.615,3.735,3.698,3.585
2026-03-23,2.551,2.601,2.686,2.633,2.736,2.839,3.027,3.520,3.630,3.838,3.885,3.835,3.725
2026-03-24,2.550,2.602,2.683,2.635,2.730,2.833,3.008,3.446,3.532,3.755,3.838,3.822,3.702
2026-03-25,2.554,2.614,2.697,2.639,2.732,2.832,3.039,3.475,3.555,3.782,3.855,3.835,3.717
2026-03-26,2.565,2.640,2.738,2.625,2.730,2.840,3.049,3.455,3.545,3.788,3.850,3.875,3.760
2026-03-27,2.576,2.655,2.757,2.634,2.741,2.860,3.067,3.507,3.592,3.840,3.925,3.932,3.820
2026-03-30,2.572,2.653,2.750,2.645,2.754,2.861,3.060,3.470,3.542,3.800,3.895,3.895,3.790
2026-03-31,2.572,2.653,2.748,2.644,2.748,2.857,3.056,3.485,3.555,3.771,3.877,3.863,3.770
2026-04-01,2.577,2.660,2.755,2.625,2.726,2.821,2.995,3.325,3.370,3.567,3.690,3.680,3.610
2026-04-02,2.579,2.666,2.762,2.630,2.735,2.836,3.018,3.390,3.475,3.670,3.795,3.750,3.702
2026-04-03,2.575,2.661,2.740,2.622,2.727,2.827,3.009,3.360,3.445,3.618,3.744,3.690,3.622
2026-04-06,2.573,2.657,2.736,2.618,2.721,2.827,2.997,3.337,3.430,3.592,3.725,3.687,3.611
2026-04-07,2.573,2.658,2.737,2.618,2.721,2.827,2.994,3.332,3.445,3.617,3.755,3.725,3.637
2026-04-08,2.569,2.639,2.687,2.614,2.701,2.775,2.907,3.202,3.320,3.480,3.632,3.612,3.530
2026-04-09,2.572,2.644,2.694,2.618,2.689,2.777,2.908,3.200,3.330,3.483,3.655,3.641,3.572
2026-04-10,2.573,2.645,2.695,2.618,2.686,2.778,2.917,3.225,3.357,3.515,3.685,3.645,3.570
2026-04-13,2.574,2.646,2.695,2.618,2.688,2.782,2.921,3.242,3.380,3.550,3.712,3.677,3.602
2026-04-14,2.574,2.644,2.692,2.616,2.678,2.774,2.916,3.203,3.337,3.516,3.652,3.630,3.537
2026-04-15,2.574,2.644,2.692,2.621,2.678,2.774,2.924,3.200,3.332,3.520,3.655,3.622,3.532
2026-04-16,2.574,2.644,2.692,2.621,2.678,2.776,2.926,3.200,3.337,3.540,3.672,3.632,3.540
2026-04-17,2.574,2.645,2.692,2.621,2.679,2.776,2.930,3.230,3.370,3.577,3.715,3.677,3.580
2026-04-20,2.573,2.644,2.691,2.620,2.679,2.765,2.925,3.215,3.347,3.567,3.685,3.650,3.567
2026-04-21,2.573,2.643,2.690,2.619,2.677,2.767,2.925,3.206,3.335,3.540,3.656,3.620,3.535
2026-04-22,2.573,2.640,2.685,2.619,2.682,2.774,2.936,3.240,3.364,3.562,3.697,3.645,3.570
2026-04-23,2.579,2.648,2.693,2.623,2.694,2.801,2.963,3.331,3.453,3.650,3.787,3.729,3.650
2026-04-24,2.579,2.648,2.693,2.623,2.703,2.810,2.985,3.383,3.495,3.681,3.815,3.755,3.672
2026-04-27,2.574,2.645,2.690,2.618,2.699,2.798,2.987,3.380,3.497,3.677,3.820,3.760,3.677
2026-04-28,2.573,2.644,2.691,2.618,2.699,2.800,2.990,3.410,3.530,3.715,3.865,3.795,3.712
2026-04-29,2.572,2.643,2.694,2.620,2.699,2.805,2.990,3.405,3.525,3.702,3.842,3.777,3.690
2026-04-30,2.577,2.652,2.708,2.622,2.702,2.810,3.020,3.485,3.592,3.775,3.915,3.865,3.785
2026-05-04,2.577,2.652,2.708,2.613,2.693,2.810,3.020,3.515,3.615,3.796,3.932,3.903,3.815
2026-05-06,2.576,2.649,2.705,2.612,2.691,2.810,3.020,3.495,3.595,3.786,3.935,3.932,3.850
2026-05-07,2.573,2.646,2.703,2.606,2.688,2.800,3.009,3.432,3.535,3.717,3.876,3.892,3.817
2026-05-08,2.573,2.645,2.704,2.603,2.689,2.801,3.010,3.449,3.560,3.735,3.903,3.905,3.835
2026-05-11,2.579,2.654,2.715,2.604,2.699,2.811,3.051,3.483,3.592,3.772,3.950,3.937,3.848
2026-05-12,2.589,2.669,2.734,2.611,2.706,2.843,3.095,3.550,3.680,3.876,4.065,4.070,3.975
2026-05-13,2.589,2.669,2.735,2.613,2.707,2.842,3.098,3.504,3.642,3.860,4.055,4.052,3.970
2026-05-14,2.590,2.670,2.738,2.615,2.712,2.857,3.121,3.505,3.657,3.890,4.087,4.090,4.000
2026-05-15,2.610,2.692,2.763,2.642,2.744,2.892,3.171,3.610,3.765,4.005,4.220,4.211,4.135
2026-05-18,2.609,2.691,2.760,2.638,2.740,2.890,3.165,3.600,3.757,3.992,4.247,4.270,4.197
2026-05-19,2.608,2.691,2.762,2.637,2.740,2.914,3.170,3.600,3.750,3.965,4.205,4.255,4.197
2026-05-20,2.610,2.693,2.768,2.637,2.740,2.914,3.173,3.610,3.757,3.975,4.195,4.230,4.185
2026-05-21,2.621,2.704,2.781,2.637,2.740,2.913,3.173,3.604,3.755,3.990,4.182,4.230,4.183
2026-05-22,2.624,2.714,2.800,2.636,2.731,2.911,3.170,3.587,3.725,3.957,4.126,4.205,4.150
2026-05-26,2.626,2.712,2.804,2.636,2.731,2.914,3.153,3.527,3.664,3.902,4.075,4.150,4.105
2026-05-27,2.626,2.713,2.811,2.636,2.731,2.914,3.157,3.565,3.717,3.957,4.107,4.160,4.105
2026-05-28,2.636,2.725,2.833,2.637,2.737,2.938,3.182,3.613,3.767,3.990,4.145,4.185,4.114
2026-05-29,2.634,2.723,2.831,2.635,2.735,2.939,3.177,3.627,3.722,3.915,4.065,4.078,3.996
2026-06-01,2.639,2.733,2.842,2.636,2.737,2.945,3.187,3.685,3.790,3.995,4.178,4.200,4.132
2026-06-02,2.639,2.734,2.843,2.635,2.737,2.942,3.187,3.685,3.770,3.970,4.136,4.168,4.125
2026-06-04,2.647,2.754,2.872,2.635,2.751,2.967,3.234,3.770,3.860,4.075,4.227,4.260,4.207
2026-06-05,2.647,2.755,2.877,2.634,2.745,2.969,3.240,3.785,3.880,4.120,4.252,4.326,4.265
2026-06-08,2.659,2.771,2.900,2.646,2.763,2.999,3.282,3.830,3.930,4.180,4.345,4.397,4.330
2026-06-09,2.660,2.772,2.897,2.652,2.769,3.007,3.286,3.760,3.860,4.100,4.272,4.345,4.285
2026-06-10,2.660,2.771,2.891,2.752,2.988,3.254,3.403,3.733,3.877,4.070,4.265,4.360,4.310
2026-06-11,2.662,2.772,2.888,2.755,2.990,3.232,3.393,3.744,3.906,4.080,4.315,4.405,4.360
2026-06-12,2.660,2.768,2.873,2.752,2.984,3.214,3.382,3.648,3.790,3.955,4.195,4.293,4.220
2026-06-15,2.664,2.759,2.852,2.747,2.974,3.188,3.336,3.602,3.740,3.920,4.120,4.245,4.185
2026-06-16,2.666,2.760,2.850,2.745,2.972,3.181,3.294,3.573,3.715,3.905,4.110,4.258,4.212
2026-06-17,2.666,2.760,2.849,2.739,2.962,3.173,3.270,3.561,3.700,3.890,4.062,4.195,4.155
2026-06-18,2.671,2.767,2.856,2.742,2.981,3.190,3.268,3.605,3.752,3.952,4.118,4.235,4.207
2026-06-19,2.680,2.778,2.870,2.745,2.989,3.200,3.285,3.635,3.782,4.002,4.170,4.265,4.265
2026-06-22,2.686,2.785,2.881,2.748,2.990,3.214,3.298,3.668,3.805,4.040,4.192,4.290,4.305
2026-06-23,2.687,2.785,2.879,2.753,2.986,3.220,3.288,3.651,3.765,4.007,4.162,4.292,4.300
2026-06-24,2.693,2.791,2.886,2.769,2.988,3.222,3.294,3.672,3.775,4.016,4.173,4.306,4.342
2026-06-25,2.693,2.792,2.887,2.775,2.988,3.222,3.294,3.670,3.762,4.000,4.155,4.310,4.325
2026-06-26,2.699,2.797,2.898,2.780,2.992,3.223,3.298,3.655,3.716,3.942,4.117,4.309,4.335
2026-06-29,2.715,2.809,2.916,2.799,3.005,3.234,3.318,3.670,3.735,3.962,4.140,4.320,4.375
2026-06-30,2.728,2.821,2.940,2.808,3.012,3.243,3.314,3.635,3.697,3.915,4.070,4.250,4.340
2026-07-01,2.767,2.860,2.993,2.817,3.021,3.270,3.357,3.715,3.790,4.025,4.205,4.365,4.437
2026-07-02,2.763,2.856,2.986,2.798,3.013,3.263,3.348,3.681,3.745,3.980,4.185,4.335,4.377
2026-07-03,2.763,2.856,2.983,2.798,3.007,3.260,3.346,3.670,3.745,3.972,4.195,4.345,4.363
2026-07-06,2.760,2.856,2.983,2.792,3.001,3.258,3.346,3.666,3.770,3.987,4.205,4.380,4.400
2026-07-07,2.760,2.856,2.981,2.792,3.001,3.259,3.346,3.657,3.778,3.990,4.217,4.400,4.423
2026-07-08,2.760,2.856,2.982,2.782,2.998,3.258,3.345,3.650,3.776,4.002,4.250,4.442,4.475
2026-07-09,2.758,2.856,2.981,2.761,2.992,3.259,3.347,3.653,3.780,4.025,4.262,4.435,4.462
2026-07-10,2.756,2.855,2.980,2.756,2.989,3.251,3.339,3.644,3.770,4.008,4.236,4.405,4.435
2026-07-13,2.759,2.863,2.999,2.757,2.992,3.262,3.349,3.685,3.810,4.047,4.267,4.425,4.445
2026-07-14,2.773,2.888,3.033,2.771,3.021,3.290,3.388,3.762,3.890,4.135,4.340,4.493,4.495
2026-07-15,2.770,2.884,3.031,2.764,3.016,3.282,3.375,3.722,3.867,4.112,4.332,4.462,4.474
2026-07-16,2.772,2.885,3.029,2.767,3.015,3.276,3.359,3.695,3.852,4.105,4.300,4.460,4.476
2026-07-20,2.776,2.891,3.037,2.776,3.015,3.283,3.366,3.730,3.897,4.155,4.342,4.525,4.535
2026-07-21,2.775,2.890,3.036,2.774,3.005,3.279,3.360,3.690,3.865,4.116,4.330,4.545,4.570
2026-07-22,2.778,2.893,3.044,2.776,3.009,3.290,3.364,3.730,3.915,4.175,4.385,4.625,4.645
2026-07-23,2.779,2.894,3.047,2.776,3.005,3.292,3.370,3.745,3.917,4.162,4.397,4.616,4.627
2026-07-24,2.779,2.902,3.061,2.791,3.022,3.314,3.409,3.790,3.952,4.210,4.445,4.640,4.642
2026-07-27,2.777,2.898,3.052,2.791,3.022,3.301,3.396,3.726,3.867,4.117,4.330,4.562,4.568
2026-07-28,2.775,2.896,3.050,2.794,3.032,3.301,3.395,3.707,3.830,4.070,4.292,4.530,4.550
2026-07-29,2.774,2.895,3.049,2.803,3.052,3.300,3.394,3.695,3.803,4.037,4.255,4.480,4.515
2026-07-30,2.784,2.906,3.063,2.823,3.076,3.320,3.400,3.707,3.827,4.072,4.311,4.502,4.532
2026-07-31,2.788,2.908,3.064,2.831,3.093,3.316,3.394,3.655,3.760,4.020,4.262,4.470,4.508
2026-08-03,2.791,2.913,3.063,2.836,3.102,3.313,3.393,3.610,3.742,4.012,4.260,4.500,4.528
2026-08-04,2.792,2.914,3.066,2.849,3.099,3.325,3.395,3.600,3.740,4.002,4.255,4.520,4.555
2026-08-05,2.791,2.914,3.059,2.848,3.098,3.315,3.379,3.542,3.677,3.920,4.155,4.472,4.516
2026-08-06,2.792,2.915,3.061,2.849,3.096,3.316,3.393,3.580,3.745,3.957,4.192,4.482,4.518
2026-08-07,2.791,2.914,3.059,2.851,3.098,3.318,3.398,3.573,3.747,3.965,4.215,4.497,4.522
2026-08-10,2.792,2.918,3.065,2.851,3.102,3.318,3.398,3.597,3.775,3.987,4.235,4.557,4.582
2026-08-11,2.799,2.928,3.075,2.860,3.092,3.326,3.409,3.627,3.797,4.035,4.295,4.630,4.657
2026-08-12,2.804,2.935,3.079,2.860,3.087,3.312,3.407,3.620,3.782,4.015,4.285,4.655,4.685
2026-08-13,2.809,2.943,3.090,2.860,3.077,3.306,3.402,3.615,3.777,4.016,4.300,4.610,4.675
2026-08-14,2.810,2.946,3.093,2.858,3.072,3.305,3.400,3.630,3.795,4.043,4.310,4.545,4.660
2026-08-18,2.821,2.957,3.106,2.854,3.078,3.318,3.401,3.665,3.840,4.107,4.373,4.655,4.750
2026-08-19,2.822,2.958,3.107,2.853,3.076,3.306,3.390,3.635,3.787,4.058,4.335,4.630,4.730
2026-08-20,2.827,2.963,3.113,2.853,3.075,3.304,3.401,3.672,3.822,4.070,4.322,4.602,4.672
2026-08-21,2.834,2.973,3.124,2.855,3.079,3.308,3.414,3.707,3.855,4.107,4.370,4.665,4.710
2026-08-24,2.838,2.975,3.126,2.845,3.080,3.313,3.416,3.690,3.835,4.061,4.327,4.612,4.671
2026-08-25,2.844,2.980,3.131,2.846,3.084,3.320,3.417,3.690,3.826,4.033,4.317,4.575,4.629
2026-08-26,2.847,2.985,3.136,2.847,3.093,3.328,3.432,3.700,3.817,4.030,4.282,4.542,4.592
2026-08-27,3.002,3.023,3.135,3.006,3.102,3.332,3.435,3.628,3.750,3.968,4.221,4.466,4.500
