date,call_overnight,cd_91d,cp_91d,msb_91d,msb_1y,msb_2y,ktb_1y,ktb_2y,ktb_3y,ktb_5y,ktb_10y,ktb_20y,ktb_30y,corp_aa_minus_3y,kofr,bok_policy_rate
1995-01-03,13.06,14.7,15.37,,13.85,,,,,,,,,14.25,,
1995-01-04,11.63,14.47,15.37,,13.85,,,,,,,,,14.3,,
1995-01-05,10.61,14.67,15.37,,13.85,,,,,,,,,14.42,,
1995-01-06,9.28,14.83,15.37,,13.85,,,,,,,,,14.45,,
1995-01-07,10.78,14.74,15.37,,13.85,,,,,,,,,14.45,,
1995-01-09,12.06,14.75,15.58,,13.85,,,,,,,,,14.45,,
1995-01-10,12.61,14.88,15.58,,13.85,,,,,,,,,14.47,,
1995-01-11,13.2,15.2,15.69,,13.85,,,,,,,,,14.5,,
1995-01-12,13.98,15.89,16.12,,13.85,,,,,,,,,14.67,,
1995-01-13,14.87,16.3,16.56,,13.9,,,,,,,,,15,,
1995-01-14,17.47,16.4,16.56,,13.95,,,,,,,,,15,,
1995-01-16,18.37,16.55,17.21,,13.95,,,,,,,,,15.1,,
1995-01-17,15.35,15.9,16.66,,13.95,,,,,,,,,15.1,,
1995-01-18,15.13,15.8,16.66,,13.95,,,,,,,,,15.1,,
1995-01-19,14.92,16.05,16.66,,13.95,,,,,,,,,15.1,,
1995-01-20,15.67,15.8,16.88,,13.95,,,,,,,,,15.08,,
1995-01-21,15.2,15.8,16.88,,13.95,,,,,,,,,15.08,,
1995-01-23,16.43,16,17.1,,14,,,,,,,,,15.2,,
1995-01-24,21.21,16.5,17.75,,14,,,,,,,,,15.2,,
1995-01-25,21.34,16.7,18.3,,14,,,,,,,,,15.2,,
1995-01-26,22.41,16.5,18.41,,14,,,,,,,,,15.2,,
1995-01-27,20.42,16.54,18.41,,14,,,,,,,,,15.2,,
1995-01-28,21.26,16.54,18.41,,14,,,,,,,,,15.2,,
1995-02-02,21.82,16.54,18.52,,14,,,,,,,,,15.23,,
1995-02-03,22.49,16.75,18.52,,14,,,,,,,,,15.23,,
1995-02-04,17.36,16.67,18.52,,14,,,,,,,,,15.25,,
1995-02-06,13.65,16.3,18.3,,14,,,,,,,,,15.25,,
1995-02-07,15.07,16.27,18.3,,14.05,,,,,,,,,15.25,,
1995-02-08,17.05,16.7,18.52,,14.05,,,,,,,,,15.25,,
1995-02-09,16.31,16.9,18.52,,14.05,,,,,,,,,15.25,,
1995-02-10,16.26,17,18.19,,14.05,,,,,,,,,15.3,,
1995-02-11,15.88,16.85,18.19,,14.05,,,,,,,,,15.3,,
1995-02-13,15.58,16.8,18.19,,14.05,,,,,,,,,15.32,,
1995-02-14,15.26,16.9,18.08,,14.05,,,,,,,,,15.35,,
1995-02-15,15.44,16.89,18.08,,14.05,,,,,,,,,15.35,,
1995-02-16,15.26,16.91,18.08,,14.1,,,,,,,,,15.4,,
1995-02-17,13.53,16.9,17.97,,14.2,,,,,,,,,15.4,,
1995-02-18,12.78,16.68,17.97,,14.2,,,,,,,,,15.4,,
1995-02-20,11.48,16,17.86,,14.2,,,,,,,,,15.4,,
1995-02-21,11.66,16.4,17.75,,14.2,,,,,,,,,15.4,,
1995-02-22,11.9,16.5,17.75,,14.2,,,,,,,,,15.3,,
1995-02-23,13.2,16.64,17.75,,14.2,,,,,,,,,15.4,,
1995-02-24,13.49,16.7,17.53,,14.2,,,,,,,,,15.4,,
1995-02-25,14.11,16.66,17.53,,14.2,,,,,,,,,15.4,,
1995-02-27,15.57,16.4,17.64,,14.2,,,,,,,,,15.4,,
1995-02-28,15.52,16.5,17.64,,14.2,,,,,,,,,15.45,,
1995-03-02,14.43,16.4,17.64,,14.2,,,,,,,,,15.5,,
1995-03-03,13.32,16.29,17.53,,14.2,,,,,,,,,15.5,,
1995-03-04,11.21,16.25,17.53,,14.2,,,,,,,,,15.5,,
1995-03-06,11.11,16,17.43,,14.2,,,,,,,,,15.49,,
1995-03-07,11.45,15.95,17.1,,14.2,,,,,,,,,15.45,,
1995-03-08,12.22,15.85,16.66,,14.2,,,,,,,,,15.35,,
1995-03-09,12.42,15.7,16.34,,14.2,,,,,,,,,15.3,,
1995-03-10,12.59,15.6,16.23,,14.2,,,,,,,,,15.3,,
1995-03-11,12.53,15.56,16.23,,14.2,,,,,,,,,15.3,,
1995-03-13,12.53,15.5,16.12,,14.2,,,,,,,,,15.3,,
1995-03-14,12.08,15.55,16.01,,14.2,,,,,,,,,15.3,,
1995-03-15,12.07,15.65,16.01,,14.2,,,,,,,,,15.25,,
1995-03-16,11.65,15.46,16.01,,14.2,,,,,,,,,15.2,,
1995-03-17,11.18,15.2,15.8,,14.2,,,,,,,,,15.1,,
1995-03-18,10.96,15,15.8,,14.2,,,,,,,,,15,,
1995-03-20,10.87,14.6,15.37,,14.2,,,,,,,,,14.8,,
1995-03-21,10.81,14.8,15.26,,14.2,,,,,,,,,14.8,,
1995-03-22,10.23,14.75,15.26,,14.2,,,,,,,,,14.8,,
1995-03-23,11.75,14.78,15.26,,14.2,,,,,,,,,14.6,,
1995-03-24,12.58,14.9,15.26,,14.2,,,,,,,,,14.45,,
1995-03-25,13.33,14.9,15.26,,14.2,,,,,,,,,14.45,,
1995-03-27,13.27,15.04,15.26,,14.2,,,,,,,,,14.5,,
1995-03-28,13.16,15.05,15.26,,14.2,,,,,,,,,14.5,,
1995-03-29,12.85,14.85,15.26,,14.2,,,,,,,,,14.4,,
1995-03-30,12.4,14.5,15.04,,14.2,,,,,,,,,14.2,,
1995-03-31,12.19,14.4,14.94,,14.2,,,,,,,,,14.2,,
1995-04-01,11.46,14.3,14.94,,,,,,,,,,,14.2,,
1995-04-03,11.26,14.15,14.72,,14.2,,,,,,,,,14.2,,
1995-04-04,11.38,14.15,14.51,,14.2,,,,,,,,,14.28,,
1995-04-06,11.88,14.3,14.61,,14.2,,,,,,,,,14.53,,
1995-04-07,11.73,14.4,14.72,,14.2,,,,,,,,,14.65,,
1995-04-08,12.51,14.4,14.72,,,,,,,,,,,14.65,,
1995-04-10,13.66,14.5,15.04,,14.2,,,,,,,,,14.75,,
1995-04-11,14.14,15,15.26,,14.2,,,,,,,,,14.9,,
1995-04-12,13.41,15.1,15.58,,14.2,,,,,,,,,14.98,,
1995-04-13,12.47,14.7,15.26,,14.2,,,,,,,,,14.8,,
1995-04-14,12.18,14.55,14.94,,14.2,,,,,,,,,14.6,,
1995-04-15,11.71,14.31,14.72,,,,,,,,,,,14.5,,
1995-04-17,11.39,14.35,14.72,,14.2,,,,,,,,,14.5,,
1995-04-18,11.23,14.55,14.83,,14.2,,,,,,,,,14.64,,
1995-04-19,11.53,14.6,14.94,,14.2,,,,,,,,,14.65,,
1995-04-20,11.55,14.55,15.04,,14.2,,,,,,,,,14.7,,
1995-04-21,11.96,14.6,15.04,,14.2,,,,,,,,,14.85,,
1995-04-22,11.78,14.6,15.04,,,,,,,,,,,14.9,,
1995-04-24,12.97,14.55,15.04,,14.2,,,,,,,,,14.85,,
1995-04-25,13.66,14.64,15.1,,14.2,,,,,,,,,14.85,,
1995-04-26,14.12,14.8,15.15,,14.2,,,,,,,,,14.85,,
1995-04-27,14.06,14.8,15.15,,14.2,,,,,,,,,14.8,,
1995-04-28,13.95,14.7,15.04,,14.2,,,,,,,,,14.7,,
1995-04-29,14.38,14.7,15.04,,,,,,,,,,,14.7,,
1995-05-02,13.89,14.65,15.04,,14.2,,,,,,,,,14.8,,
1995-05-03,13.87,14.65,15.04,,14.2,,,,,,,,,14.88,,
1995-05-04,14.06,14.7,15.15,,14.2,,,,,,,,,14.84,,
1995-05-06,13.23,14.68,15.15,,,,,,,,,,,14.75,,
1995-05-08,13.76,14.8,15.15,,14.2,,,,,,,,,14.8,,
1995-05-09,13.64,14.8,15.15,,14.2,,,,,,,,,14.8,,
1995-05-10,14.12,14.75,15.26,,14.2,,,,,,,,,14.82,,
1995-05-11,14.55,14.85,15.37,,14.2,,,,,,,,,14.87,,
1995-05-12,14.56,14.95,15.37,,14.2,,,,,,,,,14.91,,
1995-05-13,14.31,14.95,15.37,,,,,,,,,,,14.91,,
1995-05-15,14.32,15,15.58,,14.2,,,,,,,,,14.97,,
1995-05-16,14.01,14.85,15.58,,14.2,,,,,,,,,14.92,,
1995-05-17,13.57,14.8,15.47,,14.2,,,,,,,,,14.9,,
1995-05-18,12.77,14.85,15.37,,14.2,,,,,,,,,14.9,,
1995-05-19,12.08,14.85,15.37,,14.2,,,,,,,,,14.89,,
1995-05-20,11.92,14.85,15.37,,,,,,,,,,,14.89,,
1995-05-22,11.44,14.8,15.37,,14.2,,,,,,,,,14.9,,
1995-05-23,12.92,14.87,15.47,,14.2,,,,,,,,,14.9,,
1995-05-24,12.95,14.95,15.47,,14.2,,,,,,,,,14.95,,
1995-05-25,13.35,15.05,15.47,,14.2,,,,,,,,,15,,
1995-05-26,13.96,15.25,15.69,,14.2,,,,,,,,,15,,
1995-05-27,13.86,15.25,15.69,,,,,,,,,,,15,,
1995-05-29,13.96,15.06,15.69,,14.2,,,,,,,,,15,,
1995-05-30,13.38,14.85,15.53,,14.2,,,,,,,,,15,,
1995-05-31,13.39,14.8,15.53,,14.2,,,,,,,,,14.97,,
1995-06-01,12.52,14.78,15.37,,14.2,,,,,,,,,14.93,,
1995-06-02,11.6,14.7,15.26,,14.2,,,,,,,,,14.87,,
1995-06-03,10.23,14.6,15.26,,,,,,,,,,,14.79,,
1995-06-05,10.3,14.5,15.15,,14.2,,,,,,,,,14.7,,
1995-06-07,10.99,14.5,15.04,,14.2,,,,,,,,,14.7,,
1995-06-08,11.67,14.7,15.04,,14.2,,,,,,,,,14.7,,
1995-06-09,12,14.55,14.99,,14.2,,,,,,,,,14.63,,
1995-06-10,11.78,14.5,14.99,,,,,,,,,,,14.58,,
1995-06-12,11.75,14.45,14.83,,14.2,,,,,,,,,14.49,,
1995-06-13,11.98,14.63,14.83,,14.2,,,,,,,,,14.53,,
1995-06-14,12.39,14.65,14.94,,14.2,,,,,,,,,14.63,,
1995-06-15,13.19,14.8,15.04,,14.2,,,,,,,,,14.73,,
1995-06-16,13.2,14.7,15.04,,14.2,,,,,,,,,14.63,,
1995-06-17,12.02,14.7,15.04,,,,,,,,,,,14.63,,
1995-06-19,11.8,14.65,14.94,,14.2,,,,,,,,,14.61,,
1995-06-20,12.12,14.75,14.99,,14.2,,,,,,,,,14.64,,
1995-06-21,12.4,14.85,15.04,,14.2,,,,,,,,,14.67,,
1995-06-22,13.24,14.85,15.15,,14.2,,,,,,,,,14.7,,
1995-06-23,14.2,14.85,15.21,,14.2,,,,,,,,,14.63,,
1995-06-24,14.71,14.85,15.21,,,,,,,,,,,14.62,,
1995-06-26,14.87,14.9,15.31,,14.2,,,,,,,,,14.68,,
1995-06-28,15.05,15.05,15.37,,14.2,,,,,,,,,14.68,,
1995-06-29,15.51,15.05,15.47,,14.2,,,,,,,,,14.66,,
1995-06-30,15.37,15.05,15.37,,14.2,,,,,,,,,14.66,,
1995-07-01,13.45,15,15.37,,,,,,,,,,,14.66,,
1995-07-03,12.1,14.8,15.15,,14.2,,,,,,,,,14.56,,
1995-07-04,10.51,14.6,15.04,,14.2,,,,,,,,,14.53,,
1995-07-05,10.22,14.5,14.83,,14.2,,,,,,,,,14.48,,
1995-07-06,10.2,14.35,14.83,,14.2,,,,,,,,,14.39,,
1995-07-07,10.5,14.3,14.83,,14.2,,,,,,,,,14.32,,
1995-07-08,10.77,14.35,14.83,,,,,,,,,,,14.42,,
1995-07-10,11.29,14.45,14.83,,14.2,,,,,,,,,14.36,,
1995-07-11,11.3,14.45,14.83,,14.2,,,,,,,,,14.33,,
1995-07-12,11.33,14.4,14.83,,14.2,,,,,,,,,14.15,,
1995-07-13,11.32,14.33,14.72,,14.2,,,,,,,,,14.1,,
1995-07-14,11.33,14.3,14.61,,14.2,,,,,,,,,14.05,,
1995-07-15,11.21,14.2,14.61,,,,,,,,,,,14.05,,
1995-07-18,10.78,13.9,14.51,,14.2,,,,,,,,,13.9,,
1995-07-19,10.41,13.85,14.29,,14.2,,,,,,,,,13.87,,
1995-07-20,10.37,13.95,14.29,,14.2,,,,,,,,,13.93,,
1995-07-21,10.33,14.1,14.29,,14.2,,,,,,,,,14.1,,
1995-07-22,9.98,14.1,14.4,,,,,,,,,,,14.1,,
1995-07-24,11.22,14.15,14.45,,14.2,,,,,,,,,14.1,,
1995-07-25,12.43,14.1,14.51,,14.2,,,,,,,,,14.03,,
1995-07-26,13.04,14.15,14.51,,14.2,,,,,,,,,14.07,,
1995-07-27,12.1,14.05,14.51,,14.2,,,,,,,,,14.03,,
1995-07-28,12.23,13.9,14.29,,14.2,,,,,,,,,13.88,,
1995-07-29,12.08,13.85,14.29,,,,,,,,,,,13.83,,
1995-07-31,12.05,13.9,14.18,,14,,,,,,,,,13.9,,
1995-08-01,11.21,13.9,14.18,,14,,,,,,,,,13.9,,
1995-08-02,10.39,13.8,14.13,,14,,,,,,,,,13.96,,
1995-08-03,10.39,13.7,14.08,,14,,,,,,,,,13.9,,
1995-08-04,10.35,13.65,13.97,,13.95,,,,,,,,,13.8,,
1995-08-05,10.9,13.65,13.97,,,,,,,,,,,13.75,,
1995-08-07,11.23,13.65,14.08,,13.8,,,,,,,,,13.65,,
1995-08-08,11.72,13.65,14.08,,13.7,,,,,,,,,13.48,,
1995-08-09,11.63,13.55,14.02,,13.6,,,,,,,,,13.4,,
1995-08-10,10.56,13.55,13.97,,13.6,,,,,,,,,13.44,,
1995-08-11,11.69,13.5,13.97,,13.5,,,,,,,,,13.32,,
1995-08-12,11.43,13.45,13.97,,,,,,,,,,,13.3,,
1995-08-14,11.19,13.35,13.92,,13.5,,,,,,,,,13.26,,
1995-08-16,10.82,13.2,13.86,,13.5,,,,,,,,,13.05,,
1995-08-17,11.18,12.95,13.7,,12.95,,,,,,,,,12.77,,
1995-08-18,11.2,12.89,13.65,,12.6,,,,,,,,,12.43,,
1995-08-19,11.17,12.95,13.65,,,,,,,,,,,12.3,,
1995-08-21,11.94,13.1,13.33,,12.6,,,,,,,,,12.58,,
1995-08-22,12.38,13.34,13.54,,12.85,,,,,,,,,12.9,,
1995-08-23,12.44,13.5,13.6,,13,,,,,,,,,13.03,,
1995-08-24,12.29,13.6,13.65,,13.1,,,,,,,,,13.15,,
1995-08-25,12.68,13.55,13.76,,13.1,,,,,,,,,13.1,,
1995-08-26,12.53,13.55,13.76,,,,,,,,,,,13.12,,
1995-08-28,13,13.55,13.76,,13.05,,,,,,,,,13.1,,
1995-08-29,12.59,13.5,13.7,,13.05,,,,,,,,,13.05,,
1995-08-30,12.65,13.4,13.65,,13.05,,,,,,,,,13.07,,
1995-08-31,12.76,13.2,13.6,,13.05,,,,,,,,,12.98,,
1995-09-01,11.75,13.25,13.44,,13.05,,,,,,,,,12.98,,
1995-09-02,11.14,13.3,13.44,,,,,,,,,,,12.98,,
1995-09-04,10.84,13.14,13.38,,12.85,,,,,,,,,12.88,,
1995-09-05,11.21,13,13.33,,12.8,,,,,,,,,12.85,,
1995-09-06,11.8,13.05,13.33,,12.8,,,,,,,,,12.98,,
1995-09-07,12.18,13.4,13.65,,12.9,,,,,,,,,13.25,,
1995-09-11,12.92,13.2,13.65,,12.85,,,,,,,,,13.11,,
1995-09-12,13.04,13.3,13.7,,12.85,,,,,,,,,13.13,,
1995-09-13,12.86,13.4,13.7,,12.85,,,,,,,,,13.17,,
1995-09-14,12.14,13.4,13.7,,12.9,,,,,,,,,13.22,,
1995-09-15,11.68,13.3,13.6,,12.9,,,,,,,,,13.24,,
1995-09-16,11.03,13.25,13.54,,,,,,,,,,,13.24,,
1995-09-18,10.74,13.1,13.44,,12.9,,,,,,,,,13.13,,
1995-09-19,10.47,13.05,13.44,,12.9,,,,,,,,,12.9,,
1995-09-20,10.33,12.95,13.38,,12.8,,,,,,,,,12.7,,
1995-09-21,10.39,13,13.33,,12.85,,,,,,,,,12.83,,
1995-09-22,10.73,13,13.33,,12.85,,,,,,,,,12.8,,
1995-09-23,10.92,13,13.33,,,,,,,,,,,12.75,,
1995-09-25,11.23,13,13.33,,12.8,,,,,,,,,12.73,,
1995-09-26,11.24,12.95,13.22,,12.8,,,,,,,,,12.7,,
1995-09-27,11.23,12.9,13.17,,12.8,,,,,,,,,12.65,,
1995-09-28,11.2,12.85,13.12,,12.8,,,,,,,,,12.56,,
1995-09-29,10.81,12.85,13.12,,12.8,,,,,,,,,12.62,,
1995-09-30,10.62,12.8,13.12,,,,,,,,,,,12.55,,
1995-10-02,10.27,12.7,13.01,,12.8,,,,,,,,,12.4,,
1995-10-04,10.33,12.6,12.9,,12.75,,,,,,,,,12.35,,
1995-10-05,10.73,12.6,12.9,,12.75,,,,,,,,,12.35,,
1995-10-06,11,12.6,12.9,,12.75,,,,,,,,,12.35,,
1995-10-07,10.95,12.6,12.9,,,,,,,,,,,12.34,,
1995-10-09,11.15,12.6,12.85,,12.75,,,,,,,,,12.25,,
1995-10-10,11.17,12.55,12.8,,12.7,,,,,,,,,12.13,,
1995-10-11,11.16,12.5,12.74,,12.6,,,,,,,,,12.13,,
1995-10-12,11.14,12.3,12.64,,12.6,,,,,,,,,12.13,,
1995-10-13,11.17,12.25,12.58,,12.6,,,,,,,,,12.12,,
1995-10-14,10.82,12.25,12.58,,,,,,,,,,,12.14,,
1995-10-16,10.67,12.3,12.58,,12.6,,,,,,,,,12.2,,
1995-10-17,10.83,12.35,12.58,,12.6,,,,,,,,,12.22,,
1995-10-18,10.64,12.3,12.53,,12.6,,,,,,,,,12.22,,
1995-10-19,10.3,12.25,12.42,,12.6,,,,,,,,,12.18,,
1995-10-20,10.28,12.15,12.37,,12.5,,,,,,,,,12.06,,
1995-10-21,10.78,12.15,12.37,,,,,,,,,,,12.03,,
1995-10-23,11.17,12.1,12.32,,12.5,,,,,,,,,12.08,,
1995-10-24,11.88,12.2,12.32,,12.5,,,,,,,,,12.1,,
1995-10-25,12,12.2,12.37,,12.45,,,,,,,,,12.08,,
1995-10-26,11.92,12.15,12.32,,12.4,,,,,,,,,12.05,,
1995-10-27,11.61,12.1,12.32,,12.4,,,,,,,,,12.05,,
1995-10-28,11.54,12.1,12.32,,,,,,,,,,,12.05,,
1995-10-30,11.53,12.05,12.21,,12.4,,,,,,,,,12.05,,
1995-10-31,11.44,12.02,12.16,,12.4,,,,,,,,,12.03,,
1995-11-01,11.13,11.95,12.16,,12.4,,,,,,,,,11.95,,
1995-11-02,11.12,11.85,12.05,,12.3,,,,,,,,,11.93,,
1995-11-03,11.08,11.85,12,,12.3,,,,,,,,,11.98,,
1995-11-04,11.19,11.85,12,,,,,,,,,,,12,,
1995-11-06,11.58,11.95,12,,12.3,,,,,,,,,12.04,,
1995-11-07,11.82,11.94,12,,12.25,,,,,,,,,12.01,,
1995-11-08,12.01,11.9,12.05,,12.25,,,,,,,,,12.02,,
1995-11-09,11.6,11.94,12.05,,12.25,,,,,,,,,12.05,,
1995-11-10,11.44,11.95,12.05,,12.25,,,,,,,,,12.07,,
1995-11-11,11.36,11.95,12.05,,,,,,,,,,,12.07,,
1995-11-13,11.35,11.95,12.05,,12.25,,,,,,,,,12.08,,
1995-11-14,11.37,11.95,12.05,,12.25,,,,,,,,,12.08,,
1995-11-15,11.32,11.95,12.05,,12.25,,,,,,,,,12.08,,
1995-11-16,11.33,11.95,12.1,,12.25,,,,,,,,,12.08,,
1995-11-17,11.31,11.95,12.1,,12.15,,,,,,,,,12.08,,
1995-11-18,11.27,11.95,12.1,,,,,,,,,,,12.08,,
1995-11-20,11.39,12,12.1,,12.15,,,,,,,,,12.08,,
1995-11-21,11.29,12.05,12.1,,12.15,,,,,,,,,12.06,,
1995-11-22,11.29,12.1,12.15,,12.1,,,,,,,,,12.05,,
1995-11-23,11.19,12.07,12.15,,12.1,,,,,,,,,12,,
1995-11-24,11.13,12.05,12.15,,12.1,,,,,,,,,11.95,,
1995-11-25,11.09,12.05,12.15,,,,,,,,,,,11.91,,
1995-11-27,11.17,11.9,12.1,,12,,,,,,,,,11.81,,
1995-11-28,11.13,11.88,12.1,,11.95,,,,,,,,,11.77,,
1995-11-29,11.1,11.9,12.1,,11.9,,,,,,,,,11.75,,
1995-11-30,11.06,11.88,12.05,,11.8,,,,,,,,,11.66,,
1995-12-01,10.65,11.78,12,,11.7,,,,,,,,,11.55,,
1995-12-02,10.18,11.75,12,,,,,,,,,,,11.52,,
1995-12-04,10.23,11.6,11.95,,11.6,,,,,,,,,11.5,,
1995-12-05,10.3,11.5,11.79,,11.6,,,,,,,,,11.55,,
1995-12-06,10.28,11.65,11.79,,11.6,,,,,,,,,11.56,,
1995-12-07,10.6,11.65,11.79,,11.6,,,,,,,,,11.62,,
1995-12-08,10.42,11.6,11.79,,11.6,,,,,,,,,11.58,,
1995-12-09,10.39,11.57,11.79,,,,,,,,,,,11.58,,
1995-12-11,10.31,11.5,11.79,,11.6,,,,,,,,,11.52,,
1995-12-12,10.25,11.49,11.79,,11.6,,,,,,,,,11.53,,
1995-12-13,10.29,11.54,11.79,,11.6,,,,,,,,,11.47,,
1995-12-14,10.43,11.54,11.73,,11.6,,,,,,,,,11.38,,
1995-12-15,10.44,11.55,11.73,,11.6,,,,,,,,,11.42,,
1995-12-16,10.42,11.55,11.73,,,,,,,,,,,11.42,,
1995-12-18,10.43,11.6,11.73,,11.6,,,,,,,,,11.44,,
1995-12-19,10.64,11.65,11.79,,11.6,,,,,,,,,11.57,,
1995-12-20,11.09,11.7,11.8,,11.65,,,,,,,,,11.67,,
1995-12-21,11.69,11.9,11.81,,11.7,,,,,,,,,11.88,,
1995-12-22,11.83,11.9,11.84,,11.7,,,,,,,,,11.88,,
1995-12-23,11.4,11.85,11.84,,,,,,,,,,,11.83,,
1995-12-26,11.79,11.85,11.89,,11.7,,,,,,,,,11.9,,
1995-12-27,12.4,11.98,12.05,,11.75,,,,,,,,,11.95,,
1995-12-28,12.5,12.05,12.16,,11.75,,,,,,,,,11.98,,
1995-12-29,12.88,12.3,12.26,,11.75,,,,,,,,,11.93,,
1995-12-30,12.66,12.3,12.3,,,,,,,,,,,11.93,,
1996-01-03,11.74,12,12.3,,11.75,,,,,,,,,11.88,,
1996-01-04,10.86,11.75,11.92,,11.75,,,,,,,,,11.9,,
1996-01-05,10.28,11.6,11.84,,11.75,,,,,,,,,11.94,,
1996-01-06,10.26,11.6,11.84,,11.75,,,,,,,,,11.9,,
1996-01-08,10.19,11.55,11.73,,11.75,,,,,,,,,11.9,,
1996-01-09,10.15,11.5,11.68,,11.75,,,,,,,,,11.9,,
1996-01-10,10.19,11.48,11.68,,11.75,,,,,,,,,11.91,,
1996-01-11,10.2,11.4,11.63,,11.75,,,,,,,,,11.88,,
1996-01-12,10.23,11.4,11.63,,11.75,,,,,,,,,11.9,,
1996-01-13,10.17,11.4,11.63,,11.75,,,,,,,,,11.9,,
1996-01-15,10.23,11.5,11.63,,11.75,,,,,,,,,11.93,,
1996-01-16,10.36,11.65,11.73,,11.75,,,,,,,,,11.97,,
1996-01-17,10.4,11.82,11.89,,11.8,,,,,,,,,12.05,,
1996-01-18,10.4,11.8,11.95,,11.9,,,,,,,,,12.15,,
1996-01-19,10.41,11.75,12.1,,11.9,,,,,,,,,12.15,,
1996-01-20,10.29,11.75,12.1,,11.9,,,,,,,,,12.13,,
1996-01-22,10.36,11.65,12.1,,11.9,,,,,,,,,12.05,,
1996-01-23,10.4,11.65,12,,11.9,,,,,,,,,12.08,,
1996-01-24,10.39,11.7,11.89,,11.9,,,,,,,,,12.1,,
1996-01-25,10.56,11.75,11.89,,11.9,,,,,,,,,12.13,,
1996-01-26,10.78,11.73,11.89,,11.9,,,,,,,,,12.1,,
1996-01-27,10.71,11.73,11.94,,11.9,,,,,,,,,12.1,,
1996-01-29,10.84,11.73,12,,11.9,,,,,,,,,12.09,,
1996-01-30,10.64,11.65,11.95,,11.9,,,,,,,,,12.06,,
1996-01-31,10.46,11.6,11.95,,11.9,,,,,,,,,12.04,,
1996-02-01,10.25,11.63,11.89,,11.9,,,,,,,,,12.01,,
1996-02-02,10.23,11.6,11.84,,11.9,,,,,,,,,12,,
1996-02-03,9.72,11.6,11.84,,11.9,,,,,,,,,12.05,,
1996-02-05,9.9,11.6,11.84,,11.9,,,,,,,,,12.07,,
1996-02-06,9.93,11.6,11.79,,11.9,,,,,,,,,12,,
1996-02-07,10.23,11.6,11.79,,11.9,,,,,,,,,11.93,,
1996-02-08,10.25,11.65,11.79,,11.92,,,,,,,,,11.92,,
1996-02-09,10.42,11.75,11.79,,11.9,,,,,,,,,11.91,,
1996-02-10,10.36,11.75,11.79,,11.9,,,,,,,,,11.91,,
1996-02-12,10.43,11.7,11.79,,11.9,,,,,,,,,11.83,,
1996-02-13,10.42,11.67,11.84,,11.9,,,,,,,,,11.82,,
1996-02-14,10.69,11.72,11.84,,11.9,,,,,,,,,11.84,,
1996-02-15,11.14,11.68,11.84,,11.9,,,,,,,,,11.82,,
1996-02-16,11.7,11.66,11.89,,11.9,,,,,,,,,11.79,,
1996-02-17,11.72,11.66,11.89,,11.9,,,,,,,,,11.79,,
1996-02-21,11.03,11.65,11.84,,11.9,,,,,,,,,11.78,,
1996-02-22,11,11.68,11.84,,11.9,,,,,,,,,11.83,,
1996-02-23,10.98,11.7,11.84,,11.9,,,,,,,,,11.83,,
1996-02-24,10.99,11.7,11.84,,11.9,,,,,,,,,11.8,,
1996-02-26,11.14,11.68,11.79,,11.9,,,,,,,,,11.8,,
1996-02-27,11.07,11.68,11.79,,11.9,,,,,,,,,11.84,,
1996-02-28,11.15,11.68,11.79,,11.85,,,,,,,,,11.86,,
1996-02-29,11.49,11.67,11.79,,11.85,,,,,,,,,11.86,,
1996-03-02,10.9,11.67,11.79,,11.85,,,,,,,,,11.86,,
1996-03-04,10.64,11.66,11.73,,11.85,,,,,,,,,11.9,,
1996-03-05,10.64,11.63,11.73,,11.85,,,,,,,,,11.93,,
1996-03-06,10.66,11.6,11.73,,11.85,,,,,,,,,11.97,,
1996-03-07,10.65,11.64,11.73,,11.85,,,,,,,,,11.95,,
1996-03-08,10.63,11.65,11.73,,11.85,,,,,,,,,11.92,,
1996-03-09,10.4,11.65,11.73,,11.85,,,,,,,,,11.91,,
1996-03-11,10.47,11.63,11.73,,11.85,,,,,,,,,11.89,,
1996-03-12,10.45,11.63,11.73,,11.85,,,,,,,,,11.87,,
1996-03-13,10.46,11.6,11.73,,11.85,,,,,,,,,11.9,,
1996-03-14,10.44,11.6,11.71,,11.85,,,,,,,,,11.88,,
1996-03-15,10.37,11.6,11.71,,11.85,,,,,,,,,11.87,,
1996-03-16,10.14,11.6,11.71,,11.85,,,,,,,,,11.86,,
1996-03-18,9.98,11.55,11.68,,11.85,,,,,,,,,11.79,,
1996-03-19,9.97,11.48,11.63,,11.85,,,,,,,,,11.76,,
1996-03-20,9.81,11.5,11.63,,11.85,,,,,,,,,11.75,,
1996-03-21,9.86,11.5,11.63,,11.85,,,,,,,,,11.65,,
1996-03-22,10.14,11.49,11.63,,11.85,,,,,,,,,11.57,,
1996-03-23,10.16,11.49,11.63,,11.85,,,,,,,,,11.55,,
1996-03-25,10.2,11.45,11.63,,11.7,,,,,,,,,11.54,,
1996-03-26,10.62,11.45,11.63,,11.7,,,,,,,,,11.62,,
1996-03-27,10.6,11.45,11.63,,11.7,,,,,,,,,11.6,,
1996-03-28,10.57,11.44,11.57,,11.7,,,,,,,,,11.55,,
1996-03-29,10.11,11.35,11.52,,11.7,,,,,,,,,11.49,,
1996-03-30,9.36,11.35,11.52,,11.7,,,,,,,,,11.44,,
1996-04-01,9.13,11.2,11.47,,11.5,,,,,,,,,11.28,,
1996-04-02,9.67,11,11.36,,11.4,,,,,,,,,11.27,,
1996-04-03,9.73,11.1,11.31,,11.3,,,,,,,,,11.38,,
1996-04-04,9.76,11.1,11.31,,11.3,,,,,,,,,11.4,,
1996-04-06,9.63,11.1,11.31,,11.3,,,,,,,,,11.42,,
1996-04-08,9.52,11.03,11.26,,11.3,,,,,,,,,11.33,,
1996-04-09,9.51,10.9,11.15,,11.25,,,,,,,,,11.2,,
1996-04-10,9.5,10.7,11.05,,11.25,,,,,,,,,11.23,,
1996-04-12,9.45,10.7,11.05,,11.25,,,,,,,,,11.2,,
1996-04-13,9.42,10.7,11.05,,11.2,,,,,,,,,11.1,,
1996-04-15,9.19,10.45,10.89,,11.1,,,,,,,,,11,,
1996-04-16,9.2,10.25,10.57,,10.9,,,,,,,,,10.9,,
1996-04-17,9.19,10.25,10.47,,10.9,,,,,,,,,10.94,,
1996-04-18,8.96,10.2,10.41,,10.9,,,,,,,,,10.96,,
1996-04-19,8.96,10.15,10.36,,10.9,,,,,,,,,11.03,,
1996-04-20,8.94,10.15,10.36,,10.9,,,,,,,,,11,,
1996-04-22,8.95,10.1,10.36,,10.85,,,,,,,,,10.9,,
1996-04-23,9.18,10,10.26,,10.75,,,,,,,,,10.78,,
1996-04-24,9.18,9.95,10.2,,10.65,,,,,,,,,10.67,,
1996-04-25,9.48,9.9,10.09,,10.4,,,,,,,,,10.53,,
1996-04-26,9.92,9.95,10.15,,10.3,,,,,,,,,10.4,,
1996-04-27,9.89,10,10.2,,10.3,,,,,,,,,10.48,,
1996-04-29,10.16,10.05,10.36,,10.2,,,,,,,,,10.46,,
1996-04-30,10.57,10.05,10.36,,10.2,,,,,,,,,10.44,,
1996-05-02,10.65,10.05,10.26,,10.4,,,,,,,,,10.57,,
1996-05-03,10.82,10.25,10.26,,10.55,,,,,,,,,10.74,,
1996-05-04,10.37,10.25,10.26,,10.55,,,,,,,,,10.68,,
1996-05-06,11.03,10.4,10.36,,10.65,,,,,,,,,10.9,,
1996-05-07,11.16,10.4,10.36,,10.8,,,,,,,,,10.8,,
1996-05-08,10.8,10.4,10.47,,10.75,,,,,,,,,10.83,,
1996-05-09,10.17,10.35,10.47,,10.75,,,,,,,,,10.8,,
1996-05-10,10.14,10.22,10.41,,10.75,,,,,,,,,10.78,,
1996-05-13,10.14,10.15,10.41,,10.8,,,,,,,,,10.82,,
1996-05-14,10.19,10.3,10.41,,10.8,,,,,,,,,10.9,,
1996-05-15,10.7,10.5,10.57,,10.95,,,,,,,,,11.1,,
1996-05-16,11.11,10.9,10.99,,11.2,,,,,,,,,11.21,,
1996-05-17,11.1,10.85,10.99,,11.2,,,,,,,,,11.18,,
1996-05-18,10.59,10.85,10.99,,11.2,,,,,,,,,11.13,,
1996-05-20,11.13,11,11.1,,11.25,,,,,,,,,11.18,,
1996-05-21,11.86,11.1,11.2,,11.25,,,,,,,,,11.18,,
1996-05-22,11.84,11.13,11.31,,11.25,,,,,,,,,11.16,,
1996-05-23,12.08,11.2,11.36,,11.25,,,,,,,,,11.11,,
1996-05-25,12.11,11.2,11.36,,11.25,,,,,,,,,11.11,,
1996-05-27,13.33,11.7,11.63,,11.3,,,,,,,,,11.25,,
1996-05-28,13.52,12.2,12.26,,11.3,,,,,,,,,11.39,,
1996-05-29,13.34,12.2,12.48,,11.45,,,,,,,,,11.43,,
1996-05-30,13.49,12.05,12.48,,11.5,,,,,,,,,11.37,,
1996-05-31,13.56,12,12.37,,11.5,,,,,,,,,11.36,,
1996-06-01,13.72,12,12.32,,11.5,,,,,,,,,11.35,,
1996-06-03,13.24,11.85,12.26,,11.5,,,,,,,,,11.35,,
1996-06-04,12.56,11.6,12,,11.5,,,,,,,,,11.28,,
1996-06-05,11.87,11.5,11.84,,11.45,,,,,,,,,11.2,,
1996-06-07,11.89,11.55,11.68,,11.45,,,,,,,,,11.25,,
1996-06-08,11.58,11.55,11.68,,11.45,,,,,,,,,11.3,,
1996-06-10,11.53,11.6,11.68,,11.45,,,,,,,,,11.28,,
1996-06-11,11.66,11.7,11.79,,11.5,,,,,,,,,11.28,,
1996-06-12,11.86,11.9,12.05,,11.6,,,,,,,,,11.4,,
1996-06-13,11.89,12.1,12.32,,11.7,,,,,,,,,11.5,,
1996-06-14,12.12,12.15,12.58,,11.75,,,,,,,,,11.58,,
1996-06-15,12.4,12.15,12.58,,11.75,,,,,,,,,11.58,,
1996-06-17,12.77,12.5,13.12,,11.9,,,,,,,,,11.71,,
1996-06-18,12.75,12.6,13.22,,11.9,,,,,,,,,11.71,,
1996-06-19,12.29,12.35,13,,11.9,,,,,,,,,11.69,,
1996-06-20,11.71,12.2,12.8,,11.9,,,,,,,,,11.65,,
1996-06-21,11.86,12.32,12.8,,11.9,,,,,,,,,11.72,,
1996-06-22,11.7,12.32,12.8,,11.9,,,,,,,,,11.72,,
1996-06-24,12.13,12.75,13.12,,12,,,,,,,,,11.8,,
1996-06-25,12.57,12.75,13.28,,12,,,,,,,,,11.8,,
1996-06-26,13.02,12.77,13.12,,12,,,,,,,,,11.78,,
1996-06-27,13.11,12.8,13.12,,12,,,,,,,,,11.79,,
1996-06-28,13.45,12.67,13.06,,12.1,,,,,,,,,11.73,,
1996-06-29,13.43,12.65,13.06,,12.05,,,,,,,,,11.7,,
1996-07-01,13.43,12.5,13.06,,12.05,,,,,,,,,11.7,,
1996-07-02,13.46,12.6,12.9,,12.1,,,,,,,,,11.75,,
1996-07-03,13.03,12.6,12.9,,12.1,,,,,,,,,11.73,,
1996-07-04,12.66,12.65,12.9,,12.1,,,,,,,,,11.75,,
1996-07-05,12.65,12.75,12.96,,12.15,,,,,,,,,11.84,,
1996-07-06,12.44,12.75,12.96,,12.15,,,,,,,,,11.9,,
1996-07-08,12.41,12.8,13.12,,12.2,,,,,,,,,12,,
1996-07-09,12.41,12.8,13.22,,12.2,,,,,,,,,11.98,,
1996-07-10,12.44,12.75,13.22,,12.2,,,,,,,,,11.98,,
1996-07-11,12.39,12.6,13.22,,12.15,,,,,,,,,11.88,,
1996-07-12,12.06,12.6,13.12,,12.15,,,,,,,,,11.86,,
1996-07-13,12.06,12.6,13.06,,12.15,,,,,,,,,11.83,,
1996-07-15,12.11,12.6,13.01,,12.15,,,,,,,,,11.9,,
1996-07-16,12.1,12.6,13,,12.15,,,,,,,,,11.92,,
1996-07-18,11.94,12.63,13,,12.15,,,,,,,,,11.89,,
1996-07-19,12.11,12.75,13.06,,12.15,,,,,,,,,11.89,,
1996-07-20,12.09,12.75,13.12,,12.15,,,,,,,,,11.89,,
1996-07-22,12.15,12.85,13.22,,12.15,,,,,,,,,11.92,,
1996-07-23,12.46,12.85,13.28,,12.15,,,,,,,,,11.92,,
1996-07-24,12.62,12.95,13.33,,12.15,,,,,,,,,11.95,,
1996-07-25,13.55,13,13.44,,12.2,,,,,,,,,11.97,,
1996-07-26,14.83,13.2,13.65,,12.3,,,,,,,,,12.02,,
1996-07-27,13.98,13.2,13.65,,12.3,,,,,,,,,12.02,,
1996-07-29,14.04,13.2,13.7,,12.3,,,,,,,,,12.02,,
1996-07-30,14.94,13.5,13.86,,12.3,,,,,,,,,12.05,,
1996-07-31,16.08,13.7,13.97,,12.4,,,,,,,,,12.1,,
1996-08-01,15.68,13.74,14.08,,12.4,,,,,,,,,12.16,,
1996-08-02,15.7,13.68,14.08,,12.4,,,,,,,,,12.15,,
1996-08-03,15.63,13.65,14.08,,12.4,,,,,,,,,12.16,,
1996-08-05,15.43,13.75,14.18,,12.5,,,,,,,,,12.23,,
1996-08-06,15.95,14,14.51,,12.55,,,,,,,,,12.3,,
1996-08-07,15.61,14,14.51,,12.55,,,,,,,,,12.32,,
1996-08-08,14.47,13.95,14.51,,12.55,,,,,,,,,12.25,,
1996-08-09,14.09,14,14.51,,12.55,,,,,,,,,12.2,,
1996-08-10,14.02,14,14.51,,12.55,,,,,,,,,12.22,,
1996-08-12,14.11,14.15,14.61,,12.55,,,,,,,,,12.3,,
1996-08-13,14.09,14.3,14.77,,12.55,,,,,,,,,12.3,,
1996-08-14,14.45,15,15.26,,12.6,,,,,,,,,12.34,,
1996-08-16,14.9,15.1,16.01,,12.7,,,,,,,,,12.36,,
1996-08-17,14.79,15.15,16.45,,12.7,,,,,,,,,12.36,,
1996-08-19,15.22,15.5,17.21,,12.7,,,,,,,,,12.46,,
1996-08-20,15.58,15.8,17.21,,12.8,,,,,,,,,12.49,,
1996-08-21,15.71,15.75,17.1,,12.85,,,,,,,,,12.58,,
1996-08-22,15.41,15.6,16.99,,12.85,,,,,,,,,12.58,,
1996-08-23,15.59,15.38,16.66,,12.85,,,,,,,,,12.51,,
1996-08-24,15.73,15.35,16.45,,12.85,,,,,,,,,12.49,,
1996-08-26,16.01,15.5,16.77,,12.85,,,,,,,,,12.49,,
1996-08-27,16.64,15.7,17.1,,12.85,,,,,,,,,12.52,,
1996-08-28,16.51,15.8,16.99,,12.85,,,,,,,,,12.47,,
1996-08-29,16.41,15.6,16.88,,12.85,,,,,,,,,12.36,,
1996-08-30,16.31,15.2,16.45,,12.85,,,,,,,,,12.22,,
1996-08-31,16.51,15,16.45,,12.8,,,,,,,,,12.14,,
1996-09-02,16.18,14.9,15.91,,12.8,,,,,,,,,12.14,,
1996-09-03,15.43,14.8,15.26,,12.8,,,,,,,,,12.18,,
1996-09-04,13.92,14,14.51,,12.8,,,,,,,,,12.16,,
1996-09-05,12.72,13.76,13.97,,12.8,,,,,,,,,12.15,,
1996-09-06,12.75,13.92,14.08,,12.8,,,,,,,,,12.16,,
1996-09-07,12.74,14,14.08,,12.8,,,,,,,,,12.15,,
1996-09-10,13.11,14.75,15.04,,12.8,,,,,,,,,12.18,,
1996-09-11,13.16,14.65,15.15,,12.8,,,,,,,,,12.18,,
1996-09-12,13.13,14,14.18,,12.8,,,,,,,,,12.07,,
1996-09-13,13.11,14,14.08,,12.8,,,,,,,,,11.98,,
1996-09-14,12.95,14,14.08,,12.8,,,,,,,,,11.92,,
1996-09-16,13.07,13.95,14.08,,12.8,,,,,,,,,11.95,,
1996-09-17,13.07,14,14.18,,12.8,,,,,,,,,12.06,,
1996-09-18,13.12,14.13,14.29,,12.8,,,,,,,,,12.11,,
1996-09-19,13.36,14.28,14.51,,12.8,,,,,,,,,12.17,,
1996-09-20,13.88,14.45,14.72,,12.8,,,,,,,,,12.2,,
1996-09-21,14.01,14.52,14.72,,12.8,,,,,,,,,12.4,,
1996-09-23,15.24,14.6,15.37,,12.8,,,,,,,,,12.4,,
1996-09-24,15.94,14.6,15.37,,12.8,,,,,,,,,12.42,,
1996-09-25,16.27,14.6,15.37,,12.8,,,,,,,,,12.4,,
1996-09-30,15.99,14.4,15.26,,12.8,,,,,,,,,12.4,,
1996-10-01,16.18,14.1,14.94,,12.8,,,,,,,,,12.35,,
1996-10-02,15.69,13.9,14.51,,12.8,,,,,,,,,12.3,,
1996-10-04,14.67,14.05,14.18,,12.8,,,,,,,,,12.38,,
1996-10-05,13.87,14.05,14.18,,12.8,,,,,,,,,12.45,,
1996-10-07,13.65,14.15,14.4,,12.8,,,,,,,,,12.42,,
1996-10-08,13.6,14.15,14.51,,12.8,,,,,,,,,12.28,,
1996-10-09,13.61,13.85,14.29,,12.8,,,,,,,,,11.98,,
1996-10-10,13.99,13.8,14.18,,12.8,,,,,,,,,11.98,,
1996-10-11,13.9,13.9,14.18,,12.8,,,,,,,,,11.95,,
1996-10-12,13.6,13.9,14.18,,12.8,,,,,,,,,11.93,,
1996-10-14,13.43,13.95,14.08,,12.8,,,,,,,,,11.86,,
1996-10-15,13.77,14,14.29,,12.8,,,,,,,,,11.91,,
1996-10-16,14.03,14.1,14.72,,12.8,,,,,,,,,11.98,,
1996-10-17,14.08,14.3,15.04,,12.8,,,,,,,,,11.98,,
1996-10-18,14.34,14.3,15.04,,12.8,,,,,,,,,11.98,,
1996-10-19,13.86,14.3,14.83,,12.8,,,,,,,,,11.94,,
1996-10-21,13.9,14.3,14.83,,12.8,,,,,,,,,11.94,,
1996-10-22,13.74,14.3,14.83,,12.8,,,,,,,,,12.1,,
1996-10-23,14.4,14.45,15.04,,12.8,,,,,,,,,12.13,,
1996-10-24,14.86,14.4,15.15,,12.8,,,,,,,,,12.12,,
1996-10-25,15.17,14.3,15.15,,12.8,,,,,,,,,12.06,,
1996-10-26,15.16,14.3,15.04,,12.8,,,,,,,,,12.03,,
1996-10-28,15.2,14.2,15.04,,12.8,,,,,,,,,11.98,,
1996-10-29,14.7,14.1,14.72,,12.8,,,,,,,,,12.05,,
1996-10-30,15.63,13.95,14.72,,12.8,,,,,,,,,12.08,,
1996-10-31,15.68,13.8,14.61,,12.8,,,,,,,,,12.05,,
1996-11-01,15.35,13.8,14.61,,12.8,,,,,,,,,12.08,,
1996-11-02,15.34,13.8,14.4,,12.8,,,,,,,,,12.1,,
1996-11-04,14.77,13.85,14.4,,12.8,,,,,,,,,12.15,,
1996-11-05,14.7,13.85,14.4,,12.8,,,,,,,,,12.17,,
1996-11-06,14.59,13.85,14.51,,12.8,,,,,,,,,12.16,,
1996-11-07,14.34,13.85,14.61,,12.8,,,,,,,,,12.1,,
1996-11-08,14.54,13.8,14.61,,12.8,,,,,,,,,12.1,,
1996-11-09,14.49,13.8,14.61,,12.8,,,,,,,,,12.15,,
1996-11-11,14.37,13.75,14.61,,12.8,,,,,,,,,12.12,,
1996-11-12,14.26,13.6,14.51,,12.8,,,,,,,,,12.08,,
1996-11-13,14,13.45,14.4,,12.8,,,,,,,,,12.04,,
1996-11-14,13.95,13.3,14.29,,12.8,,,,,,,,,12,,
1996-11-15,14.2,13.35,14.29,,12.8,,,,,,,,,12.04,,
1996-11-16,13.96,13.35,14.29,,12.8,,,,,,,,,12.03,,
1996-11-18,14.07,13.4,14.4,,12.8,,,,,,,,,12.03,,
1996-11-19,14.11,13.5,14.61,,12.8,,,,,,,,,12.07,,
1996-11-20,14.21,13.65,14.72,,12.8,,,,,,,,,12.15,,
1996-11-21,14.47,13.8,15.04,,12.8,,,,,,,,,12.23,,
1996-11-22,14.52,13.9,14.94,,12.8,,,,,,,,,12.3,,
1996-11-23,14.63,13.9,14.94,,12.8,,,,,,,,,12.3,,
1996-11-25,14.74,14,14.94,,12.8,,,,,,,,,12.48,,
1996-11-26,14.9,13.8,14.94,,12.8,,,,,,,,,12.43,,
1996-11-27,14.56,13.6,14.83,,12.8,,,,,,,,,12.33,,
1996-11-28,14.07,13.5,14.61,,12.8,,,,,,,,,12.22,,
1996-11-29,13.41,13.45,14.4,,12.8,,,,,,,,,12.3,,
1996-11-30,13.45,13.45,14.4,,12.8,,,,,,,,,12.28,,
1996-12-02,13.25,13.38,14.29,,12.8,,,,,,,,,12.3,,
1996-12-03,13.13,13.35,14.4,,12.8,,,,,,,,,12.38,,
1996-12-04,13.14,13.5,14.51,,12.8,,,,,,,,,12.43,,
1996-12-05,13.15,13.7,14.72,,12.8,,,,,,,,,12.59,,
1996-12-06,13.07,13.7,15.04,,12.8,,,,,,,,,12.65,,
1996-12-07,12.41,13.7,14.72,,12.8,,,,,,,,,12.65,,
1996-12-09,12.65,13.6,14.61,,12.8,,,,,,,,,12.52,,
1996-12-10,12.64,13.45,14.51,,12.8,,,,,,,,,12.52,,
1996-12-11,12.5,13.45,14.51,,12.8,,,,,,,,,12.57,,
1996-12-12,12.31,13.4,14.29,,12.8,,,,,,,,,12.54,,
1996-12-13,12.11,13.3,14.18,,12.8,,,,,,,,,12.5,,
1996-12-14,11.95,13.3,14.18,,12.8,,,,,,,,,12.48,,
1996-12-16,12.04,13.2,14.18,,12.8,,,,,,,,,12.48,,
1996-12-17,12.12,13.36,14.29,,12.8,,,,,,,,,12.55,,
1996-12-18,12,13.55,14.4,,12.8,,,,,,,,,12.6,,
1996-12-19,12.04,13.7,14.4,,12.8,,,,,,,,,12.62,,
1996-12-20,12.07,13.7,14.51,,12.8,,,,,,,,,12.6,,
1996-12-21,11.9,13.7,14.51,,12.8,,,,,,,,,12.6,,
1996-12-23,12.38,13.6,14.4,,12.8,,,,,,,,,12.58,,
1996-12-24,12.97,13.65,14.4,,12.8,,,,,,,,,12.63,,
1996-12-26,12.81,13.8,14.4,,12.8,,,,,,,,,12.7,,
1996-12-27,12.95,13.7,14.4,,12.8,,,,,,,,,12.7,,
1996-12-28,12.63,13.7,14.4,,12.8,,,,,,,,,12.7,,
1996-12-30,12.36,13.45,14.4,,12.8,,,,,,,,,12.67,,
1996-12-31,12.21,13.35,14.4,,12.8,,,,,,,,,12.6,,
1997-01-03,10.8,13,13.97,,12.8,,,,,,,,,12.42,,
1997-01-04,10.54,12.91,13.86,,12.8,,,,,,,,,12.42,,
1997-01-06,10.97,12.8,13.54,,12.8,,,,,,,,,12.45,,
1997-01-07,11.73,12.85,13.54,,12.8,,,,,,,,,12.45,,
1997-01-08,11.29,12.8,13.54,,12.8,,,,,,,,,12.4,,
1997-01-09,11.15,12.6,13.22,,12.8,,,,,,,,,12.25,,
1997-01-10,10.96,12.55,13.12,,12.8,,,,,,,,,12.25,,
1997-01-11,10.97,12.55,13.01,,12.8,,,,,,,,,12.3,,
1997-01-13,11.32,12.6,13.12,,12.8,,,,,,,,,12.25,,
1997-01-14,11.59,12.75,13.12,,12.8,,,,,,,,,12.23,,
1997-01-15,11.56,12.75,13.22,,12.8,,,,,,,,,12.22,,
1997-01-16,11.58,12.65,13.22,,12.8,,,,,,,,,12.08,,
1997-01-17,11.35,12.65,13.01,,12.8,,,,,,,,,12.01,,
1997-01-18,10.46,12.65,13.01,,12.8,,,,,,,,,11.95,,
1997-01-20,10.71,12.55,12.8,,12.8,,,,,,,,,11.85,,
1997-01-21,10.66,12.6,12.8,,12.8,,,,,,,,,12.02,,
1997-01-22,10.65,12.6,12.9,,12.8,,,,,,,,,12.05,,
1997-01-23,11.39,12.6,13.01,,12.8,,,,,,,,,12.02,,
1997-01-24,11.86,12.7,13.12,,12.8,,,,,,,,,12.08,,
1997-01-25,11.89,12.7,13.12,,12.8,,,,,,,,,12.06,,
1997-01-27,12.53,12.65,13.22,,12.8,,,,,,,,,12.07,,
1997-01-28,12.27,12.65,13.12,,12.8,,,,,,,,,12.02,,
1997-01-29,12.11,12.55,13.01,,12.8,,,,,,,,,11.97,,
1997-01-30,11.89,12.5,13.01,,12.8,,,,,,,,,11.97,,
1997-01-31,11.67,12.35,12.9,,12.8,,,,,,,,,12,,
1997-02-01,11.3,12.35,12.9,,12.8,,,,,,,,,12,,
1997-02-03,11.13,12.25,12.8,,12.8,,,,,,,,,12,,
1997-02-04,10.98,12.2,12.69,,12.8,,,,,,,,,12,,
1997-02-05,11.1,12.25,12.75,,12.8,,,,,,,,,12,,
1997-02-06,11.18,12.25,12.8,,12.4,,,,,,,,,12,,
1997-02-10,11.35,12.2,12.8,,12.4,,,,,,,,,11.93,,
1997-02-11,11.43,12.2,12.8,,12.4,,,,,,,,,11.9,,
1997-02-12,11.45,12.15,12.75,,12.4,,,,,,,,,11.95,,
1997-02-13,11.52,12.15,12.75,,12.4,,,,,,,,,12.02,,
1997-02-14,11.35,12.2,12.69,,12.4,,,,,,,,,12.02,,
1997-02-15,11.27,12.2,12.69,,12.4,,,,,,,,,12.02,,
1997-02-17,11.33,12.2,12.69,,12.4,,,,,,,,,12.1,,
1997-02-18,11.37,12.15,12.69,,12.4,,,,,,,,,12.25,,
1997-02-19,11.52,12.2,12.8,,12.4,,,,,,,,,12.3,,
1997-02-20,11.51,12.3,12.9,,12.4,,,,,,,,,12.32,,
1997-02-21,11.55,12.4,13.01,,12.4,,,,,,,,,12.45,,
1997-02-22,11.26,12.4,13.01,,12.4,,,,,,,,,12.44,,
1997-02-24,11.76,12.4,13.01,,12.4,,,,,,,,,12.4,,
1997-02-25,12.05,12.45,13.12,,12.4,,,,,,,,,12.37,,
1997-02-26,12.11,12.45,13.07,,12.4,,,,,,,,,12.38,,
1997-02-27,12.04,12.45,13.07,,12.4,,,,,,,,,12.38,,
1997-02-28,12.14,12.45,13.01,,12.4,,,,,,,,,12.4,,
1997-03-03,12.09,12.45,13.01,,12.4,,,,,,,,,12.43,,
1997-03-04,12.03,12.45,13.01,,12.4,,,,,,,,,12.45,,
1997-03-05,11.96,12.5,12.96,,12.4,,,,,,,,,12.44,,
1997-03-06,12.05,12.6,12.96,,12.4,,,,,,,,,12.5,,
1997-03-07,12.16,12.65,13.07,,12.4,,,,,,,,,12.53,,
1997-03-08,11.95,12.65,13.07,,12.4,,,,,,,,,12.55,,
1997-03-10,12.35,12.7,13.07,,12.4,,,,,,,,,12.7,,
1997-03-11,12.82,12.75,13.39,,12.4,,,,,,,,,12.7,,
1997-03-12,12.88,12.95,13.76,,12.4,,,,,,,,,12.7,,
1997-03-13,13.02,13.1,13.86,,12.4,,,,,,,,,12.7,,
1997-03-14,12.96,13.1,13.86,,12.55,,,,,,,,,12.65,,
1997-03-15,12.96,13.1,13.86,,12.6,,,,,,,,,12.57,,
1997-03-17,13.24,13.1,13.86,,12.6,,,,,,,,,12.65,,
1997-03-18,13.29,13.2,13.92,,12.6,,,,,,,,,12.75,,
1997-03-19,13.47,13.55,14.19,,12.6,,,,,,,,,12.85,,
1997-03-20,13.45,13.65,14.4,,12.6,,,,,,,,,12.85,,
1997-03-21,13.27,13.7,14.61,,12.6,,,,,,,,,12.88,,
1997-03-22,13.09,13.68,14.61,,12.6,,,,,,,,,12.89,,
1997-03-24,13.7,14,14.94,,12.6,,,,,,,,,13,,
1997-03-25,13.64,14.2,15.05,,12.6,,,,,,,,,12.98,,
1997-03-26,13.74,14.15,14.83,,12.6,,,,,,,,,12.85,,
1997-03-27,13.55,13.85,14.51,,12.6,,,,,,,,,12.73,,
1997-03-28,13.08,13.6,14.4,,12.6,,,,,,,,,12.68,,
1997-03-29,13.13,13.6,14.4,,12.6,,,,,,,,,12.66,,
1997-03-31,12.97,13.45,14.08,,12.6,,,,,,,,,12.5,,
1997-04-01,12.86,13.2,13.54,,12.6,,,,,,,,,12.48,,
1997-04-02,13.15,13.05,13.54,,12.6,,,,,,,,,12.5,,
1997-04-03,12.92,13.13,13.54,,12.6,,,,,,,,,12.5,,
1997-04-07,12.86,13.25,13.54,,12.6,,,,,,,,,12.55,,
1997-04-08,13.07,13.15,13.6,,12.6,,,,,,,,,12.5,,
1997-04-09,12.89,13.05,13.65,,12.6,,,,,,,,,12.47,,
1997-04-10,12.87,13,13.54,,12.6,,,,,,,,,12.47,,
1997-04-11,12.77,13,13.44,,12.6,,,,,,,,,12.45,,
1997-04-12,12.65,13,13.44,,12.6,,,,,,,,,12.47,,
1997-04-14,12.68,12.95,13.33,,12.6,,,,,,,,,12.47,,
1997-04-15,12.71,13.05,13.44,,12.6,,,,,,,,,12.5,,
1997-04-16,12.83,13.2,13.44,,12.6,,,,,,,,,12.55,,
1997-04-17,12.82,13.25,13.65,,12.6,,,,,,,,,12.6,,
1997-04-18,12.6,13.2,13.65,,12.6,,,,,,,,,12.53,,
1997-04-19,12.51,13.15,13.65,,12.6,,,,,,,,,12.43,,
1997-04-21,12.38,13.1,13.54,,12.6,,,,,,,,,12.43,,
1997-04-22,12.33,13.1,13.54,,12.6,,,,,,,,,12.43,,
1997-04-23,12.7,13.1,13.54,,12.6,,,,,,,,,12.5,,
1997-04-24,12.89,13.1,13.54,,12.6,,,,,,,,,12.52,,
1997-04-25,13.44,13.1,13.59,,12.6,,,,,,,,,12.52,,
1997-04-26,13.57,13.1,13.59,,12.6,,,,,,,,,12.5,,
1997-04-28,13.88,13.1,13.59,,12.6,,,,,,,,,12.5,,
1997-04-29,13.89,13.1,13.59,,12.6,,,,,,,,,12.52,,
1997-04-30,14.16,13.1,13.59,,12.6,,,,,,,,,12.5,,
1997-05-02,13.62,13.1,13.59,,12.6,,,,,,,,,12.5,,
1997-05-03,13.26,13.1,13.59,,12.6,,,,,,,,,12.5,,
1997-05-06,13.22,13.1,13.54,,12.6,,,,,,,,,12.48,,
1997-05-07,12.95,13.1,13.49,,12.6,,,,,,,,,12.48,,
1997-05-08,13.05,13.1,13.54,,12.6,,,,,,,,,12.45,,
1997-05-09,12.82,13.05,13.49,,12.6,,,,,,,,,12.33,,
1997-05-10,12.83,13.05,13.49,,12.6,,,,,,,,,12.28,,
1997-05-12,12.89,13,13.33,,12.6,,,,,,,,,12.28,,
1997-05-13,12.62,12.95,13.22,,12.6,,,,,,,,,12.3,,
1997-05-15,12.43,12.83,13.17,,12.6,,,,,,,,,12.25,,
1997-05-16,12.17,12.7,13.12,,12.6,,,,,,,,,12.2,,
1997-05-17,11.87,12.7,13.12,,12.6,,,,,,,,,12.17,,
1997-05-19,12,12.6,12.96,,12.6,,,,,,,,,12.15,,
1997-05-20,12.19,12.6,12.9,,12.6,,,,,,,,,12.2,,
1997-05-21,12.4,12.65,12.96,,12.6,,,,,,,,,12.19,,
1997-05-22,12.19,12.65,12.96,,12.6,,,,,,,,,12.17,,
1997-05-23,12.15,12.65,12.9,,12.6,,,,,,,,,12.2,,
1997-05-24,12.03,12.65,12.9,,12.6,,,,,,,,,12.19,,
1997-05-26,12.1,12.65,12.9,,12.6,,,,,,,,,12.19,,
1997-05-27,11.94,12.6,12.9,,12.6,,,,,,,,,12.13,,
1997-05-28,11.77,12.45,12.75,,12.6,,,,,,,,,11.98,,
1997-05-29,11.64,12.3,12.69,,12.6,,,,,,,,,11.86,,
1997-05-30,11.58,12.23,12.58,,12.6,,,,,,,,,11.86,,
1997-05-31,11.73,12.24,12.58,,12.6,,,,,,,,,11.9,,
1997-06-02,11.64,12.22,12.53,,12.6,,,,,,,,,11.88,,
1997-06-03,11.58,12.19,12.47,,12.6,,,,,,,,,11.85,,
1997-06-04,11.27,11.95,12.32,,12.6,,,,,,,,,11.65,,
1997-06-05,10.98,11.7,12.16,,12.6,,,,,,,,,11.52,,
1997-06-07,10.91,11.7,12.16,,12.35,,,,,,,,,11.45,,
1997-06-09,10.71,11.53,11.84,,12.25,,,,,,,,,11.38,,
1997-06-10,10.73,11.3,11.63,,12.2,,,,,,,,,11.42,,
1997-06-11,10.77,11.44,11.63,,12.2,,,,,,,,,11.53,,
1997-06-12,10.84,11.55,11.63,,12.2,,,,,,,,,11.58,,
1997-06-13,10.86,11.6,11.63,,12.2,,,,,,,,,11.5,,
1997-06-14,10.93,11.6,11.63,,12.2,,,,,,,,,11.5,,
1997-06-16,11.16,11.6,11.68,,12.2,,,,,,,,,11.5,,
1997-06-17,11.42,11.68,11.84,,12.2,,,,,,,,,11.65,,
1997-06-18,11.41,11.75,11.95,,12.2,,,,,,,,,11.65,,
1997-06-19,11.24,11.75,12,,12.2,,,,,,,,,11.68,,
1997-06-20,11.11,11.8,11.95,,12.2,,,,,,,,,11.65,,
1997-06-21,11.09,11.8,11.95,,12.2,,,,,,,,,11.65,,
1997-06-23,11.16,11.85,11.95,,12.2,,,,,,,,,11.75,,
1997-06-24,11.34,12,12,,12.2,,,,,,,,,11.9,,
1997-06-25,11.48,12.05,12.11,,12.2,,,,,,,,,11.9,,
1997-06-26,11.5,12,12.16,,12.2,,,,,,,,,11.75,,
1997-06-27,11.26,12,12.11,,12.2,,,,,,,,,11.72,,
1997-06-28,11.13,12,12.05,,12.2,,,,,,,,,11.72,,
1997-06-30,11.45,12,12.05,,12.2,,,,,,,,,11.75,,
1997-07-01,11.35,11.9,11.95,,12.2,,,,,,,,,11.63,,
1997-07-02,11.22,11.7,11.89,,12.2,,,,,,,,,11.59,,
1997-07-03,11.24,11.6,11.73,,12.2,,,,,,,,,11.57,,
1997-07-04,11.19,11.65,11.84,,12.2,,,,,,,,,11.7,,
1997-07-05,11.16,11.65,11.84,,12.2,,,,,,,,,11.7,,
1997-07-07,11.23,11.75,11.79,,12.2,,,,,,,,,11.75,,
1997-07-08,11.16,11.75,11.84,,12.2,,,,,,,,,11.72,,
1997-07-09,10.95,11.75,11.79,,12.2,,,,,,,,,11.72,,
1997-07-10,10.95,11.7,11.79,,12.2,,,,,,,,,11.72,,
1997-07-11,11.07,11.7,11.84,,12.2,,,,,,,,,11.75,,
1997-07-12,11.07,11.7,11.84,,12.2,,,,,,,,,11.75,,
1997-07-14,11.2,11.75,11.84,,12.2,,,,,,,,,11.87,,
1997-07-15,11.37,11.9,11.95,,12.2,,,,,,,,,11.95,,
1997-07-16,11.5,12.1,12.26,,12.2,,,,,,,,,12.05,,
1997-07-18,11.43,12.2,12.37,,12.2,,,,,,,,,12.13,,
1997-07-19,11.43,12.2,12.37,,12.2,,,,,,,,,12.13,,
1997-07-21,11.41,12.2,12.58,,12.2,,,,,,,,,12.13,,
1997-07-22,11.38,12.2,12.58,,12.2,,,,,,,,,12.16,,
1997-07-23,11.59,12.15,12.74,,12.2,,,,,,,,,12.1,,
1997-07-24,11.6,12.1,12.69,,12.2,,,,,,,,,11.92,,
1997-07-25,11.63,12,12.58,,12.2,,,,,,,,,11.9,,
1997-07-26,11.83,12,12.58,,12.2,,,,,,,,,11.9,,
1997-07-28,11.94,11.9,12.58,,12.2,,,,,,,,,11.8,,
1997-07-29,11.86,11.96,12.48,,12.2,,,,,,,,,11.87,,
1997-07-30,11.9,12.05,12.48,,12.2,,,,,,,,,11.91,,
1997-07-31,11.91,12,12.48,,12.2,,,,,,,,,11.9,,
1997-08-01,11.74,11.95,12.48,,12.2,,,,,,,,,11.95,,
1997-08-02,11.61,11.95,12.48,,12.2,,,,,,,,,11.95,,
1997-08-04,11.75,11.95,12.53,,12.2,,,,,,,,,11.98,,
1997-08-05,11.84,12,12.48,,12.2,,,,,,,,,11.92,,
1997-08-06,11.75,12.05,12.48,,12.2,,,,,,,,,11.94,,
1997-08-07,11.8,12.1,12.53,,12.2,,,,,,,,,11.94,,
1997-08-08,11.78,12.15,12.53,,12.2,,,,,,,,,11.94,,
1997-08-09,11.86,12.15,12.53,,12.2,,,,,,,,,11.94,,
1997-08-11,12.04,12.3,12.58,,12.2,,,,,,,,,12,,
1997-08-12,12.22,12.5,12.8,,12.2,,,,,,,,,12.1,,
1997-08-13,12.33,12.55,12.9,,12.2,,,,,,,,,12.1,,
1997-08-14,12.39,12.6,13.06,,12.2,,,,,,,,,12.15,,
1997-08-16,12.66,12.6,13.06,,12.2,,,,,,,,,12.15,,
1997-08-18,13.01,12.9,13.65,,12.2,,,,,,,,,12.25,,
1997-08-19,12.81,13.05,13.86,,12.2,,,,,,,,,12.32,,
1997-08-20,12.75,13.09,14.19,,12.2,,,,,,,,,12.31,,
1997-08-21,12.58,13.14,14.08,,12.2,,,,,,,,,12.29,,
1997-08-22,12.36,13.1,13.97,,12.2,,,,,,,,,12.27,,
1997-08-23,12.49,13.1,13.97,,12.2,,,,,,,,,12.22,,
1997-08-25,12.73,12.95,13.86,,12.2,,,,,,,,,12.15,,
1997-08-26,13.06,13,14.08,,12.2,,,,,,,,,12.25,,
1997-08-27,13.06,13.1,14.08,,12.2,,,,,,,,,12.23,,
1997-08-28,13.12,13.2,13.86,,12.2,,,,,,,,,12.2,,
1997-08-29,12.96,13.35,13.86,,12.2,,,,,,,,,12.16,,
1997-08-30,12.98,13.35,13.86,,12.2,,,,,,,,,12.16,,
1997-09-01,13.1,13.4,13.86,,12.2,,,,,,,,,12.25,,
1997-09-02,13.09,13.4,13.86,,12.2,,,,,,,,,12.3,,
1997-09-03,13.07,13.38,13.86,,12.2,,,,,,,,,12.3,,
1997-09-04,12.8,13.35,13.86,,12.2,,,,,,,,,12.25,,
1997-09-05,12.36,13.2,13.76,,12.2,,,,,,,,,12.18,,
1997-09-06,12.29,13.2,13.76,,12.2,,,,,,,,,12.18,,
1997-09-08,12.65,13.05,13.65,,12.2,,,,,,,,,12.2,,
1997-09-09,12.8,13.15,13.59,,12.2,,,,,,,,,12.27,,
1997-09-10,12.97,13.3,13.7,,12.2,,,,,,,,,12.35,,
1997-09-11,13.12,13.4,13.86,,12.2,,,,,,,,,12.4,,
1997-09-12,12.98,13.35,13.86,,12.2,,,,,,,,,12.35,,
1997-09-13,12.79,13.35,13.86,,12.2,,,,,,,,,12.35,,
1997-09-18,12.94,13.3,13.76,,12.2,,,,,,,,,12.32,,
1997-09-19,12.85,13.25,13.76,,12.2,,,,,,,,,12.32,,
1997-09-20,12.86,13.25,13.76,,12.2,,,,,,,,,12.32,,
1997-09-22,13.09,13.25,13.76,,12.2,,,,,,,,,12.36,,
1997-09-23,13.27,13.35,13.76,,12.2,,,,,,,,,12.4,,
1997-09-24,13.68,13.45,13.86,,12.2,,,,,,,,,12.42,,
1997-09-25,13.78,13.65,13.97,,12.65,,,,,,,,,12.5,,
1997-09-26,13.86,13.7,14.19,,12.75,,,,,,,,,12.55,,
1997-09-27,14.08,13.7,14.19,,12.8,,,,,,,,,12.55,,
1997-09-29,14.13,13.75,14.4,,12.8,,,,,,,,,12.63,,
1997-09-30,14.25,13.75,14.4,,12.8,,,,,,,,,12.6,,
1997-10-01,14.11,13.7,14.29,,12.8,,,,,,,,,12.5,,
1997-10-02,13.97,13.67,14.29,,12.8,,,,,,,,,12.52,,
1997-10-04,13.97,13.67,14.29,,12.8,,,,,,,,,12.52,,
1997-10-06,14.04,13.7,14.29,,12.8,,,,,,,,,12.5,,
1997-10-07,13.98,13.7,14.29,,12.8,,,,,,,,,12.52,,
1997-10-08,14.18,13.8,14.34,,12.8,,,,,,,,,12.55,,
1997-10-09,14.15,14,14.34,,12.8,,,,,,,,,12.57,,
1997-10-10,13.98,14.1,14.4,,12.8,,,,,,,,,12.6,,
1997-10-11,14.02,14.1,14.4,,12.8,,,,,,,,,12.6,,
1997-10-13,14.09,14.1,14.4,,12.8,,,,,,,,,12.6,,
1997-10-14,13.99,14.05,14.29,,12.8,,,,,,,,,12.55,,
1997-10-15,13.8,13.95,14.29,,12.8,,,,,,,,,12.52,,
1997-10-16,13.74,13.95,14.19,,12.8,,,,,,,,,12.55,,
1997-10-17,13.28,13.9,14.19,,12.8,,,,,,,,,12.5,,
1997-10-18,13.05,13.9,14.19,,12.8,,,,,,,,,12.5,,
1997-10-20,12.91,13.8,14.14,,12.8,,,,,,,,,12.5,,
1997-10-21,12.75,13.6,14.08,,12.8,,,,,,,,,12.45,,
1997-10-22,12.89,13.5,14.08,,12.8,,,,,,,,,12.35,,
1997-10-23,13.12,13.4,13.97,,12.8,,,,,,,,,12.3,,
1997-10-24,13.12,13.55,13.97,,12.8,,,,,,,,,12.42,,
1997-10-25,13.3,13.55,13.97,,12.8,,,,,,,,,12.42,,
1997-10-27,13.44,13.73,14.19,,12.8,,,,,,,,,12.6,,
1997-10-28,13.37,13.85,14.34,,12.8,,,,,,,,,12.7,,
1997-10-29,13.16,13.75,14.29,,12.8,,,,,,,,,12.63,,
1997-10-30,13.17,13.75,14.4,,12.8,,,,,,,,,12.62,,
1997-10-31,13.09,13.7,14.4,,12.8,,,,,,,,,12.6,,
1997-11-01,13.03,13.7,14.4,,12.8,,,,,,,,,12.6,,
1997-11-03,13.16,13.6,14.4,,12.8,,,,,,,,,12.6,,
1997-11-04,13.17,13.55,14.34,,12.8,,,,,,,,,12.55,,
1997-11-05,13.26,13.55,14.34,,12.8,,,,,,,,,12.58,,
1997-11-06,13.25,13.65,14.45,,12.8,,,,,,,,,12.68,,
1997-11-07,13.31,13.75,14.45,,12.8,,,,,,,,,12.8,,
1997-11-08,13.48,13.75,14.4,,12.8,,,,,,,,,12.8,,
1997-11-10,13.72,13.85,14.51,,12.8,,,,,,,,,12.9,,
1997-11-11,13.88,13.95,14.67,,12.9,,,,,,,,,13,,
1997-11-12,14.06,14.05,14.94,,12.95,,,,,,,,,13.15,,
1997-11-13,14.3,14.05,15.48,,13,,,,,,,,,13.22,,
1997-11-14,14.35,14,16.12,,13,,,,,,,,,13.3,,
1997-11-15,14.37,14,16.12,,13,,,,,,,,,13.3,,
1997-11-17,14.41,14.05,16.88,,13,,,,,,,,,13.4,,
1997-11-18,14.61,14.2,17.75,,13,,,,,,,,,13.65,,
1997-11-19,14.68,14.48,18.3,,13,,,,,,,,,14,,
1997-11-20,14.58,14.75,18.3,,13.75,,,,,,,,,14.3,,
1997-11-21,14.12,14.85,17.97,,14.1,,,,,,,,,14.5,,
1997-11-22,14.01,14.85,17.97,,14.1,,,,,,,,,14.5,,
1997-11-24,14.74,15.16,18.52,,15.1,,,,,,,,,16.05,,
1997-11-25,14.93,15.5,21.05,,16,,,,,,,,,17.6,,
1997-11-26,15.19,17,23.28,,16.05,,,,,,,,,18.55,,
1997-11-27,15.11,16.5,22.16,,16.05,,,,,,,,,17.25,,
1997-11-28,13.8,15.5,19.95,,14.35,,,,,,,,,15.64,,
1997-11-29,12.4,15.5,17.75,,14.35,,,,,,,,,15.1,,
1997-12-01,12.11,15,19.4,,14.8,,,,,,,,,17.5,,
1997-12-02,11.85,15.5,23.28,,14.95,,,,,,,,,18.23,,
1997-12-03,14.6,15.5,23.4,,14.95,,,,,,,,,18.74,,
1997-12-04,20.45,15.5,23.67,,14.95,,,,,,,,,18.85,,
1997-12-05,22.24,15.5,26.67,,14.95,,,,,,,,,19.19,,
1997-12-06,21.6,15.5,26.67,,14.95,,,,,,,,,19.95,,
1997-12-08,21.15,15.5,26.67,,14.8,,,,,,,,,22.95,,
1997-12-09,19.49,15.5,26.67,,14.8,,,,,,,,,24.95,,
1997-12-10,19.96,15.5,26.67,,14.8,,,,,,,,,25.48,,
1997-12-11,21.01,15.5,26.67,,14.8,,,,,,,,,22.9,,
1997-12-12,20.75,15.5,26.67,,14.8,,,,,,,,,24.68,,
1997-12-13,21.16,15.5,26.67,,14.8,,,,,,,,,22.43,,
1997-12-15,21.28,15.5,26.67,,14.8,,,,,,,,,20.78,,
1997-12-16,20.68,15.5,26.67,,14.8,,,,,,,,,21.2,,
1997-12-17,20.55,16.18,26.67,,14.8,,,,,,,,,23.31,,
1997-12-19,21.14,17.47,26.67,,14.8,,,,,,,,,26.14,,
1997-12-20,20.67,17.88,26.67,,14.8,,,,,,,,,27.15,,
1997-12-22,20.98,20.77,30.1,,14.8,,,,,,,,,30,,
1997-12-23,21.16,25,38.36,,14.8,,,,,,,,,31.11,,
1997-12-24,21.82,25,38.36,,14.8,,,,,,,,,29,,
1997-12-26,26.07,25,33.6,,14.8,,,,,,,,,27,,
1997-12-27,26.13,25,33.6,,14.8,,,,,,,,,27,,
1997-12-29,27.13,25,39.56,,14.8,,,,,,,,,29.49,,
1997-12-30,27.15,25,40.77,,14.8,,,,,,,,,30.89,,
1997-12-31,26.04,25,40.77,,14.8,,,,,,,,,28.98,,
1998-01-03,26.37,25,40.77,,14.8,,,,,,,,,28.98,,
1998-01-05,26.88,24.25,38.36,,14.8,,,,,,,,,25.53,,
1998-01-06,25.58,23.4,37.16,,14.8,,,,,,,,,25,,
1998-01-07,25.45,23.4,33.6,,14.8,,,,,,,,,25,,
1998-01-08,26.7,23.2,32.43,,14.8,,,,,,,,,25,,
1998-01-09,25.31,23.2,31.37,,18.45,,,,,,,,,24.45,,
1998-01-10,25,23.2,31.37,,14.8,,,,,,,,,24.05,,
1998-01-12,25.62,23,28.95,,14.8,,,,,,,,,22.51,,
1998-01-13,25.27,23,25.53,,14.8,,,,,,,,,22.5,,
1998-01-14,25.53,23,26.67,,14.8,,,,,,,,,23,,
1998-01-15,25.75,23,26.67,,14.8,,,,,,,,,23.5,,
1998-01-16,24.8,23,27.81,,14.8,,,,,,,,,23.5,,
1998-01-19,25.15,23,27.81,,14.8,,,,,,,,,24.5,,
1998-01-20,24.99,23,27.81,,14.8,,,,,,,,,24.5,,
1998-01-21,24.74,23,26.1,,14.8,,,,,,,,,23.3,,
1998-01-22,24.74,23,26.1,,14.8,,,,,,,,,22.8,,
1998-01-23,24.92,23,24.97,,14.8,,,,,,,,,22,,
1998-01-26,25.64,23,24.97,,14.8,,,,,,,,,21.2,,
1998-01-30,24.85,21.75,22.16,,14.8,,,,,,,,,18.5,,
1998-02-02,24.34,21.75,22.16,,14.8,,,,,,,,,19.5,,
1998-02-03,24.16,21.54,22.16,,14.8,,,,,,,,,19.32,,
1998-02-04,23.56,21.05,21.61,,14.8,,,,,,,,,18.11,,
1998-02-05,23.42,20.86,21.05,,14.8,,,,,,,,,18.22,,
1998-02-06,23.46,20.5,21.05,,14.8,,,,,,,,,18.42,,
1998-02-09,23.19,20.11,20.5,,14.8,,,,,,,,,18.23,,
1998-02-10,23.08,20.26,21.05,,14.8,,,,,,,,,18.81,,
1998-02-11,23.11,20.61,23.28,,14.8,,,,,,,,,20,,
1998-02-12,23.53,21.55,25.53,,14.8,,,,,,,,,20.26,,
1998-02-13,23.07,22,25.53,,14.8,,,,,,,,,20,,
1998-02-16,24.03,23.05,27.24,,14.8,,,,,,,,,20.5,,
1998-02-17,24.06,24.32,27.24,,14.8,,,,,,,,,21.5,,
1998-02-18,23.91,24.68,27.24,,14.8,,,,,,,,,21,,
1998-02-19,23.85,25,26.67,,14.8,,,,,,,,,20.5,,
1998-02-20,22.5,24.5,26.1,,14.8,,,,,,,,,20,,
1998-02-23,23.77,23.5,24.97,,14.8,,,,,,,,,20,,
1998-02-24,23.78,23,24.97,,14.8,,,,,,,,,20,,
1998-02-25,23.37,23.25,25.53,,14.8,,,,,,,,,20.5,,
1998-02-26,23.44,23.5,26.1,,14.8,,,,,,,,,20.5,,
1998-02-27,22.94,23.5,26.1,,14.8,,,,,,,,,20.5,,
1998-03-02,23,23.28,24.97,,14.8,,,,,,,,,19.84,,
1998-03-03,23.05,23,24.97,,14.8,,,,,,,,,19,,
1998-03-04,22.82,23,24.97,,14.8,,,,,,,,,19,,
1998-03-05,22.78,23,24.97,,14.8,,,,,,,,,19,,
1998-03-06,22.26,23,25.53,,14.8,,,,,,,,,19.5,,
1998-03-09,22.76,23,25.53,,14.8,,,,,,,,,19.66,,
1998-03-10,22.82,23,25.53,,14.8,,,,,,,,,19.5,,
1998-03-11,22.81,23,25.53,,14.8,,,,,,,,,19.5,,
1998-03-12,23.07,23,25.53,,14.8,,,,,,,,,19.5,,
1998-03-13,22.4,23,25.53,,14.8,,,,,,,,,19.5,,
1998-03-16,22.99,23,25.53,,14.8,,,,,,,,,19,,
1998-03-17,22.86,23,24.44,,14.8,,,,,,,,,18.74,,
1998-03-18,22.74,22.7,24.4,,14.8,,,,,,,,,18.5,,
1998-03-19,22.59,22.7,24.4,,14.8,,,,,,,,,18.5,,
1998-03-20,21.83,22.7,24.4,,14.8,,,,,,,,,18.5,,
1998-03-23,22.62,22.5,24.4,,14.8,,,,,,,,,18.5,,
1998-03-24,22.47,22.37,23.84,,14.8,,,,,,,,,18.5,,
1998-03-25,22.23,22.03,23.84,,14.8,,,,,,,,,18.5,,
1998-03-26,21.97,22,23.84,,14.8,,,,,,,,,18.5,,
1998-03-27,21.79,21.58,23.84,,14.8,,,,,,,,,18.5,,
1998-03-30,21.98,21.5,23.84,,14.8,,,,,,,,,18.5,,
1998-03-31,21.98,21,23.28,,14.8,,,,,,,,,18.28,,
1998-04-01,21.81,20.8,23.28,,14.8,,,,,,,,,18.14,,
1998-04-02,21.96,20.58,23.28,,14.8,,,,,,,,,18.22,,
1998-04-03,21.99,21,23.28,,14.8,,,,,,,,,18.3,,
1998-04-06,21.91,21.27,23.28,,14.8,,,,,,,,,18.5,,
1998-04-07,21.92,21.3,23.28,,14.8,,,,,,,,,18.5,,
1998-04-08,21.92,21.3,23.28,,14.8,,,,,,,,,18.5,,
1998-04-09,21.64,21.09,23.28,,14.8,,,,,,,,,18.27,,
1998-04-10,21.61,20.5,22.72,,14.8,,,,,,,,,17.9,,
1998-04-13,20.86,20,21.27,,14.8,,,,,,,,,17.5,,
1998-04-14,20.77,20,20.5,,14.8,,,,,,,,,17.67,,
1998-04-15,20.95,20,20.5,,14.8,,,,,,,,,17.8,,
1998-04-16,20.98,20,20.5,,14.8,,,,,,,,,17.9,,
1998-04-17,21.52,20,20.5,,14.8,,,,,,,,,17.9,,
1998-04-20,20.97,19.8,20.5,,14.8,,,,,,,,,17.9,,
1998-04-21,21.52,19.8,20.5,,14.8,,,,,,,,,18,,
1998-04-22,21.09,19.8,20.83,,14.8,,,,,,,,,18.07,,
1998-04-23,21.09,19.8,21.05,,14.8,,,,,,,,,18.2,,
1998-04-24,21.64,19.85,21.61,,14.8,,,,,,,,,18.4,,
1998-04-27,20.71,19.85,21.61,,14.8,,,,,,,,,18.4,,
1998-04-28,20.38,19.8,21.05,,14.8,,,,,,,,,18.32,,
1998-04-29,20.18,19.6,20.28,,14.8,,,,,,,,,18.11,,
1998-04-30,20.41,19.3,19.95,,14.8,,,,,,,,,17.7,,
1998-05-04,19.13,19.1,19.73,,14.8,,,,,,,,,17.65,,
1998-05-06,20.02,19,19.4,,14.8,,,,,,,,,17.65,,
1998-05-07,19.86,19,19.4,,14.8,,,,,,,,,17.7,,
1998-05-08,19.72,18.8,19.4,,14.8,,,,,,,,,17.7,,
1998-05-11,18.71,18.5,18.96,,14.8,,,,,,,,,17.7,,
1998-05-12,18.53,18.24,19.4,,14.8,,,,,,,,,17.7,,
1998-05-13,18.1,18.21,19.4,,14.8,,,,,,,,,17.8,,
1998-05-14,18.26,18.15,19.73,,14.8,,,,,,,,,17.8,,
1998-05-15,18.73,18.15,19.95,,14.8,,,,,,,,,18,,
1998-05-18,17.7,18.1,19.95,,14.8,,,,,,,,,18.08,,
1998-05-19,17.92,18.1,20.06,,14.8,,,,,,,,,18.1,,
1998-05-20,18.27,18.1,20.06,,14.8,,,,,,,,,18.1,,
1998-05-21,19.12,18.1,19.84,,14.8,,,,,,,,,18.1,,
1998-05-22,18.84,18.1,19.84,,14.8,,,,,,,,,18.1,,
1998-05-25,17.72,18,19.62,,14.8,,,,,,,,,18.03,,
1998-05-26,17.75,17.86,19.4,,14.8,,,,,,,,,18.03,,
1998-05-27,17.78,17.7,19.4,,14.8,,,,,,,,,17.97,,
1998-05-28,17.76,17.7,19.4,,14.8,,,,,,,,,17.97,,
1998-05-29,18.26,17.7,19.4,,14.8,,,,,,,,,17.82,,
1998-06-01,17.48,17.7,19.18,,14.8,,,,,,,,,17.61,,
1998-06-02,17.52,17.7,19.18,,14.8,,,,,,,,,17.61,,
1998-06-03,18.71,17.7,19.13,,14.8,,,,,,,,,17.5,,
1998-06-05,18.54,17.7,19.13,,14.8,,,,,,,,,17.5,,
1998-06-08,17.54,17.59,19.07,,14.8,,,,,,,,,17.4,,
1998-06-10,17,17.4,18.74,,14.8,,,,,,,,,16.81,,
1998-06-11,16.72,17.24,18.41,,14.8,,,,,,,,,16.8,,
1998-06-12,17.1,17,17.86,,14.8,,,,,,,,,16.8,,
1998-06-15,16.43,17,17.49,,14.8,,,,,,,,,16.8,,
1998-06-16,16.48,17,17.39,,14.8,,,,,,,,,17,,
1998-06-17,16.43,17,17.39,,14.8,,,,,,,,,16.9,,
1998-06-18,16.27,17,17.22,,14.8,,,,,,,,,16.65,,
1998-06-19,15.58,16.64,17.18,,14.8,,,,,,,,,16,,
1998-06-22,15.59,16.48,17.12,,14.8,,,,,,,,,16,,
1998-06-23,15.43,16.31,17.1,,14.8,,,,,,,,,16,,
1998-06-24,15.04,16.3,17.04,,14.8,,,,,,,,,16,,
1998-06-25,14.77,16.3,16.99,,14.8,,,,,,,,,16,,
1998-06-29,14.72,16.3,16.99,,14.8,,,,,,,,,16,,
1998-06-30,14.89,16.3,16.99,,14.8,,,,,,,,,16,,
1998-07-01,14.78,16.3,16.99,,14.8,,,,,,,,,15.5,,
1998-07-02,14.31,16,16.66,,14.15,,,,,,,,,15,,
1998-07-03,13.93,15.7,15.94,,13.55,,,,,,,,,14.5,,
1998-07-06,14,15,14.51,,13.55,,,,,,,,,13.8,,
1998-07-07,13.75,15,14.51,,13,,,,,,,,,13.7,,
1998-07-08,13.49,15,14.29,,13,,,,,,,,,13.8,,
1998-07-09,13.49,14.58,14.33,,13,,,,,,,,,14.1,,
1998-07-10,13.88,14.45,14.51,,13,,,,,,,,,14.75,,
1998-07-13,13.49,14.4,14.51,,13.15,,,,,,,,,14.85,,
1998-07-14,13.28,14.4,14.51,,13.15,,,,,,,,,14.85,,
1998-07-15,12.84,14.22,14.51,,13.15,,,,,,,,,14.5,,
1998-07-16,12.89,13.77,14.34,,12.9,,,,,,,,,13.5,,
1998-07-20,12.15,13,13.48,,12.5,,,,,,,,,12.84,,
1998-07-21,12.07,13,13.44,,12.5,,,,,,,,,12.9,,
1998-07-22,11.94,13,13.44,,12.5,,,,,,,,,12.9,,
1998-07-23,11.75,13,13.44,,12.5,,,,,,,,,13,,
1998-07-24,11.79,13,13.44,,12.5,,,,,,,,,12.95,,
1998-07-27,11.22,13,13.44,,12.5,,,,,,,,,12.9,,
1998-07-28,11.09,12.65,13.31,,12.1,,,,,,,,,12.8,,
1998-07-29,11.06,12.29,13.12,,12,,,,,,,,,12.5,,
1998-07-30,10.95,12,12.9,,11.9,,,,,,,,,12.4,,
1998-07-31,11.03,12,12.78,,11.75,,,,,,,,,12.3,,
1998-08-03,10.36,11.64,12.18,,11.5,,,,,,,,,11.9,,
1998-08-04,9.97,11.6,11.79,,11.4,,,,,,,,,11.7,,
1998-08-05,9.8,11.29,11.55,,11.3,,,,,,,,,11.7,,
1998-08-06,10.23,11.2,11.47,,11.3,,,,,,,,,12.01,,
1998-08-07,10.24,11.2,11.44,,11.3,,,,,,,,,12.23,,
1998-08-10,9.81,11.2,11.52,,11.3,,,,,,,,,12.1,,
1998-08-11,9.76,11.2,11.52,,11.3,,,,,,,,,12.1,,
1998-08-12,9.73,11.21,11.63,,11.4,,,,,,,,,12.5,,
1998-08-13,9.73,11.2,11.63,,11.4,,,,,,,,,12.6,,
1998-08-14,9.42,11.2,11.63,,11.6,,,,,,,,,12.9,,
1998-08-17,9.54,11.2,11.63,,11.6,,,,,,,,,12.9,,
1998-08-18,9.45,11.37,11.84,,11.8,,,,,,,,,13.2,,
1998-08-19,9.45,11.45,11.95,,11.8,,,,,,,,,13.2,,
1998-08-20,9.44,11.43,11.91,,11.8,,,,,,,,,13,,
1998-08-21,9.45,11.4,11.84,,11.8,,,,,,,,,12.8,,
1998-08-27,8.58,10.54,11.15,,11.2,,,,,,,,,11.9,,
1998-08-28,8.7,10.32,11.08,,10.85,,,,,,,,,11.9,,
1998-08-31,8.59,10.2,10.91,,10.7,,,,,,,,,11.7,,
1998-09-01,8.61,10.2,10.93,,10.7,,,,,,,,,11.94,,
1998-09-02,8.59,10.2,10.9,,10.7,,,,,,,,,11.95,,
1998-09-03,8.57,10.29,11.02,,10.8,,,,,,,,,12.2,,
1998-09-04,8.67,10.3,10.99,,10.8,,,,,,,,,12.15,,
1998-09-07,8.6,10.3,10.99,,10.8,,,,,,,,,12.15,,
1998-09-08,8.4,10.3,10.99,,10.95,,,,,,,,,12.55,,
1998-09-09,8.41,10.3,10.99,,11,,,,,,,,,12.66,,
1998-09-10,8.42,10.3,10.99,,11,,,,,,,,,12.7,,
1998-09-11,8.63,10.45,11.1,,11.2,,,,,,,,,13.1,,
1998-09-14,8.46,10.5,11.19,,11.4,,,,,,,,,13.5,,
1998-09-15,8.48,10.5,11.18,,11.4,,,,,,,,,13.3,,
1998-09-16,8.43,10.5,11.08,,11.4,,,,,,,,,12.9,,
1998-09-17,8.4,10.5,11.06,,11.4,,,,,,,,,12.5,,
1998-09-18,8.59,10.5,11.05,,11.4,,,,,,,,,12.6,,
1998-09-21,8.59,10.5,11.05,,11.4,,,,,,,,,12.56,,
1998-09-22,8.41,10.5,11.05,,11.4,,,,,,,,,12.55,,
1998-09-23,8.31,10.5,11.05,,11.4,,,,,,,,,12.5,,
1998-09-24,8.27,10.5,11,,11.3,,,,,,,,,12.35,,
1998-09-25,8.57,10.35,10.99,,11.3,,,,,,,,,12.4,,
1998-09-28,8.28,10.35,10.99,,11.3,,,,,,,,,12.4,,
1998-09-29,8.25,10.3,10.89,,11.3,,,,,,,,,12.25,,
1998-09-30,7.38,10.12,10.78,,11.1,,,,,,,,,11.9,,
1998-10-01,7.29,9.68,10.39,,10.6,,,,,,,,,11.4,,
1998-10-02,7.67,9.35,10.05,,10.15,,,,,,,,,10.7,,
1998-10-07,7.32,9.28,9.91,,10,,,,,,,,,10.65,,
1998-10-08,7.21,9,9.54,,9.9,,,,,,,,,10.5,,
1998-10-09,7.62,8.8,9.24,,9.8,,,,,,,,,10.3,,
1998-10-12,7.15,8.62,8.92,,9.5,,,,,,,,,10.25,,
1998-10-13,7.18,8.36,8.69,,8.6,,,,,,,,,10.25,,
1998-10-14,7.16,8.15,8.52,,8.5,,,,,,,,,10.15,,
1998-10-15,7.17,7.7,8.01,,7.9,,,,,,,,,9.55,,
1998-10-16,7.54,7.5,7.77,,7.7,,,,,,,,,9.23,,
1998-10-19,7.16,7.5,7.85,,8.05,,,,,,,,,9.7,,
1998-10-20,7.19,7.5,7.85,,8.1,,,,,,,,,9.5,,
1998-10-21,7.53,7.5,7.85,,8.1,,,,,,,,,9.5,,
1998-10-22,7.4,7.5,7.85,,8.1,,,,,,,,,9.5,,
1998-10-23,7.5,7.5,7.85,,8.2,,,,,,,,,9.71,,
1998-10-26,7.2,7.68,8.03,,8.4,,,,,,,,,10,,
1998-10-27,7.18,7.7,8.06,,8.45,,,,,,,,,10.03,,
1998-10-28,7.18,7.7,8.06,,8.2,,,,,,,,,9.92,,
1998-10-29,7.21,7.7,8.06,,8.2,,,,,,,,,10,,
1998-10-30,7.4,7.7,8.06,,8.2,,,,,,,,,10,,
1998-11-02,7.21,7.7,8.06,,8.2,,,,,,,,,9.68,,
1998-11-03,7.2,7.7,8.06,,8.1,,,,,,,,,9.5,,
1998-11-04,7.19,7.7,8.06,,8.1,,,,,,,,,9.5,,
1998-11-05,7.19,7.7,8.06,,8.1,,,,,,,,,9.5,,
1998-11-06,7.46,7.7,8.06,,8.1,,,,,,,,,9.5,,
1998-11-09,7.19,7.7,8.06,,8.1,,,,,,,,,9.5,,
1998-11-10,7.21,7.7,8.06,,8.1,,,,,,,,,9.5,,
1998-11-11,7.21,7.7,8.06,,8.15,,,,,,,,,9.6,,
1998-11-12,7.22,7.7,8.06,,8.2,,,,,,,,,9.91,,
1998-11-13,7.46,7.7,8.06,,8.2,,,,8.6,,,,,9.9,,
1998-11-16,7.18,7.7,8.06,,8.2,,,,8.5,,,,,9.9,,
1998-11-17,7.17,7.7,8.06,,8.2,,,,8.45,,,,,9.9,,
1998-11-18,7.2,7.7,8.06,,8.2,,,,8.45,,,,,9.9,,
1998-11-19,7.19,7.7,8.06,,8.15,,,,8.35,,,,,9.83,,
1998-11-20,7.54,7.7,8.06,,8.1,,,,8.35,,,,,9.71,,
1998-11-23,7.17,7.7,8.06,,8.1,,,,8.3,,,,,9.65,,
1998-11-24,7.17,7.7,8.06,,8.1,,,,8.2,,,,,9.55,,
1998-11-25,7.18,7.7,8.06,,8.05,,,,7.9,,,,,9.32,,
1998-11-26,7.19,7.7,8.06,,8,,,,8,,,,,9.25,,
1998-11-27,7.2,7.7,8.06,,8,,,,8.15,,,,,9.25,,
1998-11-30,7.16,7.7,8.06,,8,,,,8.1,,,,,9.25,,
1998-12-01,7.17,7.7,8.06,,8,,,,8.15,,,,,9.28,,
1998-12-02,7.14,7.7,8.06,,8.05,,,,8.2,,,,,9.3,,
1998-12-03,7.15,7.7,8.06,,8.05,,,,8.15,,,,,9.3,,
1998-12-04,7.4,7.7,8.06,,8,,,,7.9,,,,,9.09,,
1998-12-07,7.3,7.7,8.06,,7.8,,,,7.25,,,,,8.5,,
1998-12-08,7.08,7.7,8.06,,7.8,,,,7.3,,,,,8.5,,
1998-12-09,7.04,7.7,8.06,,7.8,,,,7.3,,,,,8.42,,
1998-12-10,6.91,7.7,8.06,,7.53,,,,7.1,,,,,8.13,,
1998-12-11,7.3,7.7,8.06,,7.45,,,,7,,,,,8,,
1998-12-14,6.92,7.7,8.06,,7.25,,,,6.8,,,,,7.8,,
1998-12-15,6.88,7.7,8.06,,7.25,,,,6.95,,,,,7.9,,
1998-12-16,6.73,7.7,8.06,,7.25,,,,7,,,,,8,,
1998-12-17,6.74,7.7,8.06,,7.25,,,,7,,,,,8,,
1998-12-18,7.09,7.7,8.06,,7.25,,,,7.1,,,,,8.09,,
1998-12-21,7.08,7.7,8.06,,7.25,,,,7.1,,,,,8.1,,
1998-12-22,6.93,7.7,8.06,,7.25,,,,7.1,,,,,8.1,,
1998-12-23,6.74,7.7,8.06,,7.25,,,,7,,,,,8.1,,
1998-12-24,6.94,7.7,8.06,,7.25,,,,6.95,,,,,8.1,,
1998-12-28,6.73,7.7,8.06,,7.25,,,,6.95,,,,,8,,
1998-12-29,6.7,7.7,8.06,,7.25,,,,6.95,,,,,8,,
1998-12-30,6.62,7.7,8.06,,7.25,,,,6.95,,,,,8,,
1998-12-31,6.74,7.7,8.06,,7.25,,,,6.95,,,,,8,,
1999-01-04,6.58,7.67,8.06,,7.21,,,,6.78,,,,,7.95,,
1999-01-05,6.57,7.53,7.93,,6.91,,,,6.39,,,,,7.73,,
1999-01-06,6.68,7.48,7.8,,6.88,,,,6.28,,,,,7.65,,
1999-01-07,6.65,7.28,7.73,,6.76,,,,5.97,,,,,7.3,,
1999-01-08,6.49,7.18,7.68,,6.59,,,,5.93,,,,,7.19,,
1999-01-09,6.53,7.17,7.67,,6.57,,,,5.93,,,,,7.19,,
1999-01-11,6.43,7.09,7.59,,6.14,,,,6.04,,,,,7.15,,
1999-01-12,6.42,7.06,7.56,,6.25,,,,6.29,,,,,7.26,,
1999-01-13,6.43,6.83,7.41,,6.28,,,,6.32,,,,,7.33,,
1999-01-14,6.35,6.83,7.35,,6.46,,,,6.58,,,,,7.82,,
1999-01-15,6.47,6.8,7.31,,6.56,,,,6.49,,,,,7.83,,
1999-01-16,6.44,6.8,7.3,,6.56,,,,6.49,,,,,7.83,,
1999-01-18,6.32,6.8,7.31,,6.62,,,,6.6,,,,,7.89,,
1999-01-19,6.32,6.8,7.28,,6.72,,,,6.65,,,,,8,,
1999-01-20,6.29,6.8,7.27,,6.75,,,,6.65,,,,,8,,
1999-01-21,6.33,6.8,7.3,,7.13,,,,7.08,,,,,8.39,,
1999-01-22,6.22,6.8,7.28,,7.2,,,,7.1,,,,,8.4,,
1999-01-23,6.17,6.8,7.28,,7.2,,,,7.1,,,,,8.4,,
1999-01-25,6.09,6.8,7.28,,7.29,,,,7.16,,,,,8.43,,
1999-01-26,6.09,6.8,7.28,,7.35,,,,7.38,,,,,8.48,,
1999-01-27,6.06,6.8,7.29,,7.31,,,,7.33,,,,,8.44,,
1999-01-28,6.04,6.8,7.28,,7.05,,,,7.05,,,,,8.3,,
1999-01-29,6.11,6.77,7.25,,6.97,,,,7.05,,,,,8.13,,
1999-01-30,6.11,6.77,7.25,,6.98,,,,7.05,,,,,8.13,,
1999-02-01,6.03,6.77,7.25,,6.97,,,,7.09,,,,,8.13,,
1999-02-02,5.99,6.71,7.23,,6.85,,,,7,,,,,8.1,,
1999-02-03,5.95,6.7,7.22,,6.8,,,,7.01,,,,,8.1,,
1999-02-04,5.9,6.7,7.21,,6.8,,,,7,,,,,8.1,,
1999-02-05,5.99,6.7,7.21,,6.8,,,,7,,,,,8.1,,
1999-02-08,5.76,6.7,7.21,,6.8,,,,7,,,,,8.14,,
1999-02-09,5.75,6.75,7.23,,7.07,,,,7.36,,,,,8.89,,
1999-02-10,5.72,6.76,7.23,,7.09,7.81,,,7.27,,,,,8.83,,
1999-02-11,5.67,6.73,7.23,,6.97,7.78,,,7.2,,,,,8.81,,
1999-02-12,5.71,6.7,7.19,,6.92,7.78,,,7.11,,,,,8.79,,
1999-02-18,5.56,6.7,7.19,,6.91,7.8,,,7.1,,,,,8.79,,
1999-02-19,5.56,6.7,7.17,,6.92,7.8,,,7.1,,,,,8.79,,
1999-02-22,5.47,6.7,7.18,,6.93,7.8,,,7.1,,,,,8.79,,
1999-02-23,5.39,6.7,7.18,,6.94,7.8,,,7.1,,,,,8.8,,
1999-02-24,5.22,6.7,7.16,,6.9,7.8,,,7.1,,,,,8.79,,
1999-02-25,5.18,6.68,7.11,,6.89,7.69,,,7.03,,,,,8.73,,
1999-02-26,5.17,6.59,7.05,,6.76,7.5,,,6.96,,,,,8.65,,
1999-03-02,5.07,6.55,7.02,,6.7,7.31,,,6.48,,,,,8.48,,
1999-03-03,5.06,6.54,7.02,,6.73,7.38,,,6.59,,,,,8.5,,
1999-03-04,5.06,6.55,7.02,,6.79,7.55,,,6.67,,,,,8.58,,
1999-03-05,5.08,6.58,7.06,,6.89,7.71,,,7.03,,,,,8.68,,
1999-03-08,5.06,6.58,7.06,,6.85,7.61,,,7,,,,,8.65,,
1999-03-09,5.06,6.57,7.06,,6.85,7.57,,,7,,,,,8.67,,
1999-03-10,5.06,6.57,7.06,,6.88,7.58,,,7.02,,,,,8.69,,
1999-03-11,5.06,6.59,7.07,,6.93,7.65,,,7.06,,,,,8.74,,
1999-03-12,5.1,6.58,7.07,,6.9,7.66,,,7.04,,,,,8.75,,
1999-03-15,5.03,6.58,7.07,,6.9,7.66,,,7.04,,,,,8.75,,
1999-03-16,5.02,6.58,7.07,,6.9,7.63,,,7,,,,,8.75,,
1999-03-17,5.02,6.56,7.05,,6.84,7.55,,,6.95,,,,,8.71,,
1999-03-18,5.01,6.55,7.06,,6.85,7.55,,,6.96,,,,,8.72,,
1999-03-19,5.03,6.57,7.06,,6.85,7.55,,,6.92,,,,,8.71,,
1999-03-22,4.97,6.56,7.04,,6.8,7.39,,,6.74,,,,,8.66,,
1999-03-23,4.94,6.56,7.04,,6.79,7.34,,,6.7,,,,,8.61,,
1999-03-24,4.91,6.55,7.02,,6.77,7.23,,,6.65,,,,,8.54,,
1999-03-25,4.9,6.55,7.02,,6.75,7.2,,,6.6,,,,,8.31,,
1999-03-26,4.91,6.55,7.02,,6.75,7.2,,,6.59,,,,,8.2,,
1999-03-29,4.9,6.55,7.02,,6.75,7.17,,,6.49,,,,,8.1,,
1999-03-30,4.89,6.55,7.02,,6.75,7.22,,,6.5,,,,,8.1,,
1999-03-31,4.87,6.55,7.02,,6.73,7.2,,,6.5,,,,,8.1,,
1999-04-01,4.87,6.55,7.02,,6.7,7.11,,,6.57,,,,,7.98,,
1999-04-02,4.9,6.53,7,,6.64,7.03,,,6.61,,,,,7.85,,
1999-04-06,4.87,6.5,6.98,,6.6,7,,,6.55,,,,,7.75,,
1999-04-07,4.84,6.49,6.98,,6.58,6.92,,,6.51,,,,,7.69,,
1999-04-08,4.86,6.44,6.93,,6.5,6.85,,,6.33,,,,,7.56,,
1999-04-09,4.9,6.44,6.93,,6.52,6.93,,,6.42,,,,,7.64,,
1999-04-12,4.82,6.43,6.93,,6.47,6.85,,,6.41,,,,,7.64,,
1999-04-13,4.81,6.41,6.93,,6.37,6.86,,,6.39,,,,,7.64,,
1999-04-14,4.79,6.27,6.48,,6.35,6.86,,,6.37,,,,,7.65,,
1999-04-15,4.76,6.2,6.39,,6.31,6.81,,,6.34,,,,,7.65,,
1999-04-16,4.79,6.17,6.36,,6.3,6.7,,,6.32,,,,,7.62,,
1999-04-19,4.74,6.1,6.32,,6.25,6.62,,,6.21,,,,,7.38,,
1999-04-20,4.75,6.02,6.27,,6.18,6.55,,,6.04,,,,,7.23,,
1999-04-21,4.74,5.95,6.23,,6.2,6.65,,,6.06,,,,,7.3,,
1999-04-22,4.72,5.95,6.21,,6.2,6.65,,,6.11,,,,,7.3,,
1999-04-23,4.77,5.87,6.14,,6.19,6.61,,,6.08,,,,,7.33,,
1999-04-26,4.75,5.8,6.12,,6.2,6.64,,,6.28,,,,,7.35,,
1999-04-27,4.75,5.75,6.1,,6.16,6.65,,,6.43,,,,,7.36,,
1999-04-28,4.75,5.7,6.05,,6.14,6.7,,,6.53,,,,,7.4,,
1999-04-29,4.75,5.72,6.07,,6.22,6.95,,,6.64,,,,,7.52,,
1999-04-30,4.75,5.8,6.11,,6.46,7.05,,,6.66,,,,,7.74,,
1999-05-03,4.75,5.93,6.13,,6.51,7.24,,,6.86,,,,,7.96,,
1999-05-04,4.75,5.9,6.13,,6.42,7.21,,,7.08,,,,,7.91,,
1999-05-06,4.77,5.91,6.16,,6.47,7.3,,,5.91,,,,,7.94,,4.75
1999-05-07,4.77,5.94,6.18,,6.49,7.34,,,6.17,,,,,8.03,,4.75
1999-05-10,4.77,5.99,6.19,,6.53,7.47,,,6.37,,,,,8.26,,4.75
1999-05-11,4.76,6.05,6.19,,6.55,7.49,,,6.57,,,,,8.29,,4.75
1999-05-12,4.77,6.24,6.19,,6.59,7.57,,,7,,,,,8.35,,4.75
1999-05-13,4.76,6.25,6.23,,6.61,7.6,,,7,,,,,8.44,,4.75
1999-05-14,4.78,6.26,6.34,,6.64,7.61,,,7,,,,,8.52,,4.75
1999-05-17,4.77,6.25,6.33,,6.58,7.53,,,7,,,,,8.48,,4.75
1999-05-18,4.77,6.28,6.34,,6.6,7.55,,,7,,,,,8.5,,4.75
1999-05-19,4.77,6.3,6.33,,6.6,7.52,,,7.01,,,,,8.5,,4.75
1999-05-20,4.79,6.3,6.35,,6.55,7.42,,,6.98,,,,,8.47,,4.75
1999-05-21,4.75,6.3,6.36,,6.56,7.44,,,6.99,,,,,8.47,,4.75
1999-05-24,4.77,6.28,6.45,,6.53,7.4,,,6.96,,,,,8.44,,4.75
1999-05-25,4.78,6.23,6.44,,6.5,7.35,,,6.7,,,,,8.37,,4.75
1999-05-26,4.76,6.21,6.44,,6.5,7.35,,,6.6,,,,,8.32,,4.75
1999-05-27,4.76,6.23,6.45,,6.54,7.39,,,6.63,,,,,8.34,,4.75
1999-05-28,4.79,6.26,6.46,,6.6,7.45,,,6.73,,,,,8.39,,4.75
1999-05-31,4.75,6.25,6.45,,6.6,7.4,,,6.67,,,,,8.37,,4.75
1999-06-01,4.76,6.28,6.45,,6.6,7.41,,,6.7,,,,,8.4,,4.75
1999-06-02,4.76,6.27,6.45,,6.6,7.4,,,6.7,,,,,8.36,,4.75
1999-06-03,4.75,6.25,6.44,,6.59,7.37,,,6.71,,,,,8.28,,4.75
1999-06-04,4.79,6.24,6.43,,6.56,7.35,,,6.45,,,,,8.07,,4.75
1999-06-07,4.76,6.22,6.4,,6.51,7.3,,,6.35,,,,,7.96,,4.75
1999-06-08,4.78,6.22,6.4,,6.54,7.32,,,6.39,,,,,8,,4.75
1999-06-09,4.78,6.21,6.4,,6.58,7.38,,,6.58,,,,,8.04,,4.75
1999-06-10,4.77,6.2,6.4,,6.57,7.35,,,6.58,,,,,7.99,,4.75
1999-06-11,4.79,6.2,6.4,,6.57,7.36,,,6.65,,,,,8.02,,4.75
1999-06-14,4.8,6.2,6.4,,6.58,7.37,,,6.7,,,,,8.04,,4.75
1999-06-15,4.82,6.25,6.4,,6.59,7.37,,,6.7,,,,,8.05,,4.75
1999-06-16,4.83,6.25,6.4,,6.58,7.35,,,6.85,,,,,8.04,,4.75
1999-06-17,4.81,6.28,6.4,,6.56,7.32,,,6.86,,,,,7.99,,4.75
1999-06-18,4.83,6.3,6.4,,6.58,7.35,,,7.03,,,,,8.02,,4.75
1999-06-21,4.79,6.32,6.46,,6.61,7.4,,,7.22,,,,,8.06,,4.75
1999-06-22,4.77,6.35,6.47,,6.61,7.4,,,7.23,,,,,8.06,,4.75
1999-06-23,4.77,6.35,6.49,,6.61,7.4,,,7.35,,,,,8.06,,4.75
1999-06-24,4.76,6.35,6.5,,6.62,7.4,,,7.35,,,,,8.06,,4.75
1999-06-25,4.81,6.37,6.5,,6.62,7.4,,,7.35,,,,,8.04,,4.75
1999-06-28,4.75,6.36,6.5,,6.6,7.35,,,7.35,,,,,8.01,,4.75
1999-06-29,4.76,6.35,6.5,,6.6,7.33,,,7.2,,,,,7.98,,4.75
1999-06-30,4.82,6.35,6.5,,6.6,7.33,,,7.2,,,,,7.96,,4.75
1999-07-01,4.75,6.35,6.5,,6.6,7.3,,,7.22,,,,,7.92,,4.75
1999-07-02,4.76,6.35,6.48,,6.6,7.27,,,7.21,,,,,7.85,,4.75
1999-07-05,4.75,6.35,6.48,,6.6,7.23,,,7.22,,,,,7.84,,4.75
1999-07-06,4.74,6.35,6.49,,6.6,7.24,,,7.23,,,,,7.85,,4.75
1999-07-07,4.78,6.35,6.49,,6.6,7.24,,,7.23,,,,,7.85,,4.75
1999-07-08,4.83,6.36,6.5,,6.64,7.29,,,7.26,,,,,7.9,,4.75
1999-07-09,4.82,6.4,6.5,,6.66,7.34,,,7.33,,,,,7.99,,4.75
1999-07-12,4.85,6.43,6.52,,6.84,7.71,,,7.57,,,,,8.24,,4.75
1999-07-13,4.84,6.48,6.58,,6.87,7.75,,,7.68,,,,,8.31,,4.75
1999-07-14,4.86,6.5,6.59,,6.85,7.7,,,7.67,,,,,8.3,,4.75
1999-07-15,4.85,6.54,6.61,,6.99,7.9,,,7.92,,,,,8.48,,4.75
1999-07-16,4.85,6.68,6.79,,7.12,8.02,,,8.05,,,,,8.63,,4.75
1999-07-19,4.81,6.88,6.98,,7.35,8.31,,,8.31,,,,,9.01,,4.75
1999-07-20,4.81,6.96,7.01,,7.33,8.29,,,8.3,,,,,8.94,,4.75
1999-07-21,4.79,7.01,7.1,,7.46,8.46,,,8.4,,,,,9.07,,4.75
1999-07-22,4.75,7.03,7.12,,7.47,8.46,,,8.4,,,,,9.08,,4.75
1999-07-23,4.78,7.34,7.51,,7.85,8.89,,,8.72,,,,,9.5,,4.75
1999-07-26,4.7,7.23,7.65,,7.67,8.33,,,8.44,,,,,9.26,,4.75
1999-07-27,4.69,7.08,7.64,,7.59,8.2,,,8.25,,,,,9.08,,4.75
1999-07-28,4.69,7.08,7.64,,7.61,8.15,,,8.26,,,,,9.06,,4.75
1999-07-29,4.69,7.11,7.64,,7.61,8.12,,,8.26,,,,,9.06,,4.75
1999-07-30,4.72,7.21,7.69,,7.92,8.43,,,8.44,,,,,9.22,,4.75
1999-08-02,4.69,7.29,7.74,,7.97,8.53,,,8.58,,,,,9.3,,4.75
1999-08-03,4.67,7.28,7.75,,7.84,8.53,,,8.59,,,,,9.32,,4.75
1999-08-04,4.68,7.23,7.76,,7.94,8.49,,,8.59,,,,,9.32,,4.75
1999-08-05,4.68,7.22,7.79,,7.98,8.62,,,8.73,,,,,9.46,,4.75
1999-08-06,4.71,7.13,7.84,,7.99,8.68,,,8.78,,,,,9.5,,4.75
1999-08-09,4.69,7.14,7.85,,8.03,8.75,,,8.87,,,,,9.73,,4.75
1999-08-10,4.69,7.13,7.94,,8.11,8.88,,,9,,,,,9.91,,4.75
1999-08-11,4.71,7.11,7.99,,8.11,8.85,,,8.96,,,,,9.87,,4.75
1999-08-12,4.7,7.05,8.02,,8.06,8.66,,,8.75,,,,,9.7,,4.75
1999-08-13,4.75,7.05,8.07,,8.13,8.78,,,8.85,,,,,9.86,,4.75
1999-08-16,4.83,7.04,8.14,,8.15,8.82,,,8.91,,,,,9.91,,4.75
1999-08-17,4.74,7.04,8.16,,8.15,8.78,,,8.88,,,,,9.87,,4.75
1999-08-18,4.74,7.1,8.17,,8.14,8.8,,,8.9,,,,,9.89,,4.75
1999-08-19,4.73,7.15,8.23,,8.22,8.9,,,8.96,,,,,9.96,,4.75
1999-08-20,4.78,7.23,8.28,,8.4,9.14,,,9.21,,,,,10.27,,4.75
1999-08-23,4.76,7.23,8.32,,8.39,9.12,,,9.18,,,,,10.26,,4.75
1999-08-24,4.75,7.25,8.33,,8.32,8.93,,,9,,,,,10.13,,4.75
1999-08-25,4.75,7.28,8.36,,8.31,8.91,,,8.98,,,,,10.11,,4.75
1999-08-26,4.71,7.3,8.37,,8.31,8.91,,,8.98,,,,,10.12,,4.75
1999-08-27,4.8,7.33,8.38,,8.32,8.93,,,8.99,,,,,10.14,,4.75
1999-08-30,4.7,7.35,8.38,,8.34,8.97,,,9,,,,,10.18,,4.75
1999-08-31,4.72,7.35,8.4,,8.4,9.05,,,9.11,,,,,10.26,,4.75
1999-09-01,4.72,7.35,8.41,,8.42,9.08,,,9.15,,,,,10.27,,4.75
1999-09-02,4.71,7.35,8.44,,8.44,9.12,,,9.17,,,,,10.33,,4.75
1999-09-03,4.75,7.39,8.4,,8.49,9.2,,,9.35,,,,,10.41,,4.75
1999-09-06,4.74,7.41,8.36,,8.5,9.2,,,9.37,,,,,10.41,,4.75
1999-09-07,4.72,7.41,8.34,,8.5,9.23,,,9.37,,,,,10.41,,4.75
1999-09-08,4.71,7.45,8.31,,8.52,9.25,,,9.37,,,,,10.42,,4.75
1999-09-09,4.74,7.45,8.17,,8.52,9.25,,,9.35,,,,,10.42,,4.75
1999-09-10,4.72,7.46,8.06,,8.51,9.24,,,9.3,,,,,10.41,,4.75
1999-09-13,4.73,7.47,7.99,,8.51,9.22,,,9.3,,,,,10.41,,4.75
1999-09-14,4.69,7.49,7.95,,8.53,9.24,,,9.4,,,,,10.43,,4.75
1999-09-15,4.7,7.5,7.99,,8.58,9.3,,,9.49,,,,,10.49,,4.75
1999-09-16,4.7,7.56,8.04,,8.64,9.37,,,9.57,,,,,10.59,,4.75
1999-09-17,4.78,7.62,8.15,,8.79,9.64,,,9.77,,,,,10.82,,4.75
1999-09-20,4.74,7.66,8.15,,8.79,9.64,,,9.78,,,,,10.82,,4.75
1999-09-21,4.73,7.74,8.15,,8.68,9.41,,,9.41,,,,,10.68,,4.75
1999-09-22,4.71,7.74,8.14,,8.65,9.31,,,9.17,,,,,10.58,,4.75
1999-09-27,4.69,7.7,8.09,,8.44,8.9,,,8.88,,,,,9.96,,4.75
1999-09-28,4.68,7.69,8.03,,8.48,8.89,,,8.9,,,,,9.94,,4.75
1999-09-29,4.69,7.7,8.04,,8.55,8.97,,,9.12,,,,,10.02,,4.75
1999-09-30,4.75,7.7,8.03,,8.53,8.93,,,9.03,,,,,9.95,,4.75
1999-10-01,4.81,7.7,8.03,,8.52,8.91,,,9.01,,,,,9.86,,4.75
1999-10-04,4.74,7.65,8.02,,8.33,8.53,,,8.57,,,,,9.45,,4.75
1999-10-05,4.73,7.6,8.01,,8.27,8.44,,,8.49,,,,,9.23,,4.75
1999-10-06,4.81,7.6,8,,8.31,8.49,,,8.55,,,,,9.26,,4.75
1999-10-07,4.75,7.6,8,,8.18,8.32,,,8.35,,,,,9.07,,4.75
1999-10-08,4.83,7.51,7.97,,8.01,8.29,,,8.35,,,,,9.05,,4.75
1999-10-11,4.74,7.44,7.93,,7.91,8.28,,,8.38,,,,,9.05,,4.75
1999-10-12,4.71,7.34,7.89,,7.88,8.28,,,8.35,,,,,9.04,,4.75
1999-10-13,4.72,7.31,7.88,,7.94,8.32,,,8.41,,,,,9.1,,4.75
1999-10-14,4.69,7.27,7.85,,8.01,8.4,,,8.47,,,,,9.17,,4.75
1999-10-15,4.82,7.25,7.84,,7.99,8.4,,,8.45,,,,,9.15,,4.75
1999-10-18,4.72,7.25,7.75,,8,8.4,,,8.4,,,,,9.15,,4.75
1999-10-19,4.72,7.25,7.72,,7.96,8.36,,,8.3,,,,,9.1,,4.75
1999-10-20,4.71,7.13,7.61,,7.83,8.19,,,8,,,,,8.9,,4.75
1999-10-21,4.79,7.07,7.54,,7.76,8.14,,,7.74,,,,,8.85,,4.75
1999-10-22,4.77,7.04,7.54,,7.75,8.12,,,7.7,,,,,8.85,,4.75
1999-10-25,4.72,7.02,7.49,,7.81,8.19,,,7.99,,,,,8.92,,4.75
1999-10-26,4.74,7,7.45,,7.77,8.18,,,7.86,,,,,8.93,,4.75
1999-10-27,4.74,7,7.42,,7.86,8.32,,,8.03,,,,,9.02,,4.75
1999-10-28,4.72,7,7.4,,7.87,8.32,,,8.05,,,,,8.93,,4.75
1999-10-29,4.8,7,7.39,,7.93,8.38,,,8.18,,,,,9.02,,4.75
1999-11-01,4.72,7,7.38,,7.93,8.39,,,8.2,,,,,9.02,,4.75
1999-11-02,4.73,7,7.39,,7.99,8.45,,,8.29,,,,,9.09,,4.75
1999-11-03,4.72,7,7.4,,8.01,8.47,,,8.27,,,,,9.12,,4.75
1999-11-04,4.72,7,7.41,,8.06,8.53,,,8.3,,,,,9.39,,4.75
1999-11-05,4.79,7.01,7.42,,8.15,8.63,,,8.44,,,,,9.57,,4.75
1999-11-08,4.72,7,7.42,,8.16,8.65,,,8.45,,,,,9.49,,4.75
1999-11-09,4.7,7,7.44,,8.16,8.66,,,8.38,,,,,9.5,,4.75
1999-11-10,4.73,6.98,7.45,,8.15,8.65,,,8.35,,,,,9.5,,4.75
1999-11-11,4.73,6.94,7.44,,8.09,8.55,,,8.23,,,,,9.45,,4.75
1999-11-12,4.83,6.91,7.42,,8.09,8.55,,,8.3,,,,,9.45,,4.75
1999-11-15,4.71,6.85,7.4,,8.09,8.55,,,8.34,,,,,9.45,,4.75
1999-11-16,4.73,6.85,7.37,,8.1,8.59,,,8.38,,,,,9.45,,4.75
1999-11-17,4.73,6.85,7.37,,8.21,8.68,,,8.46,,,,,9.52,,4.75
1999-11-18,4.72,6.84,7.37,,8.43,8.81,,,8.59,,,,,9.63,,4.75
1999-11-19,4.84,6.86,7.38,,8.47,8.83,,,8.6,,,,,9.67,,4.75
1999-11-22,4.74,6.86,7.38,,8.48,8.83,,,8.63,,,,,9.69,,4.75
1999-11-23,4.75,6.87,7.39,,8.77,9.07,,,8.87,,,,,9.93,,4.75
1999-11-24,4.73,6.87,7.41,,8.85,9.07,,,8.6,,,,,9.75,,4.75
1999-11-25,4.73,6.86,7.41,,8.7,9.04,,,8.6,,,,,9.7,,4.75
1999-11-26,4.84,6.86,7.42,,8.65,9.01,,,8.6,,,,,9.7,,4.75
1999-11-29,4.74,6.85,7.4,,8.66,9.01,,,8.61,,,,,9.7,,4.75
1999-11-30,4.71,6.85,7.39,,8.69,9.02,,,8.62,,,,,9.72,,4.75
1999-12-01,4.75,6.85,7.4,,8.79,9.09,,,8.69,,,,,9.77,,4.75
1999-12-02,4.73,6.88,7.4,,8.82,9.12,,,8.72,,,,,9.79,,4.75
1999-12-03,4.81,6.87,7.41,,8.74,9.08,,,8.7,,,,,9.75,,4.75
1999-12-06,4.77,6.88,7.41,,8.71,9.07,,,8.67,,,,,9.75,,4.75
1999-12-07,4.75,6.89,7.44,,8.71,9.07,,,8.68,,,,,9.75,,4.75
1999-12-08,4.71,6.89,7.44,,8.7,9.08,,,8.69,,,,,9.75,,4.75
1999-12-09,4.74,6.9,7.44,,8.7,9.08,,,8.69,,,,,9.75,,4.75
1999-12-10,4.86,7.18,7.44,,8.73,9.14,,,8.78,,,,,9.8,,4.75
1999-12-13,4.74,7.2,7.44,,8.75,9.15,,,8.8,,,,,9.8,,4.75
1999-12-14,4.74,7.25,7.44,,8.75,9.17,,,8.8,,,,,9.8,,4.75
1999-12-15,4.78,7.26,7.46,,8.75,9.18,,,8.8,,,,,9.8,,4.75
1999-12-16,4.75,7.29,7.55,,8.79,9.22,,,8.88,,,,,9.88,,4.75
1999-12-17,4.84,7.3,7.59,,8.81,9.25,,,8.89,,,,,9.87,,4.75
1999-12-20,4.77,7.3,7.62,,8.84,9.28,,,8.9,,,,,9.89,,4.75
1999-12-21,4.8,7.31,7.8,,8.96,9.4,,,8.99,,,,,10,,4.75
1999-12-22,4.77,7.31,7.78,,8.97,9.4,,,9,,,,,9.95,,4.75
1999-12-23,4.75,7.31,7.85,,8.99,9.44,,,9.03,,,,,9.95,,4.75
1999-12-24,4.76,7.32,7.89,,8.99,9.43,,,9.03,,,,,9.95,,4.75
1999-12-27,4.78,7.32,7.94,,8.99,9.43,,,9.03,,,,,9.95,,4.75
1999-12-28,4.72,7.35,7.99,,8.99,9.43,,,9.03,,,,,9.95,,4.75
1999-12-29,4.73,7.35,7.99,,8.99,9.43,,,9.03,,,,,9.95,,4.75
1999-12-30,4.79,7.34,8.01,,8.99,9.43,,,9.03,,,,,9.95,,4.75
2000-01-04,4.69,7.35,7.99,,8.99,9.43,,,9.04,10.06,,,,9.95,,4.75
2000-01-05,4.71,7.37,8,,9.04,9.51,,,9.11,10.12,,,,10.05,,4.75
2000-01-06,4.78,7.38,7.99,,9.05,9.57,,,9.16,10.16,,,,10.13,,4.75
2000-01-07,4.77,7.38,7.98,,9.04,9.57,,,9.17,10.16,,,,10.14,,4.75
2000-01-08,4.78,7.38,7.98,,9.05,9.58,,,,,,,,10.16,,4.75
2000-01-10,4.72,7.36,7.95,,9.01,9.59,,,9.23,10.2,,,,10.22,,4.75
2000-01-11,4.71,7.36,7.95,,9.01,9.61,,,9.3,10.22,,,,10.29,,4.75
2000-01-12,4.73,7.36,7.93,,9.04,9.63,,,9.38,10.26,,,,10.36,,4.75
2000-01-13,4.71,7.35,7.9,,9.02,9.65,,,9.47,10.31,,,,10.42,,4.75
2000-01-14,4.83,7.33,7.85,,8.95,9.62,,,9.49,10.28,,,,10.42,,4.75
2000-01-15,4.81,7.33,7.85,,8.95,9.62,,,,,,,,10.42,,4.75
2000-01-17,4.71,7.31,7.76,,8.89,9.61,,,9.55,10.25,,,,10.41,,4.75
2000-01-18,4.74,7.29,7.75,,8.9,9.61,,,9.58,10.26,,,,10.42,,4.75
2000-01-19,4.74,7.25,7.72,,8.85,9.58,,,9.53,10.22,,,,10.4,,4.75
2000-01-20,4.76,7.2,7.64,,8.76,9.47,,,9.3,10.05,,,,10.28,,4.75
2000-01-21,4.82,7.2,7.62,,8.75,9.45,,,9.28,9.93,,,,10.26,,4.75
2000-01-22,4.79,7.2,7.61,,8.75,9.45,,,,,,,,10.26,,4.75
2000-01-24,4.77,7.2,7.61,,8.75,9.43,,,9.28,9.76,,,,10.25,,4.75
2000-01-25,4.76,7.2,7.59,,8.75,9.37,,,9.29,9.77,,,,10.26,,4.75
2000-01-26,4.79,7.2,7.59,,8.78,9.4,,,9.36,9.77,,,,10.28,,4.75
2000-01-27,4.78,7.2,7.59,,8.73,9.35,,,9.22,9.69,,,,10.24,,4.75
2000-01-28,4.82,7.2,7.58,,8.62,9.11,,,9.01,9.58,,,,10.12,,4.75
2000-01-29,4.82,7.2,7.58,,8.62,9.11,,,,,,,,10.12,,4.75
2000-01-31,4.78,7.2,7.59,,8.62,9.12,,,9,9.58,,,,10.12,,4.75
2000-02-01,4.76,7.2,7.6,,8.65,9.16,8.71,,9.07,9.63,,,,10.15,,4.75
2000-02-02,4.79,7.2,7.62,,8.66,9.17,8.71,,9.06,9.63,,,,10.15,,4.75
2000-02-03,4.77,7.2,7.61,,8.62,9.09,8.67,,8.98,9.56,,,,10.1,,4.75
2000-02-07,4.78,7.2,7.59,,8.59,8.99,8.63,,8.92,9.5,,,,10.04,,4.75
2000-02-08,4.78,7.2,7.59,,8.64,9,8.65,,9.05,9.56,,,,10.06,,4.75
2000-02-09,4.81,7.2,7.59,,8.65,9.06,8.66,,9.1,9.6,,,,10.08,,4.75
2000-02-10,5.04,7.2,7.59,,8.63,9.01,8.64,,9.08,9.6,,,,10.07,,5
2000-02-11,5.12,7.15,7.58,,8.61,9,8.61,,9.11,9.61,,,,10.07,,5
2000-02-12,5.11,7.15,7.59,,8.61,9,,,,,,,,10.07,,5
2000-02-14,5.06,7.15,7.59,,8.52,8.89,8.5,,9,9.49,,,,10,,5
2000-02-15,5.05,7.14,7.58,,8.44,8.84,8.51,,8.9,9.47,,,,9.93,,5
2000-02-16,5.05,7.13,7.58,,8.47,8.81,8.51,,8.9,9.46,,,,9.93,,5
2000-02-17,5.06,7.12,7.57,,8.51,8.85,8.54,,8.95,9.5,,,,9.96,,5
2000-02-18,5.14,7.11,7.55,,8.52,8.87,8.55,,8.95,9.5,,,,9.96,,5
2000-02-19,5.12,7.11,7.55,,8.52,8.87,,,,,,,,9.96,,5
2000-02-21,5.12,7.11,7.55,,8.54,8.9,8.55,,8.96,9.54,,,,9.98,,5
2000-02-22,5.06,7.1,7.54,,8.54,8.89,8.55,,8.96,9.53,,,,9.97,,5
2000-02-23,5.06,7.1,7.53,,8.52,8.89,8.51,,9,9.58,,,,9.98,,5
2000-02-24,5.06,7.08,7.51,,8.47,8.88,8.43,,8.98,9.57,,,,9.97,,5
2000-02-25,5.12,7.05,7.49,,8.36,8.8,8.28,,8.93,9.53,,,,9.95,,5
2000-02-26,5.12,7.05,7.49,,8.36,8.8,,,,,,,,9.95,,5
2000-02-28,5.09,7.03,7.48,,8.3,8.72,8.26,,8.9,9.49,,,,9.9,,5
2000-02-29,5.07,7.01,7.47,,8.29,8.71,8.25,,8.91,9.47,,,,9.9,,5
2000-03-02,5.08,7.01,7.46,,8.32,8.73,8.33,,8.95,9.49,,,,9.93,,5
2000-03-03,5.13,7.01,7.46,,8.36,8.77,8.35,,8.97,9.51,,,,9.95,,5
2000-03-04,5.09,7,7.45,,8.36,8.77,,,,,,,,9.95,,5
2000-03-06,5.11,6.99,7.45,,8.37,8.79,8.37,,9,9.52,,,,9.96,,5
2000-03-07,5.07,7,7.44,,8.37,8.8,8.37,,9.02,9.53,,,,9.97,,5
2000-03-08,5.11,6.99,7.45,,8.4,8.85,8.39,,9.06,9.55,,,,9.99,,5
2000-03-09,5.09,6.99,7.44,,8.38,8.84,8.36,,9.04,9.55,,,,9.98,,5
2000-03-10,5.12,6.99,7.44,,8.37,8.83,8.34,,9.04,9.53,,,,9.98,,5
2000-03-11,5.12,7,7.44,,8.37,8.83,,,,,,,,9.98,,5
2000-03-13,5.11,6.99,7.44,,8.36,8.83,8.34,,9.04,9.53,,,,9.98,,5
2000-03-14,5.1,6.99,7.44,,8.37,8.86,8.36,,9.08,9.55,,,,10,,5
2000-03-15,5.1,7,7.44,,8.39,8.9,8.38,,9.1,9.57,,,,10.03,,5
2000-03-16,5.09,7,7.44,,8.38,8.9,8.35,,9.11,9.57,,,,10.03,,5
2000-03-17,5.13,7,7.44,,8.38,8.9,8.33,,9.09,9.56,,,,10.03,,5
2000-03-18,5.11,7,7.44,,8.38,8.9,,,,,,,,10.03,,5
2000-03-20,5.09,7,7.44,,8.38,8.9,8.34,,9.11,9.56,,,,10.03,,5
2000-03-21,5.11,7,7.41,,8.38,8.93,8.34,,9.11,9.56,,,,10.03,,5
2000-03-22,5.08,7,7.41,,8.38,8.93,8.34,,9.11,9.56,,,,10.03,,5
2000-03-23,5.06,7,7.41,,8.38,8.93,8.34,,9.11,9.56,,,,10.03,,5
2000-03-24,5.11,7,7.4,,8.38,8.97,8.34,,9.08,9.56,,,,10.02,,5
2000-03-25,5.14,7,7.4,,8.38,8.97,,,,,,,,10.02,,5
2000-03-27,5.08,7,7.4,,8.38,8.97,8.34,,9.07,9.56,,,,10.02,,5
2000-03-28,5.05,7,7.4,,8.38,8.97,8.34,,9.05,9.56,,,,10.02,,5
2000-03-29,5.06,7,7.4,,8.37,8.96,8.32,,9.05,9.54,,,,10.01,,5
2000-03-30,5.05,7,7.41,,8.37,8.96,8.32,,9.06,9.51,,,,10.01,,5
2000-03-31,5.05,7.01,7.41,,8.36,8.9,8.32,,9,9.39,,,,9.98,,5
2000-04-01,5.01,7,7.41,,8.36,8.9,,,,,,,,9.98,,5
2000-04-03,5.09,7,7.41,,8.36,8.89,8.33,,9.01,9.35,,,,9.97,,5
2000-04-04,5.08,7,7.41,,8.37,8.87,8.33,,9,9.33,,,,9.97,,5
2000-04-06,5.08,7,7.41,,8.37,8.86,8.33,,8.99,9.31,,,,9.96,,5
2000-04-07,5.06,7,7.41,,8.35,8.8,8.31,,8.91,9.22,,,,9.92,,5
2000-04-08,5.04,7,7.41,,8.35,8.8,,,,,,,,9.92,,5
2000-04-10,5.1,7.01,7.41,,8.35,8.81,8.31,,8.86,9.22,,,,9.91,,5
2000-04-11,5.11,7,7.41,,8.35,8.83,8.32,,8.9,9.26,,,,9.95,,5
2000-04-12,5.11,7.02,7.41,,8.39,8.9,8.36,,8.98,9.3,,,,9.99,,5
2000-04-14,5.04,7.05,7.44,,8.41,8.92,8.38,,9,9.34,,,,10,,5
2000-04-15,5.08,7.07,7.44,,8.41,8.92,,,,,,,,10,,5
2000-04-17,5.09,7.09,7.48,,8.44,8.97,8.42,,9.04,9.39,,,,10.04,,5
2000-04-18,5.11,7.1,7.48,,8.4,8.86,8.37,,8.93,9.3,,,,9.97,,5
2000-04-19,5.09,7.1,7.49,,8.39,8.84,8.35,,8.9,9.27,,,,9.95,,5
2000-04-20,5.11,7.1,7.49,,8.37,8.87,8.35,,8.94,9.32,,,,9.98,,5
2000-04-21,5.12,7.1,7.49,,8.37,8.86,8.35,,8.93,9.32,,,,9.98,,5
2000-04-22,5.06,7.1,7.49,,8.37,8.86,,,,,,,,9.98,,5
2000-04-24,5.11,7.1,7.49,,8.36,8.85,8.35,,8.91,9.29,,,,9.97,,5
2000-04-25,5.11,7.1,7.49,,8.36,8.86,8.35,,8.94,9.3,,,,9.99,,5
2000-04-26,5.12,7.1,7.5,,8.37,8.88,8.35,,8.97,9.32,,,,10.01,,5
2000-04-27,5.11,7.1,7.5,,8.37,8.87,8.35,,8.97,9.31,,,,10.01,,5
2000-04-28,5.08,7.1,7.51,,8.35,8.83,8.32,,8.92,9.28,,,,9.94,,5
2000-04-29,5.06,7.1,7.51,,8.35,8.83,,,,,,,,9.94,,5
2000-05-02,5.11,7.1,7.51,,8.34,8.82,8.3,,8.89,9.25,,,,9.92,,5
2000-05-03,5.12,7.1,7.51,,8.33,8.8,8.29,,8.87,9.23,,,,9.88,,5
2000-05-04,5.14,7.1,7.5,,8.32,8.77,8.28,,8.86,9.21,,,,9.85,,5
2000-05-06,5.06,7.1,7.51,,8.32,8.77,,,,,,,,9.85,,5
2000-05-08,5.1,7.1,7.51,,8.32,8.78,8.28,,8.85,9.21,,,,9.84,,5
2000-05-09,5.11,7.11,7.51,,8.32,8.78,8.28,,8.87,9.22,,,,9.84,,5
2000-05-10,5.11,7.12,7.51,,8.33,8.8,8.29,,8.89,9.23,,,,9.85,,5
2000-05-12,5.08,7.13,7.51,,8.34,8.82,8.3,,8.91,9.25,,,,9.86,,5
2000-05-13,5.08,7.13,7.51,,8.34,8.82,,,,,,,,9.86,,5
2000-05-15,5.13,7.15,7.51,,8.34,8.88,8.32,,8.94,9.29,,,,9.89,,5
2000-05-16,5.12,7.15,7.51,,8.34,8.87,8.32,,8.95,9.29,,,,9.89,,5
2000-05-17,5.13,7.15,7.51,,8.34,8.87,8.32,,8.95,9.29,,,,9.89,,5
2000-05-18,5.13,7.15,7.51,,8.34,8.88,8.32,,9,9.3,,,,9.91,,5
2000-05-19,5.09,7.15,7.52,,8.4,9.01,8.37,,9.09,9.35,,,,9.99,,5
2000-05-20,5.11,7.15,7.52,,8.4,9.01,,,,,,,,9.99,,5
2000-05-22,5.1,7.15,7.52,,8.4,9.01,8.37,,9.1,9.35,,,,9.99,,5
2000-05-23,5.13,7.16,7.54,,8.45,9.11,8.42,,9.16,9.4,,,,10.05,,5
2000-05-24,5.12,7.16,7.56,,8.44,9.04,8.4,,9.02,9.39,,,,10,,5
2000-05-25,5.13,7.16,7.56,,8.42,8.97,8.39,,8.98,9.36,,,,9.95,,5
2000-05-26,5.16,7.16,7.56,,8.42,9.02,8.39,,8.99,9.37,,,,9.95,,5
2000-05-27,5.08,7.16,7.56,,8.42,9.02,,,,,,,,9.95,,5
2000-05-29,5.11,7.16,7.57,,8.42,9.01,8.39,,8.99,9.35,,,,9.95,,5
2000-05-30,5.12,7.16,7.59,,8.39,8.9,8.36,,8.94,9.22,,,,9.91,,5
2000-05-31,5.12,7.16,7.6,,8.38,8.83,8.35,,8.87,9.19,,,,9.89,,5
2000-06-01,5.12,7.16,7.6,,8.36,8.82,8.32,,8.82,9.12,,,,9.83,,5
2000-06-02,5.11,7.16,7.6,,8.34,8.76,8.31,,8.75,9.03,,,,9.77,,5
2000-06-03,5.08,7.16,7.6,,8.34,8.76,,,,,,,,9.77,,5
2000-06-05,5.12,7.16,7.6,,8.31,8.74,8.25,,8.74,9.01,,,,9.76,,5
2000-06-07,5.08,7.16,7.6,,8.3,8.7,8.25,,8.69,9,,,,9.75,,5
2000-06-08,5.12,7.16,7.6,,8.3,8.71,8.25,,8.69,9,,,,9.75,,5
2000-06-09,5.07,7.16,7.6,,8.3,8.73,8.25,,8.69,9.03,,,,9.76,,5
2000-06-10,5.04,7.16,7.6,,8.3,8.73,,,,,,,,9.76,,5
2000-06-12,5.13,7.16,7.6,,8.3,8.74,8.25,,8.69,9.03,,,,9.76,,5
2000-06-13,5.12,7.18,7.6,,8.31,8.76,8.26,,8.71,9.05,,,,9.78,,5
2000-06-14,5.13,7.18,7.6,,8.31,8.76,8.26,,8.71,9.05,,,,9.78,,5
2000-06-15,5.16,7.18,7.61,,8.3,8.74,8.26,,8.71,9.05,,,,9.78,,5
2000-06-16,5.12,7.19,7.61,,8.3,8.74,8.26,,8.72,9.05,,,,9.78,,5
2000-06-17,5.11,7.18,7.61,,8.3,8.73,,,,,,,,9.78,,5
2000-06-19,5.14,7.18,7.61,,8.3,8.7,8.26,,8.7,9.04,,,,9.77,,5
2000-06-20,5.13,7.18,7.61,,8.3,8.68,8.26,,8.7,9.03,,,,9.77,,5
2000-06-21,5.11,7.18,7.61,,8.29,8.64,8.25,,8.68,8.99,,,,9.75,,5
2000-06-22,5.06,7.18,7.61,,8.28,8.57,8.23,,8.63,8.89,,,,9.72,,5
2000-06-23,5.07,7.18,7.61,,8.25,8.54,8.2,,8.57,8.81,,,,9.69,,5
2000-06-24,5.1,7.18,7.61,,8.25,8.54,,,,,,,,9.69,,5
2000-06-26,5.15,7.18,7.61,,8.25,8.54,8.2,,8.58,8.8,,,,9.66,,5
2000-06-27,5.12,7.18,7.61,,8.24,8.54,8.2,,8.58,8.8,,,,9.66,,5
2000-06-28,5.11,7.18,7.61,,8.24,8.53,8.2,,8.57,8.79,,,,9.61,,5
2000-06-29,5.1,7.18,7.61,,8.2,8.45,8.17,,8.47,8.66,,,,9.47,,5
2000-06-30,5.16,7.18,7.61,,8.15,8.33,8.11,,8.31,8.56,,,,9.37,,5
2000-07-01,5.06,7.18,7.61,,8.13,8.25,,,,,,,,9.34,,5
2000-07-03,5.1,7.18,7.6,,7.85,8.18,7.81,,8.15,8.36,,,,9.27,,5
2000-07-04,5.1,7.18,7.6,,7.87,8.24,7.83,,8.25,8.45,,,,9.32,,5
2000-07-05,5.1,7.18,7.6,,7.82,8.13,7.78,,8.14,8.38,,,,9.25,,5
2000-07-06,5.08,7.18,7.6,,7.8,8.08,7.77,,8.06,8.31,,,,9.21,,5
2000-07-07,5.07,7.18,7.6,,7.69,7.92,7.65,,7.9,8.17,,,,9.12,,5
2000-07-08,5.1,7.18,7.6,,7.69,7.92,,,,,,,,9.12,,5
2000-07-10,5.13,7.18,7.6,,7.71,7.97,7.67,,7.94,8.21,,,,9.15,,5
2000-07-11,5.16,7.18,7.6,,7.71,7.98,7.67,,7.93,8.24,,,,9.03,,5
2000-07-12,5.11,7.18,7.6,,7.71,8,7.66,,7.96,8.31,,,,9.05,,5
2000-07-13,5.12,7.18,7.59,,7.7,8.01,7.66,,7.98,8.36,,,,9.06,,5
2000-07-14,5.13,7.18,7.59,,7.63,7.89,7.58,,7.93,8.33,,,,9.04,,5
2000-07-15,5.12,7.18,7.59,,7.63,7.89,,,,,,,,9.04,,5
2000-07-18,5.19,7.17,7.59,,7.52,7.77,7.48,,7.79,8.18,,,,8.98,,5
2000-07-19,5.18,7.16,7.58,,7.41,7.7,7.39,,7.77,8.12,,,,8.97,,5
2000-07-20,5.12,7.15,7.58,,7.41,7.78,7.4,,7.87,8.18,,,,9.03,,5
2000-07-21,5.14,7.15,7.58,,7.42,7.8,7.4,,7.87,8.2,,,,9.05,,5
2000-07-22,5.1,7.15,7.58,,7.42,7.8,,,,,,,,9.05,,5
2000-07-24,5.12,7.11,7.58,,7.41,7.88,7.4,,8.01,8.26,,,,9.11,,5
2000-07-25,5.13,7.1,7.57,,7.45,8.06,7.41,,8.16,8.35,,,,9.22,,5
2000-07-26,5.16,7.08,7.56,,7.44,8,7.39,,8.13,8.28,,,,9.21,,5
2000-07-27,5.13,7.09,7.55,,7.41,7.92,7.36,,8.1,8.27,,,,9.2,,5
2000-07-28,5.13,7.07,7.54,,7.33,7.82,7.33,,8.05,8.27,,,,9.17,,5
2000-07-29,5.12,7.06,7.54,,7.33,7.82,,,,,,,,9.17,,5
2000-07-31,5.13,7.06,7.52,,7.36,7.82,7.33,,8.07,8.28,,,,9.17,,5
2000-08-01,5.12,7.06,7.51,,7.34,7.81,7.31,,8.05,8.28,,,,9.16,,5
2000-08-02,5.13,7.05,7.5,,7.25,7.7,7.22,,7.92,8.24,,,,9.07,,5
2000-08-03,5.15,7.05,7.5,,7.21,7.69,7.18,,7.84,8.16,,,,9,,5
2000-08-04,5.14,7.05,7.49,,7.21,7.71,7.18,,7.9,8.2,,,,9.03,,5
2000-08-05,5.14,7.05,7.49,,7.21,7.71,,,,,,,,9.03,,5
2000-08-07,5.12,7.05,7.48,,7.21,7.71,7.18,,7.9,8.2,,,,9.03,,5
2000-08-08,5.17,7.05,7.47,,7.16,7.64,7.14,,7.84,8.13,,,,8.98,,5
2000-08-09,5.22,7.04,7.37,,7.15,7.58,7.12,,7.77,8.08,,,,8.94,,5
2000-08-10,5.14,7.04,7.33,,7.1,7.5,7.08,,7.69,8.04,,,,8.89,,5
2000-08-11,5.13,7.04,7.32,,7.13,7.56,7.11,,7.73,8.08,,,,8.91,,5
2000-08-12,5.06,7.04,7.32,,7.13,7.56,,,,,,,,8.91,,5
2000-08-14,5.1,7.04,7.29,,7.15,7.58,7.13,,7.74,8.09,,,,8.91,,5
2000-08-16,5.11,7.04,7.28,,7.21,7.61,7.16,,7.75,8.11,,,,8.92,,5
2000-08-17,5.1,7.04,7.26,,7.21,7.65,7.18,,7.83,8.16,,,,8.96,,5
2000-08-18,5.14,7.04,7.27,,7.28,7.75,7.23,,7.9,8.23,,,,9.03,,5
2000-08-19,5.14,7.04,7.26,,7.27,7.75,,,,,,,,9.03,,5
2000-08-21,5.2,7.04,7.25,,7.28,7.73,7.23,,7.9,8.23,,,,9.03,,5
2000-08-22,5.02,7.04,7.25,,7.28,7.7,7.22,,7.86,8.19,,,,9.01,,5
2000-08-23,5.12,7.03,7.25,,7.26,7.69,7.22,,7.88,8.18,,,,9.01,,5
2000-08-24,5.12,7.04,7.25,,7.29,7.73,7.24,,7.91,8.2,,,,9.02,,5
2000-08-25,5.14,7.04,7.25,,7.29,7.75,7.25,,7.92,8.23,,,,9.04,,5
2000-08-26,5.13,7.04,7.25,,7.3,7.75,,,,,,,,9.04,,5
2000-08-28,5.1,7.04,7.25,,7.3,7.75,7.25,,7.91,8.22,,,,9.02,,5
2000-08-29,5.11,7.05,7.25,,7.29,7.71,7.24,,7.87,8.2,,,,9,,5
2000-08-30,5.1,7.05,7.24,,7.25,7.67,7.2,,7.76,8.14,,,,8.95,,5
2000-08-31,5.12,7.05,7.24,,7.3,7.73,7.24,,7.79,8.17,,,,8.98,,5
2000-09-01,5.06,7.05,7.24,,7.28,7.69,7.24,,7.8,8.16,,,,8.98,,5
2000-09-02,5.07,7.05,7.24,,7.29,7.7,,,,,,,,8.98,,5
2000-09-04,5.12,7.05,7.24,,7.24,7.61,7.2,,7.7,8.09,,,,8.92,,5
2000-09-05,5.13,7.05,7.24,,7.23,7.6,7.2,,7.7,8.09,,,,8.91,,5
2000-09-06,5.17,7.05,7.24,,7.19,7.6,7.17,,7.7,8.09,,,,8.9,,5
2000-09-07,5.05,7.05,7.24,,7.19,7.6,7.17,,7.7,8.1,,,,8.89,,5
2000-09-08,5.14,7.04,7.24,,7.18,7.63,7.16,,7.76,8.16,,,,8.91,,5
2000-09-09,5.12,7.05,7.24,,7.18,7.63,,,,,,,,8.91,,5
2000-09-14,5.12,7.05,7.24,,7.18,7.75,7.2,,7.85,8.21,,,,8.94,,5
2000-09-15,5.13,7.05,7.24,,7.25,7.78,7.22,,7.92,8.25,,,,8.96,,5
2000-09-16,5.12,7.05,7.24,,7.25,7.78,,,,,,,,8.96,,5
2000-09-18,5.19,7.05,7.24,,7.25,7.97,7.33,,8.11,8.45,,,,9.06,,5
2000-09-19,5.11,7.05,7.24,,7.36,7.93,7.32,,8.1,8.42,,,,9.06,,5
2000-09-20,5.12,7.05,7.24,,7.36,7.9,7.31,,8.09,8.4,,,,9.06,,5
2000-09-21,5.14,7.05,7.24,,7.37,7.91,7.32,,8.12,8.43,,,,9.07,,5
2000-09-22,5.1,7.05,7.24,,7.41,7.98,7.35,,8.2,8.52,,,,9.11,,5
2000-09-23,5.15,7.05,7.25,,7.41,7.98,,,,,,,,9.11,,5
2000-09-25,5.1,7.05,7.24,,7.29,7.95,7.34,,8.15,8.47,,,,9.09,,5
2000-09-26,5.09,7.05,7.24,,7.38,7.94,7.33,,8.12,8.47,,,,9.07,,5
2000-09-27,5.08,7.05,7.24,,7.35,7.85,7.3,,8.08,8.45,,,,9.05,,5
2000-09-28,5.1,7.05,7.24,,7.32,7.84,7.29,,8.08,8.44,,,,9.05,,5
2000-09-29,5.03,7.05,7.24,,7.3,7.8,7.28,,8.07,8.42,,,,9.04,,5
2000-09-30,5.09,7.05,7.24,,7.3,7.8,,,,,,,,9.04,,5
2000-10-02,5.09,7.05,7.24,,7.28,7.75,7.25,,8.02,8.39,,,,8.86,,5
2000-10-04,5.11,7.05,7.24,,7.27,7.73,7.24,,7.99,8.37,,,,8.85,,5
2000-10-05,5.3,7.05,7.24,,7.25,7.7,7.22,,7.96,8.35,,,,8.82,,5.25
2000-10-06,5.32,7.05,7.24,,7.2,7.65,7.18,,7.86,8.26,,,,8.78,,5.25
2000-10-07,5.26,7.05,7.24,,7.2,7.65,,,,,,,,8.78,,5.25
2000-10-09,5.3,7.04,7.24,,7.18,7.64,7.16,,7.83,8.23,,,,8.74,,5.25
2000-10-10,5.31,7.04,7.24,,7.18,7.67,7.16,,7.86,8.27,,,,8.74,,5.25
2000-10-11,5.33,7.04,7.24,,7.19,7.73,7.17,,7.93,8.34,,,,8.77,,5.25
2000-10-12,5.32,7.04,7.24,,7.19,7.73,7.17,,7.91,8.3,,,,8.76,,5.25
2000-10-13,5.32,7.04,7.24,,7.22,7.77,7.2,,8.01,8.35,,,,8.81,,5.25
2000-10-14,5.32,7.04,7.24,,7.22,7.77,,,,,,,,8.81,,5.25
2000-10-16,5.36,7.04,7.24,,7.19,7.7,7.17,,7.92,8.31,,,,8.77,,5.25
2000-10-17,5.34,7.04,7.24,,7.17,7.65,7.15,,7.91,8.3,,,,8.76,,5.25
2000-10-18,5.41,7.04,7.24,,7.16,7.64,7.15,,7.89,8.27,,,,8.75,,5.25
2000-10-19,5.35,7.04,7.24,,7.13,7.6,7.11,,7.86,8.21,,,,8.73,,5.25
2000-10-20,5.35,7.04,7.24,,7.11,7.56,7.08,,7.79,8.09,,,,8.69,,5.25
2000-10-21,5.32,7.04,7.24,,7.11,7.56,,,,,,,,8.68,,5.25
2000-10-23,5.43,7.04,7.24,,7.1,7.57,7.08,,7.79,8.09,,,,8.68,,5.25
2000-10-24,5.34,7.04,7.24,,7.09,7.56,7.08,,7.78,8.09,,,,8.68,,5.25
2000-10-25,5.4,6.29,7.24,,7.08,7.54,7.07,,7.75,8.05,,,,8.66,,5.25
2000-10-26,5.42,7.04,7.24,,7.05,7.49,7.04,,7.71,7.99,,,,8.63,,5.25
2000-10-27,5.3,7.03,7.24,,7.01,7.41,7,,7.63,7.91,,,,8.57,,5.25
2000-10-28,5.3,7.02,7.24,,7.01,7.41,,,,,,,,8.57,,5.25
2000-10-30,5.34,7.02,7.24,,7.02,7.42,7,,7.62,7.9,,,,8.57,,5.25
2000-10-31,5.37,7.02,7.24,,7.06,7.45,7.03,,7.64,7.95,,,,8.59,,5.25
2000-11-01,5.34,7.02,7.24,,7.05,7.4,7.02,,7.59,7.87,,,,8.57,,5.25
2000-11-02,5.32,7.02,7.24,,7.05,7.41,7.03,,7.61,7.89,,,,8.58,,5.25
2000-11-03,5.31,7.02,7.24,,7.06,7.42,7.03,,7.63,7.91,,,,8.59,,5.25
2000-11-04,5.3,7.02,7.24,,7.06,7.42,,,,,,,,8.59,,5.25
2000-11-06,5.35,7.02,7.24,,7.07,7.44,7.04,,7.65,7.95,,,,8.6,,5.25
2000-11-07,5.26,7.02,7.24,,7.07,7.44,7.04,,7.66,7.95,,,,8.6,,5.25
2000-11-08,5.35,7.01,7.24,,7.04,7.37,7.02,,7.54,7.84,,,,8.55,,5.25
2000-11-09,5.33,7,7.24,,6.98,7.2,6.95,,7.27,7.5,,,,8.4,,5.25
2000-11-10,5.37,7,7.24,,6.87,7.1,6.84,,7.1,7.29,,,,8.29,,5.25
2000-11-11,5.34,7,7.24,,6.87,7.1,,,,,,,,8.29,,5.25
2000-11-13,5.4,7,7.24,,6.85,7.04,6.83,,7.05,7.2,,,,8.26,,5.25
2000-11-14,5.39,7,7.24,,6.88,7.1,6.83,,7.1,7.26,,,,8.28,,5.25
2000-11-15,5.34,7,7.24,,6.89,7.17,6.86,,7.18,7.37,,,,8.32,,5.25
2000-11-16,5.33,6.99,7.25,,6.92,7.21,6.89,,7.23,7.45,,,,8.35,,5.25
2000-11-17,5.34,6.99,7.25,,6.92,7.19,6.89,,7.2,7.42,,,,8.34,,5.25
2000-11-18,5.31,6.99,7.25,,6.92,7.19,,,,,,,,8.34,,5.25
2000-11-20,5.34,6.99,7.25,,6.97,7.24,6.93,,7.25,7.51,,,,8.37,,5.25
2000-11-21,5.32,6.99,7.25,,7.04,7.33,7,,7.32,7.62,,,,8.43,,5.25
2000-11-22,5.25,6.98,7.25,,7.03,7.24,6.99,,7.24,7.54,,,,8.4,,5.25
2000-11-23,5.34,6.98,7.25,,7.06,7.32,7.03,,7.32,7.62,,,,8.43,,5.25
2000-11-24,5.33,6.97,7.26,,7.05,7.29,7.02,,7.29,7.58,,,,8.42,,5.25
2000-11-25,5.35,6.96,7.25,,7.05,7.29,,,,,,,,8.42,,5.25
2000-11-27,5.36,6.95,7.26,,7.03,7.2,7,,7.2,7.45,,,,8.38,,5.25
2000-11-28,5.3,6.94,7.26,,7.02,7.2,7,,7.18,7.43,,,,8.37,,5.25
2000-11-29,5.33,6.94,7.26,,7.02,7.21,7,,7.19,7.39,,,,8.37,,5.25
2000-11-30,5.32,6.94,7.26,,7.02,7.19,7,,7.16,7.34,,,,8.35,,5.25
2000-12-01,5.32,6.92,7.26,,6.92,7,6.89,,7,7.07,,,,8.22,,5.25
2000-12-04,5.29,6.9,7.26,,6.72,6.91,6.69,,6.91,6.98,,,,8.16,,5.25
2000-12-05,5.29,6.9,7.26,,6.68,6.84,6.64,,6.82,6.89,,,,8.12,,5.25
2000-12-06,5.33,6.9,7.26,,6.67,6.82,6.63,,6.82,6.83,,,,8.11,,5.25
2000-12-07,5.24,6.9,7.26,,6.68,6.86,6.64,,6.84,6.86,,,,8.12,,5.25
2000-12-08,5.35,6.9,7.26,,6.66,6.82,6.62,,6.79,6.86,,,,8.11,,5.25
2000-12-11,5.33,6.9,7.26,,6.66,6.84,6.62,,6.77,6.87,,,,8.11,,5.25
2000-12-12,5.31,6.9,7.26,,6.68,6.94,6.65,,6.84,7.03,,,,8.14,,5.25
2000-12-13,5.3,6.9,7.26,,6.68,6.91,6.65,,6.83,7,,,,8.14,,5.25
2000-12-14,5.32,6.88,7.26,,6.65,6.81,6.62,,6.69,6.8,,,,8.08,,5.25
2000-12-15,5.33,6.88,7.26,,6.65,6.81,6.62,,6.71,6.79,,,,8.09,,5.25
2000-12-18,5.32,6.88,7.26,,6.67,6.84,6.63,,6.74,6.85,7.15,,,8.1,,5.25
2000-12-19,5.32,6.88,7.26,,6.68,6.88,6.63,,6.75,6.9,7.2,,,8.1,,5.25
2000-12-20,5.32,6.88,7.26,,6.68,6.87,6.63,,6.75,6.91,7.2,,,8.1,,5.25
2000-12-21,5.27,6.88,7.26,,6.7,6.9,6.64,,6.75,6.93,7.24,,,8.1,,5.25
2000-12-22,5.23,6.88,7.26,,6.7,6.9,6.64,,6.75,6.93,7.24,,,8.1,,5.25
2000-12-26,5.34,6.88,7.26,,6.74,6.97,6.66,,6.75,6.95,7.25,,,8.1,,5.25
2000-12-27,5.32,6.88,7.26,,6.85,7.06,6.74,,6.81,7.03,7.3,,,8.15,,5.25
2000-12-28,5.33,6.88,7.26,,6.83,6.95,6.7,,6.74,6.98,7.26,,,8.14,,5.25
2000-12-29,5.28,6.88,7.26,,6.83,6.87,6.69,,6.7,6.91,7.21,,,8.13,,5.25
2001-01-02,5.28,6.88,7.26,,6.73,6.8,6.68,,6.67,6.88,7.18,,,8.12,,5.25
2001-01-03,5.28,6.87,7.26,,6.66,6.74,6.63,,6.64,6.84,7.15,,,8.11,,5.25
2001-01-04,5.3,6.77,7.24,,6.4,6.47,6.38,,6.37,6.5,6.85,,,7.97,,5.25
2001-01-05,5.34,6.68,7.18,,6.19,6.25,6.17,,6.19,6.3,6.68,,,7.88,,5.25
2001-01-08,5.32,6.66,7.11,,6.09,6.16,6.09,,6.1,6.25,6.6,,,7.86,,5.25
2001-01-09,5.3,6.64,7.06,,6.09,6.19,6.08,,6.14,6.31,6.68,,,7.88,,5.25
2001-01-10,5.32,6.64,7.03,,6.09,6.19,6.08,,6.14,6.3,6.69,,,7.88,,5.25
2001-01-11,5.32,6.62,7,,5.99,6.06,5.98,,5.95,6.14,6.57,,,7.77,,5.25
2001-01-12,5.33,6.59,6.98,,5.97,6.11,5.95,,6,6.26,6.6,,,7.79,,5.25
2001-01-15,5.3,6.57,6.95,,5.99,6.07,5.98,,5.99,6.24,6.61,,,7.78,,5.25
2001-01-16,5.31,6.55,6.92,,5.93,5.99,5.93,,5.86,6.16,6.6,,,7.73,,5.25
2001-01-17,5.31,6.37,6.91,,5.94,5.97,5.94,,5.73,6.06,6.58,,,7.67,,5.25
2001-01-18,5.32,6.24,6.9,,5.94,5.95,5.93,,5.8,5.99,6.53,,,7.66,,5.25
2001-01-19,5.28,6.16,6.89,,5.93,5.95,5.92,,5.77,5.99,6.54,,,7.64,,5.25
2001-01-22,5.2,6.08,6.88,,5.93,5.95,5.92,,5.77,5.99,6.54,,,7.64,,5.25
2001-01-26,5.24,6.05,6.84,,5.93,5.97,5.92,,5.77,5.98,6.55,,,7.62,,5.25
2001-01-29,5.29,6.04,6.76,,5.87,5.95,5.87,,5.75,5.97,6.55,,,7.56,,5.25
2001-01-30,5.28,6,6.7,,5.81,5.93,5.81,,5.73,5.97,6.55,,,7.5,,5.25
2001-01-31,5.27,5.94,6.66,,5.71,5.85,5.71,,5.68,5.95,6.54,,,7.38,,5.25
2001-02-01,5.3,5.91,6.63,,5.7,5.8,5.7,,5.63,5.94,6.54,,,7.27,,5.25
2001-02-02,5.28,5.89,6.61,,5.61,5.68,5.62,,5.48,5.82,6.48,,,7.08,,5.25
2001-02-05,5.3,5.86,6.59,,5.55,5.62,5.55,,5.38,5.81,6.46,,,6.97,,5.25
2001-02-06,5.31,5.83,6.56,,5.51,5.51,5.5,,5.28,5.66,6.42,,,6.89,,5.25
2001-02-07,5.28,5.8,6.55,,5.44,5.43,5.45,,5.2,5.52,6.29,,,6.83,,5.25
2001-02-08,5.06,5.8,6.47,,5.45,5.49,5.45,,5.25,5.55,6.27,,,6.83,,5
2001-02-09,5.06,5.78,6.39,,5.42,5.43,5.41,,5.18,5.36,6.13,,,6.75,,5
2001-02-12,5.07,5.75,6.32,,5.21,5.19,5.21,,5,5.09,5.93,,,6.58,,5
2001-02-13,5.05,5.73,6.19,,5.17,5.2,5.18,,5.06,5.13,5.98,,,6.49,,5
2001-02-14,5.05,5.69,6.15,,5.2,5.26,5.2,,5.19,5.22,6.03,,,6.49,,5
2001-02-15,5.06,5.67,6.12,,5.21,5.24,5.2,,5.14,5.24,6.01,,,6.44,,5
2001-02-16,5.08,5.66,6.1,,5.3,5.41,5.29,,5.32,5.4,6.1,,,6.51,,5
2001-02-19,5.06,5.63,6.07,,5.35,5.45,5.34,,5.4,5.75,6.25,,,6.58,,5
2001-02-20,5.06,5.61,6.05,,5.38,5.46,5.36,,5.4,5.68,6.23,,,6.58,,5
2001-02-21,5.04,5.62,6.05,,5.68,5.94,5.67,,5.72,6.12,6.62,,,6.79,,5
2001-02-22,4.99,5.62,6.06,,5.88,6.06,5.76,,5.66,6.25,6.75,,,6.86,,5
2001-02-23,5.06,5.65,6.11,,6.04,6.34,5.94,,6,6.7,7.08,,,7.04,,5
2001-02-26,5.07,5.68,6.19,,5.86,5.98,5.85,,5.87,6.41,6.99,,,6.99,,5
2001-02-27,5.05,5.69,6.21,,5.77,5.87,5.76,,5.74,6.24,6.89,,,6.92,,5
2001-02-28,5.06,5.68,6.2,,5.65,5.7,5.64,,5.43,5.95,6.49,,,6.77,,5
2001-03-02,5.03,5.67,6.19,,5.69,5.75,5.68,,5.55,6.02,6.55,,,6.82,,5
2001-03-05,5.07,5.66,6.18,,5.72,5.78,5.7,,5.58,6.05,6.58,,,6.82,,5
2001-03-06,5.07,5.67,6.18,,5.82,5.93,5.82,,5.83,6.24,6.76,,,6.94,,5
2001-03-07,5.02,5.68,6.19,,5.95,6.04,5.93,,6.04,6.53,7.01,,,7.13,,5
2001-03-08,5.04,5.69,6.2,,6.01,6.22,6.01,,6.3,6.77,7.21,,,7.37,,5
2001-03-09,5.09,5.68,6.19,,5.86,6.01,5.86,,5.99,6.46,7.03,,,7.17,,5
2001-03-12,5.02,5.68,6.2,,5.87,6.11,5.87,,6.09,6.64,7.12,,,7.24,,5
2001-03-13,5,5.68,6.21,,5.83,6.09,5.83,,6.09,6.65,7.12,,,7.23,,5
2001-03-14,5,5.68,6.2,,5.69,5.8,5.68,,5.74,6.25,6.88,,,7.02,,5
2001-03-15,5,5.67,6.18,,5.58,5.69,5.59,,5.57,6.06,6.75,,,6.96,,5
2001-03-16,5.07,5.67,6.15,,5.64,5.77,5.64,,5.61,6.11,6.84,,,7.02,,5
2001-03-19,5,5.67,6.12,,5.7,5.81,5.69,,5.64,6.21,6.9,,,7.06,,5
2001-03-20,5.01,5.67,6.12,,5.74,5.82,5.72,,5.63,6.22,6.91,,,7.07,,5
2001-03-21,5.03,5.68,6.1,,5.81,5.97,5.8,,5.71,6.34,7.05,,,7.17,,5
2001-03-22,4.99,5.69,6.09,,5.91,6.07,5.89,,5.85,6.47,7.15,,,7.29,,5
2001-03-23,5.01,5.69,6.09,,5.84,5.97,5.83,,5.76,6.35,7.09,,,7.21,,5
2001-03-26,5.02,5.69,6.08,,5.78,5.87,5.77,,5.68,6.26,7.01,,,7.14,,5
2001-03-27,5,5.69,6.06,,5.76,5.86,5.75,,5.72,6.32,7.02,,,7.17,,5
2001-03-28,4.98,5.7,6.05,,5.86,5.99,5.85,,5.88,6.53,7.15,,,7.31,,5
2001-03-29,4.98,5.7,6.04,,5.99,6.16,5.99,,6.12,6.79,7.32,,,7.51,,5
2001-03-30,4.96,5.7,6.06,,6.12,6.35,6.12,,6.31,7.03,7.51,,,7.69,,5
2001-04-02,4.99,5.74,6.09,,6.29,6.62,6.29,,6.66,7.3,7.76,,,7.95,,5
2001-04-03,5.01,5.81,6.12,,6.18,6.51,6.16,,6.46,7.14,7.62,,,7.81,,5
2001-04-04,5.01,5.87,6.14,,6.33,6.69,6.32,,6.7,7.42,7.82,,,8.03,,5
2001-04-06,5.04,5.87,6.14,,6.23,6.64,6.22,,6.58,7.35,7.76,,,7.95,,5
2001-04-09,5.01,5.87,6.14,,6.18,6.58,6.18,,6.5,7.25,7.72,,,7.89,,5
2001-04-10,5.02,5.84,6.14,,6.1,6.49,6.1,,6.44,7.14,7.67,,,7.8,,5
2001-04-11,5.02,5.84,6.14,,6.08,6.46,6.08,,6.4,7.1,7.63,,,7.75,,5
2001-04-12,5.01,5.83,6.14,,6.1,6.47,6.09,,6.38,7.06,7.63,,,7.74,,5
2001-04-13,5.03,5.83,6.14,,6.1,6.47,6.09,,6.4,7.03,7.62,,,7.74,,5
2001-04-16,5.01,5.83,6.14,,6.1,6.47,6.09,,6.42,7.04,7.64,,,7.76,,5
2001-04-17,5.01,5.83,6.14,,6.1,6.46,6.08,,6.4,7.01,7.63,,,7.74,,5
2001-04-18,5,5.83,6.14,,6.13,6.52,6.11,,6.47,7.07,7.66,,,7.8,,5
2001-04-19,5,5.83,6.14,,6.13,6.56,6.12,,6.48,7.05,7.66,,,7.81,,5
2001-04-20,5.05,5.83,6.14,,6.17,6.63,6.17,,6.6,7.21,7.7,,,7.91,,5
2001-04-23,5.02,5.83,6.14,,6.25,6.82,6.25,,6.72,7.37,7.82,,,8,,5
2001-04-24,5.01,5.83,6.14,,6.25,6.81,6.25,,6.72,7.36,7.83,,,8,,5
2001-04-25,5.01,5.84,6.14,,6.28,6.84,6.28,,6.75,7.38,7.85,,,8.04,,5
2001-04-26,5.03,5.86,6.14,,6.4,6.98,6.4,,6.93,7.52,7.95,,,8.17,,5
2001-04-27,4.98,5.89,6.17,,6.37,6.89,6.36,,6.85,7.47,7.9,,,8.11,,5
2001-04-30,5.01,5.92,6.19,,6.31,6.83,6.31,,6.8,7.39,7.85,,,8.05,,5
2001-05-02,5.02,5.9,6.19,,6.19,6.68,6.19,,6.57,7.18,7.64,,,7.87,,5
2001-05-03,5,5.9,6.19,,6.16,6.64,6.16,,6.5,7.11,7.6,,,7.81,,5
2001-05-04,4.99,5.89,6.19,,6.14,6.64,6.14,,6.45,7.05,7.58,,,7.79,,5
2001-05-07,4.92,5.89,6.19,,6.16,6.68,6.16,,6.5,7.09,7.64,,,7.81,,5
2001-05-08,5,5.89,6.19,,6.16,6.6,6.16,,6.47,7.08,7.63,,,7.78,,5
2001-05-09,5.01,5.89,6.19,,6.14,6.55,6.14,,6.42,7.01,7.57,,,7.73,,5
2001-05-10,5.02,5.89,6.19,,6.15,6.56,6.15,,6.43,7.03,7.57,,,7.74,,5
2001-05-11,5.05,5.89,6.19,,6.16,6.62,6.16,,6.44,7.06,7.59,,,7.76,,5
2001-05-14,5.01,5.89,6.18,,6.19,6.69,6.19,,6.54,7.2,7.65,,,7.79,,5
2001-05-15,5.01,5.89,6.18,,6.23,6.8,6.23,,6.65,7.3,7.72,,,7.84,,5
2001-05-16,5,5.88,6.17,,6.23,6.76,6.23,,6.61,7.29,7.73,,,7.83,,5
2001-05-17,5.01,5.87,6.16,,6.21,6.72,6.21,,6.61,7.3,7.72,,,7.82,,5
2001-05-18,5.01,5.85,6.15,,6.16,6.61,6.16,,6.59,7.25,7.7,,,7.79,,5
2001-05-21,5.04,5.83,6.12,,6.12,6.57,6.12,,6.54,7.15,7.64,,,7.73,,5
2001-05-22,5.02,5.83,6.12,,6.1,6.58,6.1,,6.53,7.12,7.62,,,7.72,,5
2001-05-23,5.02,5.83,6.1,,6.08,6.56,6.08,,6.53,7.1,7.6,,,7.71,,5
2001-05-24,5.02,5.82,6.09,,6.03,6.47,6.03,,6.4,6.95,7.51,,,7.61,,5
2001-05-25,5.01,5.82,6.09,,6.01,6.47,6.01,,6.42,6.92,7.51,,,7.6,,5
2001-05-28,5.01,5.81,6.05,,5.91,6.32,5.91,,6.26,6.74,7.4,,,7.47,,5
2001-05-29,5.01,5.8,6.02,,5.9,6.35,5.9,,6.3,6.78,7.38,,,7.48,,5
2001-05-30,5.01,5.78,6.01,,5.84,6.25,5.84,,6.16,6.64,7.29,,,7.36,,5
2001-05-31,5.01,5.77,5.98,,5.85,6.3,5.85,,6.17,6.67,7.29,,,7.37,,5
2001-06-01,5.07,5.76,5.97,,5.85,6.28,5.84,,6.15,6.66,7.28,,,7.35,,5
2001-06-04,5.01,5.74,5.95,,5.83,6.25,5.83,,6.11,6.62,7.26,,,7.32,,5
2001-06-05,5.02,5.74,5.91,,5.89,6.34,5.89,,6.23,6.75,7.34,,,7.42,,5
2001-06-07,4.95,5.74,5.9,,5.89,6.34,5.89,,6.23,6.75,7.34,,,7.42,,5
2001-06-08,5.02,5.73,5.86,,5.8,6.24,5.8,,6.1,6.57,7.25,,,7.3,,5
2001-06-11,5.03,5.73,5.84,,5.81,6.25,5.81,,6.1,6.63,7.26,,,7.31,,5
2001-06-12,5.02,5.7,5.82,,5.85,6.25,5.84,,6.13,6.65,7.28,,,7.33,,5
2001-06-13,5.02,5.67,5.79,,5.84,6.23,5.83,,6.1,6.62,7.26,,,7.3,,5
2001-06-14,5.02,5.64,5.76,,5.83,6.21,5.83,,6.07,6.58,7.24,,,7.27,,5
2001-06-15,5.04,5.62,5.74,,5.82,6.18,5.83,,6.05,6.58,7.23,,,7.25,,5
2001-06-18,5.01,5.61,5.73,,5.86,6.24,5.86,,6.14,6.7,7.39,,,7.33,,5
2001-06-19,5,5.61,5.73,,5.85,6.22,5.85,,6.12,6.68,7.36,,,7.31,,5
2001-06-20,5,5.6,5.73,,5.78,6.1,5.78,,6,6.43,7.16,,,7.19,,5
2001-06-21,5.04,5.6,5.73,,5.76,6.08,5.76,,5.98,6.36,7.07,,,7.16,,5
2001-06-22,4.94,5.6,5.73,,5.76,6.05,5.76,,5.93,6.33,7.01,,,7.13,,5
2001-06-25,5.01,5.59,5.72,,5.73,5.99,5.73,,5.86,6.23,6.91,,,7.06,,5
2001-06-26,5.01,5.58,5.71,,5.77,6.01,5.76,,5.89,6.24,6.91,,,7.09,,5
2001-06-27,5,5.57,5.7,,5.76,6,5.76,,5.92,6.25,6.89,,,7.1,,5
2001-06-28,4.98,5.57,5.7,,5.72,5.96,5.72,,5.9,6.18,6.8,,,7.08,,5
2001-06-29,4.99,5.57,5.7,,5.73,5.97,5.73,,5.93,6.2,6.78,,,7.1,,5
2001-07-02,4.99,5.56,5.69,,5.74,5.98,5.74,,5.96,6.27,6.84,,,7.14,,5
2001-07-03,4.98,5.55,5.69,,5.77,6.02,5.77,,6.05,6.42,6.93,,,7.21,,5
2001-07-04,4.98,5.53,5.68,,5.74,5.97,5.74,,6.03,6.42,6.93,,,7.19,,5
2001-07-05,4.77,5.5,5.68,,5.66,5.87,5.66,,5.98,6.37,6.88,,,7.14,,4.75
2001-07-06,4.75,5.46,5.65,,5.6,5.86,5.61,,5.92,6.34,6.87,,,7.11,,4.75
2001-07-09,4.78,5.44,5.61,,5.59,5.85,5.6,,5.9,6.28,6.86,,,7.09,,4.75
2001-07-10,4.78,5.43,5.58,,5.59,5.86,5.6,,5.9,6.28,6.86,,,7.09,,4.75
2001-07-11,4.78,5.41,5.56,,5.53,5.79,5.54,,5.8,6.23,6.85,,,7.02,,4.75
2001-07-12,4.78,5.38,5.54,,5.5,5.73,5.51,,5.75,6.18,6.84,,,7,,4.75
2001-07-13,4.78,5.37,5.53,,5.48,5.71,5.48,,5.79,6.22,6.87,,,7.03,,4.75
2001-07-16,4.78,5.35,5.51,,5.43,5.69,5.45,,5.79,6.23,6.89,,,7.03,,4.75
2001-07-18,4.76,5.33,5.49,,5.33,5.59,5.34,,5.66,6.16,6.84,,,6.94,,4.75
2001-07-19,4.76,5.29,5.47,,5.26,5.52,5.27,,5.57,6.05,6.77,,,6.86,,4.75
2001-07-20,4.8,5.22,5.45,,5.28,5.54,5.28,,5.57,6.04,6.78,,,6.86,,4.75
2001-07-23,4.79,5.17,5.4,,5.31,5.56,5.31,,5.61,6.08,6.8,,,6.9,,4.75
2001-07-24,4.78,5.16,5.38,,5.34,5.57,5.33,,5.58,6.03,6.78,,,6.89,,4.75
2001-07-25,4.78,5.14,5.36,,5.34,5.56,5.33,,5.58,6,6.75,,,6.89,,4.75
2001-07-26,4.79,5.12,5.34,,5.33,5.55,5.33,,5.57,5.98,6.73,,,6.88,,4.75
2001-07-27,4.79,5.11,5.33,,5.34,5.57,5.35,,5.6,6,6.76,,,6.9,,4.75
2001-07-30,4.76,5.11,5.3,,5.36,5.59,5.36,,5.63,6.03,6.78,,,6.92,,4.75
2001-07-31,4.77,5.14,5.3,,5.34,5.57,5.34,,5.58,6,6.78,,,6.89,,4.75
2001-08-01,4.77,5.13,5.28,,5.29,5.49,5.29,,5.48,5.9,6.71,,,6.79,,4.75
2001-08-02,4.76,5.12,5.27,,5.26,5.47,5.26,,5.47,5.9,6.71,,,6.78,,4.75
2001-08-03,4.75,5.11,5.26,,5.25,5.43,5.24,,5.42,5.81,6.68,,,6.73,,4.75
2001-08-06,4.79,5.1,5.25,,5.25,5.44,5.24,,5.41,5.79,6.69,,,6.72,,4.75
2001-08-07,4.74,5.1,5.24,,5.25,5.43,5.24,,5.37,5.75,6.68,,,6.7,,4.75
2001-08-08,4.77,5.1,5.23,,5.23,5.4,5.22,,5.34,5.7,6.66,,,6.67,,4.75
2001-08-09,4.52,5,5.19,,5.08,5.2,5.08,,5.14,5.47,6.45,,,6.51,,4.5
2001-08-10,4.55,4.9,5.07,,4.94,5.07,4.94,,5.02,5.35,6.33,,,6.42,,4.5
2001-08-13,4.53,4.84,5.03,,4.86,5.01,4.87,,4.96,5.23,6.19,,,6.33,,4.5
2001-08-14,4.52,4.84,5.01,,4.92,5.09,4.92,,5.1,5.35,6.22,,,6.44,,4.5
2001-08-16,4.52,4.86,4.98,,4.95,5.19,4.95,,5.12,5.36,6.23,,,6.46,,4.5
2001-08-17,4.57,4.85,4.97,,4.92,5.1,4.91,,5.02,5.23,6.14,,,6.39,,4.5
2001-08-20,4.54,4.84,4.96,,4.89,5.04,4.88,,4.97,5.09,5.9,,,6.34,,4.5
2001-08-21,4.5,4.84,4.96,,4.91,5.05,4.9,,4.99,5.12,5.93,,,6.35,,4.5
2001-08-22,4.46,4.83,4.96,,4.89,5.04,4.89,,4.94,5.12,5.91,,,6.33,,4.5
2001-08-23,4.53,4.82,4.96,,4.96,5.12,4.95,,5.06,5.25,6.01,,,6.42,,4.5
2001-08-24,4.54,4.82,4.96,,4.98,5.13,4.97,,5.07,5.26,6.05,,,6.43,,4.5
2001-08-27,4.53,4.82,4.96,,5.06,5.22,5.06,,5.15,5.39,6.16,,,6.51,,4.5
2001-08-28,4.5,4.82,4.96,,5.06,5.22,5.06,,5.12,5.4,6.16,,,6.5,,4.5
2001-08-29,4.52,4.81,4.96,,5.01,5.14,5,,5.02,5.27,6.08,,,6.42,,4.5
2001-08-30,4.51,4.82,4.96,,5.1,5.25,5.1,,5.14,5.43,6.19,,,6.54,,4.5
2001-08-31,4.54,4.81,4.96,,5.1,5.28,5.1,,5.15,5.45,6.24,,,6.55,,4.5
2001-09-03,4.52,4.8,4.96,,5,5.15,5,,5.01,5.27,6.12,,,6.41,,4.5
2001-09-04,4.52,4.8,4.96,,4.99,5.1,4.99,,5.02,5.26,6.12,,,6.39,,4.5
2001-09-05,4.53,4.81,4.96,,5.02,5.2,5.02,,5.12,5.34,6.21,,,6.48,,4.5
2001-09-06,4.5,4.81,4.96,,5.01,5.22,5.01,,5.17,5.39,6.26,,,6.53,,4.5
2001-09-07,4.44,4.81,4.96,,5.02,5.24,5.02,,5.2,5.42,6.28,,,6.55,,4.5
2001-09-10,4.52,4.81,4.96,,5.01,5.25,5.01,,5.16,5.46,6.3,,,6.58,,4.5
2001-09-11,4.52,4.81,4.97,,5.02,5.26,5.02,,5.18,5.5,6.34,,,6.59,,4.5
2001-09-12,4.51,4.81,4.97,,4.97,5.16,4.97,,5.05,5.36,6.18,,,6.48,,4.5
2001-09-13,4.51,4.81,4.97,,4.92,5.1,4.92,,4.99,5.25,6.12,,,6.42,,4.5
2001-09-14,4.51,4.81,4.97,,4.89,5.04,4.88,,4.92,5.21,6.08,,,6.35,,4.5
2001-09-17,4.52,4.81,4.97,,4.9,5.05,4.9,,4.97,5.27,6.34,,,6.4,,4.5
2001-09-18,4.52,4.81,4.97,,4.85,4.97,4.85,,4.9,5.2,6.3,,,6.34,,4.5
2001-09-19,4.01,4.54,4.69,,4.51,4.68,4.51,,4.67,5.04,6.16,,,6.16,,4
2001-09-20,4.02,4.49,4.69,,4.47,4.66,4.47,,4.7,5.06,6.2,,,6.17,,4
2001-09-21,4.01,4.47,4.67,,4.46,4.67,4.46,,4.72,5.07,6.22,,,6.19,,4
2001-09-24,4.02,4.44,4.68,,4.43,4.62,4.43,,4.68,5.06,6.22,,,6.15,,4
2001-09-25,4.02,4.43,4.68,,4.42,4.63,4.42,,4.66,5.07,6.19,,,6.13,,4
2001-09-26,4.02,4.42,4.68,,4.39,4.61,4.4,,4.65,5.06,6.18,,,6.12,,4
2001-09-27,4.01,4.42,4.67,,4.34,4.54,4.35,,4.57,5.01,6.1,,,6.05,,4
2001-09-28,4,4.41,4.67,,4.27,4.43,4.27,,4.45,4.92,6.03,,,5.95,,4
2001-10-04,4.01,4.37,4.63,,4.16,4.31,4.16,,4.34,4.91,6.02,,,5.87,,4
2001-10-05,4.02,4.34,4.58,,4.18,4.38,4.18,,4.39,4.99,6.08,,,5.91,,4
2001-10-08,4,4.29,4.57,,4.19,4.39,4.19,,4.41,5.04,6.16,,,5.93,,4
2001-10-09,4.01,4.26,4.55,,4.15,4.37,4.15,,4.38,5.06,6.15,,,5.92,,4
2001-10-10,4.02,4.26,4.55,,4.23,4.53,4.24,,4.5,5.25,6.26,,,6.02,,4
2001-10-11,4.02,4.27,4.56,,4.52,4.88,4.52,,4.82,5.7,6.53,,,6.34,,4
2001-10-12,4.03,4.38,4.58,,4.54,4.84,4.54,,4.85,5.8,6.63,,,6.39,,4
2001-10-15,4.01,4.36,4.59,,4.45,4.73,4.45,,4.7,5.69,6.49,,,6.29,,4
2001-10-16,4,4.37,4.58,,4.47,4.75,4.47,,4.74,5.82,6.57,,,6.33,,4
2001-10-17,4,4.38,4.58,,4.51,4.83,4.51,,4.81,5.74,6.6,,,6.4,,4
2001-10-18,4,4.39,4.59,,4.51,4.85,4.51,,4.82,5.8,6.63,,,6.43,,4
2001-10-19,4.02,4.37,4.59,,4.47,4.79,4.47,,4.76,5.73,6.56,,,6.38,,4
2001-10-22,3.95,4.37,4.59,,4.43,4.72,4.43,,4.72,5.66,6.56,,,6.32,,4
2001-10-23,4.01,4.36,4.58,,4.46,4.77,4.46,,4.77,5.74,6.63,,,6.37,,4
2001-10-24,4.01,4.37,4.58,,4.51,4.86,4.51,,4.9,5.85,6.74,,,6.48,,4
2001-10-25,4.02,4.38,4.58,,4.51,4.92,4.52,,4.98,5.94,6.84,,,6.54,,4
2001-10-26,4.06,4.39,4.58,,4.53,4.93,4.53,,4.98,6.01,6.85,,,6.56,,4
2001-10-29,4,4.39,4.58,,4.53,4.92,4.53,,4.98,6.05,6.85,,,6.57,,4
2001-10-30,4.03,4.39,4.58,,4.55,4.95,4.55,,5.03,6.1,6.85,,,6.61,,4
2001-10-31,4.02,4.38,4.59,,4.54,4.92,4.54,,4.98,6.12,6.85,,,6.59,,4
2001-11-01,4.01,4.38,4.59,,4.51,4.87,4.51,,4.87,5.98,6.78,,,6.51,,4
2001-11-02,4.06,4.38,4.59,,4.53,4.86,4.53,,4.79,5.88,6.73,,,6.46,,4
2001-11-05,4.02,4.39,4.59,,4.55,4.88,4.55,,4.86,5.88,6.73,,,6.49,,4
2001-11-06,3.99,4.39,4.59,,4.51,4.85,4.51,,4.83,5.77,6.65,,,6.45,,4
2001-11-07,3.99,4.38,4.59,,4.51,4.83,4.52,,4.87,5.76,6.64,,,6.45,,4
2001-11-08,4.02,4.39,4.59,,4.52,4.82,4.52,,4.87,5.75,6.63,,,6.45,,4
2001-11-09,4.04,4.39,4.59,,4.54,4.84,4.54,,4.9,5.77,6.63,,,6.47,,4
2001-11-12,4.02,4.39,4.59,,4.55,4.86,4.55,,4.94,5.82,6.64,,,6.5,,4
2001-11-13,4.01,4.39,4.59,,4.56,4.86,4.56,,4.95,5.83,6.64,,,6.51,,4
2001-11-14,4.01,4.45,4.6,,4.75,5.1,4.75,,5.25,6.2,6.83,,,6.7,,4
2001-11-15,4.01,4.53,4.64,,4.97,5.4,4.97,,5.53,6.44,7.01,,,6.88,,4
2001-11-16,4.03,4.57,4.68,,5.02,5.46,5.02,,5.59,6.46,7.01,,,6.93,,4
2001-11-19,4,4.59,4.69,,5.05,5.47,5.05,,5.63,6.49,7.12,,,6.96,,4
2001-11-20,4,4.59,4.7,,4.99,5.41,4.99,,5.55,6.38,7.01,,,6.88,,4
2001-11-21,4.03,4.61,4.73,,5.08,5.58,5.08,,5.68,6.5,7.09,,,6.99,,4
2001-11-22,4.02,4.65,4.77,,5.26,5.82,5.26,,5.89,6.65,7.18,,,7.16,,4
2001-11-23,4.06,4.66,4.82,,5.25,5.79,5.25,,5.82,6.58,7.13,,,7.13,,4
2001-11-26,4.02,4.69,4.89,,5.35,5.91,5.35,,5.89,6.57,7.1,,,7.2,,4
2001-11-27,3.99,4.74,4.96,,5.42,5.91,5.42,,5.92,6.59,7.08,,,7.22,,4
2001-11-28,3.98,4.75,4.96,,5.19,5.72,5.19,,5.7,6.39,6.92,,,7.04,,4
2001-11-29,3.98,4.76,4.97,,5.28,5.85,5.28,,5.78,6.43,6.98,,,7.11,,4
2001-11-30,4.04,4.76,4.97,,5.2,5.71,5.19,,5.68,6.34,6.88,,,6.99,,4
2001-12-03,3.99,4.76,4.97,,5.12,5.64,5.12,,5.61,6.26,6.81,,,6.91,,4
2001-12-04,3.99,4.76,4.96,,5.18,5.75,5.18,,5.72,6.32,6.87,,,7.01,,4
2001-12-05,3.99,4.77,4.96,,5.28,5.87,5.28,,5.84,6.45,6.94,,,7.11,,4
2001-12-06,3.98,4.83,4.99,,5.5,6.05,5.5,,6.14,6.7,7.16,,,7.35,,4
2001-12-07,4,4.83,5,,5.52,6.08,5.52,,6.18,6.75,7.18,,,7.38,,4
2001-12-10,3.99,4.87,5.05,,5.59,6.16,5.58,,6.2,6.86,7.2,,,7.42,,4
2001-12-11,3.99,4.88,5.05,,5.52,6.07,5.52,,6.13,6.85,7.12,,,7.35,,4
2001-12-12,3.98,4.89,5.06,,5.47,6.03,5.47,,6.15,6.87,7.12,,,7.31,,4
2001-12-13,3.98,4.87,5.06,,5.43,5.95,5.43,,6.08,6.82,7.06,,,7.22,,4
2001-12-14,4.04,4.87,5.06,,5.34,5.84,5.34,,5.94,6.68,6.99,,,7.09,,4
2001-12-17,3.99,4.87,5.06,,5.31,5.8,5.31,,5.89,6.68,6.98,,,7.04,,4
2001-12-18,3.98,4.86,5.06,,5.23,5.8,5.23,,5.79,6.59,6.91,,,6.93,,4
2001-12-19,3.99,4.86,5.06,,5.26,5.85,5.26,,5.83,6.63,6.94,,,6.96,,4
2001-12-20,4.01,4.86,5.06,,5.3,5.89,5.3,,5.88,6.7,6.99,,,7.01,,4
2001-12-21,4,4.86,5.06,,5.31,5.89,5.3,,5.87,6.7,6.99,,,7.01,,4
2001-12-24,3.99,4.86,5.06,,5.31,5.89,5.3,,5.87,6.7,6.99,,,7.01,,4
2001-12-26,4,4.85,5.06,,5.27,5.82,5.27,,5.81,6.65,6.95,,,6.96,,4
2001-12-27,3.98,4.86,5.06,,5.3,5.84,5.3,,5.84,6.68,6.98,,,6.99,,4
2001-12-28,3.96,4.86,5.07,,5.34,5.9,5.34,,5.91,6.73,7.02,,,7.04,,4
2001-12-31,4.01,4.86,5.07,,5.34,5.9,5.34,,5.91,6.73,7.02,,,7.04,,4
2002-01-02,3.97,4.87,5.09,,5.48,6.04,5.48,,6.15,6.96,7.13,,,7.22,,4
2002-01-03,3.97,4.88,5.1,,5.45,6.03,5.45,,6.17,6.95,7.12,,,7.23,,4
2002-01-04,3.99,4.88,5.1,,5.37,5.93,5.37,,6.17,6.91,7.09,,,7.19,,4
2002-01-07,3.93,4.88,5.1,,5.34,5.88,5.34,,6.15,6.85,7.06,,,7.15,,4
2002-01-08,3.96,4.88,5.08,,5.37,5.96,5.37,,6.21,6.89,7.08,,,7.17,,4
2002-01-09,3.96,4.88,5.07,,5.38,6,5.38,,6.15,6.93,7.09,,,7.18,,4
2002-01-10,3.97,4.87,5.05,,5.35,6.03,5.35,,6.14,6.94,7.09,,,7.16,,4
2002-01-11,4.07,4.86,5.05,,5.22,5.93,5.22,,6,6.82,7.03,,,7.03,,4
2002-01-14,3.98,4.84,5,,5.27,6.03,5.27,,6.06,6.9,7.07,,,7.08,,4
2002-01-15,3.97,4.81,4.96,,5.2,5.97,5.21,,6.02,6.86,7.04,,,7.03,,4
2002-01-16,3.98,4.79,4.94,,5.18,5.94,5.18,,5.98,6.82,7.03,,,6.99,,4
2002-01-17,3.97,4.77,4.92,,5.15,5.92,5.15,,5.96,6.74,7.04,,,6.96,,4
2002-01-18,3.99,4.76,4.9,,5.14,5.92,5.14,,5.96,6.73,7.04,,,6.96,,4
2002-01-21,4.02,4.75,4.88,,5.12,5.91,5.12,,5.96,6.73,7.09,,,6.96,,4
2002-01-22,3.97,4.75,4.88,,5.18,6,5.18,,6.05,6.83,7.16,,,7.04,,4
2002-01-23,3.97,4.74,4.86,,5.16,6,5.16,,6.08,6.85,7.16,,,7.04,,4
2002-01-24,3.98,4.71,4.85,,5.19,6.05,5.19,,6.15,6.91,7.19,,,7.09,,4
2002-01-25,4.03,4.7,4.85,,5.11,6,5.1,,6.12,6.88,7.16,,,7.06,,4
2002-01-28,3.98,4.7,4.83,,5.14,6.03,5.14,,6.18,6.93,7.17,,,7.1,,4
2002-01-29,3.98,4.69,4.82,,5.11,6,5.11,,6.15,6.9,7.16,,,7.07,,4
2002-01-30,3.98,4.68,4.81,,5.06,5.93,5.06,,6.05,6.78,7.12,,,6.99,,4
2002-01-31,3.98,4.67,4.8,,5.06,5.91,5.06,,6.03,6.76,7.11,,,6.97,,4
2002-02-01,3.96,4.65,4.79,,4.99,5.84,4.99,,5.95,6.67,7.08,,,6.9,,4
2002-02-04,3.98,4.64,4.77,,5,5.85,5,,5.95,6.67,7.08,,,6.91,,4
2002-02-05,3.98,4.61,4.76,,4.99,5.85,4.99,,5.92,6.67,7.05,,,6.91,,4
2002-02-06,3.99,4.6,4.74,,4.99,5.85,4.99,,5.94,6.68,7.04,,,6.92,,4
2002-02-07,3.97,4.59,4.73,,4.94,5.78,4.94,,5.85,6.6,7,,,6.85,,4
2002-02-08,4.01,4.55,4.7,,4.97,5.84,4.97,,5.9,6.64,7.02,,,6.89,,4
2002-02-14,4,4.54,4.7,,5.03,5.92,5.03,,6,6.72,7.05,,,6.97,,4
2002-02-15,4.05,4.53,4.68,,5.01,5.9,5.01,,5.99,6.71,7.04,,,6.96,,4
2002-02-18,4.02,4.51,4.66,,4.99,5.89,4.99,,5.97,6.72,7.04,,,6.95,,4
2002-02-19,4.01,4.5,4.65,,4.97,5.88,4.97,,5.95,6.71,7,,,6.93,,4
2002-02-20,4.01,4.5,4.65,,4.97,5.88,4.97,,5.96,6.71,7,,,6.93,,4
2002-02-21,4.03,4.49,4.64,,4.95,5.86,4.95,,5.93,6.68,6.96,,,6.9,,4
2002-02-22,4.04,4.49,4.64,,4.95,5.85,4.95,,5.93,6.68,6.96,,,6.9,,4
2002-02-25,4.03,4.48,4.63,,4.92,5.8,4.92,,5.89,6.64,6.93,,,6.86,,4
2002-02-26,4.03,4.47,4.62,,4.91,5.75,4.9,,5.85,6.61,6.91,,,6.81,,4
2002-02-27,4.02,4.47,4.61,,4.91,5.75,4.91,,5.85,6.62,6.91,,,6.81,,4
2002-02-28,4.01,4.45,4.6,,4.86,5.62,4.86,,5.71,6.46,6.81,,,6.68,,4
2002-03-04,4.01,4.45,4.61,,4.96,5.8,4.96,,5.9,6.66,6.9,,,6.85,,4
2002-03-05,4.02,4.45,4.6,,4.98,5.83,4.98,,5.93,6.68,6.9,,,6.87,,4
2002-03-06,4.03,4.46,4.61,,5.05,5.94,5.05,,6.05,6.77,6.96,,,6.95,,4
2002-03-07,4.01,4.45,4.61,,5.04,5.92,5.04,,6.05,6.78,6.96,,,6.94,,4
2002-03-08,4.03,4.49,4.65,,5.09,6,5.09,,6.19,6.91,7.06,,,6.98,,4
2002-03-11,4.02,4.5,4.67,,5.1,6,5.1,,6.22,6.93,7.08,,,6.99,,4
2002-03-12,4.01,4.5,4.68,,5.13,6.01,5.13,,6.23,6.94,7.08,,,7,,4
2002-03-13,4,4.54,4.73,,5.21,6.1,5.21,,6.35,7.04,7.15,,,7.08,,4
2002-03-14,4,4.55,4.76,,5.24,6.1,5.24,,6.36,7.04,7.15,,,7.08,,4
2002-03-15,4.06,4.6,4.8,,5.36,6.2,5.36,,6.44,7.12,7.25,,,7.14,,4
2002-03-18,4,4.61,4.83,,5.33,6.18,5.33,,6.4,7.08,7.31,,,7.1,,4
2002-03-19,3.99,4.7,4.93,,5.48,6.34,5.48,,6.55,7.19,7.37,,,7.22,,4
2002-03-20,4,4.77,4.96,,5.44,6.3,5.44,,6.48,7.12,7.35,,,7.17,,4
2002-03-21,4,4.8,5.03,,5.45,6.31,5.45,,6.48,7.12,7.34,,,7.17,,4
2002-03-22,4.02,4.8,5.04,,5.44,6.29,5.44,,6.46,7.11,7.32,,,7.15,,4
2002-03-25,4,4.82,5.04,,5.43,6.27,5.43,,6.44,7.09,7.3,,,7.13,,4
2002-03-26,4.01,4.83,5.05,,5.48,6.31,5.48,,6.48,7.12,7.33,,,7.17,,4
2002-03-27,4,4.84,5.05,,5.45,6.29,5.45,,6.46,7.08,7.31,,,7.15,,4
2002-03-28,4,4.84,5,,5.4,6.2,5.4,,6.37,7,7.26,,,7.08,,4
2002-03-29,4,4.83,4.98,,5.37,6.16,5.37,,6.39,6.98,7.25,,,7.07,,4
2002-04-01,4.01,4.82,4.94,,5.42,6.26,5.42,,6.46,7.07,7.3,,,7.14,,4
2002-04-02,4,4.83,4.93,,5.46,6.37,5.46,,6.53,7.12,7.34,,,7.2,,4
2002-04-03,4,4.83,4.94,,5.46,6.39,5.46,,6.49,7.13,7.34,,,7.22,,4
2002-04-04,4.02,4.83,4.93,,5.44,6.42,5.44,,6.52,7.15,7.35,,,7.24,,4
2002-04-08,4,4.83,4.93,,5.43,6.41,5.43,,6.52,7.16,7.34,,,7.24,,4
2002-04-09,4,4.83,4.93,,5.49,6.46,5.49,,6.58,7.2,7.36,,,7.3,,4
2002-04-10,4.01,4.82,4.93,,5.46,6.4,5.46,,6.52,7.14,7.33,,,7.24,,4
2002-04-11,4.01,4.82,4.92,,5.46,6.41,5.46,,6.53,7.15,7.34,,,7.25,,4
2002-04-12,4.06,4.82,4.92,,5.44,6.37,5.44,,6.48,7.08,7.3,,,7.2,,4
2002-04-15,4.01,4.81,4.92,,5.44,6.35,5.44,,6.46,7.05,7.29,,,7.19,,4
2002-04-16,4.01,4.81,4.92,,5.45,6.4,5.45,,6.51,7.08,7.31,,,7.24,,4
2002-04-17,4.01,4.79,4.91,,5.45,6.41,5.45,,6.51,7.08,7.31,,,7.24,,4
2002-04-18,4.01,4.77,4.91,,5.42,6.38,5.42,,6.49,7.06,7.29,,,7.22,,4
2002-04-19,4.02,4.76,4.9,,5.4,6.35,5.4,,6.47,7.03,7.28,,,7.2,,4
2002-04-22,3.97,4.75,4.9,,5.41,6.36,5.41,,6.49,7.04,7.29,,,7.22,,4
2002-04-23,4.01,4.74,4.89,,5.42,6.33,5.41,,6.47,7.02,7.28,,,7.2,,4
2002-04-24,4.01,4.74,4.88,,5.4,6.27,5.4,,6.44,7,7.27,,,7.18,,4
2002-04-25,4.02,4.74,4.87,,5.4,6.28,5.4,,6.4,7,7.27,,,7.17,,4
2002-04-26,4.09,4.73,4.86,,5.37,6.24,5.37,,6.37,6.97,7.25,,,7.14,,4
2002-04-29,4.03,4.72,4.86,,5.34,6.18,5.34,,6.33,6.92,7.22,,,7.11,,4
2002-04-30,4.04,4.72,4.86,,5.34,6.19,5.34,,6.33,6.92,7.22,,,7.11,,4
2002-05-02,4.06,4.71,4.85,,5.32,6.2,5.32,,6.31,6.9,7.2,,,7.09,,4
2002-05-03,4.02,4.7,4.82,,5.3,6.17,5.3,,6.28,6.87,7.18,,,7.06,,4
2002-05-06,4.17,4.69,4.8,,5.32,6.19,5.32,,6.29,6.88,7.19,,,7.07,,4
2002-05-07,4.21,4.76,4.83,,5.44,6.24,5.44,,6.34,6.91,7.22,,,7.12,,4.25
2002-05-08,4.27,4.8,4.9,,5.47,6.27,5.47,,6.38,6.93,7.19,,,7.16,,4.25
2002-05-09,4.27,4.82,4.94,,5.51,6.28,5.51,,6.4,6.94,7.2,,,7.18,,4.25
2002-05-10,4.26,4.81,4.93,,5.44,6.15,5.44,,6.29,6.85,7.13,,,7.07,,4.25
2002-05-13,4.27,4.81,4.94,,5.42,6.11,5.42,,6.25,6.8,7.09,,,7.03,,4.25
2002-05-14,4.27,4.81,4.94,,5.4,6.1,5.4,,6.24,6.78,7.08,,,7.02,,4.25
2002-05-15,4.27,4.82,4.96,,5.45,6.17,5.45,,6.32,6.83,7.09,,,7.1,,4.25
2002-05-16,4.28,4.83,4.96,,5.45,6.15,5.45,,6.31,6.82,7.08,,,7.09,,4.25
2002-05-17,4.32,4.84,4.96,,5.45,6.16,5.45,,6.32,6.82,7.08,,,7.1,,4.25
2002-05-20,4.29,4.84,4.97,,5.45,6.16,5.45,,6.32,6.81,7.08,,,7.1,,4.25
2002-05-21,4.25,4.85,4.99,,5.44,6.11,5.44,,6.28,6.77,7.06,,,7.06,,4.25
2002-05-22,4.26,4.85,4.99,,5.48,6.14,5.48,,6.33,6.8,7.08,,,7.1,,4.25
2002-05-23,4.28,4.84,4.97,,5.46,6.11,5.46,,6.31,6.75,7.05,,,7.08,,4.25
2002-05-24,4.26,4.83,4.96,,5.46,6.12,5.46,,6.31,6.75,7.05,,,7.08,,4.25
2002-05-27,4.29,4.83,4.96,,5.46,6.12,5.46,,6.31,6.75,7.05,,,7.08,,4.25
2002-05-28,4.25,4.83,4.95,,5.46,6.12,5.46,,6.32,6.75,7.05,,,7.08,,4.25
2002-05-29,4.26,4.83,4.95,,5.43,6.09,5.43,,6.28,6.71,7.02,,,7.03,,4.25
2002-05-30,4.27,4.83,4.95,,5.38,6.03,5.38,,6.15,6.57,6.93,,,6.91,,4.25
2002-05-31,4.28,4.83,4.94,,5.38,6.02,5.38,,6.14,6.55,6.92,,,6.9,,4.25
2002-06-03,4.28,4.83,4.93,,5.38,6.02,5.38,,6.14,6.55,6.92,,,6.9,,4.25
2002-06-04,4.28,4.83,4.93,,5.36,6,5.36,,6.08,6.49,6.88,,,6.85,,4.25
2002-06-05,4.28,4.83,4.93,,5.37,6.01,5.37,,6.1,6.5,6.89,,,6.86,,4.25
2002-06-07,4.23,4.83,4.93,,5.36,5.98,5.36,,6.05,6.45,6.86,,,6.83,,4.25
2002-06-10,4.29,4.83,4.93,,5.37,5.99,5.37,,6.06,6.46,6.87,,,6.84,,4.25
2002-06-11,4.3,4.83,4.93,,5.44,6.02,5.43,,6.08,6.45,6.88,,,6.87,,4.25
2002-06-12,4.29,4.83,4.93,,5.45,6.02,5.45,,6.09,6.46,6.89,,,6.88,,4.25
2002-06-14,4.27,4.84,4.94,,5.45,6.01,5.45,,6.08,6.46,6.89,,,6.88,,4.25
2002-06-17,4.3,4.83,4.94,,5.41,5.94,5.41,,5.98,6.38,6.8,,,6.8,,4.25
2002-06-18,4.29,4.83,4.94,,5.39,5.94,5.39,,5.95,6.35,6.78,,,6.77,,4.25
2002-06-19,4.29,4.84,4.95,,5.37,5.89,5.37,,5.89,6.29,6.74,,,6.72,,4.25
2002-06-20,4.32,4.84,4.96,,5.37,5.89,5.37,,5.89,6.3,6.74,,,6.72,,4.25
2002-06-21,4.29,4.85,4.97,,5.36,5.87,5.36,,5.86,6.28,6.72,,,6.7,,4.25
2002-06-24,4.3,4.86,4.98,,5.35,5.83,5.35,,5.83,6.25,6.7,,,6.67,,4.25
2002-06-25,4.3,4.88,4.98,,5.34,5.8,5.34,,5.75,6.17,6.64,,,6.61,,4.25
2002-06-26,4.32,4.89,4.99,,5.33,5.69,5.33,,5.52,5.96,6.46,,,6.45,,4.25
2002-06-27,4.31,4.9,5,,5.36,5.77,5.36,,5.61,6,6.5,,,6.54,,4.25
2002-06-28,4.26,4.91,5.03,,5.39,5.78,5.39,,5.66,6.01,6.51,,,6.59,,4.25
2002-07-02,4.29,4.91,5.03,,5.38,5.76,5.38,,5.62,5.94,6.47,,,6.56,,4.25
2002-07-03,4.29,4.91,5.03,,5.4,5.76,5.4,,5.66,5.93,6.48,,,6.58,,4.25
2002-07-04,4.25,4.92,5.03,,5.44,5.81,5.44,,5.76,6.03,6.55,,,6.68,,4.25
2002-07-05,4.26,4.94,5.04,,5.49,5.87,5.49,,5.91,6.21,6.68,,,6.76,,4.25
2002-07-08,4.28,4.94,5.04,,5.47,5.81,5.47,,5.86,6.16,6.64,,,6.71,,4.25
2002-07-09,4.28,4.95,5.05,,5.48,5.85,5.48,,5.93,6.22,6.68,,,6.77,,4.25
2002-07-10,4.28,4.95,5.05,,5.47,5.83,5.47,,5.91,6.23,6.67,,,6.75,,4.25
2002-07-11,4.29,4.95,5.05,,5.42,5.74,5.42,,5.8,6.19,6.6,,,6.66,,4.25
2002-07-12,4.28,4.95,5.04,,5.44,5.81,5.44,,5.88,6.29,6.66,,,6.75,,4.25
2002-07-15,4.29,4.95,5.04,,5.41,5.75,5.41,,5.84,6.28,6.64,,,6.71,,4.25
2002-07-16,4.28,4.95,5.04,,5.4,5.76,5.4,,5.83,6.3,6.65,,,6.7,,4.25
2002-07-18,4.28,4.95,5.04,,5.36,5.76,5.36,,5.84,6.31,6.66,,,6.71,,4.25
2002-07-19,4.24,4.94,5.04,,5.3,5.68,5.3,,5.7,6.2,6.58,,,6.61,,4.25
2002-07-22,4.26,4.92,5.03,,5.17,5.45,5.17,,5.45,5.95,6.38,,,6.39,,4.25
2002-07-23,4.27,4.91,5.01,,5.26,5.62,5.26,,5.64,6.09,6.5,,,6.57,,4.25
2002-07-24,4.27,4.89,4.99,,5.2,5.53,5.2,,5.54,6,6.44,,,6.47,,4.25
2002-07-25,4.28,4.86,4.98,,5.2,5.49,5.2,,5.5,5.97,6.41,,,6.42,,4.25
2002-07-26,4.3,4.85,4.96,,5.17,5.42,5.17,,5.43,5.9,6.35,,,6.31,,4.25
2002-07-29,4.28,4.84,4.96,,5.18,5.45,5.18,,5.46,5.93,6.38,,,6.34,,4.25
2002-07-30,4.28,4.84,4.96,,5.21,5.57,5.21,,5.57,6.04,6.47,,,6.44,,4.25
2002-07-31,4.27,4.84,4.95,,5.18,5.56,5.18,,5.54,6.02,6.45,,,6.42,,4.25
2002-08-01,4.28,4.84,4.94,,5.16,5.5,5.16,,5.48,5.97,6.4,,,6.35,,4.25
2002-08-02,4.27,4.83,4.94,,5.09,5.41,5.09,,5.39,5.89,6.32,,,6.26,,4.25
2002-08-05,4.29,4.81,4.92,,5,5.27,5,,5.26,5.68,6.16,,,6.12,,4.25
2002-08-06,4.27,4.81,4.92,,5.05,5.32,5.05,,5.32,5.73,6.21,,,6.18,,4.25
2002-08-07,4.26,4.8,4.92,,5.03,5.32,5.03,,5.3,5.68,6.19,,,6.16,,4.25
2002-08-08,4.27,4.8,4.91,,5.03,5.31,5.03,,5.28,5.67,6.18,,,6.15,,4.25
2002-08-09,4.28,4.8,4.9,,5.02,5.3,5.02,,5.27,5.67,6.18,,,6.14,,4.25
2002-08-12,4.3,4.8,4.89,,5.01,5.28,5.01,,5.26,5.66,6.17,,,6.13,,4.25
2002-08-13,4.29,4.8,4.89,,5,5.27,5,,5.26,5.66,6.17,,,6.13,,4.25
2002-08-14,4.3,4.79,4.88,,4.98,5.24,4.98,,5.24,5.61,6.14,,,6.11,,4.25
2002-08-16,4.31,4.79,4.88,,4.99,5.27,4.99,,5.27,5.63,6.16,,,6.14,,4.25
2002-08-19,4.31,4.79,4.88,,4.99,5.28,4.99,,5.29,5.64,6.16,,,6.15,,4.25
2002-08-20,4.3,4.79,4.88,,5.02,5.32,5.02,,5.35,5.71,6.18,,,6.2,,4.25
2002-08-21,4.28,4.8,4.88,,5.05,5.39,5.05,,5.41,5.8,6.23,,,6.26,,4.25
2002-08-22,4.26,4.8,4.88,,5.05,5.41,5.05,,5.44,5.83,6.25,,,6.28,,4.25
2002-08-23,4.29,4.8,4.88,,5.06,5.45,5.06,,5.48,5.88,6.28,,,6.32,,4.25
2002-08-26,4.31,4.8,4.88,,5.09,5.51,5.09,,5.57,6,6.35,,,6.41,,4.25
2002-08-27,4.27,4.8,4.88,,5.1,5.48,5.1,,5.56,6.03,6.37,,,6.4,,4.25
2002-08-28,4.27,4.8,4.89,,5.09,5.49,5.09,,5.56,6.01,6.36,,,6.39,,4.25
2002-08-29,4.28,4.8,4.89,,5.07,5.43,5.07,,5.53,6,6.34,,,6.36,,4.25
2002-08-30,4.28,4.8,4.89,,5.03,5.36,5.03,,5.45,5.9,6.26,,,6.23,,4.25
2002-09-02,4.28,4.8,4.9,,5.04,5.4,5.04,,5.5,5.92,6.28,,,6.26,,4.25
2002-09-03,4.28,4.8,4.9,,5.01,5.36,5.01,,5.45,5.84,6.22,,,6.17,,4.25
2002-09-04,4.29,4.8,4.9,,4.96,5.29,4.96,,5.35,5.74,6.13,,,6.05,,4.25
2002-09-05,4.32,4.8,4.9,,4.96,5.29,4.96,,5.34,5.72,6.12,,,6.02,,4.25
2002-09-06,4.26,4.8,4.9,,4.96,5.26,4.96,,5.29,5.67,6.09,,,5.94,,4.25
2002-09-09,4.29,4.8,4.9,,4.98,5.27,4.98,,5.31,5.69,6.1,,,5.95,,4.25
2002-09-10,4.29,4.8,4.9,,5.01,5.33,5.01,,5.39,5.78,6.18,,,6.02,,4.25
2002-09-11,4.29,4.8,4.9,,5.05,5.42,5.05,,5.5,5.9,6.28,,,6.17,,4.25
2002-09-12,4.29,4.8,4.9,,5.04,5.4,5.04,,5.47,5.88,6.26,,,6.16,,4.25
2002-09-13,4.31,4.8,4.9,,5,5.29,5,,5.34,5.78,6.17,,,6.04,,4.25
2002-09-16,4.35,4.8,4.9,,5.01,5.3,5.01,,5.34,5.79,6.16,,,6.05,,4.25
2002-09-17,4.37,4.82,4.91,,5.1,5.45,5.1,,5.51,5.95,6.28,,,6.2,,4.25
2002-09-18,4.32,4.82,4.92,,5.05,5.34,5.05,,5.37,5.81,6.17,,,6.07,,4.25
2002-09-19,4.28,4.82,4.92,,5.05,5.35,5.05,,5.38,5.82,6.18,,,6.08,,4.25
2002-09-23,4.3,4.82,4.92,,5.04,5.29,5.04,,5.32,5.75,6.13,,,6.02,,4.25
2002-09-24,4.27,4.82,4.92,,5.05,5.3,5.05,,5.31,5.69,6.11,,,6.01,,4.25
2002-09-25,4.29,4.82,4.92,,5.05,5.32,5.05,,5.32,5.68,6.11,,,6.02,,4.25
2002-09-26,4.3,4.82,4.93,,5.05,5.29,5.05,,5.29,5.66,6.1,,,6,,4.25
2002-09-27,4.29,4.84,4.94,,5.06,5.3,5.05,,5.3,5.66,6.1,,,6,,4.25
2002-09-30,4.28,4.86,4.95,,5.06,5.3,5.05,,5.3,5.65,6.1,,,6,,4.25
2002-10-01,4.28,4.86,4.96,,5.06,5.33,5.06,,5.31,5.66,6.11,,,6.01,,4.25
2002-10-02,4.35,4.86,4.96,,5.06,5.33,5.06,,5.34,5.65,6.11,,,6.01,,4.25
2002-10-04,4.33,4.87,4.96,,5.09,5.37,5.09,,5.38,5.69,6.14,,,6.05,,4.25
2002-10-07,4.26,4.87,4.96,,5.09,5.37,5.09,,5.38,5.72,6.14,,,6.03,,4.25
2002-10-08,4.31,4.87,4.96,,5.14,5.39,5.14,,5.41,5.76,6.16,,,6.05,,4.25
2002-10-09,4.31,4.87,4.96,,5.15,5.38,5.14,,5.39,5.76,6.16,,,6.02,,4.25
2002-10-10,4.31,4.87,4.96,,5.13,5.33,5.13,,5.33,5.66,6.1,,,5.94,,4.25
2002-10-11,4.39,4.89,4.97,,5.13,5.33,5.13,,5.33,5.66,6.1,,,5.94,,4.25
2002-10-14,4.3,4.9,4.98,,5.15,5.36,5.15,,5.36,5.68,6.12,,,5.97,,4.25
2002-10-15,4.28,4.91,5,,5.17,5.39,5.17,,5.38,5.69,6.13,,,5.99,,4.25
2002-10-16,4.28,4.92,5.01,,5.18,5.4,5.18,,5.4,5.71,6.14,,,6.01,,4.25
2002-10-17,4.28,4.93,5.01,,5.22,5.46,5.22,,5.5,5.8,6.19,,,6.09,,4.25
2002-10-18,4.28,4.94,5.02,,5.22,5.45,5.22,,5.49,5.79,6.18,,,6.08,,4.25
2002-10-21,4.26,4.94,5.03,,5.19,5.42,5.19,,5.45,5.76,6.15,,,6.04,,4.25
2002-10-22,4.22,4.94,5.03,,5.19,5.42,5.19,,5.45,5.75,6.15,,,6.04,,4.25
2002-10-23,4.28,4.94,5.03,,5.18,5.42,5.18,,5.46,5.76,6.15,,,6.05,,4.25
2002-10-24,4.28,4.94,5.03,,5.16,5.39,5.16,,5.43,5.73,6.13,,,6.02,,4.25
2002-10-25,4.3,4.94,5.03,,5.15,5.38,5.15,,5.4,5.71,6.11,,,6.01,,4.25
2002-10-28,4.3,4.94,5.04,,5.12,5.35,5.12,,5.37,5.68,6.03,,,5.99,,4.25
2002-10-29,4.28,4.94,5.05,,5.1,5.33,5.1,,5.35,5.66,6.01,,,5.97,,4.25
2002-10-30,4.29,4.94,5.06,,5.1,5.33,5.1,,5.35,5.66,6.01,,,5.97,,4.25
2002-10-31,4.28,4.94,5.07,,5.09,5.31,5.09,,5.33,5.63,5.98,,,5.95,,4.25
2002-11-01,4.29,4.94,5.07,,5.08,5.29,5.08,,5.31,5.6,5.96,,,5.93,,4.25
2002-11-04,4.28,4.94,5.07,,5.1,5.33,5.1,,5.35,5.65,5.99,,,5.97,,4.25
2002-11-05,4.29,4.94,5.07,,5.09,5.32,5.09,,5.34,5.64,5.98,,,5.96,,4.25
2002-11-06,4.31,4.94,5.07,,5.1,5.33,5.1,,5.35,5.65,5.99,,,5.97,,4.25
2002-11-07,4.25,4.94,5.07,,5.05,5.28,5.05,,5.28,5.54,5.91,,,5.9,,4.25
2002-11-08,4.28,4.93,5.06,,5.03,5.25,5.03,,5.24,5.47,5.85,,,5.86,,4.25
2002-11-11,4.31,4.92,5.06,,5.03,5.23,5.02,,5.23,5.45,5.84,,,5.85,,4.25
2002-11-12,4.3,4.91,5.05,,5,5.17,5,,5.2,5.39,5.78,,,5.81,,4.25
2002-11-13,4.3,4.91,5.05,,4.98,5.14,4.98,,5.17,5.37,5.72,,,5.78,,4.25
2002-11-14,4.31,4.91,5.04,,4.99,5.15,4.99,,5.18,5.37,5.69,,,5.79,,4.25
2002-11-15,4.31,4.91,5.04,,5.01,5.21,5.01,,5.27,5.45,5.74,,,5.86,,4.25
2002-11-18,4.3,4.9,5.04,,5,5.18,5,,5.24,5.42,5.67,,,5.84,,4.25
2002-11-19,4.3,4.89,5.03,,4.99,5.16,4.99,,5.22,5.39,5.63,,,5.81,,4.25
2002-11-20,4.3,4.89,5.03,,5.01,5.19,5.01,,5.24,5.41,5.65,,,5.84,,4.25
2002-11-21,4.25,4.89,5.03,,5.03,5.22,5.03,,5.27,5.45,5.67,,,5.87,,4.25
2002-11-22,4.23,4.89,5.03,,5.05,5.25,5.05,,5.3,5.5,5.7,,,5.9,,4.25
2002-11-25,4.31,4.89,5.03,,5.08,5.32,5.08,,5.37,5.63,5.79,,,5.97,,4.25
2002-11-26,4.3,4.89,5.03,,5.06,5.3,5.06,,5.35,5.6,5.77,,,5.95,,4.25
2002-11-27,4.28,4.89,5.03,,5.07,5.33,5.07,,5.39,5.64,5.81,,,5.99,,4.25
2002-11-28,4.28,4.9,5.03,,5.08,5.34,5.08,,5.41,5.69,5.85,,,6.01,,4.25
2002-11-29,4.28,4.9,5.03,,5.05,5.3,5.05,,5.35,5.62,5.8,,,5.96,,4.25
2002-12-02,4.28,4.9,5.03,,5.07,5.33,5.06,,5.39,5.71,5.87,,,6,,4.25
2002-12-03,4.27,4.9,5.03,,5.08,5.36,5.07,,5.4,5.73,5.88,,,6.01,,4.25
2002-12-04,4.28,4.9,5.03,,5.06,5.34,5.06,,5.37,5.7,5.85,,,5.98,,4.25
2002-12-05,4.3,4.9,5.03,,5.06,5.35,5.07,,5.39,5.72,5.86,,,6,,4.25
2002-12-06,4.25,4.9,5.03,,5.06,5.35,5.07,,5.39,5.72,5.86,,,6,,4.25
2002-12-09,4.3,4.9,5.03,,5.04,5.3,5.04,,5.34,5.65,5.81,,,5.95,,4.25
2002-12-10,4.28,4.9,5.03,,5.04,5.3,5.04,,5.34,5.64,5.81,,,5.95,,4.25
2002-12-11,4.29,4.9,5.03,,5.03,5.28,5.03,,5.31,5.59,5.78,,,5.91,,4.25
2002-12-12,4.3,4.9,5.03,,5.03,5.27,5.03,,5.3,5.57,5.78,,,5.9,,4.25
2002-12-13,4.3,4.9,5.02,,5.02,5.25,5.02,,5.27,5.54,5.76,,,5.87,,4.25
2002-12-16,4.31,4.9,5.02,,5.02,5.25,5.02,,5.27,5.54,5.76,,,5.87,,4.25
2002-12-17,4.3,4.9,5.02,,5.02,5.26,5.03,,5.28,5.55,5.77,,,5.88,,4.25
2002-12-18,4.3,4.9,5.02,,5.02,5.25,5.02,,5.27,5.54,5.76,,,5.87,,4.25
2002-12-20,4.3,4.9,5.02,,5,5.22,5,,5.24,5.5,5.72,,,5.84,,4.25
2002-12-23,4.3,4.9,5.03,,5,5.21,5,,5.23,5.49,5.71,,,5.82,,4.25
2002-12-24,4.28,4.9,5.03,,5.01,5.22,5.01,,5.24,5.5,5.72,,,5.83,,4.25
2002-12-26,4.31,4.9,5.03,,5,5.18,5,,5.19,5.46,5.69,,,5.78,,4.25
2002-12-27,4.31,4.9,5.03,,5,5.18,5,,5.19,5.45,5.69,,,5.78,,4.25
2002-12-30,4.35,4.9,5.03,,4.99,5.13,4.98,,5.13,5.38,5.63,,,5.71,,4.25
2002-12-31,4.52,4.9,5.03,,4.99,5.12,4.98,,5.11,5.34,5.61,,,5.68,,4.25
2003-01-02,4.29,4.9,5.03,,4.98,5.08,4.97,,5.07,5.29,5.57,,,5.64,,4.25
2003-01-03,4.27,4.9,5.03,,4.98,5.09,4.98,,5.09,5.3,5.59,,,5.67,,4.25
2003-01-06,4.29,4.9,5.02,,4.96,5.09,4.97,,5.1,5.31,5.59,,,5.67,,4.25
2003-01-07,4.22,4.89,5.02,,4.94,5.05,4.94,,5.05,5.27,5.55,,,5.62,,4.25
2003-01-08,4.28,4.86,5,,4.91,5.01,4.91,,5.06,5.24,5.52,,,5.57,,4.25
2003-01-09,4.28,4.84,4.99,,4.89,5.01,4.89,,5.06,5.26,5.52,,,5.57,,4.25
2003-01-10,4.28,4.81,4.96,,4.81,4.96,4.82,,5.03,5.22,5.49,,,5.54,,4.25
2003-01-13,4.28,4.81,4.95,,4.82,4.99,4.83,,5.05,5.24,5.5,,,5.56,,4.25
2003-01-14,4.26,4.76,4.9,,4.78,4.93,4.78,,5.01,5.19,5.46,,,5.51,,4.25
2003-01-15,4.28,4.74,4.87,,4.75,4.9,4.75,,4.98,5.16,5.43,,,5.47,,4.25
2003-01-16,4.27,4.66,4.82,,4.75,4.89,4.74,,4.96,5.14,5.42,,,5.45,,4.25
2003-01-17,4.28,4.63,4.77,,4.75,4.9,4.74,,4.96,5.14,5.42,,,5.45,,4.25
2003-01-20,4.29,4.6,4.75,,4.74,4.9,4.74,,4.96,5.14,5.42,,,5.45,,4.25
2003-01-21,4.26,4.59,4.71,,4.72,4.87,4.71,,4.93,5.11,5.4,,,5.42,,4.25
2003-01-22,4.21,4.58,4.7,,4.7,4.85,4.68,,4.89,5.07,5.37,,,5.39,,4.25
2003-01-23,4.28,4.56,4.68,,4.71,4.87,4.71,,4.91,5.09,5.38,,,5.41,,4.25
2003-01-24,4.29,4.56,4.68,,4.72,4.87,4.72,,4.9,5.09,5.38,,,5.41,,4.25
2003-01-27,4.3,4.56,4.68,,4.71,4.84,4.71,,4.87,5.06,5.36,,,5.38,,4.25
2003-01-28,4.29,4.55,4.68,,4.68,4.79,4.68,,4.81,4.99,5.25,,,5.33,,4.25
2003-01-29,4.31,4.54,4.68,,4.64,4.74,4.64,,4.74,4.9,5.16,,,5.26,,4.25
2003-01-30,4.34,4.55,4.68,,4.65,4.77,4.65,,4.77,4.93,5.19,,,5.29,,4.25
2003-02-03,4.34,4.55,4.68,,4.66,4.78,4.66,,4.79,4.95,5.2,,,5.3,,4.25
2003-02-04,4.4,4.55,4.68,,4.64,4.77,4.64,,4.76,4.9,5.17,,,5.27,,4.25
2003-02-05,4.41,4.55,4.68,,4.64,4.77,4.64,,4.76,4.9,5.17,,,5.27,,4.25
2003-02-06,4.31,4.54,4.66,,4.61,4.72,4.61,,4.7,4.83,5.1,,,5.21,,4.25
2003-02-07,4.31,4.54,4.66,,4.6,4.71,4.6,,4.68,4.8,5.09,,,5.19,,4.25
2003-02-10,4.28,4.54,4.66,,4.6,4.71,4.6,,4.68,4.8,5.09,,,5.19,,4.25
2003-02-11,4.28,4.53,4.66,,4.65,4.78,4.65,,4.75,4.87,5.15,,,5.26,,4.25
2003-02-12,4.28,4.53,4.66,,4.67,4.8,4.67,,4.81,4.94,5.2,,,5.32,,4.25
2003-02-13,4.28,4.53,4.66,,4.66,4.78,4.66,,4.78,4.94,5.19,,,5.29,,4.25
2003-02-14,4.28,4.53,4.66,,4.66,4.78,4.66,,4.77,4.95,5.19,,,5.29,,4.25
2003-02-17,4.28,4.54,4.66,,4.7,4.86,4.7,,4.86,5.04,5.27,,,5.38,,4.25
2003-02-18,4.26,4.54,4.66,,4.69,4.85,4.69,,4.85,5.03,5.26,,,5.37,,4.25
2003-02-19,4.26,4.54,4.65,,4.66,4.79,4.66,,4.78,4.94,5.19,,,5.3,,4.25
2003-02-20,4.27,4.54,4.65,,4.67,4.81,4.67,,4.79,4.96,5.2,,,5.31,,4.25
2003-02-21,4.3,4.54,4.65,,4.63,4.75,4.62,,4.73,4.88,5.14,,,5.25,,4.25
2003-02-24,4.29,4.54,4.65,,4.62,4.74,4.61,,4.71,4.89,5.14,,,5.24,,4.25
2003-02-25,4.27,4.54,4.65,,4.59,4.7,4.59,,4.65,4.84,5.09,,,5.19,,4.25
2003-02-26,4.29,4.54,4.65,,4.57,4.64,4.56,,4.6,4.78,5.05,,,5.14,,4.25
2003-02-27,4.28,4.53,4.65,,4.56,4.62,4.56,,4.57,4.77,5.04,,,5.11,,4.25
2003-02-28,4.27,4.53,4.64,,4.56,4.64,4.57,,4.6,4.79,5.07,,,5.14,,4.25
2003-03-03,4.27,4.53,4.64,,4.55,4.66,4.57,,4.64,4.82,5.1,,,5.18,,4.25
2003-03-04,4.26,4.53,4.64,,4.51,4.62,4.52,,4.6,4.78,5.06,,,5.15,,4.25
2003-03-05,4.26,4.53,4.64,,4.52,4.62,4.52,,4.6,4.78,5.06,,,5.15,,4.25
2003-03-06,4.29,4.53,4.64,,4.52,4.63,4.52,,4.6,4.78,5.06,,,5.15,,4.25
2003-03-07,4.23,4.53,4.64,,4.54,4.65,4.54,,4.62,4.8,5.08,,,5.17,,4.25
2003-03-10,4.28,4.52,4.64,,4.55,4.68,4.55,,4.65,4.82,5.1,,,5.2,,4.25
2003-03-11,4.28,4.51,4.65,,4.57,4.75,4.57,,4.69,4.89,5.15,,,5.25,,4.25
2003-03-12,4.3,4.7,4.82,,5.15,5.24,5.16,,5.2,5.35,5.59,,,5.85,,4.25
2003-03-13,4.28,5.04,5.29,,5.16,5.25,5.17,,5.24,5.4,5.63,,,5.89,,4.25
2003-03-14,4.27,5.04,5.28,,5.05,5.12,5.05,,5.08,5.25,5.5,,,5.76,,4.25
2003-03-17,4.28,5.06,5.28,,5.06,5.15,5.07,,5.1,5.29,5.54,,,5.79,,4.25
2003-03-18,4.21,5.06,5.29,,4.98,5.05,4.98,,5,5.17,5.43,,,5.7,,4.25
2003-03-19,4.01,4.97,5.29,,4.81,4.89,4.82,,4.86,5,5.25,,,5.57,,4.25
2003-03-20,4.01,4.91,5.29,,4.77,4.85,4.78,,4.82,4.96,5.21,,,5.53,,4.25
2003-03-21,3.84,4.88,5.28,,4.65,4.76,4.66,,4.75,4.87,5.13,,,5.46,,4.25
2003-03-24,4.25,4.86,5.28,,4.65,4.76,4.66,,4.75,4.87,5.09,,,5.46,,4.25
2003-03-25,4.24,4.81,5.27,,4.6,4.73,4.62,,4.72,4.85,5.07,,,5.43,,4.25
2003-03-26,4.26,4.76,5.27,,4.57,4.69,4.57,,4.65,4.8,5.02,,,5.37,,4.25
2003-03-27,4.23,4.75,5.27,,4.55,4.66,4.56,,4.61,4.74,5,,,5.33,,4.25
2003-03-28,4.24,4.73,5.27,,4.6,4.72,4.61,,4.68,4.8,5.06,,,5.4,,4.25
2003-03-31,4.27,4.7,5.27,,4.6,4.7,4.6,,4.62,4.77,5.04,,,5.38,,4.25
2003-04-01,4.25,4.7,5.27,,4.59,4.71,4.6,,4.61,4.77,5.04,,,5.38,,4.25
2003-04-02,4.24,4.7,5.27,,4.62,4.73,4.62,,4.63,4.8,5.06,,,5.4,,4.25
2003-04-03,4.24,4.69,5.27,,4.61,4.7,4.6,,4.6,4.78,5.04,,,5.37,,4.25
2003-04-04,4.29,4.69,5.27,,4.61,4.71,4.6,,4.61,4.78,5.04,,,5.38,,4.25
2003-04-07,4.22,4.69,5.27,,4.63,4.75,4.63,,4.65,4.82,5.08,,,5.42,,4.25
2003-04-08,4.24,4.69,5.27,,4.67,4.75,4.66,,4.65,4.84,5.09,,,5.44,,4.25
2003-04-09,4.24,4.69,5.27,,4.68,4.77,4.68,,4.68,4.87,5.11,,,5.47,,4.25
2003-04-10,4.23,4.64,5.27,,4.64,4.72,4.63,,4.62,4.8,5.05,,,5.41,,4.25
2003-04-11,4.24,4.61,5.26,,4.62,4.68,4.61,,4.58,4.76,5.02,,,5.37,,4.25
2003-04-14,4.23,4.61,5.25,,4.63,4.69,4.62,,4.59,4.78,5.04,,,5.38,,4.25
2003-04-15,4.23,4.59,5.25,,4.62,4.69,4.62,,4.59,4.77,5.04,,,5.38,,4.25
2003-04-16,4.24,4.59,5.24,,4.62,4.69,4.63,,4.6,4.78,5.05,,,5.39,,4.25
2003-04-17,4.24,4.58,5.24,,4.62,4.69,4.63,,4.6,4.78,5.05,,,5.39,,4.25
2003-04-18,4.24,4.58,5.24,,4.63,4.7,4.63,,4.62,4.79,5.05,,,5.4,,4.25
2003-04-21,4.28,4.57,5.24,,4.63,4.71,4.64,,4.64,4.81,5.06,,,5.42,,4.25
2003-04-22,4.23,4.57,5.24,,4.61,4.69,4.62,,4.61,4.79,5.04,,,5.4,,4.25
2003-04-23,4.24,4.57,5.23,,4.6,4.68,4.6,,4.58,4.77,5.02,,,5.39,,4.25
2003-04-24,4.25,4.57,5.23,,4.58,4.66,4.58,,4.57,4.75,5.01,,,5.39,,4.25
2003-04-25,4.26,4.57,5.23,,4.56,4.64,4.56,,4.56,4.72,4.99,,,5.38,,4.25
2003-04-28,4.26,4.55,5.22,,4.52,4.6,4.52,,4.52,4.67,4.95,,,5.35,,4.25
2003-04-29,4.24,4.55,5.21,,4.52,4.6,4.52,,4.52,4.67,4.96,,,5.35,,4.25
2003-04-30,4.26,4.54,5.21,,4.46,4.53,4.45,,4.46,4.61,4.9,,,5.32,,4.25
2003-05-02,4.26,4.51,5.17,,4.38,4.46,4.39,,4.4,4.55,4.84,,,5.3,,4.25
2003-05-06,4.25,4.51,5.16,,4.39,4.46,4.39,,4.4,4.55,4.84,,,5.3,,4.25
2003-05-07,4.23,4.51,5.15,,4.39,4.45,4.38,,4.39,4.54,4.83,,,5.29,,4.25
2003-05-09,4.26,4.49,5.13,,4.38,4.44,4.38,,4.37,4.53,4.82,,,5.28,,4.25
2003-05-12,4.26,4.49,5.12,,4.4,4.46,4.4,,4.39,4.55,4.84,,,5.31,,4.25
2003-05-13,4.01,4.43,5.09,,4.35,4.4,4.35,,4.34,4.5,4.79,,,5.28,,4
2003-05-14,4.01,4.41,5.07,,4.29,4.33,4.29,,4.25,4.43,4.72,,,5.24,,4
2003-05-15,4.04,4.39,5.06,,4.27,4.31,4.27,,4.22,4.38,4.69,,,5.23,,4
2003-05-16,4.02,4.39,5.05,,4.26,4.31,4.27,,4.22,4.38,4.69,,,5.23,,4
2003-05-19,4.02,4.35,5.04,,4.24,4.28,4.24,,4.19,4.33,4.6,,,5.2,,4
2003-05-20,4.01,4.33,5.04,,4.29,4.36,4.29,,4.25,4.37,4.63,,,5.26,,4
2003-05-21,4,4.32,5.03,,4.27,4.33,4.26,,4.21,4.32,4.58,,,5.23,,4
2003-05-22,3.99,4.33,5.02,,4.3,4.36,4.29,,4.26,4.37,4.62,,,5.29,,4
2003-05-23,4.01,4.33,5.02,,4.3,4.37,4.29,,4.26,4.37,4.62,,,5.29,,4
2003-05-26,4.01,4.33,5.02,,4.31,4.39,4.31,,4.28,4.39,4.64,,,5.31,,4
2003-05-27,4,4.33,4.93,,4.28,4.36,4.28,,4.24,4.36,4.61,,,5.29,,4
2003-05-28,4,4.32,4.88,,4.26,4.33,4.26,,4.2,4.33,4.55,,,5.26,,4
2003-05-29,4.03,4.3,4.82,,4.22,4.28,4.21,,4.11,4.27,4.49,,,5.21,,4
2003-05-30,4.01,4.3,4.79,,4.21,4.27,4.21,,4.1,4.26,4.47,,,5.21,,4
2003-06-02,4,4.3,4.76,,4.23,4.3,4.23,,4.13,4.29,4.49,,,5.24,,4
2003-06-03,4,4.3,4.75,,4.21,4.28,4.21,,4.09,4.25,4.46,,,5.22,,4
2003-06-04,4.01,4.3,4.74,,4.2,4.27,4.2,,4.08,4.24,4.45,,,5.21,,4
2003-06-05,4.02,4.3,4.73,,4.2,4.26,4.19,,4.07,4.23,4.44,,,5.2,,4
2003-06-09,4,4.29,4.71,,4.2,4.26,4.19,,4.07,4.19,4.43,,,5.2,,4
2003-06-10,4.01,4.29,4.7,,4.2,4.24,4.19,,4.04,4.16,4.4,,,5.18,,4
2003-06-11,4.01,4.29,4.69,,4.19,4.23,4.19,,4.03,4.14,4.38,,,5.18,,4
2003-06-12,4,4.27,4.69,,4.21,4.25,4.21,,4.06,4.17,4.4,,,5.21,,4
2003-06-13,4,4.26,4.69,,4.24,4.29,4.22,,4.05,4.16,4.41,,,5.23,,4
2003-06-16,4,4.26,4.68,,4.21,4.28,4.2,,3.95,4.07,4.34,,,5.19,,4
2003-06-17,4,4.26,4.68,,4.25,4.32,4.24,,3.98,4.11,4.37,,,5.22,,4
2003-06-18,4,4.26,4.67,,4.26,4.31,4.24,,3.95,4.06,4.35,,,5.21,,4
2003-06-19,3.99,4.26,4.67,,4.32,4.37,4.29,,4,4.1,4.41,,,5.26,,4
2003-06-20,3.97,4.27,4.67,,4.38,4.44,4.36,,4.09,4.19,4.5,,,5.35,,4
2003-06-23,4.02,4.28,4.67,,4.41,4.48,4.4,,4.15,4.25,4.55,,,5.41,,4
2003-06-24,4.01,4.28,4.67,,4.39,4.44,4.38,,4.09,4.21,4.53,,,5.37,,4
2003-06-25,4,4.28,4.67,,4.4,4.45,4.39,,4.09,4.19,4.53,,,5.37,,4
2003-06-26,4.01,4.29,4.67,,4.42,4.48,4.41,,4.12,4.21,4.56,,,5.4,,4
2003-06-27,4.01,4.29,4.67,,4.46,4.52,4.46,,4.16,4.26,4.61,,,5.45,,4
2003-06-30,4.1,4.3,4.67,,4.46,4.52,4.46,,4.16,4.27,4.61,,,5.45,,4
2003-07-01,4.01,4.3,4.67,,4.45,4.5,4.45,,4.13,4.23,4.59,,,5.43,,4
2003-07-02,4.02,4.3,4.67,,4.41,4.46,4.4,,4.08,4.15,4.54,,,5.38,,4
2003-07-03,4.02,4.31,4.68,,4.4,4.45,4.39,,4.07,4.15,4.54,,,5.38,,4
2003-07-04,4.01,4.33,4.69,,4.45,4.53,4.46,,4.21,4.3,4.66,,,5.5,,4
2003-07-07,4,4.33,4.69,,4.45,4.53,4.46,,4.22,4.32,4.68,,,5.51,,4
2003-07-08,4.02,4.34,4.69,,4.48,4.52,4.46,,4.29,4.4,4.74,,,5.55,,4
2003-07-09,4.01,4.34,4.69,,4.42,4.44,4.43,,4.31,4.48,4.77,,,5.56,,4
2003-07-10,3.77,4.24,4.65,,4.24,4.36,4.25,,4.32,4.55,4.85,,,5.57,,3.75
2003-07-11,3.77,4.19,4.64,,4.17,4.29,4.17,,4.2,4.46,4.78,,,5.5,,3.75
2003-07-14,3.77,4.18,4.55,,4.22,4.35,4.21,,4.27,4.5,4.94,,,5.56,,3.75
2003-07-15,3.78,4.12,4.51,,4.25,4.43,4.25,,4.32,4.59,5,,,5.61,,3.75
2003-07-16,3.76,4.11,4.51,,4.27,4.51,4.27,,4.49,4.83,5.14,,,5.77,,3.75
2003-07-18,3.77,4.09,4.49,,4.21,4.47,4.19,,4.47,4.81,5.13,,,5.75,,3.75
2003-07-21,3.8,4.05,4.46,,4.17,4.42,4.15,,4.44,4.8,5.12,,,5.72,,3.75
2003-07-22,3.74,4.05,4.45,,4.16,4.43,4.16,,4.46,4.84,5.15,,,5.74,,3.75
2003-07-23,3.76,4.02,4.42,,4.15,4.4,4.14,,4.42,4.8,5.12,,,5.71,,3.75
2003-07-24,3.76,4.02,4.42,,4.17,4.42,4.15,,4.46,4.82,5.13,,,5.74,,3.75
2003-07-25,3.71,4.01,4.41,,4.17,4.44,4.16,,4.48,4.85,5.15,,,5.76,,3.75
2003-07-28,3.71,4.01,4.4,,4.2,4.51,4.2,,4.57,4.94,5.19,,,5.84,,3.75
2003-07-29,3.74,3.98,4.39,,4.23,4.56,4.22,,4.68,5.06,5.24,,,5.94,,3.75
2003-07-30,3.77,3.97,4.38,,4.18,4.5,4.16,,4.58,4.99,5.2,,,5.87,,3.75
2003-07-31,3.75,3.96,4.37,,4.17,4.48,4.16,,4.58,4.99,5.24,,,5.87,,3.75
2003-08-01,3.75,3.95,4.37,,4.19,4.59,4.18,,4.75,5.17,5.39,,,6.01,,3.75
2003-08-04,3.75,3.94,4.36,,4.15,4.52,4.14,,4.67,5.1,5.34,,,5.94,,3.75
2003-08-05,3.75,3.93,4.36,,4.15,4.52,4.14,,4.66,5.04,5.32,,,5.93,,3.75
2003-08-06,3.78,3.93,4.36,,4.14,4.52,4.13,,4.65,4.99,5.31,,,5.92,,3.75
2003-08-07,3.75,3.93,4.36,,4.13,4.5,4.12,,4.62,4.91,5.27,,,5.9,,3.75
2003-08-08,3.75,3.92,4.34,,4.14,4.45,4.11,,4.58,4.82,5.17,,,5.86,,3.75
2003-08-11,3.75,3.92,4.33,,4.15,4.48,4.13,,4.61,4.87,5.2,,,5.89,,3.75
2003-08-12,3.77,3.91,4.31,,4.17,4.49,4.15,,4.63,4.9,5.19,,,5.91,,3.75
2003-08-13,3.76,3.9,4.31,,4.17,4.47,4.15,,4.6,4.89,5.18,,,5.89,,3.75
2003-08-14,3.76,3.9,4.3,,4.19,4.5,4.18,,4.66,4.99,5.24,,,5.94,,3.75
2003-08-18,3.75,3.9,4.29,,4.19,4.51,4.19,,4.67,5.03,5.34,,,5.95,,3.75
2003-08-19,3.75,3.9,4.28,,4.18,4.51,4.18,,4.66,5.01,5.34,,,5.93,,3.75
2003-08-20,3.75,3.88,4.21,,4.17,4.49,4.17,,4.63,4.95,5.32,,,5.89,,3.75
2003-08-21,3.77,3.88,4.19,,4.17,4.5,4.17,,4.63,4.94,5.32,,,5.89,,3.75
2003-08-22,3.74,3.87,4.18,,4.17,4.51,4.17,,4.64,4.94,5.32,,,5.89,,3.75
2003-08-25,3.72,3.86,4.16,,4.16,4.48,4.15,,4.58,4.87,5.25,,,5.83,,3.75
2003-08-26,3.71,3.85,4.14,,4.16,4.48,4.15,,4.57,4.87,5.23,,,5.79,,3.75
2003-08-27,3.71,3.85,4.14,,4.17,4.48,4.15,,4.57,4.88,5.22,,,5.75,,3.75
2003-08-28,3.72,3.85,4.14,,4.15,4.43,4.14,,4.5,4.78,5.15,,,5.63,,3.75
2003-08-29,3.72,3.85,4.14,,4.15,4.4,4.13,,4.46,4.73,5.05,,,5.6,,3.75
2003-09-01,3.65,3.85,4.14,,4.14,4.38,4.12,,4.42,4.7,5.03,,,5.53,,3.75
2003-09-02,3.66,3.85,4.13,,4.14,4.39,4.13,,4.43,4.71,5.03,,,5.53,,3.75
2003-09-03,3.65,3.85,4.13,,4.13,4.38,4.12,,4.43,4.7,5.02,,,5.52,,3.75
2003-09-04,3.69,3.84,4.13,,4.12,4.37,4.11,,4.4,4.64,4.89,,,5.46,,3.75
2003-09-05,3.67,3.84,4.13,,4.11,4.36,4.1,,4.38,4.6,4.87,,,5.43,,3.75
2003-09-08,3.77,3.83,4.12,,4.08,4.31,4.07,,4.31,4.5,4.8,,,5.32,,3.75
2003-09-09,3.77,3.83,4.12,,4.11,4.39,4.1,,4.39,4.6,4.88,,,5.38,,3.75
2003-09-15,3.75,3.82,4.11,,4.07,4.28,4.06,,4.27,4.47,4.8,,,5.26,,3.75
2003-09-16,3.74,3.82,4.11,,4.08,4.28,4.06,,4.27,4.47,4.81,,,5.26,,3.75
2003-09-17,3.75,3.81,4.11,,4.05,4.23,4.04,,4.2,4.4,4.75,,,5.18,,3.75
2003-09-18,3.76,3.81,4.11,,4.05,4.21,4.04,,4.17,4.37,4.72,,,5.14,,3.75
2003-09-19,3.76,3.8,4.11,,4.03,4.15,4.02,,4.12,4.3,4.64,,,5.08,,3.75
2003-09-22,3.74,3.8,4.11,,4.04,4.16,4.02,,4.13,4.31,4.63,,,5.08,,3.75
2003-09-23,3.76,3.8,4.1,,4.02,4.12,4.01,,4.09,4.26,4.56,,,5.03,,3.75
2003-09-24,3.75,3.8,4.1,,4.03,4.11,4.01,,4.08,4.25,4.56,,,5.02,,3.75
2003-09-25,3.75,3.82,4.11,,4.09,4.2,4.08,,4.2,4.4,4.69,,,5.12,,3.75
2003-09-26,3.75,3.9,4.11,,4.08,4.18,4.07,,4.18,4.4,4.69,,,5.1,,3.75
2003-09-29,3.75,3.9,4.11,,4.06,4.14,4.05,,4.11,4.36,4.66,,,5.05,,3.75
2003-09-30,3.77,3.89,4.11,,4.06,4.15,4.05,,4.11,4.36,4.66,,,5.05,,3.75
2003-10-01,3.74,3.88,4.11,,4,4.07,4,,4,4.21,4.55,,,4.95,,3.75
2003-10-02,3.76,3.88,4.11,,4,4.06,4,,3.98,4.19,4.54,,,4.93,,3.75
2003-10-06,3.74,3.88,4.11,,4.01,4.13,4.02,,4.06,4.27,4.62,,,5.01,,3.75
2003-10-07,3.69,3.88,4.11,,4.01,4.11,4.02,,4.08,4.29,4.62,,,5.03,,3.75
2003-10-08,3.74,3.88,4.11,,4.02,4.12,4.03,,4.12,4.32,4.67,,,5.06,,3.75
2003-10-09,3.74,3.88,4.11,,4.02,4.11,4.02,,4.12,4.32,4.67,,,5.06,,3.75
2003-10-10,3.74,3.88,4.1,,4.03,4.15,4.03,,4.17,4.4,4.74,,,5.1,,3.75
2003-10-13,3.75,3.88,4.1,,4.02,4.14,4.02,,4.16,4.41,4.74,,,5.09,,3.75
2003-10-14,3.74,3.88,4.1,,4.05,4.23,4.05,,4.22,4.48,4.8,,,5.14,,3.75
2003-10-15,3.74,3.91,4.1,,4.06,4.22,4.05,,4.21,4.46,4.8,,,5.13,,3.75
2003-10-16,3.74,3.92,4.1,,4.11,4.31,4.1,,4.31,4.56,4.9,,,5.22,,3.75
2003-10-17,3.74,3.93,4.1,,4.12,4.33,4.11,,4.33,4.56,4.91,,,5.24,,3.75
2003-10-20,3.75,3.94,4.11,,4.16,4.4,4.16,,4.41,4.66,5,,,5.31,,3.75
2003-10-21,3.77,3.94,4.11,,4.17,4.4,4.16,,4.41,4.69,5.02,,,5.31,,3.75
2003-10-22,3.75,3.94,4.11,,4.17,4.4,4.16,,4.42,4.7,5.03,,,5.31,,3.75
2003-10-23,3.74,3.94,4.11,,4.15,4.34,4.15,,4.35,4.64,4.99,,,5.23,,3.75
2003-10-24,3.75,3.96,4.11,,4.18,4.42,4.18,,4.44,4.74,5.07,,,5.31,,3.75
2003-10-27,3.76,3.97,4.12,,4.2,4.43,4.2,,4.47,4.77,5.1,,,5.34,,3.75
2003-10-28,3.75,3.99,4.12,,4.21,4.44,4.2,,4.47,4.8,5.11,,,5.35,,3.75
2003-10-29,3.75,4.03,4.13,,4.19,4.38,4.19,,4.39,4.7,5.02,,,5.26,,3.75
2003-10-30,3.77,4.04,4.14,,4.24,4.48,4.24,,4.51,4.8,5.11,,,5.35,,3.75
2003-10-31,3.84,4.05,4.15,,4.24,4.46,4.24,,4.48,4.78,5.09,,,5.32,,3.75
2003-11-03,3.82,4.09,4.16,,4.28,4.53,4.28,,4.55,4.88,5.17,,,5.38,,3.75
2003-11-04,3.82,4.14,4.19,,4.33,4.64,4.33,,4.65,4.98,5.25,,,5.46,,3.75
2003-11-05,3.82,4.15,4.24,,4.37,4.69,4.36,,4.69,5.02,5.29,,,5.49,,3.75
2003-11-06,3.8,4.16,4.26,,4.37,4.68,4.36,,4.68,5.02,5.29,,,5.48,,3.75
2003-11-07,3.78,4.17,4.28,,4.39,4.77,4.39,,4.77,5.1,5.36,,,5.55,,3.75
2003-11-10,3.78,4.2,4.29,,4.37,4.7,4.37,,4.7,5.03,5.3,,,5.49,,3.75
2003-11-11,3.77,4.21,4.29,,4.4,4.7,4.39,,4.71,5.04,5.3,,,5.49,,3.75
2003-11-12,3.77,4.24,4.3,,4.48,4.79,4.48,,4.81,5.14,5.37,,,5.59,,3.75
2003-11-13,3.76,4.25,4.33,,4.51,4.88,4.52,,4.92,5.21,5.44,,,5.68,,3.75
2003-11-14,3.76,4.25,4.33,,4.51,4.9,4.52,,4.95,5.23,5.45,,,5.7,,3.75
2003-11-17,3.76,4.25,4.35,,4.49,4.87,4.5,,4.88,5.17,5.45,,,5.63,,3.75
2003-11-18,3.76,4.27,4.36,,4.56,4.98,4.56,,4.97,5.28,5.53,,,5.71,,3.75
2003-11-19,3.76,4.26,4.38,,4.56,4.89,4.55,,4.87,5.17,5.45,,,5.62,,3.75
2003-11-20,3.77,4.26,4.4,,4.53,4.82,4.53,,4.78,5.06,5.32,,,5.52,,3.75
2003-11-21,3.75,4.26,4.4,,4.52,4.79,4.51,,4.71,5,5.29,,,5.45,,3.75
2003-11-24,3.78,4.27,4.42,,4.53,4.77,4.52,,4.71,4.99,5.29,,,5.45,,3.75
2003-11-25,3.78,4.27,4.44,,4.53,4.75,4.52,,4.71,5,5.3,,,5.45,,3.75
2003-11-26,3.77,4.27,4.45,,4.53,4.74,4.52,,4.7,4.99,5.29,,,5.44,,3.75
2003-11-27,3.77,4.27,4.45,,4.55,4.77,4.54,,4.76,5.03,5.33,,,5.49,,3.75
2003-11-28,3.78,4.28,4.25,,4.6,4.87,4.59,,4.88,5.16,5.43,,,5.6,,3.75
2003-12-01,3.78,4.31,4.46,,4.68,4.99,4.68,,5.01,5.28,5.52,,,5.71,,3.75
2003-12-02,3.77,4.31,4.47,,4.68,5,4.68,,5,5.27,5.52,,,5.71,,3.75
2003-12-03,3.78,4.32,4.48,,4.72,5.05,4.71,,5.06,5.3,5.55,,,5.76,,3.75
2003-12-04,3.75,4.33,4.48,,4.72,5.04,4.71,,5.06,5.29,5.55,,,5.76,,3.75
2003-12-05,3.74,4.33,4.48,,4.7,4.98,4.69,,4.99,5.23,5.5,,,5.7,,3.75
2003-12-08,3.78,4.33,4.48,,4.69,4.91,4.69,,4.88,5.14,5.43,,,5.61,,3.75
2003-12-09,3.78,4.34,4.49,,4.76,4.95,4.75,,4.91,5.18,5.46,,,5.64,,3.75
2003-12-10,3.78,4.35,4.49,,4.76,4.95,4.75,,4.9,5.17,5.45,,,5.63,,3.75
2003-12-11,3.77,4.35,4.49,,4.72,4.85,4.72,,4.83,5.12,5.4,,,5.56,,3.75
2003-12-12,3.77,4.35,4.49,,4.7,4.85,4.7,,4.84,5.11,5.4,,,5.56,,3.75
2003-12-15,3.76,4.35,4.5,,4.73,4.94,4.73,,4.96,5.21,5.5,,,5.67,,3.75
2003-12-16,3.76,4.35,4.5,,4.66,4.88,4.66,,4.84,5.1,5.43,,,5.57,,3.75
2003-12-17,3.76,4.35,4.5,,4.66,4.88,4.66,,4.84,5.1,5.43,,,5.57,,3.75
2003-12-18,3.77,4.35,4.53,,4.66,4.86,4.66,,4.84,5.1,5.43,,,5.57,,3.75
2003-12-19,3.74,4.35,4.53,,4.64,4.83,4.63,,4.81,5.07,5.41,,,5.55,,3.75
2003-12-22,3.72,4.35,4.54,,4.65,4.83,4.63,,4.8,5.06,5.39,,,5.55,,3.75
2003-12-23,3.77,4.35,4.54,,4.64,4.83,4.63,,4.79,5.05,5.38,,,5.55,,3.75
2003-12-24,3.77,4.35,4.54,,4.62,4.82,4.62,,4.77,5.02,5.36,,,5.53,,3.75
2003-12-26,3.78,4.35,4.54,,4.6,4.79,4.6,,4.73,4.97,5.32,,,5.5,,3.75
2003-12-29,3.78,4.35,4.55,,4.6,4.8,4.6,,4.73,4.98,5.32,,,5.5,,3.75
2003-12-30,3.77,4.36,4.55,,4.65,4.85,4.64,,4.81,5.05,5.37,,,5.57,,3.75
2003-12-31,3.97,4.36,4.55,,4.66,4.86,4.65,,4.82,5.06,5.38,,,5.58,,3.75
2004-01-02,3.77,4.33,4.55,,4.65,4.84,4.64,,4.8,5.04,5.36,,,5.56,,3.75
2004-01-05,3.76,4.33,4.55,,4.67,4.9,4.66,,4.87,5.11,5.42,,,5.63,,3.75
2004-01-06,3.74,4.33,4.55,,4.67,4.92,4.66,,4.87,5.11,5.42,,,5.63,,3.75
2004-01-07,3.75,4.33,4.55,,4.67,4.93,4.66,,4.89,5.12,5.43,,,5.65,,3.75
2004-01-08,3.78,4.33,4.55,,4.67,4.96,4.66,,4.94,5.18,5.47,,,5.7,,3.75
2004-01-09,3.78,4.3,4.55,,4.68,4.98,4.67,,4.97,5.21,5.45,,,5.73,,3.75
2004-01-12,3.79,4.27,4.55,,4.63,4.89,4.63,,4.87,5.16,5.37,,,5.65,,3.75
2004-01-13,3.79,4.27,4.55,,4.58,4.86,4.58,,4.84,5.13,5.34,,,5.62,,3.75
2004-01-14,3.79,4.27,4.55,,4.57,4.85,4.57,,4.82,5.12,5.33,,,5.61,,3.75
2004-01-15,3.8,4.24,4.55,,4.55,4.84,4.56,,4.8,5.08,5.31,,,5.59,,3.75
2004-01-16,3.8,4.24,4.54,,4.56,4.87,4.57,,4.83,5.1,5.33,,,5.62,,3.75
2004-01-19,3.77,4.24,4.52,,4.6,4.94,4.6,,4.92,5.2,5.48,,,5.71,,3.75
2004-01-20,3.75,4.24,4.51,,4.6,4.94,4.6,,4.94,5.21,5.49,,,5.72,,3.75
2004-01-26,3.81,4.22,4.51,,4.6,4.93,4.6,,4.93,5.23,5.49,,,5.72,,3.75
2004-01-27,3.78,4.21,4.51,,4.57,4.91,4.56,,4.9,5.2,5.47,,,5.7,,3.75
2004-01-28,3.78,4.2,4.5,,4.53,4.89,4.52,,4.87,5.17,5.44,,,5.68,,3.75
2004-01-29,3.78,4.19,4.49,,4.53,4.92,4.53,,4.92,5.23,5.49,,,5.73,,3.75
2004-01-30,3.78,4.19,4.48,,4.51,4.91,4.51,,4.94,5.24,5.5,,,5.74,,3.75
2004-02-02,3.78,4.19,4.48,,4.49,4.91,4.49,,4.95,5.25,5.5,,,5.75,,3.75
2004-02-03,3.77,4.18,4.47,,4.48,4.89,4.47,,4.91,5.2,5.47,,,5.71,,3.75
2004-02-04,3.78,4.18,4.46,,4.48,4.89,4.47,,4.89,5.19,5.46,,,5.7,,3.75
2004-02-05,3.79,4.17,4.45,,4.48,4.9,4.47,,4.9,5.2,5.47,,,5.71,,3.75
2004-02-06,3.74,4.17,4.45,,4.49,4.92,4.48,,4.94,5.24,5.48,,,5.75,,3.75
2004-02-09,3.78,4.11,4.41,,4.47,4.87,4.47,,4.89,5.18,5.44,,,5.7,,3.75
2004-02-10,3.79,4.11,4.4,,4.47,4.85,4.46,,4.87,5.17,5.43,,,5.68,,3.75
2004-02-11,3.79,4.11,4.38,,4.46,4.82,4.45,,4.84,5.14,5.42,,,5.65,,3.75
2004-02-12,3.73,4.08,4.36,,4.43,4.78,4.43,,4.8,5.1,5.39,,,5.61,,3.75
2004-02-13,3.73,4.08,4.36,,4.41,4.78,4.42,,4.82,5.12,5.41,,,5.63,,3.75
2004-02-16,3.68,4.07,4.33,,4.4,4.78,4.39,,4.82,5.13,5.46,,,5.63,,3.75
2004-02-17,3.68,4.04,4.32,,4.36,4.77,4.36,,4.78,5.1,5.43,,,5.59,,3.75
2004-02-18,3.73,4.01,4.3,,4.35,4.75,4.35,,4.75,5.06,5.4,,,5.55,,3.75
2004-02-19,3.78,4,4.29,,4.36,4.75,4.35,,4.75,5.05,5.4,,,5.55,,3.75
2004-02-20,3.76,4,4.29,,4.37,4.75,4.35,,4.75,5.05,5.4,,,5.55,,3.75
2004-02-23,3.78,4,4.28,,4.39,4.77,4.38,,4.8,5.1,5.44,,,5.59,,3.75
2004-02-24,3.78,4,4.28,,4,4.75,4.4,,4.77,5.07,5.42,,,5.56,,3.75
2004-02-25,3.78,4,4.28,,4.4,4.71,4.39,,4.73,5.03,5.38,,,5.52,,3.75
2004-02-26,3.78,4,4.26,,4.4,4.72,4.39,,4.76,5.06,5.42,,,5.54,,3.75
2004-02-27,3.78,4,4.26,,4.4,4.73,4.4,,4.78,5.08,5.43,,,5.56,,3.75
2004-03-02,3.79,4,4.26,,4.38,4.71,4.38,,4.75,5.04,5.39,,,5.53,,3.75
2004-03-03,3.79,4,4.26,,4.38,4.72,4.38,,4.79,5.06,5.41,,,5.56,,3.75
2004-03-04,3.74,4,4.26,,4.36,4.7,4.36,,4.78,5.05,5.4,,,5.55,,3.75
2004-03-05,3.75,3.98,4.25,,4.34,4.67,4.34,,4.77,5.05,5.39,,,5.54,,3.75
2004-03-08,3.79,3.97,4.2,,4.26,4.58,4.26,,4.68,4.95,5.3,,,5.45,,3.75
2004-03-09,3.78,3.97,4.19,,4.27,4.55,4.26,,4.66,4.95,5.29,,,5.43,,3.75
2004-03-10,3.8,3.97,4.18,,4.27,4.55,4.26,,4.66,4.96,5.29,,,5.43,,3.75
2004-03-11,3.79,3.96,4.17,,4.26,4.5,4.25,,4.6,4.91,5.23,,,5.38,,3.75
2004-03-12,3.78,3.95,4.17,,4.25,4.48,4.25,,4.57,4.88,5.21,,,5.35,,3.75
2004-03-15,3.78,3.94,4.15,,4.25,4.48,4.25,,4.57,4.88,5.23,,,5.35,,3.75
2004-03-16,3.73,3.94,4.15,,4.27,4.52,4.26,,4.6,4.9,5.27,,,5.38,,3.75
2004-03-17,3.73,3.94,4.14,,4.27,4.5,4.26,,4.56,4.87,5.25,,,5.36,,3.75
2004-03-18,3.67,3.91,4.14,,4.26,4.48,4.25,,4.52,4.84,5.23,,,5.33,,3.75
2004-03-19,3.73,3.9,4.14,,4.26,4.48,4.25,,4.52,4.84,5.23,,,5.33,,3.75
2004-03-22,3.72,3.9,4.14,,4.24,4.44,4.24,,4.48,4.79,5.21,,,5.29,,3.75
2004-03-23,3.78,3.88,4.13,,4.19,4.36,4.19,,4.4,4.7,5.11,,,5.21,,3.75
2004-03-24,3.78,3.88,4.13,,4.18,4.36,4.18,,4.41,4.7,5.11,,,5.21,,3.75
2004-03-25,3.77,3.88,4.12,,4.17,4.36,4.17,,4.42,4.7,5.11,,,5.22,,3.75
2004-03-26,3.75,3.88,4.12,,4.2,4.45,4.2,,4.51,4.82,5.22,,,5.31,,3.75
2004-03-29,3.73,3.88,4.12,,4.21,4.47,4.2,,4.56,4.87,5.27,,,5.36,,3.75
2004-03-30,3.73,3.9,4.12,,4.19,4.47,4.19,,4.53,4.85,5.25,,,5.33,,3.75
2004-03-31,3.74,3.9,4.12,,4.18,4.45,4.17,,4.5,4.81,5.21,,,5.3,,3.75
2004-04-01,3.75,3.9,4.12,,4.14,4.37,4.13,,4.4,4.71,5.12,,,5.22,,3.75
2004-04-02,3.76,3.9,4.12,,4.14,4.38,4.13,,4.42,4.73,5.14,,,5.23,,3.75
2004-04-06,3.69,3.95,4.14,,4.29,4.55,4.29,,4.63,4.92,5.32,,,5.42,,3.75
2004-04-07,3.69,3.95,4.14,,4.22,4.47,4.22,,4.57,4.86,5.26,,,5.35,,3.75
2004-04-08,3.75,3.94,4.14,,4.17,4.44,4.17,,4.56,4.86,5.25,,,5.34,,3.75
2004-04-09,3.75,3.91,4.14,,4.13,4.38,4.13,,4.49,4.8,5.19,,,5.26,,3.75
2004-04-12,3.76,3.91,4.14,,4.14,4.42,4.13,,4.54,4.88,5.24,,,5.3,,3.75
2004-04-13,3.75,3.91,4.14,,4.13,4.45,4.13,,4.55,4.89,5.25,,,5.31,,3.75
2004-04-14,3.75,3.91,4.14,,4.16,4.52,4.16,,4.65,4.98,5.33,,,5.4,,3.75
2004-04-16,3.76,3.91,4.14,,4.15,4.47,4.14,,4.6,4.95,5.29,,,5.34,,3.75
2004-04-19,3.75,3.91,4.14,,4.15,4.46,4.13,,4.59,4.95,5.3,,,5.33,,3.75
2004-04-20,3.76,3.91,4.14,,4.14,4.45,4.13,,4.58,4.94,5.29,,,5.32,,3.75
2004-04-21,3.7,3.91,4.14,,4.15,4.49,4.15,,4.63,4.98,5.34,,,5.36,,3.75
2004-04-22,3.7,3.91,4.14,,4.14,4.46,4.14,,4.6,4.95,5.31,,,5.33,,3.75
2004-04-23,3.76,3.9,4.14,,4.12,4.41,4.12,,4.55,4.89,5.26,,,5.27,,3.75
2004-04-26,3.77,3.9,4.13,,4.11,4.4,4.11,,4.54,4.88,5.25,,,5.26,,3.75
2004-04-27,3.76,3.9,4.13,,4.1,4.39,4.1,,4.52,4.88,5.24,,,5.24,,3.75
2004-04-28,3.76,3.9,4.13,,4.1,4.38,4.09,,4.51,4.87,5.23,,,5.23,,3.75
2004-04-29,3.76,3.9,4.13,,4.09,4.37,4.09,,4.49,4.86,5.22,,,5.21,,3.75
2004-04-30,3.76,3.9,4.13,,4.07,4.33,4.07,,4.43,4.82,5.18,,,5.14,,3.75
2004-05-03,3.76,3.9,4.13,,4.09,4.37,4.09,,4.49,4.87,5.23,,,5.19,,3.75
2004-05-04,3.75,3.9,4.13,,4.09,4.4,4.09,,4.49,4.87,5.23,,,5.19,,3.75
2004-05-06,3.72,3.9,4.13,,4.07,4.37,4.07,,4.44,4.83,5.2,,,5.13,,3.75
2004-05-07,3.68,3.9,4.13,,4.08,4.36,4.07,,4.42,4.8,5.18,,,5.11,,3.75
2004-05-10,3.78,3.9,4.13,,4.08,4.36,4.07,,4.42,4.79,5.19,,,5.11,,3.75
2004-05-11,3.77,3.9,4.13,,4.1,4.37,4.09,,4.43,4.8,5.2,,,5.12,,3.75
2004-05-12,3.77,3.9,4.12,,4.1,4.35,4.09,,4.41,4.78,5.19,,,5.1,,3.75
2004-05-13,3.77,3.9,4.11,,4.09,4.33,4.09,,4.39,4.76,5.17,,,5.08,,3.75
2004-05-14,3.76,3.9,4.1,,4.09,4.33,4.09,,4.39,4.75,5.15,,,5.08,,3.75
2004-05-17,3.76,3.9,4.1,,4.09,4.33,4.09,,4.4,4.76,5.17,,,5.08,,3.75
2004-05-18,3.76,3.9,4.1,,4.09,4.35,4.09,,4.41,4.77,5.18,,,5.09,,3.75
2004-05-19,3.75,3.9,4.1,,4.09,4.36,4.09,,4.43,4.79,5.2,,,5.11,,3.75
2004-05-20,3.71,3.9,4.06,,4.09,4.36,4.09,,4.43,4.79,5.2,,,5.11,,3.75
2004-05-21,3.69,3.9,4.04,,4.07,4.33,4.07,,4.39,4.74,5.16,,,5.07,,3.75
2004-05-24,3.77,3.89,4.04,,4.07,4.32,4.06,,4.37,4.73,5.15,,,5.05,,3.75
2004-05-25,3.77,3.89,4.04,,4.04,4.27,4.04,,4.31,4.69,5.12,,,4.99,,3.75
2004-05-27,3.77,3.89,4.04,,4.04,4.23,4.03,,4.28,4.64,5.08,,,4.96,,3.75
2004-05-28,3.75,3.89,4.04,,4.03,4.19,4.02,,4.23,4.54,5,,,4.9,,3.75
2004-05-31,3.77,3.89,4.04,,4.04,4.21,4.03,,4.24,4.51,4.95,,,4.91,,3.75
2004-06-01,3.76,3.89,4.04,,4.05,4.24,4.05,,4.28,4.54,4.98,,,4.94,,3.75
2004-06-02,3.76,3.89,4.04,,4.06,4.24,4.05,,4.27,4.53,4.97,,,4.93,,3.75
2004-06-03,3.76,3.88,4.02,,4.04,4.18,4.03,,4.18,4.45,4.88,,,4.83,,3.75
2004-06-04,3.67,3.88,4.02,,4.05,4.2,4.04,,4.19,4.44,4.88,,,4.83,,3.75
2004-06-07,3.7,3.88,4.02,,4.07,4.22,4.06,,4.22,4.46,4.9,,,4.86,,3.75
2004-06-08,3.77,3.88,4.02,,4.09,4.23,4.08,,4.24,4.48,4.92,,,4.88,,3.75
2004-06-09,3.76,3.88,4.02,,4.1,4.25,4.09,,4.26,4.5,4.96,,,4.9,,3.75
2004-06-10,3.77,3.88,4.02,,4.1,4.24,4.09,,4.23,4.47,4.94,,,4.87,,3.75
2004-06-11,3.77,3.89,4.02,,4.1,4.24,4.09,,4.23,4.47,4.94,,,4.87,,3.75
2004-06-14,3.77,3.9,4.02,,4.13,4.3,4.12,,4.31,4.6,5.02,,,4.94,,3.75
2004-06-15,3.77,3.9,4.02,,4.15,4.35,4.15,,4.33,4.65,5.05,,,4.96,,3.75
2004-06-16,3.77,3.9,4.02,,4.15,4.32,4.15,,4.28,4.61,5.01,,,4.9,,3.75
2004-06-17,3.77,3.93,4.02,,4.19,4.39,4.19,,4.37,4.71,5.09,,,4.99,,3.75
2004-06-18,3.77,3.93,4.02,,4.2,4.4,4.2,,4.39,4.73,5.1,,,5.01,,3.75
2004-06-21,3.67,3.93,4.02,,4.19,4.37,4.19,,4.35,4.7,5.15,,,4.97,,3.75
2004-06-22,3.68,3.93,4.02,,4.17,4.31,4.18,,4.32,4.67,5.13,,,4.94,,3.75
2004-06-23,3.77,3.93,4.02,,4.17,4.31,4.17,,4.31,4.66,5.12,,,4.93,,3.75
2004-06-24,3.78,3.93,4.02,,4.17,4.3,4.17,,4.3,4.65,5.1,,,4.92,,3.75
2004-06-25,3.78,3.93,4.02,,4.17,4.3,4.17,,4.31,4.66,5.09,,,4.92,,3.75
2004-06-28,3.77,3.93,4.02,,4.16,4.28,4.16,,4.28,4.63,5.06,,,4.89,,3.75
2004-06-29,3.76,3.93,4.02,,4.16,4.31,4.16,,4.29,4.63,5.06,,,4.9,,3.75
2004-06-30,3.78,3.93,4.02,,4.14,4.26,4.14,,4.24,4.53,4.97,,,4.84,,3.75
2004-07-01,3.78,3.93,4.02,,4.12,4.23,4.12,,4.22,4.5,4.93,,,4.81,,3.75
2004-07-02,3.78,3.91,4.02,,4.11,4.24,4.12,,4.24,4.52,4.95,,,4.83,,3.75
2004-07-05,3.77,3.91,4.02,,4.1,4.2,4.09,,4.21,4.47,4.9,,,4.79,,3.75
2004-07-06,3.71,3.91,4.02,,4.1,4.2,4.09,,4.21,4.47,4.9,,,4.79,,3.75
2004-07-07,3.69,3.91,4.02,,4.09,4.18,4.08,,4.2,4.46,4.89,,,4.78,,3.75
2004-07-08,3.77,3.91,4.02,,4.09,4.2,4.09,,4.23,4.49,4.92,,,4.81,,3.75
2004-07-09,3.77,3.91,4.02,,4.09,4.2,4.09,,4.23,4.5,4.92,,,4.81,,3.75
2004-07-12,3.76,3.91,4.02,,4.1,4.22,4.09,,4.25,4.54,4.96,,,4.83,,3.75
2004-07-13,3.76,3.91,4.02,,4.09,4.23,4.09,,4.25,4.54,4.96,,,4.83,,3.75
2004-07-14,3.76,3.91,4.02,,4.08,4.21,4.08,,4.22,4.52,4.94,,,4.8,,3.75
2004-07-15,3.77,3.91,4.02,,4.07,4.2,4.07,,4.21,4.51,4.93,,,4.79,,3.75
2004-07-16,3.76,3.91,4.02,,4.07,4.2,4.07,,4.21,4.51,4.93,,,4.79,,3.75
2004-07-19,3.76,3.9,4.02,,4.05,4.18,4.05,,4.19,4.48,4.92,,,4.77,,3.75
2004-07-20,3.77,3.9,4.02,,4.05,4.18,4.05,,4.19,4.48,4.9,,,4.77,,3.75
2004-07-21,3.71,3.9,4.02,,4.05,4.18,4.05,,4.2,4.48,4.91,,,4.78,,3.75
2004-07-22,3.7,3.9,4.02,,4.04,4.18,4.05,,4.2,4.49,4.91,,,4.78,,3.75
2004-07-23,3.78,3.9,4.02,,4.03,4.17,4.03,,4.18,4.47,4.89,,,4.76,,3.75
2004-07-26,3.79,3.9,4.02,,4.02,4.14,4.02,,4.15,4.43,4.82,,,4.73,,3.75
2004-07-27,3.78,3.9,4.02,,4.01,4.11,4.01,,4.12,4.39,4.77,,,4.7,,3.75
2004-07-28,3.77,3.9,4.02,,4,4.1,4,,4.1,4.36,4.74,,,4.68,,3.75
2004-07-29,3.78,3.9,4.02,,4,4.1,4,,4.11,4.35,4.72,,,4.68,,3.75
2004-07-30,3.77,3.9,4.02,,3.99,4.08,3.99,,4.08,4.32,4.69,,,4.65,,3.75
2004-08-02,3.78,3.9,4.02,,3.98,4.07,3.98,,4.08,4.31,4.66,,,4.65,,3.75
2004-08-03,3.78,3.9,4.02,,3.98,4.07,3.98,,4.07,4.3,4.61,,,4.64,,3.75
2004-08-04,3.77,3.9,4.02,,3.97,4.06,3.97,,4.06,4.27,4.55,,,4.62,,3.75
2004-08-05,3.7,3.9,4.02,,3.98,4.09,3.98,,4.09,4.3,4.61,,,4.65,,3.75
2004-08-06,3.69,3.9,4.02,,3.98,4.11,3.98,,4.12,4.32,4.63,,,4.68,,3.75
2004-08-09,3.77,3.9,4.02,,3.97,4.08,3.97,,4.08,4.28,4.57,,,4.64,,3.75
2004-08-10,3.78,3.9,4.02,,3.95,4.05,3.95,,4.04,4.24,4.5,,,4.6,,3.75
2004-08-11,3.78,3.9,4.02,,3.95,4.04,3.95,,4.04,4.23,4.48,,,4.6,,3.75
2004-08-12,3.53,3.73,3.85,,3.76,3.87,3.76,,3.87,4.05,4.31,,,4.42,,3.5
2004-08-13,3.53,3.67,3.8,,3.68,3.74,3.68,,3.74,3.9,4.19,,,4.3,,3.5
2004-08-16,3.53,3.65,3.78,,3.67,3.73,3.67,,3.74,3.89,4.22,,,4.3,,3.5
2004-08-17,3.52,3.62,3.75,,3.64,3.69,3.64,,3.71,3.86,4.19,,,4.26,,3.5
2004-08-18,3.53,3.59,3.74,,3.6,3.67,3.6,,3.7,3.85,4.18,,,4.24,,3.5
2004-08-19,3.51,3.58,3.73,,3.58,3.65,3.58,,3.67,3.84,4.18,,,4.22,,3.5
2004-08-20,3.46,3.58,3.73,,3.58,3.65,3.58,,3.67,3.84,4.2,,,4.23,,3.5
2004-08-23,3.52,3.57,3.73,,3.59,3.69,3.59,,3.72,3.93,4.25,,,4.28,,3.5
2004-08-24,3.52,3.56,3.73,,3.58,3.66,3.58,,3.69,3.89,4.23,,,4.25,,3.5
2004-08-25,3.52,3.56,3.73,,3.56,3.63,3.56,,3.64,3.83,4.15,,,4.2,,3.5
2004-08-26,3.52,3.55,3.73,,3.55,3.61,3.55,,3.62,3.81,4.14,,,4.18,,3.5
2004-08-27,3.51,3.53,3.72,,3.52,3.58,3.52,,3.59,3.78,4.13,,,4.15,,3.5
2004-08-30,3.51,3.52,3.7,,3.5,3.55,3.5,,3.57,3.76,4.12,,,4.12,,3.5
2004-08-31,3.52,3.52,3.69,,3.5,3.54,3.5,,3.56,3.75,4.11,,,4.11,,3.5
2004-09-01,3.53,3.52,3.69,,3.51,3.58,3.51,,3.59,3.77,4.15,,,4.14,,3.5
2004-09-02,3.52,3.52,3.69,,3.52,3.61,3.52,,3.62,3.79,4.17,,,4.16,,3.5
2004-09-03,3.52,3.52,3.69,,3.52,3.61,3.52,,3.62,3.78,4.16,,,4.16,,3.5
2004-09-06,3.49,3.52,3.7,,3.52,3.61,3.52,,3.64,3.8,4.17,,,4.17,,3.5
2004-09-07,3.45,3.52,3.7,,3.52,3.61,3.52,,3.65,3.8,4.17,,,4.17,,3.5
2004-09-08,3.53,3.51,3.69,,3.49,3.56,3.49,,3.63,3.77,4.15,,,4.14,,3.5
2004-09-09,3.53,3.51,3.69,,3.5,3.58,3.5,,3.65,3.8,4.18,,,4.16,,3.5
2004-09-10,3.53,3.51,3.69,,3.51,3.58,3.5,,3.63,3.8,4.18,,,4.14,,3.5
2004-09-13,3.52,3.51,3.69,,3.52,3.6,3.51,,3.65,3.83,4.22,,,4.16,,3.5
2004-09-14,3.52,3.53,3.69,,3.51,3.59,3.51,,3.62,3.8,4.21,,,4.13,,3.5
2004-09-15,3.53,3.52,3.69,,3.51,3.57,3.51,,3.59,3.78,4.2,,,4.1,,3.5
2004-09-16,3.52,3.52,3.69,,3.51,3.56,3.5,,3.57,3.76,4.19,,,4.08,,3.5
2004-09-17,3.52,3.53,3.69,,3.5,3.54,3.5,,3.56,3.73,4.15,,,4.06,,3.5
2004-09-20,3.53,3.53,3.69,,3.49,3.53,3.49,,3.54,3.71,4.11,,,4.04,,3.5
2004-09-21,3.44,3.53,3.69,,3.49,3.51,3.49,,3.52,3.66,4.05,,,4.02,,3.5
2004-09-22,3.43,3.53,3.69,,3.49,3.51,3.49,,3.52,3.65,4.04,,,4.02,,3.5
2004-09-23,3.55,3.54,3.69,,3.5,3.54,3.5,,3.55,3.68,4.04,,,4.05,,3.5
2004-09-24,3.54,3.54,3.69,,3.5,3.54,3.5,,3.55,3.68,4.04,,,4.05,,3.5
2004-09-30,3.55,3.54,3.69,,3.49,3.53,3.49,,3.53,3.65,4.02,,,4.03,,3.5
2004-10-01,3.53,3.54,3.69,,3.48,3.5,3.48,,3.51,3.61,3.99,,,4.01,,3.5
2004-10-04,3.52,3.52,3.68,,3.41,3.41,3.41,,3.42,3.53,3.88,,,3.91,,3.5
2004-10-05,3.53,3.47,3.65,,3.34,3.38,3.35,,3.4,3.51,3.87,,,3.89,,3.5
2004-10-06,3.45,3.43,3.64,,3.36,3.43,3.37,,3.46,3.58,3.94,,,3.94,,3.5
2004-10-07,3.47,3.54,3.67,,3.53,3.6,3.53,,3.63,3.77,4.14,,,4.1,,3.5
2004-10-08,3.53,3.54,3.68,,3.56,3.65,3.56,,3.68,3.86,4.22,,,4.15,,3.5
2004-10-11,3.53,3.53,3.67,,3.54,3.61,3.54,,3.64,3.83,4.18,,,4.11,,3.5
2004-10-12,3.52,3.53,3.67,,3.53,3.6,3.53,,3.63,3.82,4.17,,,4.1,,3.5
2004-10-13,3.52,3.53,3.67,,3.52,3.59,3.52,,3.61,3.78,4.15,,,4.08,,3.5
2004-10-14,3.51,3.53,3.67,,3.5,3.54,3.5,,3.56,3.71,4.07,,,4.02,,3.5
2004-10-15,3.52,3.53,3.67,,3.5,3.54,3.5,,3.56,3.7,4.06,,,4.02,,3.5
2004-10-18,3.51,3.53,3.67,,3.5,3.55,3.5,,3.57,3.71,4.09,,,4.03,,3.5
2004-10-19,3.52,3.53,3.67,,3.5,3.56,3.5,,3.57,3.71,4.1,,,4.03,,3.5
2004-10-20,3.52,3.53,3.67,,3.49,3.56,3.5,,3.56,3.7,4.09,,,4.02,,3.5
2004-10-21,3.48,3.53,3.67,,3.49,3.55,3.49,,3.55,3.68,4.07,,,4.01,,3.5
2004-10-22,3.45,3.53,3.67,,3.48,3.53,3.48,,3.54,3.67,4.04,,,4,,3.5
2004-10-25,3.54,3.53,3.66,,3.47,3.52,3.47,,3.52,3.65,4.02,,,3.98,,3.5
2004-10-26,3.52,3.53,3.66,,3.45,3.48,3.45,,3.48,3.59,3.98,,,3.94,,3.5
2004-10-27,3.53,3.53,3.66,,3.45,3.48,3.45,,3.48,3.59,3.98,,,3.94,,3.5
2004-10-28,3.54,3.53,3.66,,3.45,3.49,3.45,,3.5,3.6,3.99,,,3.96,,3.5
2004-10-29,3.53,3.53,3.66,,3.42,3.44,3.41,,3.45,3.55,3.95,,,3.91,,3.5
2004-11-01,3.53,3.53,3.66,,3.42,3.46,3.42,,3.47,3.57,3.97,,,3.93,,3.5
2004-11-02,3.53,3.53,3.66,,3.43,3.5,3.43,,3.51,3.6,4,,,3.96,,3.5
2004-11-03,3.53,3.54,3.67,,3.46,3.55,3.46,,3.56,3.67,4.06,,,4.01,,3.5
2004-11-04,3.53,3.54,3.66,,3.45,3.53,3.45,,3.54,3.64,4.04,,,3.99,,3.5
2004-11-05,3.52,3.54,3.66,,3.46,3.55,3.46,,3.56,3.66,4.06,,,4.01,,3.5
2004-11-08,3.52,3.54,3.66,,3.45,3.49,3.45,,3.51,3.6,3.99,,,3.95,,3.5
2004-11-09,3.53,3.54,3.66,,3.45,3.49,3.45,,3.51,3.61,3.99,,,3.95,,3.5
2004-11-10,3.53,3.54,3.66,,3.47,3.54,3.48,,3.57,3.67,4.07,,,4.01,,3.5
2004-11-11,3.28,3.37,3.54,,3.28,3.35,3.29,,3.37,3.48,3.88,,,3.81,,3.25
2004-11-12,3.28,3.36,3.51,,3.28,3.35,3.29,,3.37,3.48,3.89,,,3.81,,3.25
2004-11-15,3.26,3.35,3.51,,3.29,3.39,3.3,,3.41,3.52,3.93,,,3.85,,3.25
2004-11-16,3.26,3.35,3.51,,3.28,3.37,3.29,,3.38,3.49,3.91,,,3.82,,3.25
2004-11-17,3.27,3.35,3.51,,3.27,3.36,3.28,,3.37,3.48,3.91,,,3.81,,3.25
2004-11-18,3.27,3.36,3.51,,3.28,3.38,3.29,,3.4,3.53,3.97,,,3.84,,3.25
2004-11-19,3.23,3.36,3.51,,3.27,3.36,3.27,,3.37,3.5,3.95,,,3.81,,3.25
2004-11-22,3.22,3.36,3.51,,3.27,3.36,3.27,,3.37,3.5,3.96,,,3.81,,3.25
2004-11-23,3.26,3.36,3.51,,3.28,3.34,3.27,,3.33,3.47,3.93,,,3.78,,3.25
2004-11-24,3.26,3.36,3.51,,3.28,3.34,3.28,,3.33,3.47,3.93,,,3.78,,3.25
2004-11-25,3.26,3.36,3.51,,3.28,3.33,3.28,,3.32,3.46,3.92,,,3.77,,3.25
2004-11-26,3.25,3.36,3.51,,3.28,3.32,3.28,,3.31,3.45,3.91,,,3.76,,3.25
2004-11-29,3.25,3.36,3.51,,3.29,3.32,3.29,,3.31,3.45,3.93,,,3.76,,3.25
2004-11-30,3.26,3.36,3.51,,3.29,3.35,3.29,,3.31,3.45,3.93,,,3.76,,3.25
2004-12-01,3.26,3.36,3.51,,3.28,3.33,3.27,,3.28,3.42,3.91,,,3.74,,3.25
2004-12-02,3.26,3.36,3.51,,3.28,3.34,3.27,,3.29,3.43,3.92,,,3.75,,3.25
2004-12-03,3.26,3.36,3.51,,3.28,3.33,3.27,,3.29,3.43,3.93,,,3.75,,3.25
2004-12-06,3.23,3.36,3.51,,3.27,3.31,3.26,,3.28,3.39,3.9,,,3.74,,3.25
2004-12-07,3.19,3.36,3.51,,3.25,3.27,3.24,,3.24,3.33,3.87,,,3.7,,3.25
2004-12-08,3.27,3.37,3.51,,3.23,3.27,3.24,,3.26,3.35,3.88,,,3.71,,3.25
2004-12-09,3.27,3.38,3.51,,3.27,3.3,3.26,,3.29,3.39,3.89,,,3.74,,3.25
2004-12-10,3.28,3.38,3.51,,3.28,3.31,3.27,,3.31,3.42,3.91,,,3.76,,3.25
2004-12-13,3.28,3.38,3.51,,3.28,3.31,3.27,,3.31,3.42,3.91,,,3.76,,3.25
2004-12-14,3.28,3.38,3.51,,3.28,3.31,3.27,,3.28,3.41,3.86,,,3.73,,3.25
2004-12-15,3.28,3.4,3.51,,3.28,3.3,3.27,,3.28,3.4,3.84,,,3.72,,3.25
2004-12-16,3.28,3.4,3.51,,3.29,3.3,3.27,,3.26,3.38,3.82,,,3.71,,3.25
2004-12-17,3.28,3.4,3.51,,3.3,3.3,3.27,,3.26,3.37,3.82,,,3.71,,3.25
2004-12-20,3.29,3.4,3.51,,3.3,3.31,3.28,,3.27,3.38,3.83,,,3.72,,3.25
2004-12-21,3.2,3.41,3.53,,3.3,3.3,3.28,,3.26,3.37,3.81,,,3.71,,3.25
2004-12-22,3.19,3.41,3.53,,3.3,3.31,3.29,,3.27,3.37,3.81,,,3.72,,3.25
2004-12-23,3.28,3.41,3.53,,3.3,3.31,3.29,,3.27,3.37,3.81,,,3.72,,3.25
2004-12-24,3.29,3.42,3.53,,3.3,3.31,3.29,,3.27,3.37,3.81,,,3.72,,3.25
2004-12-27,3.29,3.42,3.53,,3.31,3.32,3.3,,3.28,3.39,3.82,,,3.73,,3.25
2004-12-28,3.27,3.42,3.59,,3.31,3.32,3.31,,3.29,3.4,3.83,,,3.74,,3.25
2004-12-29,3.26,3.42,3.6,,3.31,3.31,3.3,,3.28,3.39,3.82,,,3.73,,3.25
2004-12-30,3.28,3.43,3.61,,3.31,3.32,3.31,,3.28,3.39,3.82,,,3.73,,3.25
2004-12-31,3.29,3.43,3.61,,3.31,3.32,3.31,,3.28,3.39,3.81,,,3.72,,3.25
2005-01-03,3.27,3.45,3.6,,3.34,3.39,3.35,,3.38,3.48,3.93,,,3.82,,3.25
2005-01-04,3.27,3.45,3.6,,3.34,3.39,3.35,,3.37,3.48,3.99,,,3.81,,3.25
2005-01-05,3.28,3.45,3.6,,3.32,3.36,3.33,,3.34,3.47,4,,,3.8,,3.25
2005-01-06,3.21,3.45,3.6,,3.33,3.37,3.33,,3.37,3.52,4.13,,,3.83,,3.25
2005-01-07,3.22,3.45,3.6,,3.32,3.35,3.33,,3.36,3.52,4.13,,,3.83,,3.25
2005-01-10,3.27,3.45,3.6,,3.31,3.34,3.31,,3.35,3.55,4.16,,,3.83,,3.25
2005-01-11,3.28,3.45,3.6,,3.33,3.41,3.33,,3.44,3.73,4.31,,,3.92,,3.25
2005-01-12,3.27,3.45,3.6,,3.33,3.41,3.33,,3.45,3.74,4.32,,,3.92,,3.25
2005-01-13,3.28,3.45,3.6,,3.39,3.52,3.4,,3.58,3.88,4.38,,,4.05,,3.25
2005-01-14,3.26,3.45,3.61,,3.47,3.67,3.47,,3.72,4.03,4.52,,,4.19,,3.25
2005-01-17,3.25,3.45,3.62,,3.5,3.73,3.5,,3.77,4.07,4.63,,,4.23,,3.25
2005-01-18,3.25,3.45,3.62,,3.49,3.68,3.48,,3.67,3.94,4.47,,,4.14,,3.25
2005-01-19,3.25,3.46,3.63,,3.49,3.68,3.48,,3.68,3.93,4.44,,,4.14,,3.25
2005-01-20,3.23,3.46,3.64,,3.5,3.72,3.5,,3.73,3.96,4.46,,,4.19,,3.25
2005-01-21,3.19,3.48,3.64,,3.63,3.92,3.63,,3.94,4.19,4.68,,,4.39,,3.25
2005-01-24,3.25,3.49,3.66,,3.65,3.88,3.64,,3.92,4.2,4.69,,,4.38,,3.25
2005-01-25,3.25,3.52,3.69,,3.65,3.85,3.64,,3.87,4.18,4.67,,,4.35,,3.25
2005-01-26,3.26,3.53,3.7,,3.65,3.84,3.64,,3.84,4.14,4.66,,,4.32,,3.25
2005-01-27,3.24,3.53,3.71,,3.66,3.84,3.64,,3.83,4.12,4.63,,,4.31,,3.25
2005-01-28,3.25,3.52,3.71,,3.69,3.94,3.69,,3.94,4.22,4.75,,,4.42,,3.25
2005-01-31,3.26,3.57,3.73,,3.75,4.05,3.76,,4.06,4.32,4.85,,,4.53,,3.25
2005-02-01,3.26,3.58,3.74,,3.75,4.03,3.75,,4.03,4.3,4.8,,,4.5,,3.25
2005-02-02,3.25,3.58,3.74,,3.76,4.03,3.76,,4.02,4.29,4.8,,,4.5,,3.25
2005-02-03,3.26,3.59,3.74,,3.77,4.05,3.78,,4.06,4.33,4.8,,,4.53,,3.25
2005-02-04,3.22,3.6,3.75,,3.84,4.12,3.84,,4.14,4.43,4.87,,,4.61,,3.25
2005-02-07,3.18,3.6,3.75,,3.9,4.24,3.9,,4.27,4.58,4.99,,,4.73,,3.25
2005-02-11,3.27,3.63,3.78,,4,4.41,4,,4.46,4.76,5.11,,,4.9,,3.25
2005-02-14,3.26,3.63,3.78,,3.98,4.39,3.98,,4.43,4.76,5.09,,,4.87,,3.25
2005-02-15,3.26,3.63,3.78,,3.93,4.29,3.93,,4.31,4.63,4.97,,,4.75,,3.25
2005-02-16,3.26,3.6,3.77,,3.87,4.23,3.87,,4.19,4.48,4.88,,,4.62,,3.25
2005-02-17,3.27,3.59,3.77,,3.88,4.26,3.89,,4.25,4.54,4.92,,,4.67,,3.25
2005-02-18,3.26,3.57,3.77,,3.85,4.17,3.85,,4.13,4.4,4.8,,,4.55,,3.25
2005-02-21,3.26,3.56,3.75,,3.86,4.2,3.86,,4.18,4.46,4.85,,,4.6,,3.25
2005-02-22,3.22,3.57,3.75,,3.88,4.23,3.88,,4.22,4.48,4.88,,,4.65,,3.25
2005-02-23,3.28,3.57,3.75,,3.86,4.21,3.87,,4.21,4.47,4.86,,,4.64,,3.25
2005-02-24,3.27,3.57,3.75,,3.84,4.15,3.85,,4.15,4.42,4.82,,,4.59,,3.25
2005-02-25,3.28,3.57,3.75,,3.81,4.09,3.81,,4.09,4.35,4.78,,,4.53,,3.25
2005-02-28,3.28,3.55,3.75,,3.8,4.04,3.79,,4.04,4.3,4.74,,,4.49,,3.25
2005-03-02,3.28,3.55,3.75,,3.81,4.08,3.81,,4.1,4.35,4.79,,,4.55,,3.25
2005-03-03,3.27,3.55,3.75,,3.81,4.09,3.81,,4.11,4.37,4.8,,,4.56,,3.25
2005-03-04,3.25,3.55,3.74,,3.86,4.15,3.85,,4.18,4.45,4.87,,,4.63,,3.25
2005-03-07,3.17,3.55,3.74,,3.86,4.15,3.85,,4.16,4.43,4.86,,,4.61,,3.25
2005-03-08,3.27,3.55,3.74,,3.85,4.11,3.84,,4.12,4.38,4.82,,,4.57,,3.25
2005-03-09,3.27,3.55,3.74,,3.84,4.1,3.84,,4.14,4.37,4.81,,,4.56,,3.25
2005-03-10,3.26,3.55,3.73,,3.82,4.05,3.82,,4.08,4.3,4.76,,,4.5,,3.25
2005-03-11,3.25,3.55,3.73,,3.82,4.05,3.82,,4.08,4.32,4.76,,,4.5,,3.25
2005-03-14,3.24,3.55,3.73,,3.82,4.03,3.81,,4.04,4.28,4.73,,,4.47,,3.25
2005-03-15,3.24,3.55,3.73,,3.81,4.01,3.81,,4.03,4.27,4.72,,,4.45,,3.25
2005-03-16,3.23,3.55,3.73,,3.81,4,3.81,,4.01,4.24,4.7,,,4.43,,3.25
2005-03-17,3.23,3.55,3.73,,3.81,3.98,3.81,,3.97,4.21,4.68,,,4.4,,3.25
2005-03-18,3.23,3.55,3.73,,3.8,3.96,3.8,,3.94,4.17,4.65,,,4.37,,3.25
2005-03-21,3.16,3.55,3.73,,3.81,3.99,3.81,,3.98,4.22,4.7,,,4.41,,3.25
2005-03-22,3.17,3.55,3.73,,3.8,3.97,3.81,,3.96,4.21,4.69,,,4.4,,3.25
2005-03-23,3.23,3.55,3.73,,3.82,4,3.83,,4.01,4.26,4.77,,,4.45,,3.25
2005-03-24,3.23,3.55,3.73,,3.84,4.07,3.84,,4.08,4.35,4.86,,,4.52,,3.25
2005-03-25,3.26,3.55,3.73,,3.86,4.1,3.86,,4.11,4.4,4.92,,,4.54,,3.25
2005-03-28,3.25,3.55,3.73,,3.85,4.08,3.85,,4.07,4.37,4.89,,,4.5,,3.25
2005-03-29,3.24,3.55,3.73,,3.8,3.96,3.79,,3.92,4.2,4.76,,,4.36,,3.25
2005-03-30,3.25,3.54,3.73,,3.79,3.92,3.78,,3.9,4.16,4.72,,,4.33,,3.25
2005-03-31,3.26,3.54,3.73,,3.79,3.93,3.78,,3.91,4.17,4.74,,,4.34,,3.25
2005-04-01,3.25,3.54,3.73,,3.79,3.91,3.78,,3.9,4.15,4.72,,,4.33,,3.25
2005-04-04,3.24,3.54,3.73,,3.79,3.91,3.78,,3.92,4.16,4.72,,,4.35,,3.25
2005-04-06,3.23,3.54,3.73,,3.79,3.92,3.78,,3.93,4.17,4.72,,,4.36,,3.25
2005-04-07,3.23,3.54,3.73,,3.76,3.87,3.75,,3.88,4.12,4.68,,,4.31,,3.25
2005-04-08,3.26,3.53,3.72,,3.75,3.86,3.74,,3.87,4.11,4.66,,,4.3,,3.25
2005-04-11,3.25,3.53,3.72,,3.74,3.87,3.74,,3.89,4.13,4.68,,,4.31,,3.25
2005-04-12,3.24,3.53,3.71,,3.76,3.92,3.76,,3.93,4.18,4.73,,,4.35,,3.25
2005-04-13,3.25,3.53,3.71,,3.75,3.91,3.75,,3.92,4.18,4.75,,,4.34,,3.25
2005-04-14,3.25,3.53,3.71,,3.74,3.89,3.74,,3.9,4.17,4.74,,,4.32,,3.25
2005-04-15,3.26,3.52,3.7,,3.71,3.84,3.71,,3.85,4.11,4.68,,,4.27,,3.25
2005-04-18,3.25,3.51,3.69,,3.7,3.82,3.7,,3.83,4.09,4.7,,,4.25,,3.25
2005-04-19,3.26,3.51,3.68,,3.7,3.82,3.7,,3.83,4.09,4.71,,,4.25,,3.25
2005-04-20,3.26,3.5,3.68,,3.69,3.8,3.68,,3.81,4.07,4.67,,,4.23,,3.25
2005-04-21,3.23,3.5,3.68,,3.69,3.81,3.68,,3.82,4.08,4.66,,,4.24,,3.25
2005-04-22,3.24,3.5,3.68,,3.69,3.81,3.68,,3.82,4.08,4.67,,,4.24,,3.25
2005-04-25,3.26,3.5,3.67,,3.68,3.8,3.67,,3.8,4.06,4.65,,,4.22,,3.25
2005-04-26,3.26,3.5,3.67,,3.68,3.81,3.67,,3.81,4.07,4.65,,,4.23,,3.25
2005-04-27,3.27,3.49,3.67,,3.68,3.82,3.67,,3.82,4.08,4.66,,,4.24,,3.25
2005-04-28,3.27,3.49,3.66,,3.67,3.81,3.67,,3.81,4.07,4.65,,,4.23,,3.25
2005-04-29,3.29,3.48,3.65,,3.64,3.76,3.64,,3.76,4,4.59,,,4.18,,3.25
2005-05-02,3.29,3.48,3.65,,3.64,3.77,3.64,,3.78,4,4.57,,,4.19,,3.25
2005-05-03,3.3,3.49,3.65,,3.63,3.75,3.63,,3.76,3.97,4.53,,,4.16,,3.25
2005-05-04,3.21,3.49,3.65,,3.64,3.76,3.64,,3.77,3.98,4.53,,,4.17,,3.25
2005-05-06,3.27,3.49,3.65,,3.64,3.77,3.64,,3.77,3.98,4.53,,,4.18,,3.25
2005-05-09,3.29,3.5,3.66,,3.64,3.78,3.64,,3.78,3.99,4.54,,,4.19,,3.25
2005-05-10,3.3,3.51,3.66,,3.64,3.79,3.64,,3.78,3.99,4.54,,,4.2,,3.25
2005-05-11,3.3,3.51,3.66,,3.64,3.79,3.64,,3.78,3.99,4.54,,,4.2,,3.25
2005-05-12,3.3,3.51,3.66,,3.62,3.76,3.62,,3.75,3.95,4.5,,,4.17,,3.25
2005-05-13,3.29,3.51,3.65,,3.6,3.73,3.6,,3.72,3.9,4.44,,,4.13,,3.25
2005-05-16,3.29,3.51,3.64,,3.59,3.7,3.58,,3.69,3.86,4.4,,,4.1,,3.25
2005-05-17,3.29,3.51,3.64,,3.59,3.7,3.58,,3.69,3.86,4.4,,,4.1,,3.25
2005-05-18,3.29,3.51,3.63,,3.58,3.69,3.57,,3.67,3.83,4.38,,,4.08,,3.25
2005-05-19,3.19,3.51,3.63,,3.57,3.67,3.56,,3.65,3.81,4.35,,,4.07,,3.25
2005-05-20,3.23,3.51,3.63,,3.57,3.68,3.57,,3.66,3.82,4.35,,,4.08,,3.25
2005-05-23,3.29,3.51,3.63,,3.58,3.7,3.58,,3.68,3.84,4.37,,,4.1,,3.25
2005-05-24,3.29,3.51,3.62,,3.57,3.67,3.57,,3.65,3.8,4.33,,,4.07,,3.25
2005-05-25,3.29,3.51,3.62,,3.56,3.66,3.56,,3.63,3.78,4.31,,,4.05,,3.25
2005-05-26,3.29,3.51,3.62,,3.55,3.64,3.55,,3.62,3.77,4.27,,,4.04,,3.25
2005-05-27,3.29,3.52,3.63,,3.59,3.7,3.59,,3.7,3.84,4.33,,,4.11,,3.25
2005-05-30,3.29,3.52,3.63,,3.59,3.7,3.59,,3.7,3.84,4.33,,,4.11,,3.25
2005-05-31,3.29,3.52,3.63,,3.57,3.68,3.57,,3.67,3.81,4.31,,,4.08,,3.25
2005-06-01,3.28,3.52,3.63,,3.56,3.65,3.56,,3.63,3.78,4.27,,,4.04,,3.25
2005-06-02,3.28,3.52,3.62,,3.55,3.63,3.55,,3.61,3.76,4.23,,,4.02,,3.25
2005-06-03,3.21,3.5,3.62,,3.55,3.63,3.55,,3.61,3.76,4.2,,,4.02,,3.25
2005-06-07,3.2,3.51,3.63,,3.57,3.67,3.57,,3.65,3.78,4.21,,,4.06,,3.25
2005-06-08,3.28,3.5,3.62,,3.57,3.67,3.57,,3.65,3.78,4.2,,,4.06,,3.25
2005-06-09,3.28,3.5,3.62,,3.57,3.67,3.57,,3.65,3.79,4.2,,,4.06,,3.25
2005-06-10,3.29,3.5,3.62,,3.58,3.69,3.58,,3.68,3.83,4.23,,,4.09,,3.25
2005-06-13,3.28,3.51,3.63,,3.66,3.8,3.67,,3.8,3.96,4.4,,,4.2,,3.25
2005-06-14,3.29,3.51,3.64,,3.66,3.79,3.67,,3.79,3.97,4.43,,,4.19,,3.25
2005-06-15,3.28,3.52,3.65,,3.71,3.89,3.72,,3.89,4.08,4.58,,,4.28,,3.25
2005-06-16,3.27,3.52,3.65,,3.69,3.86,3.7,,3.86,4.06,4.55,,,4.24,,3.25
2005-06-17,3.27,3.52,3.65,,3.69,3.86,3.7,,3.86,4.06,4.55,,,4.24,,3.25
2005-06-20,3.27,3.51,3.64,,3.68,3.84,3.68,,3.83,4.03,4.54,,,4.21,,3.25
2005-06-21,3.2,3.51,3.64,,3.69,3.85,3.69,,3.85,4.06,4.56,,,4.23,,3.25
2005-06-22,3.21,3.52,3.64,,3.73,3.93,3.74,,3.93,4.15,4.67,,,4.31,,3.25
2005-06-23,3.27,3.52,3.64,,3.73,3.93,3.74,,3.93,4.15,4.67,,,4.31,,3.25
2005-06-24,3.27,3.51,3.64,,3.7,3.86,3.7,,3.86,4.07,4.6,,,4.24,,3.25
2005-06-27,3.27,3.51,3.64,,3.68,3.81,3.68,,3.8,4.01,4.54,,,4.19,,3.25
2005-06-28,3.26,3.51,3.64,,3.68,3.82,3.68,,3.8,4.01,4.54,,,4.19,,3.25
2005-06-29,3.26,3.52,3.65,,3.73,3.9,3.73,,3.89,4.09,4.64,,,4.28,,3.25
2005-06-30,3.3,3.54,3.66,,3.8,4.01,3.81,,4.02,4.25,4.78,,,4.41,,3.25
2005-07-01,3.26,3.53,3.65,,3.76,3.96,3.76,,3.95,4.18,4.72,,,4.34,,3.25
2005-07-04,3.25,3.54,3.66,,3.8,4.06,3.81,,4.09,4.29,4.83,,,4.46,,3.25
2005-07-05,3.23,3.53,3.66,,3.78,4.03,3.79,,4.05,4.27,4.8,,,4.43,,3.25
2005-07-06,3.09,3.53,3.66,,3.76,4,3.77,,4.02,4.25,4.77,,,4.4,,3.25
2005-07-07,3.03,3.53,3.66,,3.75,4,3.77,,4.03,4.25,4.77,,,4.41,,3.25
2005-07-08,3.12,3.53,3.66,,3.74,3.99,3.76,,4.03,4.25,4.76,,,4.41,,3.25
2005-07-11,3.21,3.53,3.66,,3.74,4.02,3.77,,4.06,4.31,4.8,,,4.44,,3.25
2005-07-12,3.21,3.52,3.65,,3.74,4.05,3.77,,4.06,4.32,4.82,,,4.45,,3.25
2005-07-13,3.27,3.52,3.65,,3.77,4.12,3.79,,4.17,4.44,4.93,,,4.57,,3.25
2005-07-14,3.27,3.51,3.65,,3.78,4.14,3.79,,4.21,4.48,4.97,,,4.61,,3.25
2005-07-15,3.26,3.51,3.64,,3.78,4.13,3.79,,4.2,4.48,4.99,,,4.61,,3.25
2005-07-18,3.26,3.5,3.63,,3.77,4.12,3.78,,4.2,4.49,5,,,4.61,,3.25
2005-07-19,3.27,3.5,3.63,,3.78,4.13,3.79,,4.22,4.53,5.04,,,4.64,,3.25
2005-07-20,3.27,3.5,3.63,,3.77,4.11,3.78,,4.19,4.51,5.01,,,4.61,,3.25
2005-07-21,3.21,3.49,3.62,,3.74,4.04,3.73,,4.1,4.42,4.92,,,4.52,,3.25
2005-07-22,3.29,3.48,3.62,,3.71,3.98,3.7,,4.03,4.34,4.83,,,4.45,,3.25
2005-07-25,3.28,3.48,3.62,,3.71,4,3.71,,4.05,4.35,4.84,,,4.47,,3.25
2005-07-26,3.27,3.49,3.62,,3.75,4.12,3.76,,4.16,4.47,4.96,,,4.57,,3.25
2005-07-27,3.27,3.49,3.62,,3.76,4.13,3.77,,4.17,4.47,4.97,,,4.58,,3.25
2005-07-28,3.28,3.49,3.62,,3.78,4.17,3.79,,4.22,4.53,5.02,,,4.62,,3.25
2005-07-29,3.27,3.49,3.62,,3.78,4.17,3.79,,4.23,4.55,5.02,,,4.63,,3.25
2005-08-01,3.27,3.5,3.62,,3.85,4.31,3.86,,4.41,4.76,5.17,,,4.81,,3.25
2005-08-02,3.27,3.5,3.62,,3.83,4.26,3.84,,4.36,4.69,5.11,,,4.76,,3.25
2005-08-03,3.27,3.5,3.62,,3.84,4.26,3.85,,4.36,4.7,5.12,,,4.77,,3.25
2005-08-04,3.27,3.5,3.62,,3.84,4.26,3.85,,4.36,4.71,5.12,,,4.78,,3.25
2005-08-05,3.23,3.5,3.62,,3.86,4.29,3.87,,4.41,4.76,5.15,,,4.83,,3.25
2005-08-08,3.26,3.5,3.62,,3.86,4.29,3.87,,4.4,4.77,5.16,,,4.82,,3.25
2005-08-09,3.26,3.5,3.62,,3.88,4.34,3.9,,4.43,4.82,5.21,,,4.85,,3.25
2005-08-10,3.26,3.5,3.62,,3.87,4.3,3.89,,4.37,4.74,5.13,,,4.79,,3.25
2005-08-11,3.26,3.5,3.63,,3.87,4.3,3.88,,4.36,4.73,5.12,,,4.78,,3.25
2005-08-12,3.25,3.5,3.63,,3.86,4.26,3.86,,4.31,4.67,5.08,,,4.73,,3.25
2005-08-16,3.24,3.49,3.62,,3.84,4.22,3.84,,4.27,4.61,5.05,,,4.69,,3.25
2005-08-17,3.24,3.49,3.62,,3.84,4.22,3.84,,4.28,4.62,5.05,,,4.7,,3.25
2005-08-18,3.24,3.49,3.62,,3.84,4.22,3.84,,4.28,4.61,5.04,,,4.7,,3.25
2005-08-19,3.21,3.48,3.62,,3.83,4.18,3.83,,4.24,4.55,4.99,,,4.66,,3.25
2005-08-22,3.19,3.48,3.62,,3.85,4.23,3.85,,4.28,4.59,5.03,,,4.7,,3.25
2005-08-23,3.24,3.49,3.63,,3.92,4.36,3.92,,4.41,4.72,5.15,,,4.82,,3.25
2005-08-24,3.24,3.49,3.63,,3.92,4.34,3.92,,4.38,4.7,5.12,,,4.8,,3.25
2005-08-25,3.24,3.49,3.63,,3.93,4.35,3.93,,4.4,4.72,5.13,,,4.82,,3.25
2005-08-26,3.23,3.49,3.63,,3.93,4.31,3.93,,4.36,4.68,5.06,,,4.78,,3.25
2005-08-29,3.24,3.49,3.63,,3.93,4.27,3.93,,4.31,4.62,5,,,4.73,,3.25
2005-08-30,3.24,3.51,3.63,,3.93,4.2,3.93,,4.22,4.51,4.89,,,4.64,,3.25
2005-08-31,3.25,3.51,3.63,,3.91,4.15,3.92,,4.16,4.45,4.83,,,4.59,,3.25
2005-09-01,3.25,3.51,3.63,,3.91,4.15,3.92,,4.16,4.46,4.84,,,4.59,,3.25
2005-09-02,3.25,3.51,3.63,,3.9,4.13,3.91,,4.14,4.44,4.82,,,4.57,,3.25
2005-09-05,3.25,3.53,3.63,,3.9,4.12,3.9,,4.13,4.42,4.8,,,4.55,,3.25
2005-09-06,3.22,3.54,3.63,,3.92,4.16,3.92,,4.2,4.49,4.86,,,4.59,,3.25
2005-09-07,3.2,3.55,3.63,,3.94,4.22,3.94,,4.27,4.6,4.95,,,4.66,,3.25
2005-09-08,3.24,3.57,3.65,,4.05,4.42,4.05,,4.5,4.85,5.14,,,4.89,,3.25
2005-09-09,3.23,3.58,3.67,,4.09,4.45,4.1,,4.53,4.88,5.18,,,4.92,,3.25
2005-09-12,3.23,3.58,3.68,,4.08,4.42,4.09,,4.49,4.82,5.12,,,4.88,,3.25
2005-09-13,3.24,3.59,3.68,,4.11,4.49,4.12,,4.55,4.88,5.18,,,4.94,,3.25
2005-09-14,3.24,3.64,3.7,,4.13,4.49,4.13,,4.55,4.87,5.18,,,4.94,,3.25
2005-09-15,3.25,3.66,3.73,,4.17,4.52,4.16,,4.58,4.91,5.24,,,4.97,,3.25
2005-09-16,3.24,3.7,3.79,,4.27,4.63,4.26,,4.68,5,5.33,,,5.07,,3.25
2005-09-20,3.24,3.76,3.89,,4.29,4.61,4.29,,4.66,4.97,5.33,,,5.05,,3.25
2005-09-21,3.2,3.79,3.91,,4.29,4.58,4.29,,4.62,4.92,5.29,,,5.01,,3.25
2005-09-22,3.22,3.81,3.94,,4.32,4.59,4.32,,4.63,4.91,5.29,,,5.02,,3.25
2005-09-23,3.25,3.83,3.99,,4.38,4.67,4.37,,4.71,4.98,5.35,,,5.1,,3.25
2005-09-26,3.25,3.86,4.04,,4.47,4.76,4.46,,4.8,5.06,5.41,,,5.19,,3.25
2005-09-27,3.24,3.87,4.08,,4.5,4.8,4.5,,4.8,5.04,5.37,,,5.19,,3.25
2005-09-28,3.25,3.94,4.11,,4.42,4.67,4.42,,4.67,4.89,5.19,,,5.06,,3.25
2005-09-29,3.26,3.93,4.1,,4.41,4.64,4.41,,4.64,4.87,5.14,,,5.04,,3.25
2005-09-30,3.28,3.93,4.1,,4.38,4.59,4.39,,4.6,4.83,5.11,,,5,,3.25
2005-10-04,3.26,3.98,4.13,,4.46,4.74,4.47,,4.77,5.01,5.32,,,5.16,,3.25
2005-10-05,3.25,3.98,4.14,,4.46,4.74,4.47,,4.77,5.02,5.32,,,5.16,,3.25
2005-10-06,3.19,3.97,4.13,,4.39,4.63,4.41,,4.66,4.92,5.22,,,5.05,,3.25
2005-10-07,3.19,3.97,4.13,,4.38,4.63,4.4,,4.64,4.9,5.18,,,5.03,,3.25
2005-10-10,3.26,3.98,4.14,,4.38,4.67,4.41,,4.68,4.94,5.22,,,5.07,,3.25
2005-10-11,3.5,3.97,4.14,,4.36,4.65,4.39,,4.64,4.89,5.18,,,5.03,,3.5
2005-10-12,3.5,3.97,4.14,,4.37,4.67,4.4,,4.67,4.91,5.21,,,5.07,,3.5
2005-10-13,3.49,3.92,4.12,,4.4,4.73,4.41,,4.74,4.98,5.3,,,5.13,,3.5
2005-10-14,3.49,3.92,4.12,,4.43,4.79,4.44,,4.79,5.03,5.35,,,5.18,,3.5
2005-10-17,3.5,3.92,4.11,,4.45,4.82,4.46,,4.84,5.09,5.45,,,5.23,,3.5
2005-10-18,3.49,3.9,4.11,,4.45,4.82,4.46,,4.84,5.1,5.45,,,5.23,,3.5
2005-10-19,3.49,3.87,4.1,,4.41,4.76,4.41,,4.78,5.04,5.38,,,5.18,,3.5
2005-10-20,3.47,3.87,4.1,,4.41,4.76,4.41,,4.78,5.04,5.37,,,5.18,,3.5
2005-10-21,3.47,3.87,4.1,,4.42,4.8,4.42,,4.82,5.08,5.4,,,5.22,,3.5
2005-10-24,3.49,3.88,4.09,,4.44,4.86,4.44,,4.9,5.15,5.45,,,5.29,,3.5
2005-10-25,3.5,3.89,4.1,,4.46,4.92,4.46,,4.93,5.17,5.47,,,5.32,,3.5
2005-10-26,3.5,3.89,4.1,,4.46,4.93,4.46,,4.95,5.19,5.48,,,5.34,,3.5
2005-10-27,3.49,3.9,4.11,,4.49,4.99,4.49,,5.01,5.25,5.54,,,5.4,,3.5
2005-10-28,3.49,3.91,4.11,,4.47,4.95,4.47,,4.97,5.22,5.5,,,5.36,,3.5
2005-10-31,3.51,3.95,4.1,,4.46,4.93,4.47,,4.95,5.22,5.49,,,5.34,,3.5
2005-11-01,3.51,3.93,4.11,,4.45,4.9,4.46,,4.92,5.19,5.46,,,5.31,,3.5
2005-11-02,3.5,3.95,4.1,,4.48,4.96,4.49,,4.98,5.26,5.52,,,5.37,,3.5
2005-11-03,3.5,3.96,4.11,,4.51,5.01,4.52,,5.04,5.32,5.59,,,5.43,,3.5
2005-11-04,3.45,3.96,4.11,,4.52,5.02,4.53,,5.07,5.35,5.61,,,5.46,,3.5
2005-11-07,3.52,3.96,4.11,,4.54,5.04,4.54,,5.11,5.39,5.64,,,5.5,,3.5
2005-11-08,3.49,3.95,4.11,,4.56,5.11,4.56,,5.15,5.45,5.7,,,5.55,,3.5
2005-11-09,3.49,3.95,4.11,,4.57,5.08,4.56,,5.13,5.43,5.69,,,5.53,,3.5
2005-11-10,3.49,3.95,4.11,,4.59,5.1,4.58,,5.16,5.49,5.76,,,5.57,,3.5
2005-11-11,3.49,3.95,4.11,,4.59,5.09,4.58,,5.15,5.5,5.78,,,5.56,,3.5
2005-11-14,3.49,3.95,4.11,,4.59,5.1,4.58,,5.15,5.5,5.78,,,5.56,,3.5
2005-11-15,3.49,3.97,4.12,,4.62,5.16,4.61,,5.22,5.55,5.85,,,5.63,,3.5
2005-11-16,3.49,3.97,4.13,,4.62,5.14,4.61,,5.2,5.52,5.83,,,5.61,,3.5
2005-11-17,3.49,3.97,4.13,,4.62,5.11,4.61,,5.18,5.48,5.79,,,5.59,,3.5
2005-11-18,3.49,3.97,4.13,,4.61,5.07,4.6,,5.12,5.42,5.72,,,5.53,,3.5
2005-11-21,3.44,3.97,4.13,,4.62,5.1,4.61,,5.15,5.45,5.76,,,5.56,,3.5
2005-11-22,3.46,3.97,4.13,,4.61,5.07,4.6,,5.11,5.41,5.71,,,5.52,,3.5
2005-11-23,3.49,3.96,4.13,,4.59,5.02,4.59,,5.06,5.35,5.67,,,5.47,,3.5
2005-11-24,3.5,3.95,4.13,,4.58,4.99,4.58,,5.03,5.32,5.63,,,5.44,,3.5
2005-11-25,3.5,3.95,4.12,,4.59,5,4.58,,5.03,5.32,5.63,,,5.44,,3.5
2005-11-28,3.49,3.95,4.12,,4.59,4.98,4.58,,5.01,5.29,5.6,,,5.42,,3.5
2005-11-29,3.49,3.95,4.12,,4.6,5,4.59,,5.04,5.31,5.63,,,5.45,,3.5
2005-11-30,3.5,3.95,4.12,,4.62,5.06,4.62,,5.1,5.38,5.69,,,5.51,,3.5
2005-12-01,3.5,3.95,4.12,,4.64,5.1,4.64,,5.14,5.44,5.73,,,5.56,,3.5
2005-12-02,3.49,3.95,4.12,,4.65,5.11,4.66,,5.16,5.46,5.74,,,5.58,,3.5
2005-12-05,3.48,3.96,4.13,,4.69,5.2,4.7,,5.27,5.56,5.84,,,5.68,,3.5
2005-12-06,3.43,3.96,4.14,,4.7,5.21,4.71,,5.27,5.56,5.84,,,5.69,,3.5
2005-12-07,3.47,3.96,4.14,,4.71,5.19,4.71,,5.25,5.54,5.81,,,5.67,,3.5
2005-12-08,3.73,4.03,4.25,,4.68,5.02,4.69,,5.07,5.34,5.61,,,5.5,,3.75
2005-12-09,3.73,4.03,4.29,,4.65,4.94,4.65,,4.99,5.26,5.51,,,5.42,,3.75
2005-12-12,3.74,4.03,4.29,,4.67,5.01,4.67,,5.06,5.34,5.59,,,5.49,,3.75
2005-12-13,3.74,4.04,4.29,,4.67,5.01,4.67,,5.04,5.32,5.56,,,5.47,,3.75
2005-12-14,3.75,4.05,4.29,,4.64,4.92,4.65,,4.94,5.2,5.47,,,5.37,,3.75
2005-12-15,3.74,4.06,4.3,,4.64,4.94,4.65,,4.97,5.22,5.49,,,5.4,,3.75
2005-12-16,3.74,4.07,4.3,,4.64,4.96,4.66,,4.99,5.24,5.51,,,5.42,,3.75
2005-12-19,3.74,4.07,4.3,,4.63,4.93,4.64,,4.95,5.19,5.46,,,5.38,,3.75
2005-12-20,3.75,4.07,4.3,,4.63,4.94,4.64,,4.97,5.21,5.47,,,5.4,,3.75
2005-12-21,3.7,4.07,4.3,,4.64,4.97,4.66,,5.01,5.26,5.51,,,5.44,,3.75
2005-12-22,3.68,4.07,4.3,,4.65,4.98,4.67,,5.02,5.28,5.53,,,5.45,,3.75
2005-12-23,3.74,4.07,4.31,,4.66,5,4.68,,5.04,5.31,5.57,,,5.47,,3.75
2005-12-26,3.75,4.07,4.31,,4.66,5,4.68,,5.03,5.31,5.57,,,5.47,,3.75
2005-12-27,3.74,4.08,4.31,,4.67,5.01,4.69,,5.05,5.33,5.59,,,5.49,,3.75
2005-12-28,3.74,4.08,4.31,,4.64,4.96,4.67,,4.99,5.27,5.54,,,5.43,,3.75
2005-12-29,3.75,4.09,4.32,,4.67,5.04,4.7,,5.08,5.36,5.62,,,5.52,,3.75
2005-12-30,3.76,4.09,4.32,,4.67,5.04,4.7,,5.08,5.36,5.62,,,5.52,,3.75
2006-01-02,3.74,4.1,4.33,,4.69,5.1,4.72,,5.16,5.46,5.72,,,5.61,,3.75
2006-01-03,3.74,4.11,4.34,,4.66,5.06,4.67,,5.12,5.42,5.68,,,5.57,,3.75
2006-01-04,3.74,4.12,4.34,,4.63,5,4.64,,5.06,5.35,5.62,,,5.51,,3.75
2006-01-05,3.7,4.13,4.36,,4.64,5.06,4.65,,5.12,5.42,5.71,,,5.57,,3.75
2006-01-06,3.69,4.14,4.37,,4.63,5.04,4.64,,5.1,5.41,5.7,,,5.56,,3.75
2006-01-09,3.74,4.15,4.38,,4.61,5.01,4.62,,5.06,5.37,5.66,,,5.53,,3.75
2006-01-10,3.74,4.16,4.39,,4.63,5.05,4.64,,5.1,5.39,5.69,,,5.57,,3.75
2006-01-11,3.74,4.17,4.4,,4.62,5.03,4.64,,5.08,5.37,5.67,,,5.55,,3.75
2006-01-12,3.74,4.17,4.41,,4.6,4.96,4.61,,5.01,5.27,5.57,,,5.48,,3.75
2006-01-13,3.73,4.16,4.41,,4.59,4.94,4.6,,4.98,5.24,5.54,,,5.46,,3.75
2006-01-16,3.74,4.16,4.41,,4.61,4.98,4.62,,5.03,5.3,5.59,,,5.52,,3.75
2006-01-17,3.74,4.16,4.41,,4.61,4.99,4.62,,5.02,5.28,5.58,,,5.51,,3.75
2006-01-18,3.74,4.16,4.41,,4.59,4.94,4.6,,4.97,5.22,5.51,,,5.46,,3.75
2006-01-19,3.7,4.16,4.41,,4.59,4.94,4.6,,4.98,5.23,5.52,,,5.47,,3.75
2006-01-20,3.72,4.16,4.41,,4.58,4.94,4.59,,4.97,5.22,5.51,,,5.46,,3.75
2006-01-23,3.74,4.16,4.41,,4.58,4.93,4.59,,4.96,5.21,5.5,,,5.45,,3.75
2006-01-24,3.74,4.16,4.41,,4.6,4.96,4.61,,5,5.25,5.54,,,5.49,,3.75
2006-01-25,3.75,4.16,4.41,,4.59,4.92,4.6,,4.95,5.2,5.49,5.79,,5.44,,3.75
2006-01-26,3.76,4.16,4.42,,4.59,4.9,4.6,,4.93,5.17,5.45,5.75,,5.42,,3.75
2006-01-27,3.75,4.16,4.42,,4.59,4.9,4.6,,4.93,5.17,5.45,5.75,,5.42,,3.75
2006-01-31,3.76,4.18,4.43,,4.59,4.89,4.6,,4.92,5.16,5.44,5.74,,5.42,,3.75
2006-02-01,3.75,4.2,4.44,,4.59,4.86,4.6,,4.89,5.1,5.38,5.67,,5.38,,3.75
2006-02-02,3.74,4.21,4.45,,4.59,4.87,4.6,,4.9,5.11,5.39,5.68,,5.39,,3.75
2006-02-03,3.73,4.22,4.45,,4.61,4.91,4.62,,4.95,5.16,5.43,5.72,,5.42,,3.75
2006-02-06,3.69,4.24,4.45,,4.61,4.9,4.62,,4.93,5.13,5.4,5.69,,5.4,,3.75
2006-02-07,3.68,4.25,4.45,,4.62,4.93,4.63,,4.95,5.15,5.42,5.71,,5.42,,3.75
2006-02-08,3.74,4.26,4.45,,4.62,4.93,4.63,,4.95,5.14,5.42,5.71,,5.42,,3.75
2006-02-09,3.99,4.26,4.45,,4.56,4.82,4.57,,4.85,5.02,5.28,5.57,,5.32,,4
2006-02-10,3.99,4.26,4.45,,4.56,4.82,4.57,,4.85,5.02,5.27,5.56,,5.32,,4
2006-02-13,3.99,4.26,4.46,,4.56,4.84,4.57,,4.87,5.04,5.29,5.58,,5.34,,4
2006-02-14,3.99,4.26,4.46,,4.54,4.8,4.55,,4.83,4.99,5.24,5.53,,5.3,,4
2006-02-15,3.99,4.26,4.46,,4.53,4.78,4.54,,4.81,4.95,5.2,5.49,,5.27,,4
2006-02-16,3.99,4.26,4.46,,4.53,4.79,4.54,,4.82,4.97,5.21,5.5,,5.28,,4
2006-02-17,3.98,4.26,4.46,,4.53,4.8,4.54,,4.83,4.98,5.23,5.51,,5.29,,4
2006-02-20,3.98,4.26,4.46,,4.53,4.8,4.54,,4.84,4.98,5.23,5.51,,5.3,,4
2006-02-21,3.95,4.26,4.46,,4.53,4.8,4.54,,4.83,4.97,5.21,5.5,,5.29,,4
2006-02-22,3.97,4.26,4.46,,4.53,4.79,4.54,,4.82,4.95,5.19,5.48,,5.28,,4
2006-02-23,3.99,4.26,4.46,,4.53,4.8,4.54,,4.83,4.96,5.19,5.48,,5.29,,4
2006-02-24,3.99,4.26,4.46,,4.53,4.8,4.54,,4.83,4.96,5.18,5.47,,5.29,,4
2006-02-27,3.99,4.26,4.46,,4.55,4.83,4.55,,4.87,5.02,5.22,5.51,,5.31,,4
2006-02-28,3.99,4.26,4.46,,4.56,4.85,4.56,,4.9,5.05,5.25,5.54,,5.34,,4
2006-03-02,3.99,4.26,4.46,,4.57,4.87,4.57,,4.92,5.09,5.3,5.59,,5.36,,4
2006-03-03,3.98,4.26,4.46,,4.57,4.88,4.58,,4.93,5.12,5.33,5.62,,5.37,,4
2006-03-06,3.95,4.27,4.46,,4.59,4.92,4.6,,4.98,5.17,5.41,5.69,,5.41,,4
2006-03-07,3.94,4.27,4.46,,4.62,5.01,4.64,,5.05,5.24,5.5,5.78,,5.46,,4
2006-03-08,3.98,4.27,4.46,,4.61,4.98,4.61,,5.01,5.18,5.46,5.74,,5.41,,4
2006-03-09,3.98,4.27,4.46,,4.58,4.89,4.58,,4.93,5.1,5.38,5.66,,5.33,,4
2006-03-10,3.98,4.27,4.46,,4.56,4.84,4.56,,4.88,5.04,5.31,5.59,,5.28,,4
2006-03-13,3.98,4.27,4.46,,4.58,4.88,4.58,,4.94,5.13,5.4,5.67,,5.33,,4
2006-03-14,3.98,4.27,4.46,,4.57,4.86,4.57,,4.91,5.11,5.38,5.66,,5.31,,4
2006-03-15,3.98,4.27,4.46,,4.56,4.83,4.56,,4.88,5.09,5.37,5.65,,5.28,,4
2006-03-16,3.98,4.27,4.45,,4.57,4.85,4.57,,4.91,5.16,5.43,5.71,,5.3,,4
2006-03-17,3.97,4.27,4.44,,4.55,4.84,4.55,,4.89,5.14,5.42,5.69,,5.26,,4
2006-03-20,3.98,4.27,4.44,,4.55,4.85,4.55,,4.9,5.15,5.46,5.72,,5.27,,4
2006-03-21,3.95,4.27,4.44,,4.56,4.86,4.56,,4.92,5.15,5.47,5.73,,5.27,,4
2006-03-22,3.92,4.27,4.44,,4.56,4.86,4.56,,4.92,5.15,5.47,5.73,,5.27,,4
2006-03-23,3.97,4.27,4.44,,4.56,4.86,4.56,,4.92,5.15,5.47,5.73,,5.26,,4
2006-03-24,3.97,4.27,4.44,,4.57,4.88,4.57,,4.94,5.17,5.49,5.75,,5.28,,4
2006-03-27,3.98,4.27,4.44,,4.57,4.88,4.57,,4.94,5.17,5.49,5.76,,5.28,,4
2006-03-28,3.97,4.27,4.44,,4.56,4.85,4.56,,4.9,5.13,5.44,5.72,,5.23,,4
2006-03-29,3.96,4.27,4.44,,4.55,4.84,4.56,,4.88,5.09,5.41,5.69,,5.21,,4
2006-03-30,3.96,4.27,4.45,,4.55,4.84,4.56,,4.89,5.1,5.41,5.69,,5.22,,4
2006-03-31,3.97,4.27,4.45,,4.56,4.86,4.56,,4.93,5.13,5.44,5.72,,5.25,,4
2006-04-03,3.97,4.27,4.45,,4.59,4.91,4.59,,4.98,5.2,5.49,5.77,,5.29,,4
2006-04-04,3.96,4.28,4.46,,4.6,4.93,4.6,,5,5.22,5.51,5.79,,5.31,,4
2006-04-05,3.96,4.29,4.46,,4.6,4.91,4.6,,4.98,5.2,5.49,5.77,,5.29,,4
2006-04-06,3.93,4.29,4.47,,4.6,4.89,4.6,,4.96,5.18,5.46,5.74,,5.27,,4
2006-04-07,3.92,4.29,4.47,,4.58,4.85,4.58,,4.92,5.14,5.42,5.7,,5.23,,4
2006-04-10,3.97,4.3,4.47,,4.61,4.89,4.61,,4.97,5.2,5.48,5.76,,5.26,,4
2006-04-11,3.97,4.31,4.47,,4.61,4.89,4.61,,4.96,5.19,5.48,5.76,,5.26,,4
2006-04-12,3.97,4.35,4.47,,4.61,4.9,4.61,,4.97,5.2,5.5,5.77,,5.27,,4
2006-04-13,3.96,4.35,4.48,,4.62,4.94,4.63,,5.01,5.24,5.54,5.81,,5.3,,4
2006-04-14,3.96,4.36,4.49,,4.64,4.97,4.64,,5.04,5.27,5.58,5.85,,5.33,,4
2006-04-17,3.96,4.36,4.49,,4.64,4.97,4.64,,5.03,5.26,5.56,5.84,,5.31,,4
2006-04-18,3.96,4.36,4.5,,4.64,4.97,4.64,,5.03,5.24,5.54,5.82,,5.31,,4
2006-04-19,3.99,4.36,4.5,,4.63,4.92,4.63,,4.97,5.17,5.46,5.74,,5.24,,4
2006-04-20,3.97,4.36,4.5,,4.63,4.92,4.63,,4.97,5.17,5.46,5.74,,5.24,,4
2006-04-21,4,4.36,4.5,,4.61,4.87,4.61,,4.91,5.11,5.39,5.67,,5.19,,4
2006-04-24,3.97,4.36,4.5,,4.6,4.86,4.61,,4.88,5.08,5.36,5.65,,5.15,,4
2006-04-25,3.97,4.36,4.5,,4.62,4.88,4.62,,4.9,5.1,5.38,5.66,,5.17,,4
2006-04-26,3.97,4.36,4.5,,4.62,4.85,4.62,,4.87,5.06,5.33,5.61,,5.14,,4
2006-04-27,3.97,4.36,4.5,,4.62,4.85,4.62,,4.87,5.06,5.33,5.61,,5.14,,4
2006-04-28,3.97,4.36,4.5,,4.6,4.8,4.6,,4.81,4.98,5.25,5.53,,5.08,,4
2006-05-02,3.97,4.36,4.5,,4.61,4.81,4.6,,4.82,4.99,5.26,5.54,,5.09,,4
2006-05-03,3.97,4.36,4.5,,4.62,4.83,4.61,,4.84,5.01,5.27,5.55,,5.11,,4
2006-05-04,3.94,4.36,4.5,,4.61,4.79,4.61,,4.8,4.96,5.22,5.5,,5.07,,4
2006-05-08,3.96,4.36,4.5,,4.61,4.79,4.61,,4.8,4.96,5.22,5.5,,5.07,,4
2006-05-09,3.96,4.36,4.5,,4.61,4.8,4.61,,4.81,4.96,5.22,5.5,,5.07,,4
2006-05-10,3.97,4.36,4.5,,4.62,4.81,4.62,,4.82,4.97,5.23,5.51,,5.08,,4
2006-05-11,3.97,4.36,4.5,,4.59,4.76,4.59,,4.76,4.92,5.17,5.45,,5.03,,4
2006-05-12,3.96,4.36,4.5,,4.59,4.76,4.59,,4.76,4.92,5.17,5.45,,5.03,,4
2006-05-15,3.96,4.36,4.5,,4.61,4.8,4.61,,4.81,4.98,5.23,5.51,,5.08,,4
2006-05-16,3.96,4.36,4.5,,4.61,4.79,4.61,,4.8,4.97,5.23,5.52,,5.07,,4
2006-05-17,3.96,4.36,4.5,,4.59,4.76,4.59,,4.77,4.94,5.21,5.5,,5.04,,4
2006-05-18,3.96,4.36,4.5,,4.58,4.74,4.58,,4.75,4.92,5.2,5.49,,5.02,,4
2006-05-19,3.94,4.36,4.5,,4.55,4.7,4.55,,4.72,4.87,5.16,5.45,,4.99,,4
2006-05-22,3.93,4.36,4.5,,4.56,4.72,4.56,,4.74,4.89,5.17,5.46,,5.01,,4
2006-05-23,3.96,4.36,4.5,,4.58,4.75,4.58,,4.77,4.93,5.2,5.49,,5.04,,4
2006-05-24,3.96,4.36,4.5,,4.57,4.74,4.57,,4.75,4.91,5.19,5.48,,5.03,,4
2006-05-25,3.96,4.36,4.5,,4.57,4.74,4.57,,4.75,4.9,5.18,5.48,,5.03,,4
2006-05-26,3.95,4.36,4.5,,4.57,4.74,4.58,,4.76,4.91,5.19,5.49,,5.04,,4
2006-05-29,3.96,4.36,4.5,,4.56,4.72,4.57,,4.75,4.89,5.18,5.5,,5.02,,4
2006-05-30,3.96,4.36,4.5,,4.54,4.7,4.55,,4.72,4.87,5.15,5.47,,5,,4
2006-06-01,3.96,4.36,4.5,,4.54,4.7,4.55,,4.71,4.86,5.14,5.46,,4.99,,4
2006-06-02,3.95,4.36,4.5,,4.55,4.71,4.56,,4.74,4.89,5.17,5.49,,5.02,,4
2006-06-05,3.94,4.36,4.5,,4.55,4.71,4.55,,4.74,4.9,5.17,5.49,,5.02,,4
2006-06-07,3.96,4.36,4.5,,4.57,4.75,4.57,,4.77,4.93,5.19,5.51,,5.05,,4
2006-06-08,4.2,4.41,4.55,,4.6,4.77,4.6,,4.8,4.94,5.18,5.5,,5.07,,4.25
2006-06-09,4.2,4.41,4.56,,4.61,4.79,4.62,,4.82,4.96,5.17,5.46,,5.09,,4.25
2006-06-12,4.2,4.41,4.56,,4.62,4.8,4.63,,4.84,4.98,5.19,5.47,,5.11,,4.25
2006-06-13,4.21,4.41,4.56,,4.62,4.8,4.63,,4.84,4.98,5.19,5.47,,5.11,,4.25
2006-06-14,4.2,4.41,4.57,,4.63,4.81,4.64,,4.85,4.99,5.21,5.48,,5.12,,4.25
2006-06-15,4.21,4.41,4.58,,4.66,4.85,4.67,,4.89,5.03,5.25,5.51,,5.16,,4.25
2006-06-16,4.19,4.44,4.6,,4.68,4.87,4.68,,4.89,5.03,5.25,5.51,,5.16,,4.25
2006-06-19,4.19,4.48,4.61,,4.72,4.92,4.72,,4.94,5.08,5.3,5.56,,5.21,,4.25
2006-06-20,4.19,4.5,4.64,,4.74,4.94,4.74,,4.94,5.08,5.31,5.57,,5.22,,4.25
2006-06-21,4.18,4.51,4.67,,4.76,4.94,4.75,,4.94,5.08,5.29,5.55,,5.22,,4.25
2006-06-22,4.2,4.55,4.68,,4.78,4.96,4.77,,4.96,5.09,5.3,5.56,,5.24,,4.25
2006-06-23,4.2,4.55,4.71,,4.83,5.04,4.83,,5.04,5.17,5.36,5.61,,5.31,,4.25
2006-06-26,4.2,4.56,4.74,,4.84,5.03,4.84,,5.03,5.16,5.34,5.6,,5.3,,4.25
2006-06-27,4.2,4.57,4.76,,4.87,5.06,4.87,,5.04,5.17,5.34,5.6,,5.31,,4.25
2006-06-28,4.19,4.57,4.79,,4.88,5.05,4.88,,5.04,5.17,5.34,5.6,,5.31,,4.25
2006-06-29,4.2,4.6,4.8,,4.87,5.01,4.87,,5.01,5.13,5.3,5.56,,5.28,,4.25
2006-06-30,4.21,4.59,4.81,,4.82,4.93,4.82,,4.92,5.04,5.2,5.46,,5.2,,4.25
2006-07-03,4.2,4.59,4.81,,4.81,4.92,4.82,,4.92,5.03,5.19,5.45,,5.2,,4.25
2006-07-04,4.2,4.6,4.81,,4.81,4.89,4.81,,4.89,5,5.18,5.44,,5.17,,4.25
2006-07-05,4.2,4.6,4.81,,4.79,4.86,4.79,,4.85,4.97,5.17,5.42,,5.14,,4.25
2006-07-06,4.18,4.6,4.81,,4.79,4.86,4.79,,4.85,4.98,5.18,5.43,,5.14,,4.25
2006-07-07,4.19,4.6,4.81,,4.83,4.92,4.83,,4.93,5.06,5.25,5.51,,5.21,,4.25
2006-07-10,4.2,4.61,4.81,,4.85,4.95,4.84,,4.95,5.08,5.26,5.52,,5.23,,4.25
2006-07-11,4.2,4.62,4.81,,4.84,4.93,4.83,,4.92,5.05,5.22,5.48,,5.2,,4.25
2006-07-12,4.2,4.63,4.81,,4.85,4.95,4.84,,4.94,5.05,5.22,5.48,,5.22,,4.25
2006-07-13,4.2,4.63,4.81,,4.84,4.94,4.83,,4.93,5.03,5.2,5.46,,5.21,,4.25
2006-07-14,4.21,4.64,4.81,,4.83,4.93,4.83,,4.91,5.02,5.19,5.44,,5.2,,4.25
2006-07-18,4.21,4.64,4.81,,4.81,4.9,4.81,,4.88,4.98,5.15,5.39,,5.17,,4.25
2006-07-19,4.21,4.64,4.81,,4.82,4.9,4.82,,4.89,4.99,5.15,5.38,,5.18,,4.25
2006-07-20,4.18,4.64,4.81,,4.8,4.87,4.8,,4.86,4.96,5.12,5.34,,5.16,,4.25
2006-07-21,4.24,4.64,4.81,,4.8,4.87,4.8,,4.86,4.96,5.12,5.33,,5.16,,4.25
2006-07-24,4.23,4.64,4.81,,4.81,4.89,4.81,,4.87,4.97,5.12,5.27,,5.17,,4.25
2006-07-25,4.23,4.64,4.81,,4.83,4.92,4.83,,4.9,5,5.13,5.29,,5.21,,4.25
2006-07-26,4.23,4.64,4.81,,4.82,4.91,4.82,,4.89,4.99,5.12,5.28,,5.2,,4.25
2006-07-27,4.22,4.64,4.81,,4.81,4.89,4.81,,4.87,4.97,5.1,5.25,,5.18,,4.25
2006-07-28,4.22,4.64,4.81,,4.81,4.89,4.81,,4.86,4.96,5.08,5.23,,5.18,,4.25
2006-07-31,4.22,4.64,4.81,,4.79,4.86,4.79,,4.83,4.93,5.05,5.2,,5.15,,4.25
2006-08-01,4.21,4.64,4.81,,4.78,4.82,4.78,,4.79,4.86,4.97,5.12,,5.11,,4.25
2006-08-02,4.22,4.64,4.81,,4.79,4.83,4.79,,4.8,4.87,4.98,5.12,,5.12,,4.25
2006-08-03,4.23,4.64,4.81,,4.78,4.82,4.79,,4.79,4.86,4.98,5.12,,5.11,,4.25
2006-08-04,4.29,4.64,4.81,,4.79,4.84,4.79,,4.81,4.88,5,5.13,,5.13,,4.25
2006-08-07,4.25,4.64,4.81,,4.78,4.82,4.78,,4.79,4.86,4.99,5.11,,5.11,,4.25
2006-08-08,4.25,4.64,4.81,,4.76,4.8,4.76,,4.76,4.83,4.96,5.09,,5.08,,4.25
2006-08-09,4.25,4.64,4.81,,4.74,4.78,4.74,,4.75,4.83,4.96,5.09,,5.07,,4.25
2006-08-10,4.49,4.71,4.9,,4.77,4.81,4.78,,4.8,4.86,4.98,5.12,,5.12,,4.5
2006-08-11,4.5,4.7,4.9,,4.74,4.77,4.75,,4.75,4.8,4.88,5.02,,5.07,,4.5
2006-08-14,4.49,4.7,4.9,,4.77,4.83,4.78,,4.81,4.87,4.94,5.07,,5.13,,4.5
2006-08-16,4.49,4.7,4.9,,4.77,4.83,4.78,,4.8,4.86,4.95,5.06,,5.13,,4.5
2006-08-17,4.49,4.7,4.9,,4.75,4.8,4.76,,4.77,4.82,4.89,5.01,,5.1,,4.5
2006-08-18,4.48,4.7,4.9,,4.75,4.79,4.76,,4.77,4.8,4.88,5,,5.09,,4.5
2006-08-21,4.48,4.7,4.9,,4.75,4.8,4.76,,4.78,4.81,4.9,5.02,,5.1,,4.5
2006-08-22,4.46,4.7,4.9,,4.74,4.79,4.75,,4.77,4.8,4.9,5.02,,5.09,,4.5
2006-08-23,4.48,4.69,4.89,,4.73,4.77,4.74,,4.74,4.78,4.88,5,,5.07,,4.5
2006-08-24,4.49,4.69,4.89,,4.74,4.78,4.75,,4.76,4.8,4.91,5.03,,5.09,,4.5
2006-08-25,4.49,4.69,4.89,,4.74,4.78,4.75,,4.75,4.8,4.9,5.03,,5.08,,4.5
2006-08-28,4.48,4.69,4.89,,4.74,4.78,4.75,,4.75,4.8,4.91,5.06,,5.08,,4.5
2006-08-29,4.48,4.68,4.87,,4.74,4.78,4.75,,4.75,4.8,4.93,5.07,,5.08,,4.5
2006-08-30,4.48,4.68,4.87,,4.75,4.78,4.75,,4.76,4.82,4.96,5.1,,5.09,,4.5
2006-08-31,4.49,4.68,4.84,,4.75,4.78,4.75,,4.76,4.82,4.96,5.1,,5.09,,4.5
2006-09-01,4.48,4.68,4.83,,4.73,4.75,4.73,,4.73,4.79,4.9,5.05,,5.06,,4.5
2006-09-04,4.47,4.67,4.83,,4.72,4.74,4.72,,4.72,4.77,4.89,5.05,,5.05,,4.5
2006-09-05,4.47,4.67,4.81,,4.71,4.75,4.72,,4.74,4.79,4.91,5.07,,5.07,,4.5
2006-09-06,4.43,4.67,4.81,,4.73,4.78,4.73,,4.78,4.84,4.96,5.12,,5.11,,4.5
2006-09-07,4.43,4.67,4.81,,4.71,4.74,4.71,,4.73,4.79,4.9,5.07,,5.05,,4.5
2006-09-08,4.48,4.65,4.8,,4.71,4.74,4.71,,4.73,4.79,4.9,5.07,,5.05,,4.5
2006-09-11,4.48,4.65,4.78,,4.71,4.74,4.71,,4.73,4.8,4.91,5.08,,5.06,,4.5
2006-09-12,4.47,4.64,4.78,,4.7,4.74,4.71,,4.73,4.8,4.91,5.08,,5.06,,4.5
2006-09-13,4.48,4.63,4.78,,4.69,4.73,4.7,,4.71,4.78,4.9,5.07,,5.04,,4.5
2006-09-14,4.47,4.63,4.78,,4.69,4.74,4.7,,4.72,4.79,4.91,5.09,,5.05,,4.5
2006-09-15,4.47,4.63,4.77,,4.68,4.73,4.69,,4.71,4.78,4.91,5.09,,5.04,,4.5
2006-09-18,4.47,4.63,4.77,,4.68,4.75,4.69,,4.72,4.8,4.94,5.12,,5.05,,4.5
2006-09-19,4.47,4.63,4.77,,4.68,4.75,4.69,,4.72,4.8,4.94,5.12,,5.05,,4.5
2006-09-20,4.47,4.63,4.77,,4.66,4.71,4.66,,4.67,4.75,4.9,5.08,,5,,4.5
2006-09-21,4.46,4.63,4.77,,4.66,4.7,4.66,,4.66,4.74,4.89,5.08,,4.99,,4.5
2006-09-22,4.45,4.63,4.77,,4.64,4.67,4.64,,4.62,4.71,4.85,5.04,,4.96,,4.5
2006-09-25,4.48,4.61,4.77,4.54,4.64,4.68,4.65,,4.63,4.72,4.87,5.07,,4.97,,4.5
2006-09-26,4.48,4.61,4.77,4.55,4.64,4.66,4.64,,4.62,4.7,4.86,5.06,,4.96,,4.5
2006-09-27,4.47,4.61,4.77,4.55,4.64,4.65,4.64,,4.61,4.68,4.84,5.05,,4.95,,4.5
2006-09-28,4.47,4.6,4.77,4.55,4.64,4.65,4.64,,4.61,4.67,4.83,5.04,,4.95,,4.5
2006-09-29,4.48,4.59,4.77,4.54,4.62,4.63,4.61,,4.57,4.61,4.73,4.94,,4.89,,4.5
2006-10-02,4.43,4.58,4.76,4.55,4.63,4.65,4.63,,4.59,4.63,4.75,4.96,,4.91,,4.5
2006-10-04,4.44,4.58,4.76,4.55,4.62,4.63,4.63,,4.57,4.6,4.72,4.93,,4.89,,4.5
2006-10-09,4.47,4.58,4.76,4.55,4.62,4.63,4.63,,4.59,4.61,4.73,4.93,,4.9,,4.5
2006-10-10,4.48,4.58,4.76,4.55,4.62,4.63,4.63,,4.58,4.61,4.72,4.9,,4.9,,4.5
2006-10-11,4.47,4.58,4.76,4.55,4.63,4.65,4.64,,4.61,4.64,4.76,4.93,,4.91,,4.5
2006-10-12,4.48,4.58,4.76,4.55,4.63,4.65,4.64,,4.61,4.64,4.77,4.93,,4.91,,4.5
2006-10-13,4.48,4.57,4.75,4.55,4.63,4.66,4.64,,4.62,4.65,4.79,4.94,,4.92,,4.5
2006-10-16,4.48,4.57,4.75,4.55,4.63,4.67,4.64,,4.63,4.67,4.81,4.95,,4.93,,4.5
2006-10-17,4.48,4.57,4.75,4.55,4.62,4.64,4.63,,4.6,4.64,4.79,4.93,,4.91,,4.5
2006-10-18,4.48,4.57,4.75,4.55,4.62,4.64,4.63,,4.6,4.64,4.79,4.93,,4.91,,4.5
2006-10-19,4.48,4.57,4.75,4.55,4.61,4.62,4.61,,4.57,4.62,4.75,4.9,,4.87,,4.5
2006-10-20,4.47,4.57,4.75,4.55,4.61,4.62,4.61,,4.57,4.62,4.75,4.9,,4.87,,4.5
2006-10-23,4.48,4.57,4.75,4.55,4.62,4.64,4.62,,4.6,4.65,4.78,4.92,,4.9,,4.5
2006-10-24,4.47,4.57,4.75,4.57,4.65,4.69,4.65,,4.67,4.74,4.85,5,,4.97,,4.5
2006-10-25,4.48,4.57,4.75,4.57,4.65,4.69,4.65,,4.67,4.74,4.85,5,,4.97,,4.5
2006-10-26,4.48,4.57,4.75,4.56,4.63,4.68,4.63,,4.65,4.72,4.83,4.98,,4.95,,4.5
2006-10-27,4.47,4.57,4.75,4.56,4.63,4.69,4.64,,4.66,4.73,4.84,4.99,,4.96,,4.5
2006-10-30,4.48,4.57,4.75,4.57,4.65,4.72,4.66,,4.7,4.78,4.9,5.05,,5,,4.5
2006-10-31,4.48,4.58,4.75,4.57,4.66,4.73,4.67,,4.71,4.79,4.91,5.06,,5.01,,4.5
2006-11-01,4.47,4.58,4.75,4.57,4.64,4.69,4.65,,4.66,4.74,4.87,5.02,,4.97,,4.5
2006-11-02,4.47,4.58,4.75,4.56,4.63,4.65,4.63,,4.62,4.68,4.81,4.97,,4.93,,4.5
2006-11-03,4.47,4.58,4.75,4.56,4.63,4.65,4.63,,4.62,4.68,4.81,4.97,,4.93,,4.5
2006-11-06,4.44,4.59,4.75,4.58,4.67,4.74,4.67,,4.72,4.79,4.92,5.08,,5.03,,4.5
2006-11-07,4.45,4.59,4.75,4.59,4.67,4.74,4.67,,4.73,4.8,4.93,5.08,,5.04,,4.5
2006-11-08,4.48,4.59,4.75,4.59,4.71,4.79,4.7,,4.78,4.84,4.97,5.13,,5.09,,4.5
2006-11-09,4.48,4.59,4.75,4.57,4.67,4.72,4.67,,4.7,4.75,4.87,5.03,,5.02,,4.5
2006-11-10,4.47,4.59,4.75,4.57,4.66,4.7,4.66,,4.68,4.73,4.85,5.01,,5,,4.5
2006-11-13,4.47,4.59,4.75,4.57,4.67,4.71,4.67,,4.7,4.75,4.87,5.02,,5.02,,4.5
2006-11-14,4.47,4.59,4.75,4.58,4.69,4.75,4.69,,4.73,4.78,4.9,5.05,,5.05,,4.5
2006-11-15,4.48,4.59,4.75,4.58,4.69,4.73,4.69,,4.71,4.76,4.88,5.03,,5.03,,4.5
2006-11-16,4.48,4.6,4.75,4.58,4.69,4.73,4.69,,4.71,4.76,4.88,5.03,,5.03,,4.5
2006-11-17,4.47,4.6,4.75,4.58,4.69,4.73,4.69,,4.71,4.76,4.89,5.04,,5.04,,4.5
2006-11-20,4.47,4.6,4.75,4.58,4.69,4.72,4.69,,4.69,4.75,4.87,5.03,,5.03,,4.5
2006-11-21,4.49,4.6,4.75,4.58,4.71,4.76,4.71,,4.73,4.79,4.91,5.07,,5.07,,4.5
2006-11-22,4.45,4.6,4.75,4.58,4.71,4.76,4.71,,4.72,4.79,4.91,5.07,,5.07,,4.5
2006-11-23,4.47,4.61,4.76,4.59,4.74,4.79,4.74,,4.76,4.84,4.95,5.11,,5.1,,4.5
2006-11-24,4.47,4.62,4.76,4.59,4.74,4.79,4.74,,4.76,4.84,4.95,5.11,,5.1,,4.5
2006-11-27,4.46,4.62,4.76,4.59,4.75,4.8,4.74,,4.77,4.84,4.95,5.11,,5.11,,4.5
2006-11-28,4.47,4.64,4.76,4.61,4.78,4.84,4.77,,4.8,4.86,4.97,5.13,,5.14,,4.5
2006-11-29,4.47,4.66,4.77,4.62,4.8,4.86,4.8,,4.82,4.87,4.98,5.14,,5.16,,4.5
2006-11-30,4.49,4.67,4.78,4.62,4.82,4.86,4.82,,4.82,4.88,4.98,5.14,,5.16,,4.5
2006-12-01,4.47,4.7,4.81,4.62,4.82,4.85,4.82,,4.81,4.86,4.97,5.13,,5.15,,4.5
2006-12-04,4.47,4.7,4.82,4.62,4.81,4.83,4.81,,4.79,4.83,4.94,5.1,,5.13,,4.5
2006-12-05,4.46,4.7,4.82,4.62,4.81,4.8,4.8,,4.77,4.8,4.88,5.05,,5.11,,4.5
2006-12-06,4.48,4.71,4.83,4.62,4.79,4.78,4.79,,4.73,4.76,4.84,5,,5.08,,4.5
2006-12-07,4.37,4.71,4.84,4.62,4.78,4.76,4.79,,4.71,4.75,4.83,4.99,,5.07,,4.5
2006-12-08,4.46,4.71,4.84,4.62,4.78,4.78,4.8,,4.74,4.78,4.86,5.02,,5.1,,4.5
2006-12-11,4.45,4.72,4.84,4.63,4.8,4.85,4.81,,4.78,4.85,4.93,5.08,,5.14,,4.5
2006-12-12,4.45,4.72,4.85,4.63,4.8,4.83,4.8,,4.76,4.83,4.89,5.05,,5.12,,4.5
2006-12-13,4.47,4.72,4.86,4.63,4.8,4.83,4.8,,4.76,4.83,4.89,5.05,,5.12,,4.5
2006-12-14,4.47,4.74,4.87,4.64,4.83,4.88,4.83,,4.81,4.88,4.94,5.09,,5.17,,4.5
2006-12-15,4.48,4.74,4.88,4.64,4.83,4.88,4.83,,4.81,4.88,4.94,5.09,,5.17,,4.5
2006-12-18,4.48,4.74,4.89,4.64,4.841,4.9,4.84,,4.83,4.9,4.96,5.11,,5.19,,4.5
2006-12-19,4.49,4.74,4.89,4.64,4.84,4.9,4.84,,4.83,4.9,4.96,5.11,,5.19,,4.5
2006-12-20,4.5,4.79,4.91,4.64,4.86,4.92,4.86,,4.85,4.92,4.99,5.13,,5.22,,4.5
2006-12-21,4.48,4.8,4.96,4.64,4.86,4.91,4.86,,4.83,4.91,4.98,5.12,,5.21,,4.5
2006-12-22,4.51,4.8,4.98,4.66,4.88,4.93,4.88,,4.85,4.93,5,5.14,,5.23,,4.5
2006-12-26,4.56,4.82,5.01,4.7,4.95,5.01,4.95,,4.94,5.02,5.09,5.22,,5.31,,4.5
2006-12-27,4.55,4.83,5.02,4.7,4.95,5,4.95,,4.93,5.01,5.07,5.21,,5.3,,4.5
2006-12-28,4.58,4.85,5.02,4.7,4.95,4.99,4.95,,4.92,5,5.06,5.19,,5.29,,4.5
2006-12-29,4.6,4.86,5.03,4.7,4.95,4.99,4.95,,4.92,5,5.06,5.19,,5.29,,4.5
2007-01-02,4.54,4.87,5.04,4.72,4.97,5,4.96,,4.93,5.01,5.06,5.2,,5.3,,4.5
2007-01-03,4.56,4.87,5.04,4.72,4.95,4.97,4.94,,4.9,4.97,5.02,5.17,,5.27,,4.5
2007-01-04,4.67,4.87,5.04,4.72,4.95,4.97,4.95,,4.91,4.98,5.03,5.18,,5.28,,4.5
2007-01-05,4.67,4.87,5.04,4.71,4.93,4.94,4.93,,4.88,4.94,5,5.15,,5.25,,4.5
2007-01-08,4.61,4.87,5.04,4.71,4.93,4.94,4.93,,4.89,4.94,5,5.15,,5.25,,4.5
2007-01-09,4.62,4.87,5.04,4.72,4.93,4.95,4.93,,4.9,4.93,4.98,5.1,,5.26,,4.5
2007-01-10,4.67,4.88,5.04,4.72,4.93,4.95,4.93,,4.9,4.93,4.97,5.1,,5.26,,4.5
2007-01-11,4.63,4.88,5.04,4.72,4.94,4.98,4.95,,4.93,4.95,4.98,5.11,,5.28,,4.5
2007-01-12,4.64,4.92,5.05,4.75,4.97,5.01,4.98,,4.97,4.99,5.02,5.15,,5.32,,4.5
2007-01-15,4.64,4.93,5.06,4.76,4.98,5.03,4.99,,4.98,5.01,5.03,5.16,,5.33,,4.5
2007-01-16,4.64,4.94,5.07,4.77,4.99,5.03,4.99,,4.98,5.01,5.04,5.16,,5.33,,4.5
2007-01-17,4.67,4.94,5.08,4.83,4.99,5.03,4.99,,4.98,5.01,5.04,5.16,,5.33,,4.5
2007-01-18,4.71,4.94,5.09,4.84,4.99,5.04,5,,4.99,5.02,5.07,5.18,,5.34,,4.5
2007-01-19,4.58,4.94,5.09,4.83,4.98,5.02,4.98,,4.96,4.99,5.05,5.16,,5.31,,4.5
2007-01-22,4.57,4.94,5.09,4.84,4.99,5.03,4.99,,4.97,5,5.06,5.17,,5.32,,4.5
2007-01-23,4.6,4.94,5.09,4.87,5,5.05,5,,4.98,5.01,5.07,5.17,,5.34,,4.5
2007-01-24,4.61,4.94,5.09,4.89,5.03,5.09,5.03,,5.02,5.05,5.1,5.2,,5.38,,4.5
2007-01-25,4.62,4.95,5.09,4.89,5.03,5.09,5.03,,5.02,5.05,5.09,5.19,,5.38,,4.5
2007-01-26,4.7,4.95,5.1,4.9,5.06,5.12,5.05,,5.06,5.08,5.1,5.2,,5.42,,4.5
2007-01-29,4.7,4.95,5.11,4.89,5.05,5.1,5.04,,5.04,5.06,5.08,5.18,,5.4,,4.5
2007-01-30,4.61,4.96,5.11,4.89,5.04,5.09,5.03,,5.03,5.05,5.07,5.17,,5.39,,4.5
2007-01-31,4.61,4.96,5.11,4.88,5.03,5.07,5.02,,5.02,5.03,5.06,5.15,,5.38,,4.5
2007-02-01,4.6,4.96,5.11,4.85,4.99,5.02,4.98,,4.96,4.99,5.03,5.12,,5.33,,4.5
2007-02-02,4.59,4.96,5.11,4.86,5.02,5.05,5.01,,5,5.05,5.13,5.23,,5.37,,4.5
2007-02-05,4.54,4.96,5.11,4.86,5.02,5.05,5.01,,5,5.05,5.16,5.26,,5.37,,4.5
2007-02-06,4.44,4.96,5.11,4.86,5,5.02,5,,4.97,5.01,5.1,5.21,,5.34,,4.5
2007-02-07,4.44,4.96,5.11,4.85,4.98,4.99,4.97,,4.94,4.97,5.05,5.17,,5.31,,4.5
2007-02-08,4.55,4.95,5.11,4.85,4.97,4.98,4.96,,4.93,4.96,5.02,5.15,,5.3,,4.5
2007-02-09,4.55,4.95,5.11,4.85,4.97,4.98,4.96,,4.92,4.96,5.01,5.12,,5.3,,4.5
2007-02-12,4.56,4.95,5.11,4.85,4.97,4.98,4.96,,4.92,4.96,5.01,5.12,,5.3,,4.5
2007-02-13,4.61,4.95,5.11,4.86,4.98,5,4.97,,4.93,4.97,5.02,5.13,,5.31,,4.5
2007-02-14,4.68,4.95,5.11,4.86,4.97,4.98,4.96,,4.92,4.95,5,5.11,,5.29,,4.5
2007-02-15,4.7,4.94,5.11,4.84,4.94,4.94,4.93,,4.87,4.89,4.95,5.06,,5.24,,4.5
2007-02-16,4.85,4.94,5.11,4.84,4.94,4.94,4.93,,4.86,4.88,4.95,5.06,,5.24,,4.5
2007-02-20,4.76,4.94,5.11,4.86,4.96,4.97,4.95,,4.89,4.92,4.99,5.1,,5.27,,4.5
2007-02-21,4.57,4.94,5.11,4.85,4.95,4.95,4.94,,4.86,4.89,4.96,5.08,,5.24,,4.5
2007-02-22,4.55,4.94,5.11,4.85,4.94,4.94,4.93,,4.86,4.88,4.95,5.08,,5.23,,4.5
2007-02-23,4.56,4.94,5.11,4.85,4.93,4.93,4.93,,4.86,4.88,4.95,5.08,,5.23,,4.5
2007-02-26,4.5,4.94,5.11,4.84,4.92,4.92,4.92,,4.84,4.86,4.94,5.07,,5.22,,4.5
2007-02-27,4.5,4.94,5.11,4.85,4.93,4.94,4.94,,4.86,4.88,4.96,5.09,,5.24,,4.5
2007-02-28,4.55,4.94,5.11,4.85,4.93,4.94,4.94,,4.86,4.88,4.96,5.09,,5.24,,4.5
2007-03-02,4.54,4.94,5.11,4.85,4.93,4.94,4.94,,4.86,4.88,4.96,5.09,,5.24,,4.5
2007-03-05,4.59,4.94,5.11,4.84,4.9,4.89,4.91,,4.81,4.83,4.94,5.07,,5.19,,4.5
2007-03-06,4.55,4.94,5.11,4.86,4.91,4.91,4.91,,4.83,4.85,4.96,5.1,,5.21,,4.5
2007-03-07,4.5,4.94,5.11,4.85,4.89,4.88,4.89,,4.8,4.82,4.92,5.08,,5.18,,4.5
2007-03-08,4.55,4.94,5.11,4.85,4.89,4.89,4.89,,4.81,4.84,4.93,5.1,,5.19,,4.5
2007-03-09,4.59,4.94,5.11,4.85,4.89,4.89,4.89,,4.8,4.83,4.93,5.1,,5.19,,4.5
2007-03-12,4.61,4.94,5.11,4.86,4.9,4.92,4.91,,4.83,4.88,4.96,5.13,,5.22,,4.5
2007-03-13,4.61,4.94,5.11,4.86,4.91,4.93,4.92,,4.84,4.87,4.97,5.14,,5.24,,4.5
2007-03-14,4.64,4.94,5.11,4.85,4.89,4.9,4.89,,4.81,4.82,4.94,5.11,,5.21,,4.5
2007-03-15,4.64,4.94,5.11,4.85,4.89,4.91,4.9,,4.81,4.82,4.95,5.12,,5.22,,4.5
2007-03-16,4.64,4.94,5.11,4.84,4.88,4.88,4.88,,4.79,4.8,4.93,5.1,,5.2,,4.5
2007-03-19,4.64,4.94,5.11,4.84,4.89,4.89,4.89,,4.8,4.81,4.94,5.11,,5.21,,4.5
2007-03-20,4.61,4.94,5.11,4.84,4.89,4.89,4.89,,4.8,4.8,4.94,5.1,,5.2,,4.5
2007-03-21,4.51,4.94,5.11,4.84,4.89,4.89,4.89,,4.79,4.8,4.93,5.1,,5.2,,4.5
2007-03-22,4.43,4.94,5.11,4.84,4.88,4.86,4.88,,4.76,4.78,4.93,5.11,,5.17,,4.5
2007-03-23,4.59,4.94,5.11,4.84,4.87,4.86,4.88,,4.75,4.79,4.94,5.14,,5.17,,4.5
2007-03-26,4.61,4.94,5.11,4.84,4.87,4.87,4.88,,4.76,4.8,4.94,5.14,,5.18,,4.5
2007-03-27,4.61,4.94,5.11,4.84,4.87,4.87,4.87,,4.76,4.8,4.94,5.14,,5.18,,4.5
2007-03-28,4.58,4.94,5.11,4.84,4.86,4.85,4.86,,4.75,4.79,4.92,5.12,,5.17,,4.5
2007-03-29,4.61,4.94,5.11,4.84,4.86,4.86,4.87,,4.76,4.8,4.93,5.13,,5.18,,4.5
2007-03-30,4.63,4.94,5.11,4.84,4.86,4.86,4.87,,4.76,4.8,4.93,5.13,,5.19,,4.5
2007-04-02,4.63,4.94,5.11,4.85,4.87,4.87,4.88,,4.78,4.83,4.95,5.14,,5.21,,4.5
2007-04-03,4.63,4.94,5.11,4.87,4.89,4.89,4.89,,4.81,4.86,4.97,5.16,,5.24,,4.5
2007-04-04,4.6,4.94,5.11,4.88,4.9,4.9,4.9,,4.83,4.87,4.98,5.17,,5.25,,4.5
2007-04-05,4.41,4.94,5.11,4.88,4.9,4.9,4.9,,4.82,4.86,4.97,5.16,,5.24,,4.5
2007-04-06,4.32,4.94,5.11,4.88,4.91,4.91,4.91,,4.84,4.87,4.98,5.17,,5.25,,4.5
2007-04-09,4.61,4.94,5.11,4.9,4.95,4.97,4.95,,4.92,4.96,5.06,5.22,,5.32,,4.5
2007-04-10,4.61,4.94,5.11,4.9,4.95,4.98,4.95,,4.92,4.96,5.07,5.22,,5.32,,4.5
2007-04-11,4.61,4.94,5.11,4.9,4.96,5,4.96,,4.94,4.97,5.08,5.23,,5.34,,4.5
2007-04-12,4.62,4.94,5.11,4.9,4.96,5,4.96,,4.95,4.98,5.09,5.24,,5.35,,4.5
2007-04-13,4.62,4.94,5.11,4.9,4.97,5.01,4.97,,4.97,4.99,5.11,5.25,,5.37,,4.5
2007-04-16,4.63,4.94,5.11,4.9,4.98,5.02,4.98,,4.99,5,5.12,5.26,,5.38,,4.5
2007-04-17,4.63,4.95,5.11,4.9,4.97,5,4.97,,4.97,4.98,5.1,5.24,,5.36,,4.5
2007-04-18,4.63,4.95,5.11,4.89,4.96,4.98,4.96,,4.94,4.96,5.08,5.22,,5.33,,4.5
2007-04-19,4.6,4.95,5.11,4.89,4.96,4.98,4.96,,4.94,4.96,5.08,5.22,,5.33,,4.5
2007-04-20,4.7,4.95,5.11,4.91,5.02,5.07,5.02,,5.02,5.04,5.15,5.28,,5.41,,4.5
2007-04-23,4.64,4.97,5.11,4.9,5.01,5.05,5,,4.99,5,5.12,5.24,,5.38,,4.5
2007-04-24,4.67,4.97,5.12,4.9,5.01,5.05,5,,4.99,5,5.11,5.24,,5.38,,4.5
2007-04-25,4.74,4.97,5.13,4.9,5.01,5.06,5.01,,5,5.01,5.11,5.24,,5.39,,4.5
2007-04-26,5.04,4.97,5.15,4.92,5.03,5.08,5.03,,5.02,5.03,5.12,5.25,,5.41,,4.5
2007-04-27,5.1,5,5.16,4.93,5.05,5.1,5.05,,5.03,5.04,5.13,5.25,,5.42,,4.5
2007-04-30,4.88,5,5.18,4.95,5.08,5.13,5.08,,5.05,5.06,5.15,5.26,,5.44,,4.5
2007-05-02,4.77,5,5.19,4.95,5.08,5.1,5.07,,5.02,5.03,5.12,5.23,,5.41,,4.5
2007-05-03,4.74,5,5.2,4.95,5.07,5.08,5.06,,5,5.01,5.1,5.21,,5.39,,4.5
2007-05-04,4.68,5,5.21,4.95,5.07,5.08,5.06,,4.99,5,5.1,5.21,,5.39,,4.5
2007-05-07,4.65,5,5.21,4.95,5.08,5.1,5.08,,5.01,5.02,5.12,5.22,,5.41,,4.5
2007-05-08,4.63,5.01,5.21,4.97,5.09,5.12,5.1,,5.04,5.05,5.15,5.24,,5.44,,4.5
2007-05-09,4.63,5.02,5.21,4.97,5.11,5.14,5.11,,5.06,5.08,5.18,5.26,,5.46,,4.5
2007-05-10,4.63,5.02,5.21,4.98,5.12,5.15,5.12,,5.07,5.1,5.19,5.27,,5.47,,4.5
2007-05-11,4.61,5.02,5.21,4.98,5.12,5.14,5.12,,5.06,5.1,5.18,5.27,,5.46,,4.5
2007-05-14,4.62,5.05,5.22,4.98,5.12,5.14,5.12,,5.07,5.11,5.19,5.27,,5.47,,4.5
2007-05-15,4.61,5.06,5.23,4.97,5.12,5.15,5.12,,5.08,5.11,5.19,5.27,,5.47,,4.5
2007-05-16,4.6,5.06,5.24,4.97,5.12,5.14,5.12,,5.08,5.11,5.19,5.27,,5.47,,4.5
2007-05-17,4.61,5.07,5.25,4.98,5.14,5.17,5.14,,5.12,5.15,5.23,5.29,,5.51,,4.5
2007-05-18,4.57,5.07,5.25,4.99,5.15,5.2,5.16,,5.15,5.19,5.26,5.3,,5.54,,4.5
2007-05-21,4.59,5.07,5.25,4.99,5.15,5.2,5.16,,5.15,5.19,5.26,5.3,,5.54,,4.5
2007-05-22,4.52,5.07,5.25,4.96,5.15,5.2,5.15,,5.16,5.19,5.26,5.3,,5.54,,4.5
2007-05-23,4.58,5.07,5.25,4.95,5.14,5.21,5.14,,5.17,5.2,5.29,5.33,,5.54,,4.5
2007-05-25,4.58,5.07,5.25,4.94,5.12,5.2,5.13,,5.17,5.2,5.3,5.33,,5.54,,4.5
2007-05-28,4.54,5.07,5.25,4.94,5.11,5.2,5.12,,5.16,5.19,5.3,5.35,,5.54,,4.5
2007-05-29,4.55,5.07,5.25,4.89,5.1,5.19,5.1,,5.15,5.19,5.29,5.35,,5.53,,4.5
2007-05-30,4.56,5.07,5.25,4.89,5.1,5.22,5.1,,5.18,5.22,5.32,5.37,,5.56,,4.5
2007-05-31,4.56,5.06,5.25,4.88,5.1,5.21,5.09,,5.17,5.21,5.32,5.36,,5.55,,4.5
2007-06-01,4.52,5.04,5.25,4.88,5.09,5.19,5.08,,5.15,5.19,5.3,5.35,,5.53,,4.5
2007-06-04,4.51,5.04,5.25,4.88,5.09,5.19,5.08,,5.15,5.19,5.29,5.35,,5.53,,4.5
2007-06-05,4.47,5.04,5.25,4.88,5.09,5.2,5.09,,5.16,5.2,5.3,5.36,,5.54,,4.5
2007-06-07,4.43,5.04,5.25,4.88,5.11,5.24,5.11,,5.21,5.25,5.35,5.41,,5.59,,4.5
2007-06-08,4.52,5.04,5.25,4.9,5.15,5.29,5.15,,5.28,5.34,5.44,5.5,,5.66,,4.5
2007-06-11,4.54,5.04,5.25,4.9,5.16,5.31,5.16,,5.26,5.37,5.46,5.52,,5.68,,4.5
2007-06-12,4.54,5.04,5.25,4.91,5.17,5.32,5.17,,5.27,5.39,5.5,5.55,,5.69,,4.5
2007-06-13,4.58,5.04,5.25,4.91,5.16,5.3,5.16,,5.26,5.37,5.5,5.55,,5.67,,4.5
2007-06-14,4.59,5.04,5.25,4.91,5.15,5.29,5.15,,5.25,5.36,5.49,5.54,,5.66,,4.5
2007-06-15,4.59,5.04,5.25,4.91,5.15,5.29,5.15,,5.25,5.36,5.49,5.54,,5.66,,4.5
2007-06-18,4.59,5.04,5.25,4.91,5.15,5.28,5.15,,5.24,5.36,5.49,5.54,,5.65,,4.5
2007-06-19,4.59,5.04,5.25,4.91,5.15,5.28,5.15,,5.24,5.36,5.49,5.54,,5.65,,4.5
2007-06-20,4.56,5.04,5.25,4.91,5.16,5.3,5.16,,5.26,5.38,5.53,5.58,,5.67,,4.5
2007-06-21,4.52,5.04,5.25,4.92,5.19,5.36,5.2,,5.32,5.47,5.65,5.71,,5.71,,4.5
2007-06-22,4.47,5.04,5.25,4.92,5.18,5.33,5.19,,5.29,5.44,5.62,5.69,,5.68,,4.5
2007-06-25,4.52,5.03,5.25,4.92,5.17,5.3,5.18,,5.25,5.4,5.58,5.65,,5.64,,4.5
2007-06-26,4.51,5.03,5.25,4.92,5.18,5.31,5.19,,5.27,5.42,5.59,5.65,,5.66,,4.5
2007-06-27,4.51,5.02,5.24,4.91,5.17,5.28,5.17,,5.23,5.37,5.53,5.59,,5.62,,4.5
2007-06-28,4.51,5.01,5.24,4.91,5.17,5.27,5.17,,5.22,5.35,5.48,5.55,,5.62,,4.5
2007-06-29,4.52,5,5.24,4.91,5.19,5.31,5.19,,5.26,5.38,5.51,5.59,,5.66,,4.5
2007-07-02,4.5,5,5.24,4.91,5.21,5.33,5.21,,5.28,5.4,5.53,5.61,,5.68,,4.5
2007-07-03,4.5,5,5.24,4.92,5.22,5.34,5.22,,5.3,5.42,5.54,5.62,,5.7,,4.5
2007-07-04,4.48,5,5.24,4.93,5.24,5.37,5.24,,5.33,5.45,5.56,5.64,,5.73,,4.5
2007-07-05,4.42,5,5.23,4.94,5.26,5.4,5.27,,5.36,5.48,5.59,5.67,,5.76,,4.5
2007-07-06,4.36,5,5.22,4.94,5.26,5.39,5.27,,5.35,5.47,5.57,5.65,,5.75,,4.5
2007-07-09,4.47,5,5.22,4.94,5.27,5.4,5.27,,5.35,5.47,5.55,5.63,,5.75,,4.5
2007-07-10,4.47,5,5.22,4.94,5.27,5.4,5.27,,5.35,5.46,5.55,5.63,,5.75,,4.5
2007-07-11,4.48,5,5.22,4.94,5.26,5.38,5.26,,5.32,5.39,5.48,5.56,,5.72,,4.5
2007-07-12,4.71,5.06,5.26,4.97,5.31,5.43,5.3,,5.37,5.45,5.55,5.62,,5.77,,4.75
2007-07-13,4.71,5.07,5.27,4.98,5.34,5.47,5.34,,5.41,5.49,5.58,5.65,,5.81,,4.75
2007-07-16,4.73,5.07,5.27,4.98,5.35,5.48,5.35,,5.42,5.5,5.59,5.65,,5.82,,4.75
2007-07-18,4.77,5.08,5.27,4.97,5.34,5.47,5.34,,5.4,5.48,5.56,5.63,,5.8,,4.75
2007-07-19,4.85,5.08,5.27,4.97,5.34,5.47,5.34,,5.4,5.47,5.56,5.63,,5.8,,4.75
2007-07-20,4.88,5.08,5.27,4.97,5.34,5.48,5.34,,5.41,5.48,5.57,5.64,,5.81,,4.75
2007-07-23,4.78,5.08,5.27,4.97,5.33,5.46,5.33,,5.38,5.45,5.54,5.61,,5.78,,4.75
2007-07-24,4.78,5.08,5.27,4.97,5.34,5.48,5.34,,5.41,5.47,5.56,5.63,,5.81,,4.75
2007-07-25,4.78,5.08,5.28,4.97,5.31,5.43,5.31,,5.36,5.41,5.5,5.56,,5.76,,4.75
2007-07-26,4.78,5.08,5.29,4.97,5.29,5.39,5.29,,5.32,5.36,5.45,5.51,,5.72,,4.75
2007-07-27,4.77,5.09,5.29,4.96,5.27,5.32,5.26,,5.25,5.3,5.38,5.44,,5.66,,4.75
2007-07-30,4.76,5.09,5.29,4.96,5.28,5.35,5.27,,5.27,5.32,5.41,5.47,,5.68,,4.75
2007-07-31,4.76,5.1,5.29,4.96,5.26,5.3,5.25,,5.22,5.28,5.37,5.43,,5.64,,4.75
2007-08-01,4.58,5.1,5.3,4.96,5.23,5.23,5.22,,5.16,5.22,5.31,5.37,,5.58,,4.75
2007-08-02,4.65,5.1,5.3,4.96,5.24,5.26,5.23,,5.19,5.25,5.34,5.4,,5.61,,4.75
2007-08-03,4.69,5.1,5.3,4.96,5.23,5.26,5.23,,5.19,5.25,5.34,5.4,,5.61,,4.75
2007-08-06,4.67,5.1,5.3,4.96,5.22,5.26,5.23,,5.19,5.25,5.34,5.4,,5.61,,4.75
2007-08-07,4.68,5.1,5.3,4.96,5.23,5.29,5.24,,5.22,5.29,5.38,5.44,,5.64,,4.75
2007-08-08,4.7,5.1,5.3,4.96,5.24,5.32,5.26,,5.26,5.33,5.42,5.48,,5.67,,4.75
2007-08-09,5.01,5.21,5.4,5.01,5.29,5.38,5.3,,5.32,5.39,5.47,5.53,,5.73,,5
2007-08-10,5.01,5.22,5.41,5.03,5.26,5.34,5.28,,5.27,5.3,5.36,5.42,,5.68,,5
2007-08-13,5,5.23,5.42,5.03,5.28,5.36,5.29,,5.29,5.33,5.39,5.45,,5.7,,5
2007-08-14,4.99,5.24,5.43,5.04,5.29,5.37,5.3,,5.3,5.34,5.4,5.46,,5.71,,5
2007-08-16,4.98,5.25,5.44,5.04,5.27,5.33,5.28,,5.24,5.28,5.34,5.4,,5.65,,5
2007-08-17,4.98,5.25,5.44,5.04,5.27,5.33,5.28,,5.23,5.27,5.34,5.4,,5.64,,5
2007-08-20,4.98,5.26,5.45,5.06,5.29,5.36,5.3,,5.26,5.3,5.38,5.44,,5.67,,5
2007-08-21,4.98,5.26,5.46,5.13,5.29,5.36,5.3,,5.26,5.3,5.38,5.44,,5.67,,5
2007-08-22,4.98,5.26,5.46,5.13,5.31,5.38,5.31,,5.28,5.33,5.42,5.47,,5.7,,5
2007-08-23,4.98,5.26,5.47,5.14,5.32,5.39,5.32,,5.31,5.36,5.45,5.5,,5.73,,5
2007-08-24,4.98,5.26,5.47,5.14,5.31,5.4,5.32,,5.3,5.35,5.45,5.5,,5.72,,5
2007-08-27,4.98,5.27,5.48,5.14,5.33,5.43,5.33,,5.34,5.39,5.49,5.56,,5.76,,5
2007-08-28,4.98,5.27,5.49,5.16,5.35,5.47,5.35,,5.37,5.43,5.53,5.6,,5.79,,5
2007-08-29,4.97,5.27,5.5,5.17,5.36,5.49,5.37,,5.39,5.45,5.55,5.62,,5.81,,5
2007-08-30,4.97,5.28,5.5,5.17,5.36,5.46,5.36,,5.36,5.42,5.52,5.59,,5.78,,5
2007-08-31,4.98,5.29,5.51,5.19,5.39,5.51,5.39,,5.43,5.47,5.57,5.64,,5.85,,5
2007-09-03,5,5.3,5.53,5.19,5.4,5.53,5.4,,5.45,5.5,5.58,5.66,,5.87,,5
2007-09-04,4.98,5.3,5.54,5.19,5.4,5.53,5.4,,5.44,5.49,5.56,5.65,,5.86,,5
2007-09-05,4.97,5.31,5.55,5.19,5.4,5.53,5.4,,5.42,5.48,5.55,5.64,,5.85,,5
2007-09-06,4.92,5.32,5.56,5.19,5.4,5.53,5.4,,5.41,5.48,5.55,5.64,,5.85,,5
2007-09-07,4.89,5.33,5.56,5.18,5.38,5.48,5.39,,5.36,5.43,5.5,5.59,,5.8,,5
2007-09-10,4.97,5.33,5.58,5.17,5.37,5.44,5.37,,5.32,5.35,5.44,5.53,,5.76,,5
2007-09-11,4.98,5.34,5.6,5.17,5.39,5.48,5.39,,5.36,5.39,5.48,5.57,,5.8,,5
2007-09-12,4.98,5.34,5.61,5.16,5.37,5.46,5.38,,5.34,5.36,5.46,5.54,,5.78,,5
2007-09-13,4.99,5.35,5.61,5.16,5.37,5.46,5.38,,5.34,5.36,5.46,5.54,,5.78,,5
2007-09-14,4.99,5.35,5.62,5.16,5.38,5.48,5.39,,5.37,5.39,5.49,5.57,,5.82,,5
2007-09-17,4.99,5.35,5.62,5.16,5.39,5.48,5.39,,5.37,5.4,5.5,5.58,,5.82,,5
2007-09-18,4.99,5.35,5.64,5.16,5.39,5.47,5.39,,5.36,5.4,5.48,5.57,,5.82,,5
2007-09-19,4.97,5.35,5.65,5.16,5.4,5.47,5.39,,5.37,5.42,5.5,5.59,,5.84,,5
2007-09-20,4.91,5.35,5.66,5.16,5.41,5.49,5.39,,5.4,5.46,5.53,5.63,,5.89,,5
2007-09-21,4.9,5.35,5.67,5.16,5.42,5.51,5.39,,5.43,5.49,5.57,5.67,,5.93,,5
2007-09-27,4.98,5.35,5.68,5.17,5.44,5.54,5.41,,5.46,5.52,5.6,5.7,,5.97,,5
2007-09-28,4.98,5.35,5.69,5.17,5.44,5.54,5.41,,5.46,5.52,5.6,5.7,,5.97,,5
2007-10-01,4.99,5.35,5.7,5.17,5.44,5.55,5.41,,5.47,5.53,5.61,5.71,,5.98,,5
2007-10-02,4.98,5.34,5.7,5.17,5.44,5.54,5.4,,5.46,5.52,5.61,5.71,,5.98,,5
2007-10-04,5.01,5.34,5.7,5.17,5.41,5.52,5.38,,5.43,5.49,5.58,5.68,,5.96,,5
2007-10-05,4.99,5.34,5.7,5.17,5.39,5.5,5.37,,5.4,5.45,5.55,5.65,,5.93,,5
2007-10-08,4.98,5.34,5.7,5.17,5.4,5.54,5.37,,5.43,5.49,5.57,5.67,,5.97,,5
2007-10-09,4.98,5.34,5.7,5.17,5.41,5.57,5.37,,5.46,5.52,5.6,5.7,,6,,5
2007-10-10,4.99,5.34,5.7,5.17,5.41,5.57,5.37,,5.46,5.52,5.6,5.7,,6,,5
2007-10-11,5,5.34,5.7,5.17,5.41,5.56,5.37,,5.47,5.53,5.61,5.71,,6.01,,5
2007-10-12,5.01,5.34,5.7,5.17,5.42,5.57,5.37,,5.48,5.54,5.61,5.71,,6.02,,5
2007-10-15,5.02,5.34,5.7,5.17,5.43,5.6,5.37,,5.51,5.57,5.64,5.74,,6.05,,5
2007-10-16,5.01,5.34,5.7,5.17,5.42,5.57,5.35,,5.48,5.54,5.61,5.7,,6.03,,5
2007-10-17,5,5.34,5.7,5.17,5.41,5.55,5.34,,5.45,5.51,5.58,5.67,,6,,5
2007-10-18,5,5.34,5.7,5.17,5.41,5.56,5.34,,5.46,5.53,5.6,5.69,,6.02,,5
2007-10-19,5.02,5.34,5.7,5.17,5.38,5.52,5.32,,5.41,5.48,5.55,5.64,,5.97,,5
2007-10-22,4.99,5.34,5.7,5.14,5.35,5.45,5.3,,5.34,5.41,5.48,5.57,,5.91,,5
2007-10-23,5,5.34,5.7,5.13,5.36,5.46,5.31,,5.35,5.42,5.49,5.58,,5.93,,5
2007-10-24,5.02,5.34,5.7,5.13,5.35,5.43,5.28,,5.32,5.38,5.46,5.55,,5.91,,5
2007-10-25,5.02,5.35,5.7,5.13,5.37,5.47,5.29,,5.36,5.42,5.5,5.59,,5.95,,5
2007-10-26,5.02,5.35,5.7,5.13,5.37,5.48,5.29,,5.37,5.43,5.51,5.6,,5.96,,5
2007-10-29,5.01,5.35,5.71,5.13,5.38,5.49,5.3,,5.38,5.44,5.52,5.57,,5.97,,5
2007-10-30,5.02,5.35,5.71,5.13,5.39,5.52,5.31,,5.41,5.47,5.54,5.6,,6,,5
2007-10-31,5.02,5.35,5.71,5.15,5.4,5.55,5.32,,5.43,5.49,5.56,5.62,,6.02,,5
2007-11-01,5,5.35,5.71,5.15,5.42,5.58,5.33,,5.46,5.52,5.59,5.65,,6.05,,5
2007-11-02,4.98,5.35,5.71,5.15,5.4,5.54,5.31,,5.42,5.47,5.54,5.61,,6.01,,5
2007-11-05,4.98,5.35,5.71,5.15,5.41,5.54,5.31,,5.43,5.48,5.55,5.62,,6.02,,5
2007-11-06,5.03,5.35,5.71,5.15,5.41,5.53,5.31,,5.42,5.47,5.54,5.6,,6.01,,5
2007-11-07,5,5.35,5.71,5.15,5.4,5.51,5.3,,5.39,5.43,5.5,5.56,,5.98,,5
2007-11-08,5.01,5.35,5.71,5.14,5.38,5.44,5.28,,5.32,5.36,5.42,5.48,,5.92,,5
2007-11-09,5.01,5.35,5.71,5.14,5.39,5.47,5.29,,5.34,5.38,5.43,5.49,,5.94,,5
2007-11-12,5.02,5.36,5.72,5.14,5.4,5.51,5.3,,5.37,5.42,5.47,5.52,,5.97,,5
2007-11-13,5.01,5.36,5.72,5.14,5.4,5.53,5.3,,5.37,5.41,5.46,5.51,,5.97,,5
2007-11-14,5.01,5.37,5.72,5.15,5.41,5.56,5.31,,5.41,5.45,5.49,5.54,,6.02,,5
2007-11-15,5.01,5.38,5.72,5.15,5.42,5.58,5.32,,5.43,5.47,5.5,5.54,,6.04,,5
2007-11-16,5.01,5.39,5.73,5.16,5.43,5.62,5.33,,5.46,5.5,5.53,5.57,,6.07,,5
2007-11-19,5.01,5.42,5.74,5.17,5.44,5.69,5.35,,5.52,5.58,5.62,5.65,,6.15,,5
2007-11-20,4.98,5.45,5.76,5.17,5.44,5.73,5.36,,5.55,5.61,5.65,5.68,,6.17,,5
2007-11-21,4.99,5.48,5.77,5.19,5.48,5.85,5.41,,5.65,5.71,5.75,5.78,,6.29,,5
2007-11-22,4.98,5.49,5.77,5.19,5.48,5.85,5.41,,5.65,5.71,5.75,5.78,,6.3,,5
2007-11-23,5,5.5,5.78,5.19,5.46,5.83,5.4,,5.62,5.68,5.72,5.75,,6.27,,5
2007-11-26,5.01,5.51,5.83,5.19,5.48,5.88,5.41,,5.66,5.72,5.72,5.73,,6.32,,5
2007-11-27,5,5.53,5.87,5.17,5.48,5.94,5.43,,5.69,5.75,5.72,5.73,,6.36,,5
2007-11-28,5.01,5.55,5.91,5.19,5.57,6.1,5.51,,5.93,6,5.87,5.89,,6.59,,5
2007-11-29,5.01,5.58,5.95,5.21,5.64,6.19,5.57,,6.03,6.09,5.9,5.93,,6.7,,5
2007-11-30,5.02,5.6,5.99,5.18,5.58,6,5.48,,5.77,5.84,5.69,5.72,,6.47,,5
2007-12-03,5,5.61,6,5.18,5.58,5.98,5.48,,5.75,5.79,5.69,5.72,,6.46,,5
2007-12-04,5,5.63,6.02,5.19,5.61,6.03,5.5,,5.82,5.84,5.77,5.8,,6.53,,5
2007-12-05,4.96,5.66,6.06,5.21,5.67,6.14,5.55,,6,5.96,5.9,5.94,,6.7,,5
2007-12-06,4.86,5.67,6.08,5.21,5.67,6.14,5.55,,6,5.96,5.9,5.94,,6.7,,5
2007-12-07,4.79,5.67,6.08,5.22,5.73,6.24,5.61,,6.11,6.07,6,6.04,,6.81,,5
2007-12-10,4.99,5.68,6.11,5.22,5.73,6.24,5.61,,6.07,6.08,6,6.04,,6.81,,5
2007-12-11,4.99,5.69,6.15,5.22,5.73,6.24,5.61,,6.06,6.07,5.99,6.03,,6.81,,5
2007-12-12,5,5.7,6.18,5.21,5.72,6.22,5.61,,6.02,6.02,5.94,5.98,,6.79,,5
2007-12-13,5,5.71,6.23,5.2,5.7,6.15,5.59,,5.89,5.91,5.82,5.86,,6.71,,5
2007-12-14,4.99,5.74,6.26,5.2,5.7,6.15,5.59,,5.89,5.91,5.82,5.86,,6.71,,5
2007-12-17,5,5.76,6.29,5.2,5.71,6.18,5.59,,5.89,5.92,5.8,5.76,,6.73,,5
2007-12-18,5,5.77,6.33,5.2,5.72,6.18,5.59,,5.88,5.91,5.8,5.75,,6.73,,5
2007-12-20,5,5.78,6.36,5.2,5.71,6.14,5.6,,5.81,5.85,5.76,5.72,,6.72,,5
2007-12-21,4.99,5.78,6.36,5.2,5.71,6.14,5.65,,5.81,5.85,5.76,5.72,,6.74,,5
2007-12-24,5,5.79,6.38,5.2,5.73,6.15,5.68,,5.82,5.86,5.78,5.74,,6.78,,5
2007-12-26,5,5.8,6.44,5.2,5.72,6.13,5.67,,5.78,5.82,5.75,5.71,,6.78,,5
2007-12-27,5,5.81,6.47,5.2,5.71,6.1,5.67,,5.74,5.78,5.7,5.67,,6.77,,5
2007-12-28,5.01,5.82,6.5,5.2,5.71,6.1,5.67,,5.74,5.78,5.7,5.67,,6.77,,5
2007-12-31,5.02,5.82,6.52,5.2,5.71,6.1,5.67,,5.74,5.78,5.7,5.67,,6.77,,5
2008-01-02,4.96,5.84,6.53,5.4,5.83,6.18,5.77,,5.86,5.89,5.81,5.79,,6.91,,5
2008-01-03,4.98,5.85,6.56,5.4,5.83,6.18,5.77,,5.86,5.89,5.83,5.81,,6.92,,5
2008-01-04,4.98,5.86,6.57,5.4,5.8,6.13,5.76,,5.83,5.88,5.83,5.81,,6.91,,5
2008-01-07,4.95,5.86,6.57,5.4,5.76,6.08,5.76,,5.82,5.89,5.88,5.86,,6.91,,5
2008-01-08,4.98,5.87,6.59,5.37,5.75,6.04,5.77,,5.9,5.98,5.99,5.98,,7.01,,5
2008-01-09,4.99,5.88,6.6,5.37,5.71,5.98,5.74,,5.85,5.96,5.99,5.98,,7,,5
2008-01-10,5.01,5.89,6.62,5.37,5.66,5.9,5.7,,5.73,5.84,5.89,5.9,,6.92,,5
2008-01-11,5,5.89,6.62,5.35,5.57,5.73,5.55,,5.52,5.63,5.69,5.71,,6.75,,5
2008-01-14,5.01,5.89,6.62,5.35,5.57,5.74,5.55,,5.53,5.64,5.71,5.72,,6.76,,5
2008-01-15,5.01,5.89,6.62,5.27,5.51,5.65,5.51,,5.43,5.5,5.57,5.59,,6.67,,5
2008-01-16,5.02,5.88,6.63,5.26,5.48,5.6,5.48,,5.35,5.39,5.45,5.48,,6.58,,5
2008-01-17,5.02,5.88,6.63,5.26,5.54,5.68,5.5,,5.45,5.47,5.51,5.54,,6.67,,5
2008-01-18,4.97,5.87,6.62,5.26,5.48,5.6,5.46,,5.36,5.4,5.43,5.47,,6.6,,5
2008-01-21,4.93,5.86,6.6,5.26,5.46,5.57,5.45,,5.35,5.38,5.41,5.45,,6.57,,5
2008-01-22,4.91,5.86,6.59,5.28,5.42,5.5,5.42,,5.3,5.36,5.41,5.45,,6.53,,5
2008-01-23,5.01,5.82,6.56,5.16,5.16,5.18,5.23,,5.05,5.16,5.27,5.3,,6.3,,5
2008-01-24,5.01,5.79,6.51,5.17,5.16,5.2,5.17,,5.1,5.21,5.31,5.35,,6.35,,5
2008-01-25,5.01,5.76,6.48,5.17,5.21,5.26,5.21,,5.19,5.29,5.39,5.44,,6.45,,5
2008-01-28,5.01,5.7,6.44,5.15,5.14,5.15,5.15,,5.06,5.13,5.24,5.29,,6.31,,5
2008-01-29,5,5.65,6.41,5.14,5.14,5.16,5.15,,5.08,5.14,5.26,5.31,,6.32,,5
2008-01-30,4.98,5.6,6.35,5.12,5.13,5.16,5.12,,5.09,5.15,5.27,5.32,,6.33,,5
2008-01-31,4.96,5.5,6.26,5.09,5.07,5.09,5.06,,5.04,5.11,5.24,5.29,,6.28,,5
2008-02-01,4.91,5.46,6.17,5.09,5.07,5.1,5.06,,5.05,5.12,5.25,5.3,,6.29,,5
2008-02-04,4.96,5.41,6.13,5.11,5.11,5.2,5.11,,5.16,5.23,5.35,5.4,,6.4,,5
2008-02-05,4.93,5.39,6.11,5.07,5.09,5.18,5.07,,5.14,5.21,5.33,5.38,,6.38,,5
2008-02-11,5,5.36,6.03,5.07,5.07,5.17,5.06,,5.12,5.19,5.31,5.36,,6.36,,5
2008-02-12,5,5.35,5.97,5.06,5.06,5.14,5.05,,5.08,5.15,5.28,5.33,,6.32,,5
2008-02-13,5,5.33,5.93,5.01,5,5.07,5,,5.01,5.08,5.21,5.27,,6.25,,5
2008-02-14,5,5.31,5.9,5,4.99,5.05,4.99,,5.01,5.07,5.21,5.3,,6.24,,5
2008-02-15,5,5.29,5.85,4.98,4.96,5.05,4.98,,5.02,5.09,5.22,5.28,,6.26,,5
2008-02-18,4.98,5.27,5.81,4.91,4.94,5.02,4.95,,5,5.07,5.22,5.27,,6.24,,5
2008-02-19,4.95,5.25,5.76,4.93,4.96,5.05,4.97,,5.05,5.13,5.27,5.32,,6.27,,5
2008-02-20,4.95,5.24,5.72,4.92,4.95,5.03,4.96,,5.03,5.11,5.25,5.3,,6.25,,5
2008-02-21,5.02,5.22,5.68,4.94,4.99,5.11,5,,5.12,5.21,5.35,5.4,,6.32,,5
2008-02-22,5.01,5.22,5.67,4.93,4.96,5.05,4.98,,5.05,5.14,5.3,5.35,,6.23,,5
2008-02-25,4.98,5.2,5.63,4.94,4.98,5.09,5,,5.08,5.18,5.31,5.34,,6.26,,5
2008-02-26,4.95,5.19,5.61,4.95,4.99,5.09,5.01,,5.09,5.19,5.32,5.35,,6.27,,5
2008-02-27,4.94,5.19,5.6,4.95,4.98,5.07,4.98,,5.06,5.17,5.3,5.33,,6.25,,5
2008-02-28,4.96,5.19,5.59,4.95,4.97,5.04,4.97,,5.03,5.14,5.28,5.31,,6.2,,5
2008-02-29,4.94,5.18,5.59,4.93,4.94,5,4.93,,4.97,5.08,5.23,5.26,,6.14,,5
2008-03-03,4.94,5.17,5.58,4.92,4.91,4.95,4.91,,4.92,5.03,5.19,5.22,,6.09,,5
2008-03-04,4.95,5.17,5.58,4.92,4.91,4.96,4.92,,4.94,5.05,5.2,5.24,,6.1,,5
2008-03-05,4.94,5.17,5.58,4.91,4.9,4.94,4.9,,4.92,5.02,5.19,5.23,,6.05,,5
2008-03-06,5,5.17,5.58,4.91,4.91,4.96,4.92,,4.95,5.05,5.23,5.27,,6.06,,5
2008-03-07,5,5.17,5.58,4.91,4.92,5,4.93,,5,5.1,5.27,5.31,,6.1,,5
2008-03-10,4.99,5.17,5.58,4.95,4.99,5.14,4.99,,5.14,5.23,5.38,5.42,,6.16,,5
2008-03-11,4.99,5.17,5.58,4.95,5,5.16,5,,5.16,5.22,5.36,5.4,,6.16,,5
2008-03-12,4.98,5.18,5.58,4.95,5,5.17,5,,5.16,5.21,5.35,5.39,,6.16,,5
2008-03-13,4.98,5.21,5.58,4.98,5.06,5.3,5.06,,5.27,5.31,5.44,5.48,,6.24,,5
2008-03-14,4.98,5.23,5.59,4.98,5.06,5.3,5.06,,5.25,5.28,5.41,5.45,,6.21,,5
2008-03-17,4.96,5.26,5.6,5,5.11,5.4,5.11,,5.33,5.36,5.48,5.52,,6.26,,5
2008-03-18,4.99,5.26,5.63,4.97,5.05,5.24,5.04,,5.13,5.16,5.32,5.36,,6.06,,5
2008-03-19,4.94,5.26,5.64,5,5.12,5.35,5.11,,5.25,5.3,5.46,5.51,,6.15,,5
2008-03-20,4.98,5.27,5.64,5,5.1,5.3,5.09,,5.2,5.23,5.4,5.45,,6.1,,5
2008-03-21,4.98,5.3,5.64,5,5.09,5.29,5.08,,5.18,5.21,5.4,5.44,,6.08,,5
2008-03-24,4.97,5.33,5.65,5.04,5.15,5.41,5.15,,5.29,5.32,5.5,5.53,,6.18,,5
2008-03-25,4.97,5.35,5.66,5.04,5.15,5.4,5.15,,5.28,5.31,5.48,5.51,,6.17,,5
2008-03-26,4.94,5.36,5.69,5.04,5.16,5.4,5.16,,5.28,5.31,5.48,5.51,,6.17,,5
2008-03-27,4.94,5.36,5.72,5.04,5.14,5.3,5.13,,5.17,5.21,5.37,5.4,,6.07,,5
2008-03-28,4.96,5.37,5.74,5.04,5.15,5.3,5.13,,5.17,5.2,5.36,5.39,,6.07,,5
2008-03-31,4.98,5.38,5.77,5.04,5.12,5.25,5.11,,5.1,5.13,5.29,5.32,,6.01,,5
2008-04-01,4.97,5.39,5.79,5.05,5.14,5.28,5.13,,5.13,5.14,5.27,5.31,,6.04,,5
2008-04-02,5,5.4,5.81,5.05,5.14,5.25,5.13,,5.1,5.11,5.24,5.28,,6.01,,5
2008-04-03,5.01,5.4,5.82,5.06,5.16,5.29,5.15,,5.14,5.14,5.27,5.3,,6.05,,5
2008-04-04,5.1,5.4,5.83,5.06,5.16,5.29,5.15,,5.14,5.14,5.27,5.3,,6.05,,5
2008-04-07,5.04,5.4,5.83,5.07,5.16,5.26,5.15,,5.11,5.13,5.25,5.28,,6.03,,5
2008-04-08,5.03,5.4,5.83,5.06,5.12,5.16,5.11,,5.03,5.05,5.19,5.22,,5.95,,5
2008-04-10,4.98,5.4,5.83,5.04,5.03,5.03,5.03,,4.91,4.93,5.09,5.12,,5.83,,5
2008-04-11,5,5.4,5.83,5.06,5.04,5.07,5.04,,4.94,4.97,5.12,5.16,,5.87,,5
2008-04-14,5,5.4,5.83,5.07,5.04,5.08,5.05,,4.95,5,5.14,5.17,,5.88,,5
2008-04-15,5,5.39,5.83,5.07,5.03,5.07,5.03,,4.94,4.98,5.13,5.16,,5.86,,5
2008-04-16,5,5.38,5.83,5.06,5.03,5.07,5.03,,4.94,4.98,5.13,5.16,,5.86,,5
2008-04-17,5,5.38,5.83,5.05,5.03,5.08,5.03,,4.95,4.99,5.14,5.17,,5.87,,5
2008-04-18,5,5.38,5.83,5.06,5.07,5.12,5.05,,4.98,5.02,5.16,5.2,,5.9,,5
2008-04-21,4.97,5.38,5.83,5.07,5.07,5.11,5.05,,4.97,5.01,5.16,5.2,,5.89,,5
2008-04-22,4.98,5.37,5.83,5.05,5.05,5.08,5.03,,4.93,4.98,5.13,5.17,,5.85,,5
2008-04-23,4.98,5.37,5.83,5.06,5.06,5.1,5.04,,4.95,5,5.16,5.19,,5.87,,5
2008-04-24,5,5.37,5.83,5.05,5.04,5.07,5.03,,4.92,4.98,5.14,5.17,,5.85,,5
2008-04-25,4.96,5.36,5.83,5.04,5.04,5.08,5.01,,4.94,5,5.16,5.19,,5.87,,5
2008-04-28,4.89,5.36,5.84,5.01,5.02,5.07,5,,4.92,4.98,5.15,5.18,,5.85,,5
2008-04-29,4.94,5.36,5.84,5,5.01,5.06,4.99,,4.91,4.98,5.15,5.18,,5.84,,5
2008-04-30,4.95,5.36,5.84,4.99,4.99,5.03,4.95,,4.88,4.96,5.14,5.17,,5.82,,5
2008-05-02,4.96,5.36,5.84,4.99,4.99,5.04,4.95,,4.9,4.98,5.16,5.19,,5.84,,5
2008-05-06,5.19,5.36,5.84,5,5,5.05,4.93,,4.92,5,5.18,5.21,,5.86,,5
2008-05-07,5.18,5.36,5.84,5,5.02,5.09,4.96,,4.98,5.05,5.22,5.26,,5.91,,5
2008-05-08,5.01,5.36,5.85,5.04,5.14,5.35,5.12,,5.22,5.29,5.43,5.47,,6.14,,5
2008-05-09,5,5.36,5.86,5.04,5.15,5.35,5.12,,5.22,5.29,5.42,5.46,,6.14,,5
2008-05-13,4.93,5.36,5.86,5.07,5.2,5.43,5.16,,5.3,5.36,5.48,5.52,,6.22,,5
2008-05-14,4.87,5.36,5.86,5.07,5.19,5.4,5.15,,5.27,5.33,5.45,5.49,,6.2,,5
2008-05-15,4.9,5.36,5.86,5.07,5.19,5.39,5.15,,5.26,5.31,5.43,5.47,,6.19,,5
2008-05-16,4.95,5.37,5.86,5.09,5.22,5.44,5.13,,5.31,5.36,5.49,5.52,,6.24,,5
2008-05-19,4.93,5.37,5.87,5.12,5.29,5.57,5.19,,5.46,5.51,5.65,5.68,,6.39,,5
2008-05-20,4.63,5.37,5.85,5.09,5.23,5.44,5.08,,5.33,5.41,5.55,5.57,,6.27,,5
2008-05-21,4.62,5.37,5.85,5.1,5.25,5.47,5.1,,5.39,5.47,5.6,5.62,,6.33,,5
2008-05-22,5,5.37,5.84,5.08,5.2,5.42,5.06,,5.34,5.44,5.57,5.6,,6.29,,5
2008-05-23,5,5.37,5.84,5.08,5.2,5.46,5.07,,5.39,5.5,5.62,5.65,,6.34,,5
2008-05-26,5,5.37,5.84,5.08,5.21,5.48,5.04,,5.4,5.53,5.65,5.67,,6.35,,5
2008-05-27,5.01,5.36,5.84,5.07,5.19,5.44,5.01,,5.35,5.47,5.61,5.62,,6.3,,5
2008-05-28,5.03,5.36,5.84,5.07,5.19,5.45,5.01,,5.36,5.46,5.61,5.62,,6.31,,5
2008-05-29,5.03,5.36,5.84,5.07,5.22,5.51,5.05,,5.43,5.52,5.68,5.69,,6.38,,5
2008-05-30,5.04,5.36,5.84,5.07,5.24,5.53,5.07,,5.46,5.54,5.7,5.71,,6.41,,5
2008-06-02,5,5.36,5.84,5.1,5.29,5.61,5.12,,5.54,5.62,5.77,5.78,,6.5,,5
2008-06-03,5,5.36,5.84,5.1,5.28,5.61,5.12,,5.5,5.62,5.77,5.78,,6.5,,5
2008-06-04,5,5.36,5.84,5.1,5.27,5.59,5.11,,5.49,5.61,5.75,5.76,,6.49,,5
2008-06-05,5,5.36,5.84,5.1,5.27,5.59,5.11,,5.48,5.6,5.74,5.75,,6.48,,5
2008-06-09,4.81,5.36,5.84,5.12,5.38,5.77,5.16,,5.67,5.8,5.92,5.93,,6.65,,5
2008-06-10,4.57,5.36,5.84,5.14,5.48,5.88,5.25,,5.78,5.91,6.01,6.02,,6.76,,5
2008-06-11,4.57,5.36,5.84,5.13,5.47,5.84,5.23,,5.73,5.86,5.94,5.95,,6.71,,5
2008-06-12,4.99,5.36,5.84,5.13,5.47,5.84,5.23,,5.74,5.86,5.93,5.94,,6.71,,5
2008-06-13,4.99,5.36,5.84,5.13,5.48,5.84,5.23,,5.74,5.85,5.91,5.92,,6.71,,5
2008-06-16,5.01,5.36,5.84,5.12,5.47,5.81,5.22,,5.7,5.8,5.87,5.88,,6.67,,5
2008-06-17,5,5.36,5.84,5.12,5.45,5.77,5.2,,5.66,5.74,5.84,5.85,,6.63,,5
2008-06-18,5,5.36,5.84,5.12,5.47,5.79,5.21,,5.68,5.76,5.86,5.87,,6.65,,5
2008-06-19,5,5.36,5.84,5.11,5.46,5.76,5.19,,5.66,5.74,5.83,5.84,,6.63,,5
2008-06-20,5.01,5.36,5.84,5.12,5.49,5.82,5.22,,5.72,5.79,5.88,5.89,,6.69,,5
2008-06-23,4.62,5.36,5.84,5.16,5.6,5.98,5.32,,5.87,5.95,6.02,6.03,,6.85,,5
2008-06-24,4.55,5.37,5.84,5.16,5.6,5.97,5.32,,5.85,5.93,6,6.01,,6.83,,5
2008-06-25,4.55,5.37,5.84,5.16,5.59,5.95,5.31,,5.82,5.9,5.97,5.97,,6.8,,5
2008-06-26,5.01,5.37,5.84,5.14,5.55,5.87,5.28,,5.74,5.82,5.9,5.9,,6.72,,5
2008-06-27,4.99,5.37,5.84,5.14,5.57,5.9,5.29,,5.77,5.85,5.92,5.92,,6.75,,5
2008-06-30,5.01,5.37,5.84,5.15,5.63,6.02,5.35,,5.9,5.98,6.05,6.05,,6.88,,5
2008-07-01,4.99,5.37,5.84,5.15,5.62,6,5.33,,5.87,5.96,6.02,6.02,,6.85,,5
2008-07-02,4.99,5.37,5.84,5.16,5.68,6.1,5.38,,5.97,6.07,6.12,6.12,,6.95,,5
2008-07-03,4.99,5.38,5.84,5.18,5.73,6.19,5.43,,6.06,6.16,6.2,6.2,,7.04,,5
2008-07-04,5.03,5.38,5.84,5.18,5.73,6.18,5.42,,6.05,6.15,6.19,6.18,,7.03,,5
2008-07-07,5.01,5.39,5.84,5.18,5.73,6.18,5.37,,6.05,6.15,6.19,6.18,,7.03,,5
2008-07-08,5.01,5.41,5.85,5.18,5.72,6.15,5.33,,6.02,6.12,6.14,6.14,,7,,5
2008-07-09,5.02,5.41,5.85,5.18,5.71,6.1,5.29,,5.99,6.06,6.07,6.07,,6.96,,5
2008-07-10,5.01,5.44,5.87,5.18,5.76,6.14,5.32,,6.01,6.09,6.09,6.09,,6.99,,5
2008-07-11,5.01,5.46,5.9,5.22,5.9,6.3,5.43,,6.15,6.17,6.12,6.11,,7.14,,5
2008-07-14,5,5.48,5.92,5.25,5.96,6.36,5.48,,6.17,6.18,6.11,6.11,,7.17,,5
2008-07-15,5.01,5.52,5.93,5.26,5.96,6.33,5.5,,6.13,6.13,6.07,6.06,,7.14,,5
2008-07-16,5,5.54,5.95,5.27,5.97,6.32,5.51,,6.11,6.11,6.02,6.01,,7.12,,5
2008-07-17,5.01,5.55,5.97,5.27,5.95,6.22,5.5,,5.99,6.02,5.94,5.92,,7.02,,5
2008-07-18,5.01,5.57,5.99,5.27,5.95,6.17,5.5,,5.97,6.02,5.96,5.93,,7,,5
2008-07-21,4.58,5.58,6,5.27,6,6.27,5.54,,6.06,6.12,6.07,6.03,,7.1,,5
2008-07-22,4.57,5.59,6.01,5.25,5.91,6.1,5.43,,5.9,5.95,5.93,5.9,,6.97,,5
2008-07-23,4.59,5.59,6.01,5.22,5.88,6.05,5.4,,5.84,5.9,5.92,5.89,,6.92,,5
2008-07-24,5,5.63,6.03,5.21,5.86,6.02,5.38,,5.81,5.87,5.9,5.87,,6.89,,5
2008-07-25,5,5.63,6.04,5.2,5.84,5.99,5.37,,5.77,5.83,5.88,5.85,,6.86,,5
2008-07-28,5.01,5.65,6.05,5.28,5.88,6.07,5.41,,5.85,5.91,5.96,5.93,,6.94,,5
2008-07-29,5,5.66,6.07,5.28,5.85,6.02,5.39,,5.81,5.87,5.93,5.9,,6.9,,5
2008-07-30,5,5.67,6.08,5.27,5.83,5.97,5.37,,5.77,5.82,5.89,5.85,,6.86,,5
2008-07-31,5.03,5.68,6.09,5.28,5.86,6.01,5.4,,5.8,5.86,5.92,5.89,,6.91,,5
2008-08-01,5.02,5.69,6.09,5.28,5.83,5.95,5.37,,5.72,5.76,5.85,5.81,,6.85,,5
2008-08-04,5.02,5.71,6.1,5.3,5.87,6.02,5.42,,5.8,5.84,5.91,5.88,,6.95,,5
2008-08-05,5.02,5.72,6.1,5.3,5.85,5.98,5.41,,5.76,5.8,5.86,5.83,,6.93,,5
2008-08-06,5.01,5.72,6.1,5.3,5.82,5.92,5.39,,5.7,5.74,5.79,5.76,,6.9,,5
2008-08-07,5.24,5.74,6.12,5.3,5.8,5.88,5.38,,5.66,5.69,5.74,5.71,,6.88,,5.25
2008-08-08,5.24,5.75,6.12,5.36,5.84,5.93,5.4,,5.7,5.72,5.76,5.74,,6.92,,5.25
2008-08-11,5.24,5.76,6.13,5.38,5.86,5.97,5.42,,5.72,5.74,5.78,5.76,,6.96,,5.25
2008-08-12,5.25,5.77,6.14,5.39,5.88,6.01,5.45,,5.76,5.79,5.82,5.8,,7,,5.25
2008-08-13,5.25,5.78,6.14,5.39,5.88,6.01,5.45,,5.76,5.81,5.84,5.81,,7,,5.25
2008-08-14,5.25,5.79,6.15,5.39,5.93,6.09,5.5,,5.85,5.91,5.97,5.93,,7.09,,5.25
2008-08-18,5.24,5.79,6.15,5.43,5.95,6.12,5.51,,5.87,5.94,6.03,5.99,,7.19,,5.25
2008-08-19,5.22,5.79,6.15,5.42,5.89,6.02,5.46,,5.77,5.84,5.95,5.92,,7.17,,5.25
2008-08-20,5.23,5.79,6.16,5.41,5.86,5.96,5.43,,5.72,5.79,5.91,5.88,,7.16,,5.25
2008-08-21,5.25,5.79,6.17,5.41,5.85,5.95,5.42,,5.71,5.78,5.91,5.88,,7.16,,5.25
2008-08-22,5.25,5.79,6.18,5.42,5.9,6.05,5.48,,5.81,5.89,6.01,5.98,,7.28,,5.25
2008-08-25,5.24,5.79,6.19,5.35,5.94,6.11,5.52,,5.88,5.96,6.07,6.05,,7.37,,5.25
2008-08-26,5.24,5.79,6.19,5.34,5.91,6.08,5.5,,5.84,5.93,6.03,6.02,,7.36,,5.25
2008-08-27,5.24,5.79,6.19,5.33,5.89,6.06,5.48,,5.81,5.9,6,5.99,,7.35,,5.25
2008-08-28,5.24,5.79,6.19,5.32,5.86,6.03,5.44,,5.76,5.85,5.95,5.94,,7.32,,5.25
2008-08-29,5.25,5.79,6.19,5.32,5.87,6.04,5.44,,5.77,5.86,5.96,5.95,,7.34,,5.25
2008-09-01,5.25,5.79,6.19,5.3,5.93,6.15,5.49,,5.88,5.97,6.07,6.05,,7.46,,5.25
2008-09-02,5.24,5.79,6.19,5.3,5.96,6.22,5.53,,5.97,6.05,6.14,6.12,,7.55,,5.25
2008-09-03,5.25,5.79,6.21,5.3,5.91,6.15,5.49,,5.87,5.95,6.05,6.03,,7.46,,5.25
2008-09-04,5.25,5.79,6.24,5.3,5.88,6.09,5.46,,5.82,5.9,5.99,5.97,,7.41,,5.25
2008-09-05,5.24,5.79,6.27,5.3,5.88,6.09,5.45,,5.8,5.88,5.96,5.94,,7.4,,5.25
2008-09-08,5.25,5.79,6.29,5.34,5.85,6.04,5.43,,5.76,5.84,5.91,5.89,,7.37,,5.25
2008-09-09,5.28,5.79,6.3,5.34,5.84,6.03,5.43,,5.76,5.8,5.91,5.89,,7.37,,5.25
2008-09-10,5.22,5.79,6.31,5.33,5.82,6,5.41,,5.73,5.77,5.89,5.87,,7.34,,5.25
2008-09-11,5.25,5.79,6.31,5.32,5.79,5.92,5.36,,5.69,5.73,5.86,5.84,,7.28,,5.25
2008-09-12,5.25,5.79,6.32,5.31,5.77,5.87,5.34,,5.66,5.71,5.85,5.83,,7.25,,5.25
2008-09-16,5.23,5.79,6.33,5.29,5.66,5.67,5.24,,5.49,5.55,5.73,5.7,,7.09,,5.25
2008-09-17,5.24,5.79,6.34,5.3,5.71,5.77,5.29,,5.6,5.66,5.83,5.81,,7.18,,5.25
2008-09-18,5.12,5.79,6.39,5.36,5.93,6.07,5.51,,5.89,5.95,6.1,6.09,,7.48,,5.25
2008-09-19,5.07,5.79,6.42,5.36,5.88,5.99,5.46,,5.8,5.85,6,5.99,,7.4,,5.25
2008-09-22,4.95,5.79,6.45,5.41,5.94,6.05,5.5,,5.85,5.9,6.04,6.03,,7.46,,5.25
2008-09-23,4.8,5.79,6.48,5.41,5.97,6.07,5.55,,5.88,5.91,6.06,6.05,,7.49,,5.25
2008-09-24,4.86,5.79,6.51,5.41,5.99,6.1,5.57,,5.91,5.94,6.08,6.08,,7.56,,5.25
2008-09-25,5.23,5.8,6.58,5.41,6.03,6.13,5.6,,5.93,5.96,6.1,6.1,,7.66,,5.25
2008-09-26,5.23,5.81,6.62,5.42,6.09,6.22,5.67,,6.01,6.04,6.15,6.16,,7.85,,5.25
2008-09-29,5.22,5.82,6.65,5.42,6.07,6.18,5.66,,5.98,6.01,6.11,6.12,,7.92,,5.25
2008-09-30,5.22,5.83,6.67,5.42,5.92,5.95,5.55,,5.74,5.75,5.86,5.87,,7.76,,5.25
2008-10-01,5.22,5.85,6.69,5.42,5.94,5.97,5.57,,5.75,5.77,5.87,5.89,,7.81,,5.25
2008-10-02,5.22,5.88,6.71,5.41,5.91,5.92,5.54,,5.7,5.72,5.82,5.84,,7.78,,5.25
2008-10-06,5.23,5.91,6.72,5.41,5.98,6,5.6,,5.77,5.79,5.89,5.9,,7.87,,5.25
2008-10-07,5.06,5.95,6.75,5.4,5.92,5.85,5.54,,5.6,5.62,5.72,5.74,,7.78,,5.25
2008-10-08,5.12,5.96,6.76,5.4,5.93,5.87,5.54,,5.61,5.63,5.73,5.75,,7.86,,5.25
2008-10-09,4.98,5.96,6.77,5.26,5.69,5.62,5.31,,5.33,5.34,5.47,5.49,,7.75,,5
2008-10-10,4.98,5.98,6.81,5.23,5.64,5.56,5.22,,5.23,5.25,5.4,5.42,,7.82,,5
2008-10-13,4.98,6,6.87,5.25,5.68,5.63,5.27,,5.29,5.33,5.49,5.5,,7.92,,5
2008-10-14,4.98,6.03,6.92,5.25,5.68,5.63,5.27,,5.28,5.31,5.5,5.51,,7.94,,5
2008-10-15,4.99,6.06,7,5.23,5.64,5.61,5.22,,5.17,5.21,5.47,5.49,,7.9,,5
2008-10-16,4.99,6.08,7.09,5.25,5.7,5.75,5.28,,5.27,5.3,5.6,5.62,,8.06,,5
2008-10-17,4.99,6.1,7.18,5.23,5.65,5.63,5.18,,5.03,5.08,5.48,5.5,,8.01,,5
2008-10-20,4.97,6.12,7.24,5.23,5.67,5.65,5.18,,5.03,5.08,5.5,5.52,,8.06,,5
2008-10-21,4.89,6.14,7.27,5.23,5.69,5.62,5.17,,5,5.04,5.49,5.51,,8.06,,5
2008-10-22,4.89,6.15,7.29,5.18,5.49,5.32,5.02,,4.8,4.84,5.37,5.4,,7.97,,5
2008-10-23,4.98,6.16,7.31,5.19,5.53,5.36,5.05,,4.84,4.88,5.42,5.45,,8.02,,5
2008-10-24,4.98,6.18,7.34,5.19,5.58,5.42,5.08,,4.84,4.9,5.47,5.49,,8.1,,5
2008-10-27,4.28,6.04,7.34,5,5.32,5.14,4.81,,4.52,4.62,5.22,5.24,,7.87,,4.25
2008-10-28,4.24,6.05,7.35,5.02,5.42,5.31,4.87,,4.56,4.7,5.32,5.34,,8,,4.25
2008-10-29,4.24,6.06,7.36,5.02,5.46,5.36,4.89,,4.54,4.71,5.53,5.54,,8.07,,4.25
2008-10-30,4.21,6.06,7.37,5.01,5.46,5.36,4.85,,4.39,4.58,5.5,5.54,,8.05,,4.25
2008-10-31,4.14,5.98,7.38,5.01,5.48,5.39,4.9,,4.47,4.72,5.49,5.53,,8.13,,4.25
2008-11-03,4.1,5.97,7.38,5.01,5.49,5.43,4.96,,4.71,4.98,5.58,5.62,,8.33,,4.25
2008-11-04,4.02,5.94,7.39,5,5.43,5.35,4.91,,4.68,4.94,5.51,5.56,,8.28,,4.25
2008-11-05,4.04,5.93,7.39,4.99,5.36,5.27,4.86,,4.6,4.86,5.42,5.48,,8.21,,4.25
2008-11-06,4.22,5.92,7.39,4.96,5.25,5.13,4.8,,4.55,4.76,5.33,5.38,,8.12,,4.25
2008-11-07,3.97,5.69,7.37,4.82,5.23,5.2,4.83,,4.72,4.94,5.43,5.47,,8.23,,4
2008-11-10,3.97,5.69,7.37,4.69,5.37,5.42,5.1,,5,5.22,5.59,5.63,,8.36,,4
2008-11-11,3.98,5.69,7.37,4.66,5.39,5.42,5.11,,5.01,5.24,5.61,5.65,,8.37,,4
2008-11-12,3.98,5.59,7.37,4.62,5.36,5.37,5.07,,4.94,5.14,5.56,5.6,,8.33,,4
2008-11-13,3.98,5.59,7.37,4.64,5.5,5.61,5.23,,5.24,5.44,5.85,5.89,,8.63,,4
2008-11-14,3.98,5.56,7.36,4.63,5.58,5.78,5.36,,5.4,5.6,6.05,6.09,,8.83,,4
2008-11-17,3.93,5.52,7.36,4.34,5.46,5.61,5.26,,5.23,5.4,5.91,5.96,,8.7,,4
2008-11-18,3.95,5.51,7.36,4.31,5.49,5.71,5.28,,5.36,5.54,6.06,6.11,,8.84,,4
2008-11-19,3.95,5.5,7.36,4.24,5.34,5.5,5.11,,5.16,5.3,5.91,5.97,,8.68,,4
2008-11-20,3.99,5.49,7.35,4.22,5.32,5.48,5.1,,5.15,5.29,5.91,5.97,,8.68,,4
2008-11-21,3.98,5.48,7.33,4.2,5.19,5.32,4.98,,4.99,5.14,5.81,5.87,,8.61,,4
2008-11-24,3.99,5.48,7.31,4.2,5.21,5.36,5,,5.06,5.21,5.88,5.96,,8.71,,4
2008-11-25,3.98,5.47,7.29,4.2,5.21,5.35,4.96,,5.05,5.2,5.88,5.97,,8.8,,4
2008-11-26,3.98,5.45,7.28,4.19,5.13,5.23,4.88,,4.88,5.04,5.77,5.87,,8.78,,4
2008-11-27,3.98,5.45,7.27,4.19,5.13,5.22,4.86,,4.86,5.03,5.74,5.85,,8.86,,4
2008-11-28,3.99,5.45,7.25,4.2,5.15,5.24,4.88,,4.87,5.04,5.75,5.87,,8.91,,4
2008-12-01,3.97,5.45,7.23,4.16,5.07,5.11,4.78,,4.7,4.83,5.63,5.74,,8.91,,4
2008-12-02,3.97,5.45,7.24,4.13,4.95,4.97,4.66,,4.44,4.63,5.5,5.61,,8.86,,4
2008-12-03,3.97,5.45,7.25,4.07,4.79,4.79,4.51,,4.26,4.5,5.35,5.46,,8.8,,4
2008-12-04,3.91,5.45,7.25,4.07,4.79,4.84,4.53,,4.33,4.58,5.41,5.52,,8.9,,4
2008-12-05,3.85,5.45,7.25,4.03,4.61,4.68,4.41,,4.17,4.42,5.23,5.35,,8.8,,4
2008-12-08,3.71,5.45,7.25,3.78,4.58,4.7,4.41,,4.22,4.47,5.26,5.38,,8.85,,4
2008-12-09,3.61,5.44,7.25,3.73,4.52,4.62,4.35,,4.16,4.44,5.21,5.33,,8.81,,4
2008-12-10,3.62,5.44,7.25,3.7,4.55,4.66,4.38,,4.21,4.52,5.2,5.33,,8.86,,4
2008-12-11,3.16,4.75,7.16,3.4,4.14,4.28,4.09,,4.01,4.44,4.96,5.09,,8.62,,3
2008-12-12,2.9,4.75,7.08,3.32,4.02,4.14,3.99,,3.95,4.35,4.85,5,,8.47,,3
2008-12-15,2.83,4.74,6.99,3.12,3.95,4.07,3.97,,3.97,4.35,4.81,4.96,,8.32,,3
2008-12-16,2.78,4.49,6.91,3,3.8,3.92,3.8,,3.85,4.21,4.74,4.9,,8.05,,3
2008-12-17,2.81,4.34,6.82,2.97,3.78,3.91,3.78,,3.84,4.19,4.74,4.92,,7.98,,3
2008-12-18,2.81,4.24,6.77,2.95,3.76,3.92,3.76,,3.82,4.16,4.67,4.88,,7.96,,3
2008-12-19,2.82,4.19,6.72,2.94,3.76,3.97,3.73,,3.81,4.16,4.57,4.85,,7.98,,3
2008-12-22,2.7,4.09,6.67,2.93,3.76,4.03,3.76,,3.88,4.24,4.6,4.89,,8.08,,3
2008-12-23,2.57,4.03,6.64,2.92,3.75,4.02,3.74,,3.87,4.24,4.59,4.89,,8.1,,3
2008-12-24,2.66,3.98,6.6,2.86,3.63,3.89,3.6,,3.75,4.14,4.49,4.81,,8.02,,3
2008-12-26,2.99,3.95,6.57,2.82,3.55,3.8,3.52,,3.68,4.07,4.45,4.79,,7.97,,3
2008-12-29,2.97,3.94,6.53,2.79,3.48,3.72,3.47,,3.61,4.02,4.4,4.76,,7.92,,3
2008-12-30,2.94,3.93,6.5,2.73,3.25,3.5,3.26,,3.41,3.77,4.22,4.6,,7.72,,3
2008-12-31,3.02,3.93,6.49,2.73,3.25,3.5,3.26,,3.41,3.77,4.22,4.6,,7.72,,3
2009-01-02,2.87,3.93,6.46,2.72,3.2,3.47,3.24,,3.42,3.79,4.25,4.63,,7.73,,3
2009-01-05,2.75,3.92,6.42,2.56,2.99,3.26,2.99,,3.35,3.74,4.22,4.6,,7.51,,3
2009-01-06,2.59,3.92,6.37,2.5,2.96,3.24,2.93,,3.34,3.75,4.24,4.62,,7.46,,3
2009-01-07,2.58,3.92,6.34,2.47,3,3.33,2.96,,3.45,3.92,4.35,4.74,,7.45,,3
2009-01-08,2.98,3.25,6.17,2.31,2.74,3.1,2.74,,3.26,3.72,4.16,4.57,,7.25,,3
2009-01-09,2.49,3.18,6.02,2.29,2.78,3.34,2.79,,3.48,3.99,4.37,4.78,,7.43,,2.5
2009-01-12,2.42,3.18,5.74,2.27,2.78,3.34,2.79,,3.53,4.07,4.42,4.83,,7.46,,2.5
2009-01-13,2.26,3.13,5.44,2.24,2.74,3.3,2.73,,3.5,4.04,4.39,4.8,,7.42,,2.5
2009-01-14,2.22,3.02,5.24,2.19,2.63,3.17,2.63,,3.36,3.94,4.28,4.69,,7.25,,2.5
2009-01-15,2.04,2.98,5.06,2.21,2.75,3.33,2.73,,3.56,4.15,4.47,4.88,,7.38,,2.5
2009-01-16,2.02,2.97,4.9,2.21,2.77,3.37,2.74,,3.61,4.22,4.53,4.94,,7.39,,2.5
2009-01-19,1.99,2.97,4.69,2.17,2.66,3.18,2.61,,3.42,4.06,4.43,4.84,,7.25,,2.5
2009-01-20,2,2.97,4.48,2.17,2.67,3.2,2.63,,3.48,4.16,4.52,4.93,,7.29,,2.5
2009-01-21,2.1,2.97,4.38,2.15,2.61,3.11,2.55,,3.39,4.07,4.49,4.9,,7.22,,2.5
2009-01-22,2.51,2.96,4.28,2.15,2.6,3.1,2.54,,3.39,4.04,4.5,4.91,,7.22,,2.5
2009-01-23,2.44,2.96,4.2,2.06,2.58,3.07,2.52,,3.38,3.96,4.5,4.91,,7.19,,2.5
2009-01-28,2.47,2.96,4.13,2.06,2.56,3.02,2.48,,3.36,3.87,4.51,4.92,,7.14,,2.5
2009-01-29,2.45,2.96,4.02,2.06,2.58,3.06,2.49,,3.41,3.91,4.57,4.98,,7.19,,2.5
2009-01-30,2.41,2.96,3.99,2.06,2.6,3.11,2.53,,3.59,4.07,4.71,5.11,,7.29,,2.5
2009-02-02,2.38,2.96,3.98,2.07,2.65,3.25,2.59,,3.78,4.41,5.05,5.45,,7.49,,2.5
2009-02-03,2.38,2.96,3.95,2.07,2.69,3.31,2.55,,3.84,4.55,5.2,5.6,,7.57,,2.5
2009-02-04,2.38,2.96,3.91,2.04,2.63,3.2,2.46,,3.7,4.5,5.2,5.6,,7.45,,2.5
2009-02-05,2.39,2.92,3.88,2.03,2.64,3.27,2.48,,3.79,4.59,5.31,5.69,,7.48,,2.5
2009-02-06,2.39,2.92,3.86,2,2.58,3.19,2.42,,3.73,4.5,5.27,5.63,,7.37,,2.5
2009-02-09,2.2,2.92,3.84,1.98,2.56,3.17,2.41,,3.74,4.52,5.29,5.64,,7.29,,2.5
2009-02-10,2.07,2.92,3.8,1.98,2.54,3.15,2.38,,3.73,4.56,5.31,5.64,,7.17,,2.5
2009-02-11,2.06,2.92,3.78,1.97,2.46,3.05,2.28,,3.66,4.53,5.27,5.59,,7.07,,2.5
2009-02-12,2.02,2.64,3.56,1.93,2.36,2.94,2.2,,3.62,4.54,5.25,5.59,,6.97,,2
2009-02-13,1.92,2.57,3.44,1.9,2.26,2.79,2.12,,3.57,4.5,5.19,5.52,,6.85,,2
2009-02-16,1.69,2.57,3.39,1.88,2.29,2.84,2.14,,3.69,4.56,5.26,5.58,,6.85,,2
2009-02-17,1.76,2.57,3.37,1.87,2.43,3.09,2.27,,3.97,4.88,5.51,5.83,,7.05,,2
2009-02-18,1.75,2.56,3.35,1.83,2.35,2.95,2.19,,3.74,4.84,5.45,5.77,,6.96,,2
2009-02-19,1.79,2.55,3.34,1.81,2.35,2.95,2.19,,3.75,4.71,5.34,5.65,,6.89,,2
2009-02-20,1.82,2.54,3.32,1.8,2.44,3.05,2.27,,3.92,4.77,5.27,5.58,,6.93,,2
2009-02-23,1.76,2.53,3.27,1.78,2.5,3.15,2.3,,3.83,4.64,5.15,5.43,,6.86,,2
2009-02-24,1.55,2.51,3.26,1.78,2.63,3.3,2.37,,3.9,4.64,5.15,5.43,,6.88,,2
2009-02-25,1.58,2.51,3.25,1.78,2.73,3.45,2.56,,3.99,4.67,5.16,5.45,,6.92,,2
2009-02-26,1.88,2.49,3.23,1.77,2.7,3.39,2.55,,3.88,4.58,5.06,5.35,,6.74,,2
2009-02-27,1.87,2.49,3.19,1.74,2.67,3.33,2.54,,3.82,4.57,5.06,5.35,,6.6,,2
2009-03-02,1.75,2.49,3.17,1.73,2.67,3.3,2.54,,3.87,4.63,5.1,5.37,,6.62,,2
2009-03-03,1.75,2.49,3.16,1.72,2.59,3.15,2.47,,3.74,4.59,5.04,5.28,,6.48,,2
2009-03-04,1.76,2.49,3.16,1.71,2.55,3.07,2.44,,3.7,4.62,5.03,5.25,,6.29,,2
2009-03-05,1.75,2.49,3.16,1.71,2.56,3.1,2.46,,3.71,4.67,5.07,5.29,,6.28,,2
2009-03-06,1.76,2.49,3.15,1.7,2.52,3.04,2.43,,3.63,4.57,5.03,5.22,,6.2,,2
2009-03-09,1.7,2.45,3.14,1.7,2.52,3.09,2.43,,3.66,4.61,5.06,5.22,,6.21,,2
2009-03-10,1.63,2.45,3.14,1.68,2.48,3.03,2.39,,3.62,4.5,4.88,5.02,,6.11,,2
2009-03-11,1.64,2.45,3.14,1.68,2.49,3.09,2.42,,3.69,4.53,4.91,5.03,,6.15,,2
2009-03-12,1.78,2.45,3.13,1.66,2.46,3.05,2.39,,3.62,4.4,4.84,4.93,,6.08,,2
2009-03-13,1.82,2.43,3.13,1.68,2.5,3.12,2.44,,3.72,4.44,4.88,4.96,,6.16,,2
2009-03-16,1.82,2.43,3.13,1.69,2.54,3.16,2.47,,3.74,4.5,4.95,5.02,,6.12,,2
2009-03-17,1.94,2.43,3.13,1.69,2.56,3.19,2.46,,3.62,4.36,4.85,4.93,,6.01,,2
2009-03-18,1.87,2.43,3.13,1.7,2.6,3.25,2.48,,3.66,4.35,4.87,4.96,,6.04,,2
2009-03-19,1.79,2.43,3.13,1.71,2.63,3.28,2.49,,3.49,4.15,4.73,4.85,,5.91,,2
2009-03-20,1.81,2.43,3.13,1.72,2.65,3.3,2.5,,3.49,4.18,4.77,4.88,,5.92,,2
2009-03-23,1.74,2.43,3.13,1.78,2.71,3.4,2.59,,3.55,4.28,4.94,5.09,,5.94,,2
2009-03-24,1.63,2.43,3.12,1.79,2.74,3.45,2.63,,3.64,4.43,5.01,5.16,,6.02,,2
2009-03-25,1.56,2.43,3.12,1.79,2.72,3.38,2.61,,3.64,4.48,5,5.15,,6.02,,2
2009-03-26,1.89,2.43,3.12,1.8,2.72,3.39,2.64,,3.71,4.6,5.08,5.22,,6.07,,2
2009-03-27,1.76,2.43,3.12,1.81,2.72,3.39,2.64,,3.74,4.59,5.06,5.21,,6.07,,2
2009-03-30,1.76,2.43,3.12,1.9,2.77,3.46,2.68,,3.89,4.68,5.15,5.29,,6.15,,2
2009-03-31,1.73,2.43,3.12,1.9,2.79,3.49,2.7,,3.94,4.69,5.17,5.31,,6.13,,2
2009-04-01,1.72,2.43,3.12,1.88,2.74,3.4,2.64,,3.83,4.61,5.08,5.22,,6.02,,2
2009-04-02,1.65,2.43,3.12,1.87,2.72,3.38,2.62,,3.87,4.57,5.06,5.19,,5.99,,2
2009-04-03,1.66,2.43,3.12,1.87,2.71,3.39,2.61,,3.95,4.62,5.05,5.18,,5.99,,2
2009-04-06,1.65,2.43,3.12,1.87,2.73,3.45,2.63,,3.99,4.79,5.13,5.25,,6.01,,2
2009-04-07,1.57,2.43,3.12,1.87,2.72,3.45,2.62,,3.94,4.77,5.13,5.24,,5.97,,2
2009-04-08,1.58,2.43,3.12,1.85,2.67,3.41,2.59,,3.89,4.66,5.08,5.19,,5.91,,2
2009-04-09,1.86,2.43,3.11,1.84,2.63,3.41,2.57,,3.88,4.58,5.03,5.14,,5.88,,2
2009-04-10,1.82,2.43,3.11,1.83,2.6,3.41,2.56,,3.88,4.6,5.04,5.15,,5.87,,2
2009-04-13,1.8,2.43,3.1,1.82,2.57,3.44,2.52,,3.88,4.55,5.04,5.15,,5.84,,2
2009-04-14,1.79,2.43,3.09,1.81,2.51,3.38,2.45,,3.78,4.47,4.99,5.1,,5.74,,2
2009-04-15,1.76,2.42,3.08,1.8,2.47,3.35,2.41,,3.75,4.43,4.89,5.04,,5.69,,2
2009-04-16,1.83,2.41,3.07,1.8,2.47,3.36,2.39,,3.8,4.46,4.9,5.06,,5.7,,2
2009-04-17,1.83,2.41,3.06,1.8,2.46,3.31,2.35,,3.72,4.38,4.84,5.01,,5.62,,2
2009-04-20,1.86,2.41,3.05,1.84,2.46,3.29,2.35,,3.7,4.32,4.82,5,,5.59,,2
2009-04-21,1.57,2.41,3.05,1.87,2.47,3.3,2.36,,3.69,4.27,4.81,4.99,,5.57,,2
2009-04-22,1.57,2.41,3.05,1.89,2.51,3.34,2.39,,3.72,4.32,4.84,5.03,,5.59,,2
2009-04-23,1.89,2.41,3.05,1.91,2.52,3.34,2.4,,3.7,4.32,4.83,5.05,,5.55,,2
2009-04-24,1.84,2.41,3.05,1.91,2.51,3.26,2.39,,3.57,4.18,4.72,4.98,,5.37,,2
2009-04-27,1.87,2.41,3.05,1.93,2.56,3.28,2.43,,3.58,4.19,4.73,5,,5.35,,2
2009-04-28,1.85,2.41,3.05,1.93,2.56,3.23,2.43,,3.5,4.05,4.56,4.9,,5.21,,2
2009-04-29,1.84,2.41,3.04,1.94,2.59,3.25,2.46,,3.51,4.07,4.56,4.92,,5.23,,2
2009-04-30,1.85,2.41,3.04,1.96,2.62,3.32,2.53,,3.59,4.17,4.69,5.04,,5.29,,2
2009-05-04,1.77,2.41,3.04,2.07,2.7,3.46,2.62,,3.78,4.38,4.86,5.2,,5.45,,2
2009-05-06,1.72,2.41,3.04,2.07,2.71,3.47,2.62,,3.8,4.42,4.88,5.21,,5.45,,2
2009-05-07,1.83,2.41,3.04,2.07,2.75,3.56,2.66,,3.91,4.57,5.06,5.36,,5.48,,2
2009-05-08,1.92,2.41,3.04,2.07,2.74,3.56,2.66,,3.9,4.58,5.07,5.37,,5.46,,2
2009-05-11,1.93,2.41,3.04,2.1,2.75,3.62,2.67,,3.93,4.61,5.12,5.41,,5.49,,2
2009-05-12,1.93,2.41,3.04,2.07,2.69,3.55,2.61,,3.83,4.51,5.02,5.31,,5.35,,2
2009-05-13,1.93,2.41,3.04,2.07,2.67,3.54,2.61,,3.85,4.53,5.03,5.32,,5.21,,2
2009-05-14,1.93,2.41,3.04,2.05,2.61,3.45,2.55,,3.77,4.45,4.97,5.26,,5.07,,2
2009-05-15,1.93,2.41,3.04,2.06,2.6,3.46,2.55,,3.79,4.47,5.01,5.28,,5.06,,2
2009-05-18,1.89,2.41,3.04,2.08,2.58,3.42,2.52,,3.75,4.41,4.99,5.26,,5.01,,2
2009-05-19,1.74,2.41,3.04,2.11,2.62,3.5,2.57,,3.86,4.53,5.1,5.35,,5.07,,2
2009-05-20,1.73,2.41,3.04,2.11,2.62,3.5,2.57,,3.87,4.55,5.11,5.36,,5.06,,2
2009-05-21,1.96,2.41,3.04,2.11,2.6,3.48,2.53,,3.84,4.53,5.09,5.34,,5.01,,2
2009-05-22,1.97,2.41,3.04,2.11,2.59,3.47,2.53,,3.85,4.55,5.08,5.34,,5,,2
2009-05-25,1.97,2.41,3.04,2.11,2.54,3.46,2.5,,3.81,4.52,5.05,5.33,,4.97,,2
2009-05-26,1.97,2.41,3.02,2.11,2.51,3.45,2.5,,3.79,4.52,5.05,5.33,,4.95,,2
2009-05-27,1.96,2.41,3.01,2.12,2.51,3.48,2.5,,3.82,4.57,5.09,5.38,,4.97,,2
2009-05-28,1.97,2.41,3,2.13,2.51,3.53,2.5,,3.87,4.66,5.17,5.46,,5.01,,2
2009-05-29,1.96,2.41,2.99,2.12,2.48,3.51,2.46,,3.83,4.67,5.17,5.44,,4.98,,2
2009-06-01,1.95,2.41,2.97,2.11,2.46,3.48,2.43,,3.81,4.65,5.15,5.41,,4.96,,2
2009-06-02,1.93,2.41,2.96,2.12,2.48,3.51,2.48,,3.93,4.69,5.19,5.45,,4.97,,2
2009-06-03,1.92,2.41,2.94,2.12,2.48,3.5,2.47,,3.91,4.62,5.14,5.4,,4.94,,2
2009-06-04,1.93,2.42,2.94,2.12,2.47,3.48,2.45,,3.88,4.6,5.11,5.37,,4.91,,2
2009-06-05,1.93,2.41,2.94,2.12,2.47,3.48,2.45,,3.87,4.6,5.12,5.38,,4.9,,2
2009-06-08,1.93,2.41,2.92,2.17,2.56,3.67,2.54,,4.02,4.75,5.28,5.52,,5.06,,2
2009-06-09,1.96,2.41,2.91,2.18,2.62,3.78,2.6,,4.03,4.75,5.3,5.54,,5.11,,2
2009-06-10,1.93,2.41,2.9,2.18,2.65,3.82,2.64,,4.04,4.78,5.32,5.55,,5.13,,2
2009-06-11,1.96,2.41,2.9,2.19,2.93,4.07,2.95,,4.22,4.97,5.48,5.69,,5.32,,2
2009-06-12,1.94,2.41,2.89,2.2,3.06,4.19,3.06,,4.3,4.9,5.41,5.59,,5.4,,2
2009-06-15,1.93,2.41,2.87,2.2,3.2,4.19,3.2,,4.27,4.86,5.38,5.57,,5.38,,2
2009-06-16,1.94,2.41,2.87,2.2,3.2,4.2,3.2,,4.25,4.81,5.35,5.54,,5.36,,2
2009-06-17,1.95,2.41,2.87,2.2,3.2,4.2,3.2,,4.24,4.78,5.32,5.51,,5.35,,2
2009-06-18,1.95,2.41,2.86,2.17,3.17,4.1,3.17,,4.2,4.7,5.24,5.44,,5.31,,2
2009-06-19,1.94,2.41,2.85,2.15,3.12,4.01,3.08,,4.17,4.72,5.25,5.44,,5.29,,2
2009-06-22,1.93,2.41,2.85,2.14,3.04,3.98,3.03,,4.2,4.75,5.29,5.47,,5.33,,2
2009-06-23,1.82,2.41,2.85,2.12,2.96,3.89,2.95,,4.12,4.7,5.25,5.46,,5.29,,2
2009-06-24,1.87,2.41,2.85,2.11,2.92,3.85,2.91,,4.07,4.65,5.22,5.44,,5.26,,2
2009-06-25,1.93,2.41,2.84,2.12,2.98,3.99,2.98,,4.17,4.7,5.26,5.5,,5.37,,2
2009-06-26,1.92,2.41,2.83,2.11,2.95,3.97,2.94,,4.12,4.67,5.21,5.45,,5.34,,2
2009-06-29,1.92,2.41,2.81,2.11,2.93,3.94,2.92,,4.1,4.6,5.15,5.39,,5.32,,2
2009-06-30,1.96,2.41,2.8,2.11,2.97,4,2.95,,4.16,4.64,5.19,5.43,,5.39,,2
2009-07-01,1.9,2.41,2.8,2.09,2.95,3.97,2.93,,4.08,4.56,5.08,5.33,,5.35,,2
2009-07-02,1.92,2.41,2.79,2.08,2.93,3.95,2.91,,4.06,4.53,5.05,5.3,,5.34,,2
2009-07-03,1.92,2.41,2.77,2.06,2.89,3.9,2.86,,4.04,4.54,5.04,5.29,,5.32,,2
2009-07-06,1.93,2.41,2.78,2.07,2.89,3.92,2.83,,4.09,4.57,5.08,5.33,,5.36,,2
2009-07-07,1.92,2.41,2.78,2.07,2.9,4,2.85,,4.13,4.63,5.14,5.38,,5.42,,2
2009-07-08,1.92,2.41,2.78,2.04,2.87,3.9,2.8,,4.06,4.56,5.09,5.34,,5.39,,2
2009-07-09,1.93,2.41,2.77,2.03,2.78,3.76,2.73,,4,4.49,5.04,5.29,,5.33,,2
2009-07-10,1.94,2.41,2.77,2.03,2.69,3.67,2.64,,3.91,4.41,4.98,5.24,,5.26,,2
2009-07-13,1.94,2.41,2.77,2.08,2.71,3.69,2.65,,3.95,4.46,5.03,5.28,,5.3,,2
2009-07-14,1.95,2.41,2.77,2.07,2.71,3.67,2.65,,3.96,4.48,5.07,5.32,,5.32,,2
2009-07-15,1.95,2.41,2.77,2.08,2.74,3.68,2.66,,3.99,4.54,5.15,5.4,,5.36,,2
2009-07-16,1.95,2.41,2.77,2.08,2.74,3.7,2.66,,3.99,4.51,5.16,5.41,,5.37,,2
2009-07-17,1.94,2.41,2.77,2.11,2.79,3.83,2.73,,4.1,4.61,5.26,5.5,,5.48,,2
2009-07-20,1.94,2.41,2.77,2.15,2.83,3.9,2.76,,4.18,4.72,5.38,5.59,,5.57,,2
2009-07-21,1.93,2.41,2.76,2.15,2.82,3.9,2.75,,4.16,4.69,5.35,5.57,,5.56,,2
2009-07-22,1.93,2.41,2.76,2.16,2.83,3.93,2.76,,4.21,4.75,5.37,5.58,,5.61,,2
2009-07-23,1.93,2.41,2.75,2.14,2.81,3.88,2.72,,4.16,4.71,5.26,5.49,,5.58,,2
2009-07-24,1.93,2.41,2.75,2.14,2.8,3.85,2.71,,4.16,4.7,5.26,5.48,,5.58,,2
2009-07-27,1.93,2.41,2.74,2.15,2.81,3.86,2.71,,4.17,4.73,5.27,5.5,,5.59,,2
2009-07-28,1.93,2.41,2.74,2.15,2.81,3.87,2.71,,4.16,4.71,5.27,5.5,,5.59,,2
2009-07-29,1.93,2.41,2.74,2.15,2.84,3.9,2.73,,4.17,4.71,5.3,5.52,,5.6,,2
2009-07-30,1.93,2.41,2.74,2.15,2.82,3.88,2.72,,4.15,4.67,5.25,5.48,,5.58,,2
2009-07-31,1.95,2.41,2.74,2.18,2.88,4,2.78,,4.26,4.76,5.33,5.54,,5.68,,2
2009-08-03,1.94,2.41,2.74,2.21,2.95,4.1,2.85,,4.37,4.88,5.39,5.6,,5.77,,2
2009-08-04,1.97,2.41,2.74,2.2,2.94,4.09,2.84,,4.35,4.86,5.37,5.59,,5.75,,2
2009-08-05,1.97,2.41,2.74,2.21,3.03,4.16,2.89,,4.43,4.92,5.4,5.62,,5.81,,2
2009-08-06,1.98,2.42,2.74,2.23,3.12,4.25,2.95,,4.49,4.95,5.43,5.63,,5.86,,2
2009-08-07,1.99,2.42,2.74,2.23,3.14,4.26,2.96,,4.46,4.94,5.4,5.6,,5.85,,2
2009-08-10,1.99,2.42,2.75,2.25,3.2,4.26,2.98,,4.47,4.99,5.44,5.61,,5.86,,2
2009-08-11,1.99,2.42,2.75,2.24,3.17,4.21,2.98,,4.41,4.95,5.44,5.58,,5.8,,2
2009-08-12,1.98,2.42,2.75,2.25,3.27,4.24,3.06,,4.45,4.97,5.46,5.6,,5.81,,2
2009-08-13,1.98,2.45,2.75,2.27,3.32,4.3,3.11,,4.52,5.01,5.49,5.63,,5.88,,2
2009-08-14,1.97,2.47,2.75,2.29,3.39,4.4,3.19,,4.61,5.06,5.53,5.66,,5.94,,2
2009-08-17,1.98,2.48,2.76,2.29,3.38,4.29,3.16,,4.46,4.93,5.46,5.58,,5.8,,2
2009-08-18,1.97,2.49,2.76,2.3,3.41,4.36,3.2,,4.51,4.97,5.49,5.61,,5.81,,2
2009-08-19,1.97,2.49,2.77,2.28,3.4,4.28,3.19,,4.37,4.84,5.41,5.52,,5.67,,2
2009-08-20,1.99,2.51,2.79,2.29,3.42,4.32,3.22,,4.39,4.88,5.47,5.56,,5.68,,2
2009-08-21,1.98,2.51,2.8,2.29,3.43,4.36,3.23,,4.34,4.81,5.42,5.52,,5.63,,2
2009-08-24,1.98,2.51,2.81,2.31,3.51,4.44,3.29,,4.4,4.86,5.52,5.63,,5.67,,2
2009-08-25,1.98,2.52,2.82,2.31,3.51,4.38,3.35,,4.34,4.8,5.46,5.58,,5.61,,2
2009-08-26,1.98,2.56,2.82,2.31,3.49,4.33,3.38,,4.36,4.84,5.44,5.58,,5.59,,2
2009-08-27,1.97,2.57,2.83,2.3,3.46,4.28,3.37,,4.31,4.81,5.4,5.54,,5.54,,2
2009-08-28,1.97,2.57,2.83,2.31,3.5,4.34,3.4,,4.35,4.88,5.44,5.57,,5.58,,2
2009-08-31,1.99,2.57,2.84,2.33,3.52,4.38,3.42,,4.38,4.91,5.46,5.59,,5.61,,2
2009-09-01,1.98,2.57,2.84,2.33,3.52,4.4,3.43,,4.37,4.91,5.45,5.58,,5.61,,2
2009-09-02,1.98,2.57,2.84,2.29,3.45,4.33,3.39,,4.31,4.83,5.38,5.52,,5.55,,2
2009-09-03,1.97,2.57,2.84,2.26,3.42,4.3,3.37,,4.28,4.78,5.34,5.49,,5.53,,2
2009-09-04,1.97,2.57,2.84,2.25,3.43,4.31,3.37,,4.3,4.79,5.35,5.51,,5.53,,2
2009-09-07,1.97,2.57,2.84,2.25,3.42,4.33,3.36,,4.33,4.84,5.37,5.53,,5.54,,2
2009-09-08,1.91,2.57,2.84,2.23,3.38,4.31,3.33,,4.31,4.82,5.35,5.51,,5.5,,2
2009-09-09,1.98,2.57,2.84,2.21,3.34,4.26,3.31,,4.29,4.81,5.34,5.51,,5.48,,2
2009-09-10,1.99,2.58,2.84,2.29,3.54,4.5,3.5,,4.5,4.96,5.45,5.61,,5.67,,2
2009-09-11,1.99,2.59,2.84,2.3,3.53,4.49,3.5,,4.49,4.96,5.43,5.58,,5.65,,2
2009-09-14,2,2.61,2.84,2.34,3.52,4.5,3.5,,4.49,4.96,5.44,5.57,,5.65,,2
2009-09-15,1.99,2.62,2.84,2.34,3.49,4.45,3.48,,4.47,4.93,5.4,5.54,,5.63,,2
2009-09-16,1.99,2.63,2.84,2.33,3.4,4.38,3.42,,4.4,4.86,5.38,5.51,,5.56,,2
2009-09-17,2,2.64,2.85,2.33,3.39,4.39,3.42,,4.4,4.82,5.35,5.48,,5.56,,2
2009-09-18,2,2.65,2.85,2.33,3.38,4.38,3.38,,4.37,4.77,5.32,5.45,,5.53,,2
2009-09-21,1.97,2.68,2.86,2.36,3.44,4.47,3.43,,4.43,4.84,5.37,5.5,,5.58,,2
2009-09-22,1.8,2.7,2.86,2.38,3.48,4.53,3.47,,4.49,4.91,5.4,5.53,,5.63,,2
2009-09-23,1.79,2.71,2.86,2.39,3.49,4.52,3.48,,4.47,4.88,5.37,5.51,,5.61,,2
2009-09-24,2,2.72,2.87,2.39,3.5,4.51,3.49,,4.44,4.83,5.36,5.5,,5.58,,2
2009-09-25,2,2.72,2.88,2.42,3.51,4.51,3.5,,4.43,4.8,5.35,5.5,,5.56,,2
2009-09-28,2,2.73,2.89,2.44,3.55,4.55,3.53,,4.45,4.81,5.36,5.55,,5.58,,2
2009-09-29,2.01,2.74,2.91,2.46,3.58,4.58,3.57,,4.47,4.84,5.38,5.58,,5.6,,2
2009-09-30,2,2.75,2.92,2.44,3.54,4.48,3.54,,4.39,4.81,5.34,5.54,,5.53,,2
2009-10-01,2,2.76,2.93,2.43,3.54,4.46,3.54,,4.36,4.78,5.32,5.53,,5.51,,2
2009-10-05,1.99,2.77,2.94,2.42,3.54,4.44,3.54,,4.34,4.75,5.3,5.51,,5.49,,2
2009-10-06,2,2.78,2.94,2.45,3.61,4.56,3.61,,4.44,4.84,5.37,5.57,,5.59,,2
2009-10-07,1.99,2.79,2.94,2.45,3.62,4.61,3.61,,4.45,4.81,5.36,5.55,,5.59,,2
2009-10-08,1.99,2.8,2.96,2.45,3.63,4.58,3.62,,4.47,4.81,5.35,5.57,,5.61,,2
2009-10-09,1.99,2.81,2.97,2.39,3.55,4.42,3.53,,4.36,4.77,5.28,5.5,,5.5,,2
2009-10-12,1.99,2.81,2.98,2.34,3.47,4.39,3.48,,4.39,4.87,5.37,5.59,,5.53,,2
2009-10-13,1.99,2.81,2.98,2.3,3.44,4.36,3.43,,4.37,4.85,5.38,5.59,,5.51,,2
2009-10-14,1.99,2.81,2.98,2.26,3.42,4.37,3.4,,4.37,4.85,5.39,5.59,,5.51,,2
2009-10-15,1.99,2.8,2.98,2.25,3.43,4.44,3.41,,4.43,4.88,5.43,5.62,,5.55,,2
2009-10-16,1.98,2.8,2.98,2.28,3.52,4.61,3.5,,4.56,4.96,5.52,5.71,,5.67,,2
2009-10-19,1.98,2.8,2.98,2.25,3.52,4.6,3.5,,4.54,4.96,5.53,5.71,,5.66,,2
2009-10-20,1.99,2.79,2.98,2.23,3.53,4.64,3.51,,4.55,4.98,5.53,5.71,,5.67,,2
2009-10-21,2.02,2.79,2.98,2.21,3.52,4.6,3.49,,4.53,4.97,5.53,5.7,,5.65,,2
2009-10-22,2,2.79,2.98,2.21,3.54,4.64,3.5,,4.55,5,5.55,5.72,,5.67,,2
2009-10-23,2,2.79,2.98,2.22,3.58,4.69,3.56,,4.59,5.06,5.6,5.77,,5.71,,2
2009-10-26,2,2.79,2.98,2.22,3.62,4.72,3.58,,4.62,5.1,5.63,5.8,,5.74,,2
2009-10-27,2,2.79,2.98,2.21,3.57,4.63,3.55,,4.54,5.01,5.54,5.73,,5.66,,2
2009-10-28,2,2.79,2.98,2.21,3.55,4.62,3.54,,4.51,4.98,5.51,5.7,,5.64,,2
2009-10-29,2.01,2.79,2.98,2.2,3.52,4.59,3.51,,4.45,4.93,5.44,5.62,,5.59,,2
2009-10-30,2.01,2.79,2.98,2.2,3.52,4.59,3.51,,4.44,4.94,5.43,5.59,,5.58,,2
2009-11-02,2,2.79,2.98,2.2,3.49,4.58,3.5,,4.43,4.93,5.4,5.57,,5.57,,2
2009-11-03,1.99,2.79,2.98,2.2,3.47,4.56,3.48,,4.43,4.93,5.4,5.56,,5.56,,2
2009-11-04,1.99,2.79,2.98,2.21,3.48,4.58,3.49,,4.47,4.98,5.44,5.6,,5.6,,2
2009-11-05,2,2.79,2.98,2.2,3.45,4.52,3.45,,4.46,4.97,5.43,5.59,,5.58,,2
2009-11-06,2,2.79,2.98,2.2,3.44,4.52,3.44,,4.46,4.98,5.47,5.61,,5.58,,2
2009-11-09,2,2.79,2.98,2.2,3.41,4.54,3.4,,4.49,5,5.5,5.64,,5.59,,2
2009-11-10,2.07,2.79,2.98,2.19,3.37,4.49,3.37,,4.47,4.95,5.5,5.64,,5.56,,2
2009-11-11,1.98,2.79,2.98,2.19,3.34,4.43,3.34,,4.42,4.92,5.47,5.61,,5.52,,2
2009-11-12,2.01,2.79,2.98,2.17,3.29,4.35,3.28,,4.34,4.85,5.38,5.53,,5.44,,2
2009-11-13,2,2.79,2.98,2.16,3.24,4.28,3.23,,4.27,4.84,5.38,5.53,,5.39,,2
2009-11-16,2.01,2.79,2.98,2.16,3.24,4.31,3.23,,4.29,4.9,5.46,5.59,,5.41,,2
2009-11-17,1.99,2.79,2.97,2.13,3.2,4.26,3.18,,4.24,4.82,5.4,5.56,,5.35,,2
2009-11-18,1.96,2.79,2.97,2.14,3.2,4.27,3.19,,4.27,4.84,5.41,5.59,,5.38,,2
2009-11-19,1.95,2.79,2.96,2.12,3.19,4.25,3.18,,4.24,4.78,5.35,5.55,,5.35,,2
2009-11-20,2.01,2.79,2.96,2.12,3.19,4.28,3.18,,4.26,4.76,5.34,5.55,,5.36,,2
2009-11-23,2.03,2.79,2.96,2.13,3.23,4.33,3.22,,4.3,4.8,5.38,5.61,,5.4,,2
2009-11-24,2,2.79,2.96,2.13,3.23,4.3,3.21,,4.28,4.78,5.37,5.59,,5.38,,2
2009-11-25,1.99,2.79,2.96,2.14,3.23,4.25,3.2,,4.25,4.75,5.34,5.56,,5.35,,2
2009-11-26,2.01,2.79,2.96,2.15,3.21,4.18,3.18,,4.2,4.71,5.31,5.53,,5.3,,2
2009-11-27,2,2.79,2.96,2.14,3.13,4.03,3.1,,4.05,4.57,5.24,5.45,,5.17,,2
2009-11-30,2.01,2.79,2.96,2.16,3.14,4.07,3.12,,4.1,4.61,5.25,5.47,,5.21,,2
2009-12-01,2,2.79,2.96,2.16,3.13,4.02,3.09,,4.05,4.57,5.22,5.44,,5.16,,2
2009-12-02,2,2.79,2.96,2.19,3.18,4.18,3.13,,4.13,4.64,5.3,5.5,,5.24,,2
2009-12-03,2,2.79,2.96,2.19,3.19,4.16,3.13,,4.12,4.63,5.28,5.49,,5.23,,2
2009-12-04,2,2.79,2.96,2.2,3.22,4.18,3.16,,4.16,4.68,5.27,5.48,,5.27,,2
2009-12-07,1.99,2.79,2.96,2.23,3.27,4.24,3.22,,4.24,4.75,5.32,5.52,,5.35,,2
2009-12-08,1.97,2.79,2.96,2.22,3.25,4.17,3.19,,4.2,4.7,5.25,5.46,,5.3,,2
2009-12-09,1.99,2.79,2.96,2.22,3.24,4.13,3.19,,4.17,4.7,5.24,5.44,,5.27,,2
2009-12-10,2.01,2.79,2.96,2.28,3.34,4.27,3.3,,4.26,4.79,5.32,5.52,,5.36,,2
2009-12-11,2,2.79,2.97,2.29,3.33,4.26,3.29,,4.22,4.76,5.3,5.5,,5.33,,2
2009-12-14,2,2.79,2.97,2.3,3.35,4.3,3.3,,4.25,4.77,5.3,5.5,,5.35,,2
2009-12-15,2,2.79,2.97,2.29,3.33,4.25,3.27,,4.18,4.68,5.25,5.45,,5.28,,2
2009-12-16,2,2.83,2.98,2.32,3.38,4.32,3.33,,4.25,4.72,5.3,5.5,,5.35,,2
2009-12-17,2,2.85,2.98,2.33,3.38,4.31,3.33,,4.24,4.73,5.3,5.5,,5.35,,2
2009-12-18,2,2.85,2.99,2.32,3.36,4.27,3.31,,4.2,4.69,5.25,5.45,,5.3,,2
2009-12-21,2,2.85,3.01,2.34,3.37,4.28,3.32,,4.19,4.71,5.28,5.48,,5.3,,2
2009-12-22,1.99,2.85,3.03,2.39,3.44,4.38,3.41,,4.31,4.83,5.37,5.58,,5.42,,2
2009-12-23,1.98,2.85,3.04,2.39,3.42,4.33,3.39,,4.28,4.81,5.34,5.55,,5.39,,2
2009-12-24,2,2.85,3.06,2.4,3.44,4.38,3.41,,4.32,4.84,5.36,5.57,,5.44,,2
2009-12-28,2,2.85,3.07,2.41,3.47,4.4,3.44,,4.36,4.87,5.39,5.6,,5.48,,2
2009-12-29,2,2.85,3.08,2.42,3.5,4.43,3.46,,4.39,4.9,5.4,5.61,,5.51,,2
2009-12-30,2,2.86,3.09,2.43,3.52,4.44,3.48,,4.41,4.92,5.39,5.61,,5.53,,2
2009-12-31,2.01,2.86,3.09,2.43,3.52,4.44,3.48,,4.41,4.92,5.39,5.61,,5.53,,2
2010-01-04,1.98,2.88,3.1,2.44,3.54,4.49,3.5,,4.44,4.98,5.43,5.65,,5.56,,2
2010-01-05,1.98,2.88,3.11,2.4,3.46,4.38,3.43,,4.36,4.9,5.35,5.56,,5.48,,2
2010-01-06,1.96,2.88,3.11,2.4,3.49,4.44,3.46,,4.43,4.94,5.38,5.59,,5.54,,2
2010-01-07,1.99,2.88,3.12,2.35,3.42,4.33,3.39,,4.32,4.84,5.29,5.5,,5.44,,2
2010-01-08,2,2.88,3.12,2.35,3.42,4.31,3.38,,4.36,4.91,5.36,5.56,,5.47,,2
2010-01-11,2,2.88,3.12,2.33,3.28,4.18,3.26,,4.27,4.86,5.38,5.58,,5.38,,2
2010-01-12,2,2.88,3.12,2.32,3.27,4.17,3.24,,4.25,4.81,5.37,5.56,,5.36,,2
2010-01-13,2,2.88,3.12,2.32,3.27,4.19,3.25,,4.26,4.81,5.36,5.55,,5.37,,2
2010-01-14,2,2.88,3.12,2.32,3.27,4.18,3.24,,4.23,4.78,5.34,5.53,,5.35,,2
2010-01-15,2,2.88,3.12,2.32,3.28,4.2,3.25,,4.24,4.8,5.36,5.55,,5.37,,2
2010-01-18,1.99,2.88,3.12,2.34,3.3,4.25,3.27,,4.28,4.84,5.39,5.58,,5.41,,2
2010-01-19,1.99,2.88,3.12,2.34,3.28,4.21,3.24,,4.24,4.8,5.34,5.53,,5.37,,2
2010-01-20,1.97,2.88,3.12,2.34,3.29,4.21,3.24,,4.24,4.8,5.34,5.53,,5.37,,2
2010-01-21,2.01,2.88,3.12,2.34,3.3,4.21,3.24,,4.26,4.81,5.34,5.53,,5.38,,2
2010-01-22,2,2.88,3.12,2.35,3.28,4.18,3.22,,4.24,4.8,5.33,5.52,,5.35,,2
2010-01-25,2.01,2.88,3.12,2.42,3.3,4.18,3.23,,4.26,4.82,5.35,5.51,,5.37,,2
2010-01-26,2.01,2.88,3.12,2.41,3.27,4.11,3.2,,4.21,4.77,5.31,5.47,,5.32,,2
2010-01-27,2,2.88,3.12,2.41,3.29,4.13,3.22,,4.23,4.8,5.33,5.5,,5.35,,2
2010-01-28,2,2.88,3.12,2.43,3.32,4.2,3.25,,4.31,4.87,5.38,5.55,,5.43,,2
2010-01-29,2,2.88,3.12,2.42,3.29,4.1,3.22,,4.27,4.82,5.34,5.5,,5.39,,2
2010-02-01,2.01,2.88,3.12,2.43,3.29,4.12,3.22,,4.3,4.85,5.36,5.51,,5.42,,2
2010-02-02,2,2.88,3.12,2.42,3.27,4.06,3.19,,4.27,4.84,5.34,5.49,,5.4,,2
2010-02-03,2,2.88,3.12,2.41,3.26,4.11,3.17,,4.27,4.84,5.35,5.5,,5.4,,2
2010-02-04,2,2.88,3.12,2.4,3.24,4.08,3.16,,4.26,4.84,5.36,5.5,,5.39,,2
2010-02-05,2,2.88,3.12,2.38,3.21,4.11,3.13,,4.22,4.79,5.32,5.46,,5.36,,2
2010-02-08,2,2.88,3.12,2.27,3.23,4.16,3.15,,4.26,4.8,5.35,5.49,,5.4,,2
2010-02-09,1.99,2.88,3.12,2.27,3.22,4.13,3.14,,4.27,4.82,5.36,5.5,,5.4,,2
2010-02-10,1.97,2.88,3.12,2.27,3.22,4.1,3.14,,4.27,4.83,5.36,5.5,,5.4,,2
2010-02-11,2.02,2.88,3.12,2.27,3.18,4.02,3.1,,4.18,4.76,5.31,5.46,,5.31,,2
2010-02-12,2.01,2.88,3.12,2.26,3.12,3.94,3.06,,4.12,4.72,5.29,5.44,,5.25,,2
2010-02-16,2.01,2.88,3.12,2.3,3.11,3.95,3.06,,4.12,4.73,5.3,5.46,,5.25,,2
2010-02-17,2.01,2.88,3.12,2.3,3.1,3.96,3.05,,4.1,4.73,5.3,5.46,,5.24,,2
2010-02-18,2.01,2.88,3.12,2.3,3.1,3.97,3.06,,4.1,4.72,5.29,5.46,,5.24,,2
2010-02-19,2.01,2.88,3.12,2.32,3.15,4.09,3.13,,4.18,4.77,5.31,5.48,,5.32,,2
2010-02-22,1.98,2.88,3.12,2.31,3.18,4.12,3.14,,4.2,4.77,5.3,5.44,,5.34,,2
2010-02-23,1.92,2.88,3.12,2.3,3.16,4.08,3.12,,4.16,4.75,5.27,5.43,,5.3,,2
2010-02-24,1.9,2.88,3.11,2.29,3.15,4.05,3.11,,4.14,4.69,5.22,5.4,,5.28,,2
2010-02-25,2.02,2.88,3.11,2.28,3.12,4,3.08,,4.09,4.61,5.13,5.32,,5.23,,2
2010-02-26,2.01,2.88,3.11,2.28,3.12,4.01,3.07,,4.1,4.62,5.14,5.33,,5.24,,2
2010-03-02,2.01,2.88,3.11,2.2,3.11,4.01,3.06,,4.11,4.63,5.14,5.33,,5.24,,2
2010-03-03,2.01,2.88,3.11,2.19,3.08,3.98,3.03,,4.09,4.6,5.11,5.3,,5.22,,2
2010-03-04,2.02,2.88,3.11,2.19,3.07,3.99,3.02,,4.08,4.56,5.06,5.27,,5.21,,2
2010-03-05,2.01,2.86,3.11,2.2,3.07,4,3.01,,4.1,4.56,5.04,5.24,,5.22,,2
2010-03-08,2.01,2.86,3.11,2.21,3.1,4.01,3.01,,4.12,4.58,5.04,5.24,,5.24,,2
2010-03-09,2.02,2.86,3.11,2.21,3.08,3.98,2.99,,4.1,4.59,5.03,5.22,,5.22,,2
2010-03-10,1.99,2.86,3.11,2.21,3.06,3.96,2.98,,4.08,4.57,5.01,5.2,,5.2,,2
2010-03-11,2.02,2.84,3.11,2.18,2.95,3.82,2.88,,3.97,4.45,4.89,5.06,,5.09,,2
2010-03-12,2.01,2.83,3.1,2.17,2.91,3.77,2.85,,3.93,4.39,4.84,5.01,,5.05,,2
2010-03-15,2.01,2.83,3.1,2.2,2.9,3.76,2.84,,3.93,4.41,4.85,5.01,,5.05,,2
2010-03-16,2,2.82,3.09,2.19,2.84,3.68,2.78,,3.84,4.38,4.83,4.99,,4.94,,2
2010-03-17,2,2.82,3.08,2.17,2.8,3.61,2.73,,3.8,4.35,4.79,4.95,,4.88,,2
2010-03-18,2.01,2.82,3.07,2.16,2.77,3.56,2.7,,3.76,4.3,4.74,4.9,,4.83,,2
2010-03-19,2.01,2.82,3.07,2.16,2.77,3.57,2.7,,3.79,4.32,4.72,4.89,,4.84,,2
2010-03-22,2,2.81,3.06,2.17,2.75,3.55,2.69,,3.77,4.26,4.68,4.87,,4.81,,2
2010-03-23,2,2.81,3.05,2.19,2.81,3.68,2.75,,3.9,4.4,4.81,4.99,,4.92,,2
2010-03-24,1.98,2.81,3.03,2.19,2.82,3.7,2.77,,3.94,4.49,4.94,5.11,,4.96,,2
2010-03-25,2.01,2.81,3.02,2.16,2.73,3.6,2.7,,3.82,4.39,4.86,5.04,,4.85,,2
2010-03-26,2,2.78,3.01,2.16,2.73,3.59,2.7,,3.84,4.42,4.91,5.09,,4.86,,2
2010-03-29,1.99,2.78,2.98,2.16,2.73,3.64,2.71,,3.92,4.53,4.98,5.17,,4.91,,2
2010-03-30,1.99,2.78,2.95,2.16,2.73,3.62,2.71,,3.9,4.56,4.99,5.18,,4.91,,2
2010-03-31,2,2.78,2.92,2.16,2.72,3.59,2.7,,3.89,4.52,4.95,5.15,,4.89,,2
2010-04-01,1.99,2.78,2.91,2.14,2.67,3.5,2.66,,3.84,4.46,4.91,5.1,,4.84,,2
2010-04-02,1.99,2.78,2.9,2.14,2.66,3.46,2.65,,3.84,4.47,4.93,5.13,,4.84,,2
2010-04-05,2,2.72,2.88,2.14,2.69,3.52,2.67,,3.85,4.52,4.96,5.16,,4.85,,2
2010-04-06,2.02,2.63,2.85,2.14,2.71,3.55,2.67,,3.84,4.49,4.94,5.15,,4.84,,2
2010-04-07,2.02,2.63,2.83,2.14,2.71,3.59,2.67,,3.82,4.42,4.88,5.11,,4.82,,2
2010-04-08,2,2.53,2.8,2.14,2.68,3.52,2.64,,3.74,4.35,4.81,5.05,,4.74,,2
2010-04-09,2,2.46,2.77,2.14,2.69,3.51,2.65,,3.77,4.43,4.83,5.08,,4.77,,2
2010-04-12,2.01,2.45,2.73,2.15,2.72,3.57,2.68,,3.85,4.53,4.94,5.18,,4.85,,2
2010-04-13,2.01,2.45,2.72,2.15,2.72,3.56,2.68,,3.83,4.52,4.95,5.18,,4.81,,2
2010-04-14,2,2.45,2.71,2.15,2.73,3.58,2.7,,3.87,4.56,4.98,5.2,,4.84,,2
2010-04-15,2,2.45,2.69,2.15,2.73,3.53,2.69,,3.85,4.54,4.97,5.19,,4.79,,2
2010-04-16,1.99,2.45,2.68,2.15,2.71,3.5,2.67,,3.8,4.49,4.93,5.16,,4.73,,2
2010-04-19,2,2.45,2.66,2.15,2.72,3.52,2.67,,3.78,4.48,4.94,5.17,,4.69,,2
2010-04-20,2,2.45,2.65,2.15,2.72,3.53,2.67,,3.76,4.46,4.94,5.17,,4.66,,2
2010-04-21,2.01,2.45,2.64,2.15,2.73,3.57,2.68,,3.8,4.49,4.97,5.2,,4.65,,2
2010-04-22,2,2.45,2.64,2.15,2.72,3.56,2.68,,3.77,4.45,4.94,5.18,,4.62,,2
2010-04-23,2,2.45,2.64,2.15,2.72,3.57,2.68,,3.76,4.41,4.91,5.14,,4.6,,2
2010-04-26,2.01,2.45,2.64,2.15,2.72,3.57,2.68,,3.75,4.4,4.9,5.13,,4.58,,2
2010-04-27,2.01,2.45,2.64,2.15,2.7,3.51,2.66,,3.66,4.32,4.84,5.09,,4.49,,2
2010-04-28,2,2.45,2.64,2.15,2.69,3.48,2.65,,3.62,4.3,4.83,5.07,,4.44,,2
2010-04-29,2,2.45,2.64,2.15,2.67,3.43,2.63,,3.58,4.26,4.81,5.05,,4.4,,2
2010-04-30,2,2.45,2.64,2.15,2.68,3.48,2.65,,3.61,4.27,4.82,5.06,,4.41,,2
2010-05-03,2.05,2.45,2.64,2.15,2.73,3.6,2.68,,3.7,4.32,4.86,5.1,,4.47,,2
2010-05-04,2.05,2.45,2.64,2.15,2.75,3.64,2.69,,3.71,4.32,4.86,5.11,,4.48,,2
2010-05-06,2.01,2.45,2.64,2.15,2.79,3.69,2.72,,3.79,4.43,4.93,5.17,,4.53,,2
2010-05-07,2.01,2.45,2.64,2.14,2.77,3.61,2.69,,3.69,4.37,4.89,5.13,,4.44,,2
2010-05-10,2.01,2.45,2.63,2.13,2.81,3.62,2.7,,3.71,4.44,4.96,5.19,,4.46,,2
2010-05-11,2.01,2.45,2.63,2.13,2.79,3.56,2.68,,3.64,4.36,4.9,5.15,,4.39,,2
2010-05-12,2.01,2.45,2.63,2.14,2.87,3.7,2.74,,3.77,4.46,4.97,5.21,,4.51,,2
2010-05-13,2.01,2.45,2.64,2.14,2.89,3.71,2.75,,3.79,4.48,4.98,5.22,,4.53,,2
2010-05-14,2.01,2.45,2.65,2.14,2.88,3.67,2.75,,3.78,4.48,4.99,5.22,,4.52,,2
2010-05-17,2.01,2.45,2.66,2.14,2.89,3.67,2.76,,3.78,4.5,5.04,5.26,,4.53,,2
2010-05-18,2.01,2.45,2.67,2.14,2.89,3.69,2.76,,3.77,4.5,5.04,5.26,,4.53,,2
2010-05-19,2.01,2.45,2.67,2.14,2.89,3.72,2.76,,3.76,4.48,5.03,5.26,,4.53,,2
2010-05-20,2.02,2.45,2.68,2.14,2.89,3.7,2.76,,3.74,4.45,5,5.24,,4.51,,2
2010-05-24,2.02,2.45,2.69,2.18,2.87,3.62,2.74,,3.64,4.35,4.94,5.19,,4.43,,2
2010-05-25,2.01,2.45,2.7,2.18,2.85,3.55,2.72,,3.59,4.31,4.92,5.18,,4.4,,2
2010-05-26,1.99,2.45,2.7,2.18,2.87,3.57,2.74,,3.61,4.37,4.96,5.21,,4.44,,2
2010-05-27,1.98,2.45,2.71,2.18,2.86,3.58,2.74,,3.6,4.37,4.93,5.2,,4.44,,2
2010-05-28,1.98,2.45,2.71,2.18,2.89,3.62,2.75,,3.61,4.39,4.94,5.21,,4.46,,2
2010-05-31,2,2.45,2.71,2.18,2.9,3.62,2.75,,3.58,4.36,4.93,5.2,,4.45,,2
2010-06-01,1.99,2.45,2.71,2.18,2.9,3.66,2.75,,3.57,4.31,4.89,5.16,,4.46,,2
2010-06-03,1.99,2.45,2.71,2.18,2.94,3.7,2.78,,3.63,4.31,4.9,5.17,,4.52,,2
2010-06-04,1.98,2.45,2.71,2.18,2.96,3.71,2.8,,3.68,4.33,4.91,5.18,,4.56,,2
2010-06-07,1.99,2.45,2.71,2.15,2.96,3.65,2.78,,3.6,4.3,4.88,5.17,,4.5,,2
2010-06-08,1.95,2.45,2.72,2.14,2.96,3.63,2.78,,3.63,4.32,4.9,5.19,,4.51,,2
2010-06-09,1.97,2.45,2.72,2.13,2.95,3.61,2.77,,3.61,4.32,4.89,5.19,,4.51,,2
2010-06-10,2.02,2.45,2.72,2.13,2.97,3.64,2.79,,3.64,4.37,4.92,5.21,,4.54,,2
2010-06-11,2.02,2.45,2.72,2.13,2.99,3.67,2.85,,3.68,4.4,4.94,5.23,,4.58,,2
2010-06-14,2.02,2.45,2.72,2.11,3.02,3.7,2.89,,3.71,4.4,4.94,5.24,,4.61,,2
2010-06-15,2.02,2.45,2.72,2.11,3.03,3.73,2.92,,3.73,4.4,4.92,5.22,,4.64,,2
2010-06-16,2.01,2.45,2.72,2.11,3.03,3.74,2.93,,3.72,4.4,4.9,5.2,,4.63,,2
2010-06-17,2.01,2.45,2.72,2.11,3.01,3.72,2.93,,3.7,4.39,4.9,5.19,,4.62,,2
2010-06-18,2,2.45,2.72,2.11,3.01,3.74,2.94,,3.72,4.41,4.91,5.2,,4.64,,2
2010-06-21,2.01,2.45,2.72,2.13,3.06,3.87,3,,3.88,4.52,4.98,5.25,,4.77,,2
2010-06-22,2.01,2.45,2.73,2.13,3.07,3.9,3.02,,3.9,4.51,4.99,5.24,,4.79,,2
2010-06-23,1.97,2.45,2.73,2.13,3.08,3.92,3.03,,3.93,4.51,4.99,5.24,,4.82,,2
2010-06-24,2.02,2.46,2.73,2.13,3.09,3.9,3.03,,3.9,4.51,4.98,5.23,,4.8,,2
2010-06-25,2.01,2.46,2.73,2.14,3.11,3.89,3.04,,3.9,4.52,4.99,5.22,,4.8,,2
2010-06-28,1.99,2.46,2.73,2.19,3.16,3.93,3.11,,3.95,4.53,4.99,5.2,,4.84,,2
2010-06-29,1.95,2.46,2.73,2.19,3.15,3.88,3.1,,3.89,4.48,4.96,5.16,,4.79,,2
2010-06-30,2.03,2.46,2.73,2.19,3.13,3.82,3.09,,3.86,4.44,4.95,5.14,,4.77,,2
2010-07-01,1.99,2.46,2.73,2.19,3.11,3.76,3.07,,3.8,4.39,4.92,5.12,,4.72,,2
2010-07-02,1.99,2.46,2.73,2.19,3.12,3.77,3.08,,3.82,4.39,4.91,5.12,,4.74,,2
2010-07-05,2,2.46,2.73,2.24,3.12,3.8,3.1,,3.85,4.41,4.92,5.12,,4.77,,2
2010-07-06,2.05,2.46,2.73,2.24,3.11,3.8,3.1,,3.84,4.4,4.91,5.11,,4.75,,2
2010-07-07,2.04,2.46,2.73,2.25,3.14,3.86,3.13,,3.9,4.45,4.93,5.13,,4.81,,2
2010-07-08,2.02,2.46,2.73,2.26,3.17,3.89,3.15,,3.94,4.5,4.96,5.15,,4.85,,2
2010-07-09,2.26,2.63,2.86,2.29,3.19,3.88,3.16,,3.94,4.52,4.94,5.14,,4.85,,2.25
2010-07-12,2.27,2.63,2.85,2.36,3.23,3.89,3.18,,3.96,4.53,4.95,5.14,,4.88,,2.25
2010-07-13,2.26,2.63,2.84,2.36,3.23,3.88,3.18,,3.96,4.52,4.94,5.14,,4.88,,2.25
2010-07-14,2.26,2.63,2.84,2.39,3.25,3.88,3.2,,3.98,4.53,4.94,5.14,,4.9,,2.25
2010-07-15,2.27,2.63,2.84,2.39,3.22,3.84,3.18,,3.94,4.5,4.91,5.11,,4.87,,2.25
2010-07-16,2.25,2.63,2.83,2.39,3.21,3.82,3.17,,3.92,4.49,4.91,5.11,,4.86,,2.25
2010-07-19,2.26,2.63,2.83,2.39,3.21,3.83,3.17,,3.92,4.49,4.91,5.12,,4.85,,2.25
2010-07-20,2.27,2.63,2.83,2.39,3.21,3.84,3.16,,3.92,4.49,4.91,5.12,,4.85,,2.25
2010-07-21,2.27,2.63,2.83,2.38,3.17,3.8,3.14,,3.87,4.46,4.91,5.11,,4.81,,2.25
2010-07-22,2.27,2.63,2.83,2.37,3.15,3.74,3.12,,3.82,4.4,4.89,5.1,,4.76,,2.25
2010-07-23,2.27,2.63,2.83,2.37,3.16,3.76,3.13,,3.85,4.42,4.9,5.1,,4.78,,2.25
2010-07-26,2.27,2.63,2.83,2.38,3.17,3.79,3.15,,3.88,4.44,4.89,5.06,,4.8,,2.25
2010-07-27,2.27,2.63,2.83,2.38,3.16,3.77,3.14,,3.86,4.41,4.87,5.05,,4.79,,2.25
2010-07-28,2.27,2.63,2.83,2.38,3.16,3.77,3.14,,3.86,4.41,4.87,5.06,,4.79,,2.25
2010-07-29,2.28,2.63,2.83,2.38,3.14,3.74,3.12,,3.8,4.38,4.84,5.04,,4.75,,2.25
2010-07-30,2.28,2.63,2.83,2.38,3.14,3.73,3.12,,3.8,4.38,4.84,5.04,,4.75,,2.25
2010-08-02,2.27,2.63,2.83,2.4,3.17,3.77,3.15,,3.86,4.42,4.86,5.05,,4.78,,2.25
2010-08-03,2.27,2.63,2.83,2.4,3.18,3.77,3.15,,3.87,4.42,4.85,5.05,,4.79,,2.25
2010-08-04,2.27,2.63,2.84,2.39,3.17,3.79,3.14,,3.84,4.4,4.82,5.02,,4.77,,2.25
2010-08-05,2.28,2.63,2.84,2.42,3.2,3.82,3.16,,3.87,4.44,4.84,5.03,,4.8,,2.25
2010-08-06,2.27,2.63,2.84,2.43,3.22,3.84,3.18,,3.89,4.47,4.85,5.01,,4.82,,2.25
2010-08-09,2.27,2.63,2.85,2.49,3.25,3.86,3.2,,3.92,4.49,4.85,5,,4.84,,2.25
2010-08-10,2.28,2.63,2.86,2.49,3.25,3.85,3.2,,3.91,4.46,4.84,4.98,,4.83,,2.25
2010-08-11,2.29,2.63,2.86,2.48,3.23,3.77,3.17,,3.83,4.38,4.8,4.95,,4.76,,2.25
2010-08-12,2.27,2.63,2.86,2.46,3.19,3.68,3.13,,3.76,4.33,4.76,4.91,,4.7,,2.25
2010-08-13,2.27,2.63,2.86,2.46,3.18,3.66,3.12,,3.73,4.32,4.75,4.9,,4.68,,2.25
2010-08-16,2.27,2.63,2.86,2.47,3.18,3.67,3.12,,3.74,4.33,4.75,4.9,,4.69,,2.25
2010-08-17,2.27,2.63,2.86,2.47,3.18,3.69,3.13,,3.76,4.34,4.75,4.9,,4.71,,2.25
2010-08-18,2.27,2.63,2.86,2.46,3.17,3.66,3.12,,3.7,4.28,4.7,4.87,,4.65,,2.25
2010-08-19,2.28,2.63,2.86,2.45,3.17,3.64,3.11,,3.68,4.24,4.61,4.74,,4.62,,2.25
2010-08-20,2.28,2.63,2.86,2.44,3.17,3.62,3.1,,3.61,4.13,4.52,4.66,,4.58,,2.25
2010-08-23,2.26,2.63,2.85,2.45,3.17,3.63,3.11,,3.62,4.14,4.53,4.68,,4.59,,2.25
2010-08-24,2.3,2.63,2.85,2.45,3.16,3.59,3.1,,3.58,4.11,4.54,4.68,,4.55,,2.25
2010-08-25,2.29,2.63,2.84,2.45,3.16,3.57,3.1,,3.57,4.11,4.54,4.68,,4.55,,2.25
2010-08-26,2.28,2.63,2.84,2.47,3.16,3.55,3.1,,3.54,4.04,4.47,4.63,,4.53,,2.25
2010-08-27,2.28,2.63,2.84,2.49,3.17,3.56,3.11,,3.56,4.04,4.43,4.62,,4.54,,2.25
2010-08-30,2.27,2.63,2.84,2.61,3.2,3.59,3.13,,3.58,4.05,4.44,4.63,,4.55,,2.25
2010-08-31,2.28,2.66,2.84,2.61,3.2,3.56,3.13,,3.55,4,4.38,4.59,,4.53,,2.25
2010-09-01,2.27,2.66,2.84,2.62,3.26,3.65,3.18,,3.65,4.06,4.42,4.65,,4.6,,2.25
2010-09-02,2.27,2.66,2.84,2.61,3.24,3.6,3.17,,3.6,4.02,4.38,4.63,,4.55,,2.25
2010-09-03,2.27,2.66,2.84,2.61,3.25,3.62,3.18,,3.65,4.07,4.43,4.67,,4.59,,2.25
2010-09-06,2.26,2.66,2.84,2.65,3.26,3.65,3.19,,3.69,4.14,4.49,4.7,,4.63,,2.25
2010-09-07,2.26,2.66,2.84,2.64,3.24,3.6,3.17,,3.63,4.06,4.43,4.68,,4.58,,2.25
2010-09-08,2.27,2.66,2.84,2.64,3.23,3.58,3.16,,3.61,4.03,4.37,4.62,,4.57,,2.25
2010-09-09,2.27,2.66,2.83,2.54,3.05,3.32,2.99,,3.35,3.83,4.21,4.48,,4.32,,2.25
2010-09-10,2.27,2.66,2.81,2.54,3.04,3.36,2.99,,3.4,3.89,4.24,4.49,,4.36,,2.25
2010-09-13,2.27,2.66,2.81,2.46,2.95,3.38,2.96,,3.43,3.89,4.24,4.48,,4.37,,2.25
2010-09-14,2.27,2.66,2.81,2.44,2.89,3.33,2.92,,3.39,3.82,4.23,4.47,,4.34,,2.25
2010-09-15,2.28,2.66,2.81,2.44,2.91,3.37,2.89,,3.43,3.87,4.24,4.46,,4.37,,2.25
2010-09-16,2.28,2.66,2.81,2.43,2.9,3.33,2.87,,3.39,3.82,4.19,4.43,,4.32,,2.25
2010-09-17,2.28,2.66,2.81,2.43,2.92,3.38,2.88,,3.45,3.86,4.25,4.47,,4.36,,2.25
2010-09-20,2.28,2.66,2.81,2.41,2.94,3.43,2.91,,3.5,3.94,4.3,4.52,,4.4,,2.25
2010-09-24,2.28,2.66,2.81,2.39,2.9,3.38,2.87,,3.44,3.86,4.25,4.48,,4.33,,2.25
2010-09-27,2.27,2.66,2.81,2.39,2.91,3.36,2.86,,3.39,3.82,4.21,4.48,,4.3,,2.25
2010-09-28,2.27,2.66,2.81,2.39,2.91,3.35,2.85,,3.37,3.8,4.2,4.46,,4.29,,2.25
2010-09-29,2.26,2.66,2.81,2.39,2.9,3.34,2.84,,3.34,3.74,4.13,4.42,,4.27,,2.25
2010-09-30,2.27,2.66,2.81,2.42,2.9,3.31,2.84,,3.32,3.71,4.11,4.41,,4.26,,2.25
2010-10-01,2.27,2.66,2.81,2.44,2.88,3.26,2.82,,3.26,3.57,4,4.24,,4.2,,2.25
2010-10-04,2.24,2.66,2.81,2.5,2.93,3.32,2.85,,3.3,3.61,4.01,4.25,,4.24,,2.25
2010-10-05,2.18,2.66,2.81,2.5,2.93,3.3,2.84,,3.29,3.59,3.98,4.23,,4.23,,2.25
2010-10-06,2.2,2.66,2.81,2.5,2.94,3.29,2.84,,3.31,3.61,4,4.24,,4.25,,2.25
2010-10-07,2.28,2.66,2.81,2.5,2.94,3.28,2.84,,3.31,3.62,4,4.24,,4.25,,2.25
2010-10-08,2.27,2.66,2.81,2.54,2.93,3.25,2.83,,3.27,3.61,3.99,4.23,,4.22,,2.25
2010-10-11,2.27,2.66,2.81,2.58,2.95,3.26,2.84,,3.28,3.65,4.06,4.29,,4.23,,2.25
2010-10-12,2.27,2.67,2.81,2.58,2.94,3.24,2.83,,3.26,3.61,4.04,4.28,,4.2,,2.25
2010-10-13,2.27,2.68,2.8,2.61,2.96,3.27,2.85,,3.28,3.64,4.07,4.32,,4.22,,2.25
2010-10-14,2.28,2.67,2.8,2.47,2.79,3.07,2.7,,3.08,3.45,3.91,4.13,,4.04,,2.25
2010-10-15,2.27,2.66,2.79,2.47,2.78,3.04,2.69,,3.05,3.45,3.92,4.14,,4.01,,2.25
2010-10-18,2.26,2.66,2.79,2.45,2.78,3.05,2.7,,3.06,3.49,3.97,4.2,,4.02,,2.25
2010-10-19,2.28,2.66,2.79,2.5,2.84,3.18,2.78,,3.2,3.64,4.08,4.31,,4.04,,2.25
2010-10-20,2.29,2.66,2.79,2.52,2.87,3.25,2.82,,3.26,3.7,4.14,4.36,,4.08,,2.25
2010-10-21,2.28,2.66,2.79,2.53,2.88,3.29,2.84,,3.29,3.75,4.18,4.41,,4.1,,2.25
2010-10-22,2.28,2.66,2.79,2.48,2.83,3.25,2.8,,3.23,3.73,4.22,4.46,,4.05,,2.25
2010-10-25,2.25,2.66,2.79,2.41,2.82,3.29,2.79,,3.29,3.8,4.3,4.53,,4.09,,2.25
2010-10-26,2.24,2.66,2.79,2.4,2.81,3.27,2.74,,3.25,3.81,4.33,4.57,,4.05,,2.25
2010-10-27,2.24,2.66,2.79,2.4,2.84,3.3,2.77,,3.3,3.89,4.39,4.63,,4.08,,2.25
2010-10-28,2.24,2.66,2.79,2.38,2.83,3.26,2.76,,3.23,3.79,4.26,4.5,,4.01,,2.25
2010-10-29,2.26,2.66,2.79,2.38,2.85,3.28,2.78,,3.25,3.86,4.36,4.59,,4.03,,2.25
2010-11-01,2.24,2.66,2.79,2.44,2.94,3.39,2.88,,3.35,3.96,4.39,4.62,,4.12,,2.25
2010-11-02,2.23,2.66,2.79,2.45,2.95,3.44,2.9,,3.41,4,4.45,4.68,,4.16,,2.25
2010-11-03,2.24,2.66,2.79,2.45,2.97,3.47,2.91,,3.43,4,4.44,4.68,,4.18,,2.25
2010-11-04,2.24,2.66,2.79,2.48,3.04,3.55,2.97,,3.5,4.05,4.5,4.72,,4.25,,2.25
2010-11-05,2.24,2.66,2.79,2.51,3.1,3.65,3.02,,3.6,4.11,4.53,4.74,,4.35,,2.25
2010-11-08,2.24,2.66,2.79,2.51,3.14,3.62,3.01,,3.55,4.13,4.57,4.76,,4.32,,2.25
2010-11-09,2.27,2.66,2.79,2.51,3.15,3.62,3.02,,3.58,4.13,4.58,4.78,,4.34,,2.25
2010-11-10,2.26,2.66,2.79,2.51,3.13,3.59,3,,3.51,4.07,4.5,4.69,,4.29,,2.25
2010-11-11,2.24,2.66,2.79,2.51,3.12,3.57,2.99,,3.48,4.09,4.52,4.73,,4.27,,2.25
2010-11-12,2.24,2.66,2.79,2.51,3.12,3.54,2.98,,3.46,4.1,4.54,4.75,,4.25,,2.25
2010-11-15,2.24,2.66,2.79,2.58,3.13,3.55,2.99,,3.47,4.15,4.57,4.79,,4.26,,2.25
2010-11-16,2.49,2.8,2.85,2.56,3.03,3.43,2.9,,3.32,4.03,4.46,4.69,,4.14,,2.5
2010-11-17,2.5,2.8,2.88,2.56,3.03,3.43,2.9,,3.35,3.99,4.44,4.66,,4.15,,2.5
2010-11-18,2.5,2.8,2.89,2.56,3.01,3.38,2.88,,3.33,3.97,4.44,4.65,,4.14,,2.5
2010-11-19,2.5,2.8,2.9,2.56,2.99,3.36,2.86,,3.32,3.98,4.48,4.69,,4.13,,2.5
2010-11-22,2.51,2.8,2.9,2.57,3,3.39,2.88,,3.38,4.01,4.49,4.67,,4.17,,2.5
2010-11-23,2.52,2.8,2.9,2.59,3.03,3.44,2.9,,3.42,4.07,4.56,4.73,,4.21,,2.5
2010-11-24,2.54,2.8,2.9,2.58,2.99,3.38,2.86,,3.34,4.01,4.48,4.67,,4.15,,2.5
2010-11-25,2.5,2.8,2.9,2.58,2.98,3.36,2.84,,3.31,3.98,4.43,4.64,,4.12,,2.5
2010-11-26,2.5,2.8,2.92,2.59,2.99,3.39,2.85,,3.3,4.03,4.47,4.68,,4.12,,2.5
2010-11-29,2.5,2.8,2.93,2.64,2.96,3.33,2.81,,3.22,3.96,4.42,4.64,,4.05,,2.5
2010-11-30,2.51,2.8,2.93,2.63,2.95,3.3,2.8,,3.19,3.88,4.38,4.6,,4.03,,2.5
2010-12-01,2.5,2.8,2.93,2.64,2.97,3.36,2.81,,3.21,3.88,4.36,4.57,,4.05,,2.5
2010-12-02,2.5,2.8,2.93,2.64,2.97,3.34,2.81,,3.18,3.9,4.37,4.58,,4.04,,2.5
2010-12-03,2.5,2.8,2.93,2.64,2.97,3.31,2.81,,3.12,3.87,4.36,4.56,,4.01,,2.5
2010-12-06,2.5,2.8,2.92,2.63,2.98,3.28,2.8,,3.11,3.85,4.32,4.53,,4,,2.5
2010-12-07,2.52,2.8,2.92,2.63,2.99,3.28,2.8,,2.89,3.86,4.31,4.5,,4.01,,2.5
2010-12-08,2.52,2.8,2.93,2.65,3.05,3.33,2.85,,3.08,3.95,4.37,4.55,,4.12,,2.5
2010-12-09,2.51,2.8,2.94,2.65,3.05,3.34,2.84,,3.17,3.96,4.38,4.59,,4.12,,2.5
2010-12-10,2.5,2.8,2.94,2.65,3.05,3.32,2.83,,3.14,3.96,4.36,4.57,,4.11,,2.5
2010-12-13,2.5,2.8,2.94,2.66,3.11,3.41,2.87,,3.26,4.07,4.47,4.65,,4.19,,2.5
2010-12-14,2.49,2.8,2.95,2.66,3.12,3.44,2.88,,3.3,4.07,4.48,4.66,,4.21,,2.5
2010-12-15,2.49,2.8,2.96,2.69,3.17,3.56,2.96,,3.43,4.15,4.58,4.74,,4.32,,2.5
2010-12-16,2.5,2.8,2.96,2.68,3.15,3.52,2.93,,3.35,4.11,4.55,4.71,,4.26,,2.5
2010-12-17,2.49,2.8,2.97,2.68,3.15,3.54,2.94,,3.36,4.14,4.57,4.72,,4.27,,2.5
2010-12-20,2.5,2.8,2.98,2.68,3.14,3.54,2.93,,3.35,4.13,4.55,4.7,,4.26,,2.5
2010-12-21,2.52,2.8,2.98,2.66,3.09,3.45,2.87,,3.24,4.06,4.49,4.65,,4.17,,2.5
2010-12-22,2.53,2.8,2.99,2.66,3.06,3.39,2.84,,3.19,4,4.47,4.61,,4.13,,2.5
2010-12-23,2.5,2.8,3,2.65,3.06,3.39,2.84,,3.23,3.99,4.47,4.62,,4.15,,2.5
2010-12-24,2.5,2.8,3,2.65,3.06,3.4,2.85,,3.28,4.01,4.49,4.66,,4.17,,2.5
2010-12-27,2.5,2.8,3.01,2.66,3.1,3.47,2.88,,3.35,4.07,4.51,4.68,,4.24,,2.5
2010-12-28,2.49,2.8,3.02,2.66,3.11,3.48,2.89,,3.37,4.09,4.53,4.69,,4.26,,2.5
2010-12-29,2.49,2.8,3.03,2.66,3.11,3.46,2.89,,3.38,4.07,4.53,4.68,,4.26,,2.5
2010-12-30,2.49,2.8,3.03,2.66,3.11,3.47,2.89,,3.38,4.08,4.52,4.68,,4.27,,2.5
2010-12-31,2.51,2.8,3.03,2.66,3.11,3.47,2.89,,3.38,4.08,4.52,4.68,,4.27,,2.5
2011-01-03,2.49,2.8,3.03,2.69,3.13,3.51,2.91,,3.5,4.15,4.57,4.73,,4.32,,2.5
2011-01-04,2.5,2.8,3.03,2.67,3.11,3.54,2.9,,3.5,4.18,4.59,4.74,,4.32,,2.5
2011-01-05,2.49,2.8,3.03,2.66,3.09,3.51,2.89,,3.5,4.2,4.63,4.76,,4.32,,2.5
2011-01-06,2.49,2.8,3.03,2.66,3.1,3.54,2.91,,3.58,4.29,4.7,4.81,,4.39,,2.5
2011-01-07,2.49,2.8,3.02,2.66,3.1,3.54,2.91,,3.59,4.3,4.71,4.81,,4.39,,2.5
2011-01-10,2.49,2.8,3.02,2.66,3.13,3.54,2.91,,3.57,4.28,4.72,4.81,,4.38,,2.5
2011-01-11,2.5,2.8,3.02,2.66,3.16,3.57,2.93,,3.6,4.26,4.7,4.81,,4.4,,2.5
2011-01-12,2.5,2.8,3.02,2.66,3.16,3.53,2.92,,3.54,4.21,4.65,4.76,,4.35,,2.5
2011-01-13,2.74,2.98,3.14,2.7,3.26,3.63,3,,3.64,4.28,4.71,4.82,,4.46,,2.75
2011-01-14,2.74,2.98,3.14,2.71,3.32,3.7,3.05,,3.69,4.26,4.69,4.8,,4.51,,2.75
2011-01-17,2.74,2.98,3.15,2.83,3.41,3.76,3.13,,3.71,4.27,4.69,4.8,,4.53,,2.75
2011-01-18,2.76,2.98,3.15,2.83,3.39,3.72,3.13,,3.66,4.26,4.67,4.78,,4.49,,2.75
2011-01-19,2.77,2.98,3.15,2.87,3.44,3.83,3.19,,3.79,4.34,4.72,4.82,,4.6,,2.75
2011-01-20,2.75,3,3.16,2.9,3.45,3.84,3.21,,3.81,4.35,4.71,4.82,,4.62,,2.75
2011-01-21,2.75,3,3.16,2.91,3.45,3.85,3.22,,3.81,4.35,4.73,4.84,,4.63,,2.75
2011-01-24,2.75,3.01,3.17,2.95,3.48,3.9,3.25,,3.88,4.4,4.76,4.89,,4.68,,2.75
2011-01-25,2.75,3.01,3.19,2.95,3.49,3.91,3.26,,3.9,4.42,4.76,4.88,,4.69,,2.75
2011-01-26,2.74,3.01,3.2,2.95,3.48,3.9,3.26,,3.88,4.4,4.73,4.86,,4.67,,2.75
2011-01-27,2.74,3.02,3.21,2.95,3.49,3.89,3.26,,3.86,4.36,4.71,4.86,,4.66,,2.75
2011-01-28,2.74,3.03,3.21,2.95,3.51,3.91,3.28,,3.88,4.38,4.71,4.86,,4.67,,2.75
2011-01-31,2.75,3.05,3.22,2.97,3.55,3.98,3.33,,3.96,4.41,4.72,4.85,,4.75,,2.75
2011-02-01,2.75,3.05,3.23,2.97,3.57,4.02,3.35,,3.98,4.4,4.72,4.84,,4.76,,2.75
2011-02-07,2.75,3.08,3.24,3.04,3.65,4.12,3.42,,4.1,4.51,4.8,4.91,,4.86,,2.75
2011-02-08,2.78,3.09,3.25,3.07,3.63,4.06,3.4,,4.06,4.51,4.81,4.91,,4.82,,2.75
2011-02-09,2.77,3.09,3.26,3.08,3.62,4,3.39,,4,4.51,4.82,4.92,,4.77,,2.75
2011-02-10,2.75,3.11,3.27,3.1,3.61,3.97,3.39,,3.96,4.45,4.79,4.89,,4.74,,2.75
2011-02-11,2.75,3.12,3.27,3.1,3.59,3.92,3.38,,3.94,4.47,4.81,4.91,,4.73,,2.75
2011-02-14,2.75,3.13,3.29,3.12,3.59,3.96,3.39,,3.97,4.49,4.83,4.93,,4.75,,2.75
2011-02-15,2.74,3.13,3.3,3.11,3.57,3.94,3.38,,3.95,4.46,4.82,4.92,,4.73,,2.75
2011-02-16,2.75,3.14,3.32,3.11,3.56,3.92,3.37,,3.93,4.45,4.82,4.92,,4.71,,2.75
2011-02-17,2.75,3.15,3.33,3.11,3.57,3.96,3.39,,3.96,4.47,4.82,4.92,,4.74,,2.75
2011-02-18,2.75,3.15,3.34,3.11,3.56,3.95,3.39,,3.94,4.43,4.8,4.9,,4.73,,2.75
2011-02-21,2.75,3.15,3.35,3.11,3.57,3.98,3.41,,3.96,4.41,4.76,4.85,,4.74,,2.75
2011-02-22,2.75,3.15,3.35,3.11,3.56,3.92,3.39,,3.89,4.32,4.68,4.8,,4.67,,2.75
2011-02-23,2.75,3.15,3.36,3.11,3.56,3.92,3.39,,3.89,4.33,4.71,4.82,,4.67,,2.75
2011-02-24,2.76,3.16,3.36,3.1,3.54,3.85,3.37,,3.81,4.27,4.67,4.8,,4.6,,2.75
2011-02-25,2.76,3.16,3.37,3.1,3.57,3.89,3.39,,3.84,4.28,4.66,4.8,,4.63,,2.75
2011-02-28,2.76,3.17,3.37,3.17,3.57,3.89,3.4,,3.84,4.28,4.67,4.81,,4.63,,2.75
2011-03-02,2.75,3.17,3.38,3.17,3.59,3.9,3.41,,3.84,4.28,4.68,4.81,,4.63,,2.75
2011-03-03,2.75,3.23,3.4,3.19,3.66,3.98,3.47,,3.93,4.34,4.71,4.82,,4.71,,2.75
2011-03-04,2.75,3.27,3.41,3.19,3.67,3.98,3.48,,3.94,4.36,4.71,4.82,,4.72,,2.75
2011-03-07,2.76,3.29,3.42,3.25,3.67,3.96,3.47,,3.92,4.34,4.7,4.81,,4.71,,2.75
2011-03-08,2.75,3.3,3.48,3.25,3.66,3.93,3.46,,3.89,4.32,4.68,4.79,,4.68,,2.75
2011-03-09,2.75,3.3,3.5,3.24,3.64,3.89,3.45,,3.83,4.25,4.63,4.74,,4.63,,2.75
2011-03-10,2.99,3.39,3.54,3.23,3.59,3.77,3.39,,3.71,4.11,4.49,4.6,,4.52,,3
2011-03-11,2.97,3.39,3.57,3.23,3.57,3.76,3.39,,3.69,4.05,4.44,4.56,,4.5,,3
2011-03-14,2.96,3.39,3.58,3.24,3.57,3.7,3.38,,3.64,3.96,4.35,4.48,,4.45,,3
2011-03-15,2.99,3.39,3.57,3.24,3.53,3.65,3.35,,3.57,3.89,4.27,4.41,,4.4,,3
2011-03-16,3,3.39,3.57,3.25,3.56,3.73,3.38,,3.64,4,4.37,4.5,,4.46,,3
2011-03-17,2.99,3.39,3.57,3.25,3.57,3.75,3.4,,3.66,4.05,4.41,4.54,,4.48,,3
2011-03-18,2.99,3.39,3.56,3.25,3.57,3.73,3.4,,3.65,4.07,4.46,4.59,,4.48,,3
2011-03-21,2.99,3.39,3.56,3.29,3.59,3.78,3.42,,3.71,4.14,4.5,4.63,,4.52,,3
2011-03-22,3.01,3.39,3.56,3.29,3.59,3.75,3.41,,3.7,4.11,4.5,4.62,,4.5,,3
2011-03-23,3.02,3.39,3.56,3.28,3.58,3.72,3.4,,3.66,4.08,4.49,4.61,,4.46,,3
2011-03-24,3,3.39,3.56,3.28,3.58,3.74,3.4,,3.66,4.06,4.47,4.6,,4.46,,3
2011-03-25,2.99,3.39,3.55,3.29,3.6,3.78,3.42,,3.71,4.08,4.48,4.61,,4.49,,3
2011-03-28,2.99,3.39,3.55,3.3,3.62,3.8,3.43,,3.73,4.08,4.47,4.61,,4.5,,3
2011-03-29,2.98,3.39,3.56,3.3,3.61,3.79,3.43,,3.71,4.08,4.47,4.62,,4.49,,3
2011-03-30,2.98,3.39,3.57,3.3,3.61,3.81,3.43,,3.74,4.12,4.49,4.62,,4.52,,3
2011-03-31,2.99,3.39,3.59,3.3,3.59,3.8,3.42,,3.73,4.11,4.48,4.62,,4.51,,3
2011-04-01,2.98,3.39,3.6,3.29,3.57,3.77,3.4,,3.67,4.06,4.46,4.6,,4.47,,3
2011-04-04,2.99,3.39,3.61,3.29,3.56,3.77,3.4,,3.68,4.05,4.45,4.6,,4.47,,3
2011-04-05,3.03,3.39,3.61,3.29,3.56,3.78,3.4,,3.69,4.05,4.44,4.59,,4.48,,3
2011-04-06,3.04,3.39,3.61,3.29,3.55,3.78,3.4,,3.7,4.07,4.46,4.6,,4.49,,3
2011-04-07,3.01,3.39,3.57,3.29,3.54,3.78,3.38,,3.68,4.05,4.45,4.59,,4.48,,3
2011-04-08,3.01,3.39,3.54,3.3,3.57,3.84,3.41,,3.76,4.12,4.48,4.61,,4.55,,3
2011-04-11,3.01,3.4,3.53,3.3,3.57,3.84,3.41,,3.78,4.15,4.49,4.62,,4.56,,3
2011-04-12,3,3.4,3.52,3.29,3.55,3.79,3.39,,3.72,4.09,4.49,4.61,,4.51,,3
2011-04-13,3.01,3.4,3.52,3.29,3.56,3.8,3.4,,3.74,4.11,4.5,4.61,,4.52,,3
2011-04-14,3.01,3.4,3.51,3.29,3.56,3.79,3.4,,3.73,4.09,4.5,4.61,,4.52,,3
2011-04-15,3.01,3.4,3.52,3.29,3.57,3.79,3.4,,3.72,4.08,4.49,4.61,,4.52,,3
2011-04-18,3,3.4,3.52,3.29,3.58,3.78,3.39,,3.7,4.06,4.45,4.58,,4.51,,3
2011-04-19,3.03,3.4,3.52,3.29,3.59,3.8,3.39,,3.71,4.05,4.44,4.58,,4.51,,3
2011-04-20,3.04,3.4,3.52,3.29,3.61,3.84,3.41,,3.74,4.08,4.45,4.6,,4.54,,3
2011-04-21,3.02,3.4,3.52,3.29,3.65,3.87,3.44,,3.78,4.12,4.48,4.64,,4.57,,3
2011-04-22,3.02,3.41,3.52,3.3,3.67,3.88,3.46,,3.8,4.13,4.5,4.65,,4.59,,3
2011-04-25,3.02,3.41,3.52,3.39,3.73,3.92,3.5,,3.84,4.16,4.52,4.66,,4.62,,3
2011-04-26,3.02,3.42,3.53,3.39,3.73,3.91,3.5,,3.82,4.16,4.53,4.66,,4.61,,3
2011-04-27,3.01,3.42,3.53,3.39,3.73,3.91,3.5,,3.82,4.17,4.54,4.69,,4.61,,3
2011-04-28,3.01,3.42,3.53,3.39,3.71,3.89,3.48,,3.79,4.14,4.52,4.67,,4.58,,3
2011-04-29,3.02,3.42,3.53,3.39,3.71,3.88,3.48,,3.77,4.1,4.48,4.64,,4.56,,3
2011-05-02,3.01,3.43,3.53,3.42,3.7,3.87,3.48,,3.77,4.1,4.47,4.64,,4.56,,3
2011-05-03,3.01,3.46,3.54,3.42,3.7,3.88,3.48,,3.78,4.09,4.47,4.63,,4.56,,3
2011-05-04,3.01,3.46,3.55,3.42,3.7,3.88,3.48,,3.79,4.1,4.47,4.63,,4.56,,3
2011-05-06,3.01,3.46,3.56,3.41,3.68,3.85,3.46,,3.75,4.07,4.43,4.6,,4.52,,3
2011-05-09,3.05,3.46,3.56,3.41,3.69,3.85,3.46,,3.75,4.08,4.44,4.61,,4.52,,3
2011-05-11,3.03,3.46,3.57,3.4,3.67,3.81,3.45,,3.72,4.05,4.41,4.59,,4.5,,3
2011-05-12,3.02,3.46,3.57,3.38,3.64,3.77,3.43,,3.67,3.99,4.34,4.53,,4.46,,3
2011-05-13,3.02,3.46,3.56,3.37,3.62,3.75,3.42,,3.66,4.01,4.37,4.55,,4.45,,3
2011-05-16,3.03,3.46,3.57,3.35,3.6,3.71,3.4,,3.61,3.97,4.35,4.52,,4.41,,3
2011-05-17,3.03,3.46,3.57,3.35,3.6,3.74,3.41,,3.62,3.97,4.34,4.51,,4.43,,3
2011-05-18,3.03,3.46,3.59,3.34,3.6,3.74,3.41,,3.62,3.96,4.33,4.5,,4.43,,3
2011-05-19,3.02,3.46,3.6,3.33,3.59,3.74,3.41,,3.62,3.96,4.33,4.5,,4.43,,3
2011-05-20,3.02,3.46,3.6,3.33,3.59,3.74,3.41,,3.62,3.95,4.33,4.49,,4.43,,3
2011-05-23,3.02,3.46,3.6,3.31,3.58,3.71,3.39,,3.58,3.89,4.27,4.44,,4.39,,3
2011-05-24,3.06,3.46,3.61,3.31,3.58,3.7,3.39,,3.59,3.89,4.26,4.43,,4.39,,3
2011-05-25,3.05,3.46,3.61,3.3,3.58,3.69,3.39,,3.57,3.86,4.22,4.4,,4.38,,3
2011-05-26,3.02,3.46,3.61,3.3,3.6,3.74,3.41,,3.61,3.91,4.26,4.44,,4.41,,3
2011-05-27,3.03,3.46,3.61,3.3,3.59,3.73,3.41,,3.6,3.87,4.24,4.43,,4.4,,3
2011-05-30,3.03,3.46,3.61,3.3,3.58,3.72,3.41,,3.58,3.85,4.21,4.39,,4.33,,3
2011-05-31,3.03,3.46,3.61,3.3,3.58,3.72,3.41,,3.59,3.87,4.23,4.41,,4.33,,3
2011-06-01,3.02,3.46,3.61,3.32,3.59,3.75,3.42,,3.64,3.91,4.28,4.46,,4.38,,3
2011-06-02,3.02,3.46,3.61,3.29,3.55,3.7,3.39,,3.57,3.84,4.21,4.38,,4.32,,3
2011-06-03,3,3.46,3.61,3.29,3.55,3.7,3.39,,3.57,3.84,4.21,4.38,,4.32,,3
2011-06-07,3.04,3.46,3.61,3.29,3.53,3.65,3.37,,3.52,3.8,4.2,4.36,,4.29,,3
2011-06-08,3.01,3.46,3.61,3.29,3.53,3.65,3.37,,3.52,3.8,4.19,4.36,,4.29,,3
2011-06-09,3.02,3.46,3.61,3.3,3.55,3.69,3.4,,3.57,3.85,4.22,4.39,,4.32,,3
2011-06-10,3.26,3.56,3.69,3.35,3.61,3.75,3.49,,3.65,3.91,4.25,4.42,,4.39,,3.25
2011-06-13,3.26,3.56,3.7,3.36,3.63,3.77,3.51,,3.66,3.93,4.25,4.42,,4.4,,3.25
2011-06-14,3.27,3.56,3.71,3.36,3.64,3.8,3.52,,3.7,3.96,4.27,4.42,,4.43,,3.25
2011-06-15,3.26,3.56,3.71,3.36,3.64,3.77,3.52,,3.68,3.96,4.27,4.43,,4.42,,3.25
2011-06-16,3.26,3.56,3.72,3.35,3.62,3.74,3.5,,3.61,3.9,4.2,4.36,,4.36,,3.25
2011-06-17,3.26,3.56,3.72,3.35,3.63,3.79,3.51,,3.67,3.94,4.24,4.39,,4.42,,3.25
2011-06-20,3.26,3.56,3.72,3.35,3.62,3.78,3.51,,3.66,3.93,4.24,4.39,,4.41,,3.25
2011-06-21,3.29,3.56,3.72,3.35,3.62,3.8,3.52,,3.67,3.95,4.25,4.39,,4.42,,3.25
2011-06-22,3.29,3.56,3.72,3.35,3.62,3.79,3.52,,3.67,3.94,4.24,4.38,,4.42,,3.25
2011-06-23,3.26,3.56,3.72,3.35,3.62,3.79,3.52,,3.68,3.94,4.23,4.37,,4.42,,3.25
2011-06-24,3.26,3.56,3.72,3.37,3.65,3.82,3.53,,3.71,3.97,4.26,4.39,,4.45,,3.25
2011-06-27,3.26,3.56,3.72,3.38,3.66,3.83,3.54,,3.72,3.97,4.25,4.38,,4.46,,3.25
2011-06-28,3.26,3.57,3.73,3.38,3.66,3.83,3.54,,3.72,3.97,4.26,4.38,,4.46,,3.25
2011-06-29,3.26,3.57,3.73,3.39,3.7,3.87,3.57,,3.77,4.01,4.29,4.41,,4.5,,3.25
2011-06-30,3.28,3.57,3.73,3.39,3.7,3.85,3.56,,3.76,4.01,4.29,4.41,,4.49,,3.25
2011-07-01,3.26,3.57,3.73,3.39,3.71,3.87,3.57,,3.77,4.03,4.33,4.45,,4.5,,3.25
2011-07-04,3.26,3.57,3.73,3.39,3.71,3.88,3.58,,3.78,4.04,4.33,4.44,,4.51,,3.25
2011-07-05,3.3,3.58,3.73,3.39,3.7,3.87,3.57,,3.76,4.01,4.29,4.4,,4.49,,3.25
2011-07-06,3.27,3.58,3.73,3.4,3.71,3.88,3.58,,3.79,4.04,4.31,4.42,,4.51,,3.25
2011-07-07,3.26,3.59,3.73,3.4,3.71,3.88,3.58,,3.79,4.04,4.31,4.41,,4.51,,3.25
2011-07-08,3.26,3.59,3.73,3.42,3.74,3.94,3.62,,3.85,4.08,4.34,4.45,,4.56,,3.25
2011-07-11,3.26,3.59,3.74,3.41,3.73,3.9,3.6,,3.81,4.04,4.31,4.41,,4.52,,3.25
2011-07-12,3.26,3.59,3.74,3.4,3.69,3.81,3.55,,3.71,3.93,4.2,4.29,,4.42,,3.25
2011-07-13,3.26,3.59,3.74,3.4,3.7,3.82,3.56,,3.71,3.93,4.18,4.28,,4.42,,3.25
2011-07-14,3.27,3.59,3.74,3.4,3.7,3.81,3.56,,3.7,3.92,4.19,4.29,,4.42,,3.25
2011-07-15,3.26,3.59,3.74,3.4,3.69,3.79,3.55,,3.68,3.89,4.17,4.27,,4.4,,3.25
2011-07-18,3.26,3.59,3.74,3.4,3.69,3.8,3.55,,3.69,3.89,4.15,4.26,,4.4,,3.25
2011-07-19,3.26,3.59,3.74,3.4,3.69,3.82,3.55,,3.71,3.91,4.15,4.26,,4.41,,3.25
2011-07-20,3.27,3.59,3.74,3.4,3.7,3.85,3.57,,3.75,3.95,4.17,4.28,,4.44,,3.25
2011-07-21,3.26,3.59,3.74,3.4,3.7,3.85,3.57,,3.75,3.95,4.17,4.28,,4.44,,3.25
2011-07-22,3.26,3.59,3.74,3.4,3.73,3.88,3.6,,3.79,3.98,4.18,4.29,,4.48,,3.25
2011-07-25,3.26,3.59,3.74,3.47,3.76,3.92,3.63,,3.82,4,4.19,4.31,,4.51,,3.25
2011-07-26,3.26,3.59,3.74,3.48,3.79,3.94,3.65,,3.84,4.02,4.23,4.33,,4.53,,3.25
2011-07-27,3.26,3.59,3.74,3.48,3.79,3.92,3.65,,3.82,4,4.23,4.33,,4.52,,3.25
2011-07-28,3.26,3.59,3.74,3.48,3.79,3.9,3.64,,3.81,3.98,4.19,4.29,,4.5,,3.25
2011-07-29,3.27,3.59,3.74,3.5,3.83,3.94,3.68,,3.85,4.02,4.2,4.28,,4.54,,3.25
2011-08-01,3.26,3.59,3.74,3.53,3.85,3.97,3.71,,3.9,4.05,4.24,4.29,,4.59,,3.25
2011-08-02,3.26,3.59,3.74,3.52,3.82,3.93,3.69,,3.87,4,4.21,4.26,,4.56,,3.25
2011-08-03,3.25,3.59,3.74,3.5,3.78,3.89,3.66,,3.82,3.94,4.15,4.2,,4.51,,3.25
2011-08-04,3.25,3.59,3.74,3.49,3.75,3.85,3.63,,3.77,3.9,4.12,4.15,,4.46,,3.25
2011-08-05,3.26,3.59,3.74,3.46,3.69,3.71,3.55,,3.61,3.77,4.01,4.03,,4.32,,3.25
2011-08-08,3.25,3.59,3.74,3.46,3.65,3.67,3.53,,3.6,3.81,4.06,4.08,,4.31,,3.25
2011-08-09,3.31,3.59,3.74,3.45,3.61,3.64,3.51,,3.57,3.81,4.08,4.1,,4.29,,3.25
2011-08-10,3.29,3.59,3.74,3.42,3.54,3.54,3.43,,3.45,3.65,3.94,3.97,,4.18,,3.25
2011-08-11,3.25,3.59,3.74,3.42,3.55,3.59,3.44,,3.52,3.7,3.92,3.95,,4.24,,3.25
2011-08-12,3.24,3.59,3.73,3.42,3.54,3.57,3.43,,3.49,3.68,3.9,3.93,,4.22,,3.25
2011-08-16,3.22,3.59,3.73,3.42,3.55,3.58,3.44,,3.5,3.69,3.92,3.95,,4.23,,3.25
2011-08-17,3.2,3.59,3.73,3.42,3.57,3.62,3.46,,3.54,3.72,3.94,3.97,,4.27,,3.25
2011-08-18,3.22,3.59,3.73,3.42,3.56,3.64,3.47,,3.56,3.72,3.93,3.97,,4.29,,3.25
2011-08-19,3.23,3.59,3.73,3.41,3.51,3.59,3.45,,3.49,3.65,3.84,3.89,,4.22,,3.25
2011-08-22,3.2,3.59,3.73,3.41,3.52,3.59,3.46,,3.49,3.64,3.86,3.93,,4.22,,3.25
2011-08-23,3.25,3.59,3.73,3.41,3.52,3.61,3.46,,3.52,3.66,3.89,3.97,,4.25,,3.25
2011-08-24,3.26,3.59,3.72,3.37,3.5,3.58,3.44,,3.46,3.6,3.84,3.93,,4.19,,3.25
2011-08-25,3.26,3.59,3.72,3.37,3.5,3.58,3.44,,3.46,3.6,3.84,3.91,,4.19,,3.25
2011-08-26,3.26,3.59,3.72,3.37,3.51,3.6,3.45,,3.48,3.63,3.87,3.94,,4.21,,3.25
2011-08-29,3.26,3.59,3.72,3.35,3.52,3.64,3.47,,3.51,3.66,3.88,3.96,,4.24,,3.25
2011-08-30,3.26,3.59,3.71,3.35,3.51,3.61,3.46,,3.48,3.61,3.84,3.93,,4.22,,3.25
2011-08-31,3.27,3.59,3.71,3.35,3.51,3.61,3.46,,3.49,3.62,3.86,3.94,,4.23,,3.25
2011-09-01,3.26,3.59,3.71,3.34,3.49,3.57,3.43,,3.45,3.58,3.81,3.89,,4.2,,3.25
2011-09-02,3.26,3.59,3.71,3.34,3.48,3.57,3.43,,3.44,3.57,3.79,3.88,,4.2,,3.25
2011-09-05,3.26,3.58,3.71,3.28,3.43,3.49,3.37,,3.35,3.46,3.63,3.72,,4.13,,3.25
2011-09-06,3.25,3.58,3.71,3.28,3.42,3.47,3.36,,3.35,3.45,3.63,3.72,,4.13,,3.25
2011-09-07,3.23,3.58,3.71,3.29,3.47,3.56,3.42,,3.45,3.53,3.7,3.78,,4.24,,3.25
2011-09-08,3.27,3.58,3.7,3.26,3.43,3.5,3.37,,3.4,3.48,3.64,3.73,,4.18,,3.25
2011-09-09,3.25,3.58,3.7,3.25,3.41,3.47,3.35,,3.36,3.45,3.6,3.69,,4.15,,3.25
2011-09-14,3.26,3.58,3.71,3.24,3.38,3.41,3.31,,3.31,3.4,3.55,3.65,,4.1,,3.25
2011-09-15,3.26,3.58,3.71,3.25,3.41,3.47,3.34,,3.37,3.45,3.62,3.73,,4.17,,3.25
2011-09-16,3.25,3.58,3.71,3.26,3.43,3.5,3.35,,3.4,3.48,3.68,3.78,,4.2,,3.25
2011-09-19,3.24,3.58,3.71,3.3,3.5,3.61,3.41,,3.51,3.61,3.79,3.89,,4.31,,3.25
2011-09-20,3.27,3.58,3.71,3.3,3.48,3.59,3.4,,3.49,3.61,3.82,3.92,,4.29,,3.25
2011-09-21,3.28,3.58,3.71,3.3,3.48,3.6,3.4,,3.5,3.63,3.86,3.96,,4.3,,3.25
2011-09-22,3.25,3.58,3.71,3.3,3.48,3.6,3.4,,3.49,3.62,3.82,3.92,,4.29,,3.25
2011-09-23,3.23,3.58,3.71,3.3,3.46,3.56,3.39,,3.45,3.56,3.76,3.88,,4.25,,3.25
2011-09-26,3.24,3.58,3.71,3.32,3.5,3.61,3.43,,3.51,3.61,3.84,3.97,,4.31,,3.25
2011-09-27,3.24,3.58,3.71,3.31,3.48,3.58,3.41,,3.46,3.55,3.81,3.94,,4.27,,3.25
2011-09-28,3.26,3.58,3.71,3.34,3.53,3.65,3.46,,3.53,3.62,3.88,4,,4.34,,3.25
2011-09-29,3.26,3.58,3.71,3.35,3.55,3.68,3.48,,3.55,3.63,3.9,4.01,,4.36,,3.25
2011-09-30,3.28,3.58,3.71,3.36,3.56,3.69,3.49,,3.55,3.66,3.95,4.07,,4.36,,3.25
2011-10-04,3.25,3.58,3.71,3.34,3.53,3.62,3.46,,3.46,3.55,3.8,3.94,,4.28,,3.25
2011-10-05,3.23,3.58,3.71,3.34,3.52,3.59,3.45,,3.44,3.54,3.78,3.92,,4.26,,3.25
2011-10-06,3.25,3.58,3.71,3.34,3.5,3.55,3.44,,3.43,3.55,3.81,3.94,,4.25,,3.25
2011-10-07,3.25,3.58,3.71,3.34,3.5,3.54,3.44,,3.43,3.56,3.83,3.97,,4.25,,3.25
2011-10-10,3.25,3.58,3.71,3.34,3.5,3.59,3.46,,3.48,3.61,3.85,4.01,,4.3,,3.25
2011-10-11,3.24,3.58,3.71,3.34,3.5,3.59,3.46,,3.48,3.61,3.86,4.01,,4.3,,3.25
2011-10-12,3.24,3.58,3.71,3.34,3.48,3.53,3.43,,3.42,3.55,3.81,3.97,,4.24,,3.25
2011-10-13,3.24,3.58,3.71,3.34,3.47,3.51,3.41,,3.4,3.53,3.78,3.95,,4.22,,3.25
2011-10-14,3.24,3.58,3.71,3.34,3.47,3.52,3.41,,3.41,3.54,3.77,3.94,,4.23,,3.25
2011-10-17,3.22,3.58,3.71,3.35,3.5,3.57,3.45,,3.46,3.6,3.84,4.03,,4.28,,3.25
2011-10-18,3.27,3.57,3.71,3.35,3.5,3.57,3.45,,3.45,3.59,3.84,4.03,,4.27,,3.25
2011-10-19,3.26,3.57,3.71,3.35,3.5,3.58,3.45,,3.45,3.59,3.85,4.03,,4.27,,3.25
2011-10-20,3.25,3.57,3.71,3.35,3.5,3.57,3.44,,3.44,3.58,3.85,4.04,,4.26,,3.25
2011-10-21,3.23,3.57,3.71,3.36,3.53,3.62,3.48,,3.49,3.63,3.9,4.09,,4.31,,3.25
2011-10-24,3.24,3.57,3.71,3.42,3.56,3.65,3.51,,3.53,3.67,3.94,4.14,,4.36,,3.25
2011-10-25,3.24,3.57,3.71,3.42,3.56,3.65,3.51,,3.53,3.67,3.94,4.14,,4.36,,3.25
2011-10-26,3.23,3.57,3.71,3.42,3.56,3.62,3.5,,3.5,3.63,3.92,4.12,,4.33,,3.25
2011-10-27,3.23,3.57,3.71,3.42,3.57,3.65,3.51,,3.53,3.66,3.93,4.12,,4.36,,3.25
2011-10-28,3.23,3.57,3.71,3.42,3.59,3.66,3.52,,3.54,3.67,3.93,4.12,,4.38,,3.25
2011-10-31,3.26,3.57,3.71,3.43,3.58,3.63,3.51,,3.51,3.63,3.87,4.05,,4.35,,3.25
2011-11-01,3.25,3.57,3.71,3.43,3.56,3.61,3.5,,3.48,3.6,3.85,4.03,,4.32,,3.25
2011-11-02,3.25,3.57,3.71,3.43,3.56,3.6,3.5,,3.47,3.59,3.84,4.02,,4.31,,3.25
2011-11-03,3.25,3.57,3.71,3.42,3.53,3.57,3.48,,3.43,3.54,3.81,4,,4.27,,3.25
2011-11-04,3.25,3.57,3.71,3.42,3.53,3.57,3.48,,3.43,3.55,3.83,4.02,,4.27,,3.25
2011-11-07,3.26,3.57,3.71,3.44,3.52,3.55,3.47,,3.41,3.54,3.83,4.02,,4.25,,3.25
2011-11-08,3.27,3.57,3.71,3.44,3.51,3.54,3.46,,3.39,3.52,3.79,4,,4.24,,3.25
2011-11-09,3.28,3.57,3.71,3.44,3.5,3.53,3.45,,3.38,3.51,3.78,3.99,,4.23,,3.25
2011-11-10,3.26,3.57,3.71,3.42,3.46,3.47,3.4,,3.33,3.47,3.76,3.96,,4.18,,3.25
2011-11-11,3.25,3.57,3.71,3.43,3.48,3.51,3.42,,3.37,3.52,3.79,4,,4.23,,3.25
2011-11-14,3.25,3.57,3.71,3.43,3.49,3.53,3.43,,3.39,3.56,3.84,4.05,,4.25,,3.25
2011-11-15,3.26,3.57,3.71,3.42,3.47,3.5,3.4,,3.36,3.52,3.81,4.01,,4.22,,3.25
2011-11-16,3.26,3.57,3.71,3.4,3.45,3.48,3.38,,3.34,3.49,3.79,3.99,,4.2,,3.25
2011-11-17,3.26,3.55,3.71,3.4,3.46,3.5,3.39,,3.37,3.51,3.82,4.02,,4.23,,3.25
2011-11-18,3.26,3.55,3.71,3.4,3.45,3.49,3.38,,3.36,3.5,3.81,4.01,,4.21,,3.25
2011-11-21,3.26,3.55,3.71,3.4,3.45,3.5,3.38,,3.37,3.51,3.8,4,,4.22,,3.25
2011-11-22,3.27,3.55,3.71,3.4,3.46,3.52,3.39,,3.39,3.52,3.79,3.99,,4.24,,3.25
2011-11-23,3.26,3.55,3.71,3.4,3.45,3.49,3.37,,3.36,3.49,3.76,3.97,,4.21,,3.25
2011-11-24,3.26,3.55,3.7,3.41,3.46,3.51,3.39,,3.38,3.5,3.76,3.98,,4.23,,3.25
2011-11-25,3.26,3.55,3.7,3.42,3.49,3.54,3.41,,3.41,3.53,3.8,4.02,,4.26,,3.25
2011-11-28,3.26,3.55,3.7,3.46,3.51,3.56,3.43,,3.44,3.55,3.81,4.01,,4.28,,3.25
2011-11-29,3.25,3.55,3.7,3.46,3.51,3.55,3.43,,3.43,3.54,3.82,4.01,,4.27,,3.25
2011-11-30,3.27,3.55,3.7,3.45,3.48,3.5,3.39,,3.38,3.49,3.77,3.98,,4.22,,3.25
2011-12-01,3.26,3.55,3.7,3.46,3.49,3.51,3.4,,3.38,3.5,3.8,4.01,,4.23,,3.25
2011-12-02,3.25,3.55,3.7,3.46,3.47,3.5,3.39,,3.38,3.49,3.79,4,,4.23,,3.25
2011-12-05,3.25,3.55,3.7,3.46,3.47,3.49,3.39,,3.38,3.49,3.79,4,,4.23,,3.25
2011-12-06,3.27,3.55,3.7,3.46,3.47,3.48,3.39,,3.34,3.5,3.79,4,,4.23,,3.25
2011-12-07,3.26,3.55,3.7,3.46,3.46,3.47,3.39,,3.33,3.5,3.79,4.01,,4.22,,3.25
2011-12-08,3.26,3.55,3.7,3.46,3.47,3.48,3.4,,3.35,3.52,3.79,4.02,,4.24,,3.25
2011-12-09,3.25,3.55,3.7,3.46,3.47,3.48,3.4,,3.35,3.52,3.79,4.02,,4.24,,3.25
2011-12-12,3.26,3.55,3.7,3.45,3.47,3.47,3.4,,3.36,3.52,3.81,4.01,,4.25,,3.25
2011-12-13,3.26,3.55,3.7,3.45,3.46,3.46,3.39,,3.35,3.5,3.8,4,,4.24,,3.25
2011-12-14,3.25,3.55,3.7,3.45,3.45,3.46,3.38,,3.34,3.49,3.79,3.99,,4.23,,3.25
2011-12-15,3.26,3.55,3.7,3.45,3.45,3.45,3.37,,3.33,3.48,3.78,3.98,,4.22,,3.25
2011-12-16,3.25,3.55,3.7,3.45,3.45,3.45,3.37,,3.33,3.48,3.79,3.99,,4.22,,3.25
2011-12-19,3.26,3.55,3.7,3.47,3.51,3.52,3.43,,3.42,3.57,3.88,4.07,,4.31,,3.25
2011-12-20,3.28,3.55,3.71,3.47,3.48,3.48,3.4,,3.38,3.53,3.83,4.03,,4.27,,3.25
2011-12-21,3.3,3.55,3.71,3.47,3.47,3.47,3.39,,3.36,3.51,3.83,4.03,,4.25,,3.25
2011-12-22,3.26,3.55,3.71,3.47,3.48,3.49,3.4,,3.36,3.51,3.83,4.04,,4.25,,3.25
2011-12-23,3.26,3.55,3.71,3.48,3.49,3.5,3.41,,3.37,3.52,3.84,4.05,,4.26,,3.25
2011-12-26,3.26,3.55,3.71,3.49,3.52,3.53,3.42,,3.38,3.53,3.85,4.06,,4.27,,3.25
2011-12-27,3.26,3.55,3.71,3.49,3.52,3.53,3.42,,3.39,3.53,3.85,4.06,,4.27,,3.25
2011-12-28,3.28,3.55,3.71,3.49,3.52,3.54,3.42,,3.39,3.52,3.85,4.06,,4.27,,3.25
2011-12-29,3.27,3.55,3.71,3.48,3.5,3.5,3.4,,3.34,3.46,3.79,4.01,,4.21,,3.25
2011-12-30,3.29,3.55,3.71,3.48,3.5,3.5,3.4,,3.34,3.46,3.79,4.01,,4.21,,3.25
2012-01-02,3.25,3.56,3.71,3.47,3.48,3.48,3.38,,3.34,3.47,3.79,4.01,,4.21,,3.25
2012-01-03,3.25,3.56,3.71,3.47,3.47,3.48,3.38,,3.35,3.49,3.8,4.01,,4.22,,3.25
2012-01-04,3.24,3.56,3.71,3.46,3.46,3.48,3.38,,3.35,3.49,3.8,4.01,,4.22,,3.25
2012-01-05,3.25,3.56,3.71,3.45,3.46,3.47,3.38,,3.34,3.49,3.79,3.99,,4.21,,3.25
2012-01-06,3.25,3.56,3.71,3.45,3.47,3.48,3.38,,3.35,3.5,3.79,3.98,,4.22,,3.25
2012-01-09,3.25,3.56,3.71,3.45,3.47,3.51,3.39,,3.38,3.51,3.79,3.96,,4.25,,3.25
2012-01-10,3.28,3.56,3.7,3.45,3.47,3.51,3.39,,3.38,3.51,3.79,3.96,,4.25,,3.25
2012-01-11,3.28,3.56,3.69,3.45,3.47,3.5,3.39,,3.38,3.5,3.79,3.96,,4.25,,3.25
2012-01-12,3.25,3.56,3.68,3.45,3.47,3.5,3.4,,3.38,3.51,3.79,3.96,,4.25,,3.25
2012-01-13,3.25,3.56,3.68,3.45,3.46,3.48,3.39,,3.37,3.5,3.79,3.96,,4.24,,3.25
2012-01-16,3.26,3.56,3.67,3.44,3.45,3.46,3.38,,3.35,3.48,3.79,3.96,,4.22,,3.25
2012-01-17,3.26,3.56,3.68,3.44,3.46,3.48,3.39,,3.37,3.5,3.81,3.98,,4.24,,3.25
2012-01-18,3.26,3.55,3.68,3.44,3.45,3.47,3.39,,3.36,3.5,3.8,3.97,,4.24,,3.25
2012-01-19,3.27,3.54,3.68,3.44,3.45,3.47,3.39,,3.38,3.51,3.79,3.95,,4.25,,3.25
2012-01-20,3.27,3.54,3.68,3.44,3.46,3.49,3.4,,3.4,3.53,3.82,3.97,,4.27,,3.25
2012-01-25,3.23,3.54,3.69,3.44,3.47,3.51,3.41,,3.42,3.54,3.82,3.97,,4.29,,3.25
2012-01-26,3.26,3.54,3.69,3.43,3.46,3.5,3.4,,3.4,3.53,3.82,3.96,,4.27,,3.25
2012-01-27,3.26,3.54,3.68,3.42,3.45,3.49,3.39,,3.38,3.51,3.8,3.95,,4.25,,3.25
2012-01-30,3.27,3.54,3.68,3.41,3.44,3.47,3.38,,3.36,3.48,3.77,3.94,,4.23,,3.25
2012-01-31,3.27,3.54,3.68,3.41,3.45,3.49,3.39,,3.38,3.49,3.77,3.93,,4.24,,3.25
2012-02-01,3.26,3.54,3.68,3.41,3.44,3.47,3.38,,3.37,3.48,3.76,3.91,,4.23,,3.25
2012-02-02,3.25,3.54,3.68,3.41,3.44,3.47,3.38,,3.38,3.49,3.77,3.92,,4.24,,3.25
2012-02-03,3.25,3.53,3.68,3.41,3.44,3.47,3.38,,3.38,3.5,3.77,3.93,,4.24,,3.25
2012-02-06,3.24,3.53,3.68,3.42,3.45,3.48,3.38,,3.4,3.52,3.78,3.94,,4.25,,3.25
2012-02-07,3.28,3.53,3.67,3.42,3.46,3.5,3.39,,3.42,3.54,3.8,3.95,,4.24,,3.25
2012-02-08,3.27,3.53,3.67,3.43,3.47,3.52,3.41,,3.44,3.56,3.82,3.96,,4.26,,3.25
2012-02-09,3.25,3.52,3.67,3.43,3.47,3.52,3.41,,3.45,3.57,3.82,3.94,,4.26,,3.25
2012-02-10,3.25,3.52,3.67,3.42,3.46,3.5,3.4,,3.44,3.56,3.81,3.93,,4.25,,3.25
2012-02-13,3.25,3.52,3.67,3.43,3.46,3.53,3.41,,3.46,3.58,3.83,3.95,,4.27,,3.25
2012-02-14,3.25,3.52,3.66,3.43,3.45,3.52,3.41,,3.44,3.57,3.82,3.94,,4.25,,3.25
2012-02-15,3.25,3.52,3.66,3.43,3.46,3.52,3.42,,3.46,3.58,3.83,3.94,,4.26,,3.25
2012-02-16,3.25,3.52,3.66,3.42,3.44,3.49,3.4,,3.43,3.56,3.81,3.92,,4.24,,3.25
2012-02-17,3.25,3.52,3.66,3.42,3.45,3.51,3.41,,3.45,3.58,3.83,3.94,,4.25,,3.25
2012-02-20,3.26,3.52,3.65,3.43,3.46,3.52,3.43,,3.47,3.6,3.85,3.96,,4.27,,3.25
2012-02-21,3.25,3.52,3.65,3.43,3.46,3.52,3.43,,3.47,3.6,3.85,3.95,,4.27,,3.25
2012-02-22,3.25,3.52,3.65,3.43,3.46,3.52,3.43,,3.46,3.59,3.85,3.94,,4.27,,3.25
2012-02-23,3.25,3.52,3.65,3.42,3.45,3.51,3.42,,3.44,3.57,3.83,3.92,,4.25,,3.25
2012-02-24,3.25,3.52,3.65,3.42,3.46,3.52,3.43,,3.45,3.57,3.83,3.93,,4.26,,3.25
2012-02-27,3.25,3.52,3.65,3.42,3.46,3.52,3.43,,3.44,3.55,3.82,3.93,,4.25,,3.25
2012-02-28,3.25,3.53,3.65,3.41,3.45,3.5,3.42,,3.42,3.53,3.8,3.91,,4.23,,3.25
2012-02-29,3.26,3.54,3.65,3.42,3.47,3.52,3.43,,3.45,3.55,3.82,3.93,,4.26,,3.25
2012-03-02,3.25,3.54,3.65,3.43,3.48,3.54,3.45,,3.48,3.58,3.85,3.96,,4.29,,3.25
2012-03-05,3.24,3.54,3.65,3.45,3.5,3.56,3.46,,3.51,3.61,3.88,3.98,,4.32,,3.25
2012-03-06,3.25,3.54,3.65,3.45,3.5,3.55,3.46,,3.5,3.61,3.88,3.97,,4.31,,3.25
2012-03-07,3.22,3.54,3.65,3.45,3.5,3.55,3.46,,3.5,3.63,3.9,3.98,,4.31,,3.25
2012-03-08,3.26,3.54,3.65,3.45,3.49,3.53,3.44,,3.48,3.6,3.87,3.95,,4.29,,3.25
2012-03-09,3.25,3.54,3.65,3.46,3.5,3.54,3.45,,3.49,3.61,3.87,3.95,,4.3,,3.25
2012-03-12,3.25,3.54,3.65,3.44,3.48,3.52,3.44,,3.47,3.59,3.85,3.93,,4.28,,3.25
2012-03-13,3.25,3.54,3.65,3.44,3.48,3.52,3.44,,3.48,3.59,3.85,3.96,,4.28,,3.25
2012-03-14,3.25,3.54,3.65,3.46,3.51,3.55,3.46,,3.52,3.62,3.89,3.96,,4.32,,3.25
2012-03-15,3.25,3.54,3.65,3.49,3.54,3.59,3.5,,3.57,3.68,3.95,4.01,,4.37,,3.25
2012-03-16,3.25,3.54,3.65,3.5,3.55,3.6,3.51,,3.59,3.7,3.97,4.03,,4.39,,3.25
2012-03-19,3.25,3.54,3.65,3.51,3.57,3.62,3.53,,3.62,3.76,4.01,4.07,,4.41,,3.25
2012-03-20,3.25,3.54,3.65,3.51,3.56,3.61,3.52,,3.6,3.76,4.01,4.09,,4.4,,3.25
2012-03-21,3.25,3.54,3.66,3.53,3.58,3.64,3.54,,3.63,3.8,4.05,4.12,,4.43,,3.25
2012-03-22,3.25,3.54,3.66,3.53,3.59,3.65,3.54,,3.63,3.82,4.07,4.13,,4.43,,3.25
2012-03-23,3.25,3.54,3.66,3.54,3.6,3.66,3.55,,3.64,3.82,4.07,4.14,,4.44,,3.25
2012-03-26,3.25,3.55,3.67,3.51,3.59,3.66,3.54,,3.62,3.78,4.04,4.1,,4.42,,3.25
2012-03-27,3.25,3.55,3.68,3.51,3.59,3.67,3.54,,3.63,3.78,4.04,4.1,,4.43,,3.25
2012-03-28,3.24,3.55,3.69,3.49,3.56,3.62,3.51,,3.59,3.74,4,4.05,,4.39,,3.25
2012-03-29,3.23,3.55,3.69,3.48,3.55,3.6,3.49,,3.57,3.72,3.99,4.04,,4.37,,3.25
2012-03-30,3.24,3.55,3.69,3.47,3.53,3.58,3.47,,3.55,3.7,3.96,4.01,,4.35,,3.25
2012-04-02,3.24,3.55,3.69,3.47,3.53,3.6,3.48,,3.58,3.72,3.99,4.04,,4.38,,3.25
2012-04-03,3.24,3.55,3.69,3.46,3.51,3.58,3.47,,3.56,3.7,3.96,4.02,,4.36,,3.25
2012-04-04,3.22,3.55,3.68,3.46,3.51,3.57,3.47,,3.56,3.72,3.97,4.04,,4.35,,3.25
2012-04-05,3.24,3.55,3.66,3.46,3.51,3.56,3.47,,3.56,3.71,3.98,4.04,,4.34,,3.25
2012-04-06,3.27,3.55,3.65,3.44,3.49,3.54,3.46,,3.54,3.69,3.95,4.02,,4.31,,3.25
2012-04-09,3.25,3.54,3.65,3.4,3.45,3.51,3.44,,3.5,3.65,3.91,3.98,,4.27,,3.25
2012-04-10,3.23,3.54,3.64,3.4,3.45,3.51,3.44,,3.5,3.65,3.91,3.98,,4.27,,3.25
2012-04-12,3.24,3.54,3.63,3.4,3.45,3.5,3.44,,3.5,3.65,3.91,3.98,,4.27,,3.25
2012-04-13,3.24,3.54,3.62,3.4,3.45,3.49,3.44,,3.49,3.64,3.9,3.97,,4.26,,3.25
2012-04-16,3.24,3.54,3.62,3.36,3.44,3.48,3.43,,3.47,3.61,3.88,3.95,,4.23,,3.25
2012-04-17,3.24,3.54,3.62,3.36,3.44,3.48,3.43,,3.47,3.6,3.87,3.94,,4.22,,3.25
2012-04-18,3.24,3.54,3.62,3.36,3.45,3.51,3.44,,3.49,3.62,3.88,3.95,,4.23,,3.25
2012-04-19,3.24,3.54,3.62,3.36,3.45,3.51,3.44,,3.49,3.62,3.88,3.95,,4.22,,3.25
2012-04-20,3.25,3.54,3.62,3.35,3.44,3.5,3.43,,3.46,3.59,3.85,3.92,,4.2,,3.25
2012-04-23,3.25,3.54,3.62,3.39,3.48,3.51,3.44,,3.47,3.6,3.86,3.94,,4.2,,3.25
2012-04-24,3.26,3.54,3.61,3.39,3.48,3.51,3.44,,3.47,3.6,3.86,3.94,,4.2,,3.25
2012-04-25,3.26,3.54,3.61,3.39,3.49,3.53,3.45,,3.49,3.62,3.88,3.95,,4.21,,3.25
2012-04-26,3.26,3.54,3.61,3.39,3.49,3.53,3.45,,3.49,3.62,3.87,3.94,,4.2,,3.25
2012-04-27,3.26,3.54,3.61,3.38,3.47,3.5,3.43,,3.46,3.58,3.83,3.91,,4.16,,3.25
2012-04-30,3.26,3.54,3.61,3.4,3.47,3.49,3.43,,3.45,3.56,3.81,3.9,,4.14,,3.25
2012-05-02,3.25,3.54,3.6,3.4,3.47,3.5,3.43,,3.46,3.57,3.82,3.91,,4.14,,3.25
2012-05-03,3.25,3.54,3.6,3.39,3.45,3.47,3.42,,3.44,3.55,3.8,3.88,,4.11,,3.25
2012-05-04,3.24,3.54,3.6,3.38,3.44,3.45,3.41,,3.42,3.52,3.79,3.88,,4.09,,3.25
2012-05-07,3.24,3.54,3.6,3.37,3.4,3.41,3.38,,3.38,3.48,3.75,3.84,,4.04,,3.25
2012-05-08,3.29,3.54,3.6,3.37,3.41,3.41,3.38,,3.39,3.5,3.77,3.87,,4.05,,3.25
2012-05-09,3.28,3.54,3.6,3.37,3.4,3.39,3.37,,3.37,3.49,3.76,3.86,,4.03,,3.25
2012-05-10,3.26,3.54,3.6,3.38,3.39,3.41,3.38,,3.4,3.52,3.79,3.88,,4.04,,3.25
2012-05-11,3.25,3.54,3.6,3.37,3.38,3.39,3.36,,3.37,3.49,3.75,3.83,,4,,3.25
2012-05-14,3.26,3.54,3.6,3.38,3.39,3.41,3.37,,3.38,3.5,3.75,3.84,,4.01,,3.25
2012-05-15,3.26,3.54,3.6,3.38,3.39,3.41,3.37,,3.38,3.5,3.74,3.83,,4,,3.25
2012-05-16,3.26,3.54,3.6,3.38,3.39,3.41,3.37,,3.38,3.49,3.73,3.82,,3.99,,3.25
2012-05-17,3.26,3.54,3.6,3.38,3.4,3.42,3.38,,3.39,3.5,3.74,3.83,,4,,3.25
2012-05-18,3.26,3.54,3.6,3.36,3.37,3.38,3.36,,3.36,3.47,3.71,3.8,,3.97,,3.25
2012-05-21,3.26,3.54,3.6,3.36,3.38,3.4,3.37,,3.37,3.49,3.74,3.82,,3.98,,3.25
2012-05-22,3.26,3.54,3.6,3.36,3.37,3.38,3.36,,3.36,3.49,3.74,3.82,,3.97,,3.25
2012-05-23,3.26,3.54,3.6,3.36,3.36,3.37,3.36,,3.36,3.48,3.73,3.83,,3.96,,3.25
2012-05-24,3.26,3.54,3.6,3.35,3.35,3.37,3.35,,3.35,3.47,3.73,3.83,,3.95,,3.25
2012-05-25,3.26,3.54,3.6,3.35,3.35,3.37,3.35,,3.35,3.47,3.73,3.83,,3.95,,3.25
2012-05-29,3.26,3.54,3.6,3.35,3.34,3.38,3.35,,3.36,3.48,3.74,3.84,,3.96,,3.25
2012-05-30,3.26,3.54,3.6,3.35,3.34,3.37,3.34,,3.35,3.47,3.73,3.83,,3.95,,3.25
2012-05-31,3.27,3.54,3.6,3.33,3.32,3.34,3.31,,3.32,3.43,3.69,3.8,,3.92,,3.25
2012-06-01,3.25,3.54,3.6,3.31,3.3,3.31,3.3,,3.3,3.39,3.64,3.73,,3.9,,3.25
2012-06-04,3.27,3.54,3.59,3.29,3.28,3.27,3.27,,3.26,3.35,3.57,3.65,,3.86,,3.25
2012-06-05,3.27,3.54,3.59,3.3,3.29,3.3,3.29,,3.28,3.39,3.62,3.71,,3.88,,3.25
2012-06-07,3.26,3.54,3.58,3.3,3.3,3.3,3.3,,3.3,3.42,3.65,3.75,,3.89,,3.25
2012-06-08,3.26,3.54,3.57,3.28,3.27,3.26,3.26,,3.25,3.35,3.57,3.67,,3.84,,3.25
2012-06-11,3.26,3.54,3.56,3.31,3.3,3.31,3.31,,3.32,3.44,3.66,3.75,,3.91,,3.25
2012-06-12,3.26,3.54,3.56,3.3,3.28,3.29,3.29,,3.29,3.41,3.62,3.72,,3.87,,3.25
2012-06-13,3.26,3.54,3.56,3.3,3.29,3.29,3.3,,3.31,3.42,3.64,3.74,,3.88,,3.25
2012-06-14,3.26,3.54,3.56,3.3,3.28,3.27,3.29,,3.29,3.41,3.64,3.73,,3.86,,3.25
2012-06-15,3.26,3.54,3.56,3.29,3.27,3.25,3.27,,3.27,3.4,3.64,3.73,,3.85,,3.25
2012-06-18,3.26,3.54,3.56,3.29,3.28,3.28,3.3,,3.3,3.44,3.67,3.77,,3.88,,3.25
2012-06-19,3.25,3.54,3.56,3.29,3.27,3.28,3.29,,3.29,3.43,3.65,3.75,,3.86,,3.25
2012-06-20,3.26,3.54,3.56,3.29,3.28,3.29,3.3,,3.31,3.45,3.67,3.77,,3.88,,3.25
2012-06-21,3.26,3.54,3.56,3.29,3.28,3.29,3.3,,3.31,3.44,3.66,3.76,,3.88,,3.25
2012-06-22,3.26,3.54,3.56,3.28,3.27,3.28,3.29,,3.29,3.42,3.64,3.74,,3.86,,3.25
2012-06-25,3.25,3.54,3.56,3.28,3.27,3.28,3.29,,3.29,3.41,3.63,3.74,,3.86,,3.25
2012-06-26,3.25,3.54,3.56,3.28,3.27,3.28,3.29,,3.29,3.41,3.63,3.74,,3.86,,3.25
2012-06-27,3.24,3.54,3.56,3.28,3.27,3.28,3.28,,3.27,3.39,3.61,3.72,,3.84,,3.25
2012-06-28,3.25,3.54,3.56,3.28,3.27,3.28,3.28,,3.26,3.38,3.58,3.7,,3.84,,3.25
2012-06-29,3.26,3.54,3.56,3.3,3.29,3.3,3.31,,3.3,3.42,3.62,3.74,,3.87,,3.25
2012-07-02,3.25,3.54,3.56,3.3,3.29,3.3,3.31,,3.3,3.41,3.61,3.73,,3.87,,3.25
2012-07-03,3.25,3.54,3.56,3.3,3.29,3.29,3.3,,3.29,3.4,3.58,3.7,,3.86,,3.25
2012-07-04,3.25,3.54,3.56,3.3,3.28,3.28,3.29,,3.28,3.39,3.57,3.69,,3.85,,3.25
2012-07-05,3.25,3.54,3.56,3.3,3.28,3.27,3.28,,3.27,3.38,3.56,3.67,,3.84,,3.25
2012-07-06,3.25,3.54,3.56,3.28,3.25,3.24,3.25,,3.23,3.35,3.54,3.65,,3.8,,3.25
2012-07-09,3.25,3.54,3.56,3.26,3.23,3.21,3.23,,3.21,3.33,3.52,3.64,,3.78,,3.25
2012-07-10,3.29,3.54,3.56,3.26,3.23,3.22,3.23,,3.22,3.34,3.53,3.63,,3.79,,3.25
2012-07-11,3.25,3.54,3.56,3.25,3.21,3.19,3.21,,3.19,3.31,3.51,3.61,,3.77,,3.25
2012-07-12,3,3.27,3.35,3,2.98,2.96,2.99,,2.97,3.07,3.29,3.4,,3.56,,3
2012-07-13,3,3.25,3.33,2.98,2.97,2.94,2.97,,2.95,3.06,3.27,3.38,,3.54,,3
2012-07-16,3.01,3.25,3.32,2.98,2.97,2.95,2.97,,2.95,3.05,3.24,3.36,,3.54,,3
2012-07-17,3.01,3.24,3.31,2.95,2.94,2.92,2.94,,2.92,3.02,3.2,3.31,,3.51,,3
2012-07-18,3,3.23,3.31,2.93,2.91,2.9,2.91,,2.89,2.99,3.16,3.27,,3.48,,3
2012-07-19,3.01,3.22,3.3,2.91,2.89,2.91,2.91,,2.91,3.01,3.18,3.28,,3.5,,3
2012-07-20,3,3.21,3.3,2.88,2.87,2.88,2.88,,2.88,2.98,3.15,3.25,,3.47,,3
2012-07-23,3,3.2,3.29,2.81,2.81,2.83,2.82,,2.82,2.91,3.06,3.14,,3.41,,3
2012-07-24,3,3.2,3.28,2.81,2.81,2.84,2.83,,2.83,2.92,3.07,3.14,,3.43,,3
2012-07-25,3.01,3.19,3.27,2.78,2.78,2.79,2.78,,2.78,2.86,3.01,3.08,,3.37,,3
2012-07-26,3,3.19,3.24,2.8,2.8,2.82,2.8,,2.81,2.89,3.04,3.1,,3.4,,3
2012-07-27,3,3.2,3.23,2.84,2.85,2.88,2.85,,2.86,2.97,3.13,3.18,,3.45,,3
2012-07-30,3,3.2,3.23,2.84,2.85,2.87,2.84,,2.85,2.96,3.13,3.21,,3.44,,3
2012-07-31,3.02,3.2,3.23,2.83,2.83,2.86,2.84,,2.85,2.97,3.14,3.22,,3.44,,3
2012-08-01,3,3.2,3.23,2.81,2.8,2.83,2.82,,2.83,2.97,3.14,3.21,,3.42,,3
2012-08-02,2.99,3.2,3.23,2.78,2.77,2.78,2.79,,2.79,2.92,3.1,3.17,,3.38,,3
2012-08-03,3,3.2,3.23,2.76,2.75,2.77,2.77,,2.77,2.87,3.03,3.1,,3.35,,3
2012-08-06,2.99,3.2,3.22,2.77,2.76,2.78,2.78,,2.78,2.87,3.03,3.09,,3.36,,3
2012-08-07,2.99,3.2,3.22,2.77,2.75,2.77,2.77,,2.78,2.87,3.03,3.09,,3.36,,3
2012-08-08,2.99,3.2,3.21,2.75,2.74,2.76,2.76,,2.76,2.86,3.01,3.08,,3.35,,3
2012-08-09,3,3.2,3.2,2.79,2.78,2.82,2.81,,2.82,2.93,3.06,3.12,,3.41,,3
2012-08-10,2.99,3.2,3.2,2.78,2.77,2.8,2.79,,2.79,2.9,3.04,3.11,,3.38,,3
2012-08-13,2.99,3.2,3.2,2.8,2.81,2.83,2.82,,2.82,2.93,3.06,3.12,,3.41,,3
2012-08-14,3,3.2,3.2,2.85,2.85,2.89,2.86,,2.87,2.98,3.11,3.17,,3.46,,3
2012-08-16,3,3.21,3.2,2.91,2.92,2.97,2.93,,2.95,3.06,3.21,3.29,,3.54,,3
2012-08-17,2.99,3.21,3.2,2.9,2.92,2.94,2.91,,2.93,3.04,3.19,3.26,,3.52,,3
2012-08-20,2.99,3.21,3.2,2.92,2.94,2.96,2.93,,2.95,3.07,3.21,3.28,,3.54,,3
2012-08-21,3,3.2,3.2,2.9,2.91,2.92,2.9,,2.9,3.02,3.16,3.23,,3.47,,3
2012-08-22,3,3.19,3.2,2.91,2.91,2.93,2.9,,2.9,3.02,3.16,3.23,,3.47,,3
2012-08-23,3,3.19,3.2,2.89,2.9,2.9,2.88,,2.88,2.98,3.12,3.18,,3.43,,3
2012-08-24,3,3.19,3.2,2.88,2.88,2.85,2.85,,2.83,2.93,3.08,3.13,,3.37,,3
2012-08-27,2.99,3.19,3.2,2.88,2.87,2.84,2.84,,2.81,2.91,3.06,3.12,,3.34,,3
2012-08-28,3,3.18,3.2,2.89,2.87,2.84,2.85,,2.81,2.91,3.06,3.12,,3.33,,3
2012-08-29,3,3.18,3.2,2.88,2.85,2.82,2.83,,2.79,2.88,3.03,3.09,,3.3,,3
2012-08-30,3,3.17,3.2,2.88,2.84,2.81,2.82,,2.78,2.87,3.03,3.09,,3.29,,3
2012-08-31,3.01,3.16,3.2,2.87,2.82,2.8,2.81,,2.76,2.86,3.02,3.08,,3.27,,3
2012-09-03,3,3.16,3.2,2.86,2.81,2.78,2.8,,2.75,2.83,3,3.06,,3.25,,3
2012-09-04,3.01,3.16,3.2,2.86,2.81,2.79,2.81,,2.77,2.86,3.02,3.07,,3.27,,3
2012-09-05,3,3.16,3.2,2.84,2.79,2.76,2.79,,2.74,2.82,2.98,3.04,,3.24,,3
2012-09-06,3,3.16,3.2,2.84,2.8,2.77,2.8,,2.75,2.83,2.99,3.05,,3.25,,3
2012-09-07,3.01,3.16,3.2,2.87,2.84,2.83,2.85,,2.82,2.9,3.06,3.11,,3.32,,3
2012-09-10,2.99,3.15,3.2,2.84,2.82,2.82,2.84,,2.8,2.88,3.04,3.08,,3.3,,3
2012-09-11,2.99,3.15,3.2,2.82,2.8,2.8,2.82,,2.78,2.85,3.01,3.05,3.02,3.27,,3
2012-09-12,2.99,3.15,3.2,2.83,2.81,2.82,2.84,,2.8,2.87,3.02,3.06,3.02,3.29,,3
2012-09-13,2.99,3.15,3.2,2.87,2.86,2.89,2.9,,2.87,2.94,3.07,3.08,3.04,3.37,,3
2012-09-14,2.99,3.15,3.2,2.86,2.85,2.88,2.89,,2.86,2.93,3.08,3.09,3.04,3.36,,3
2012-09-17,2.99,3.15,3.2,2.89,2.88,2.91,2.92,,2.9,2.97,3.13,3.14,3.06,3.4,,3
2012-09-18,2.99,3.14,3.2,2.87,2.86,2.88,2.89,,2.86,2.94,3.09,3.1,3.05,3.36,,3
2012-09-19,2.99,3.13,3.2,2.89,2.88,2.9,2.91,,2.88,2.97,3.12,3.13,3.07,3.38,,3
2012-09-20,3,3.12,3.2,2.85,2.84,2.84,2.86,,2.82,2.9,3.05,3.07,3.02,3.32,,3
2012-09-21,3,3.12,3.2,2.86,2.85,2.86,2.88,,2.84,2.92,3.07,3.09,3.03,3.34,,3
2012-09-24,3,3.12,3.2,2.85,2.84,2.84,2.87,,2.81,2.89,3.05,3.08,3.02,3.32,,3
2012-09-25,2.99,3.11,3.2,2.85,2.84,2.83,2.86,,2.8,2.88,3.04,3.08,3.02,3.31,,3
2012-09-26,2.99,3.1,3.2,2.85,2.84,2.83,2.85,,2.79,2.87,3.03,3.07,3.02,3.3,,3
2012-09-27,2.99,3.1,3.2,2.86,2.86,2.85,2.86,,2.81,2.89,3.05,3.08,3.03,3.32,,3
2012-09-28,3.01,3.09,3.2,2.84,2.84,2.83,2.84,,2.79,2.87,3.02,3.05,3.01,3.3,,3
2012-10-02,2.99,3.09,3.2,2.82,2.81,2.79,2.81,,2.76,2.82,2.97,3.01,2.98,3.27,,3
2012-10-04,3.01,3.09,3.2,2.81,2.8,2.77,2.8,,2.74,2.81,2.95,2.99,2.97,3.26,,3
2012-10-05,3,3.09,3.2,2.82,2.81,2.78,2.81,,2.75,2.82,2.95,2.99,2.97,3.27,,3
2012-10-08,2.99,3.08,3.2,2.83,2.81,2.78,2.82,,2.76,2.83,2.96,3,2.97,3.28,,3
2012-10-09,3,3.08,3.19,2.83,2.81,2.78,2.82,,2.76,2.83,2.96,3,2.97,3.28,,3
2012-10-10,3.03,3.08,3.19,2.78,2.75,2.73,2.77,,2.71,2.78,2.91,2.96,2.94,3.23,,3
2012-10-11,2.75,2.9,3,2.8,2.77,2.76,2.8,,2.74,2.81,2.92,2.97,2.95,3.26,,2.75
2012-10-12,2.75,2.87,3,2.82,2.79,2.79,2.82,,2.77,2.83,2.95,2.98,2.96,3.28,,2.75
2012-10-15,2.75,2.87,2.99,2.81,2.78,2.78,2.81,,2.76,2.82,2.94,2.97,2.96,3.27,,2.75
2012-10-16,2.75,2.87,2.99,2.82,2.8,2.82,2.83,,2.78,2.85,2.96,2.99,2.97,3.29,,2.75
2012-10-17,2.75,2.87,2.98,2.83,2.82,2.84,2.85,,2.81,2.88,2.98,3.01,2.99,3.32,,2.75
2012-10-18,2.75,2.87,2.98,2.84,2.84,2.85,2.86,,2.84,2.91,3.02,3.05,3.03,3.35,,2.75
2012-10-19,2.75,2.87,2.98,2.82,2.82,2.83,2.83,,2.81,2.89,3.02,3.05,3.03,3.33,,2.75
2012-10-22,2.74,2.87,2.98,2.83,2.83,2.86,2.84,,2.84,2.92,3.04,3.08,3.1,3.36,,2.75
2012-10-23,2.74,2.86,2.98,2.81,2.81,2.84,2.81,,2.82,2.9,3.02,3.06,3.1,3.33,,2.75
2012-10-24,2.74,2.86,2.98,2.8,2.8,2.83,2.8,,2.81,2.89,3.01,3.05,3.09,3.32,,2.75
2012-10-25,2.75,2.85,2.98,2.8,2.8,2.83,2.8,,2.81,2.89,3.01,3.05,3.09,3.32,,2.75
2012-10-26,2.74,2.85,2.98,2.78,2.78,2.8,2.78,,2.78,2.86,2.98,3.02,3.06,3.29,,2.75
2012-10-29,2.74,2.85,2.98,2.79,2.79,2.81,2.78,,2.79,2.87,2.98,3.03,3.06,3.3,,2.75
2012-10-30,2.74,2.85,2.98,2.79,2.79,2.8,2.78,,2.78,2.86,2.98,3.03,3.06,3.3,,2.75
2012-10-31,2.75,2.85,2.98,2.78,2.78,2.79,2.77,,2.77,2.84,2.96,3.01,3.05,3.29,,2.75
2012-11-01,2.75,2.85,2.98,2.78,2.78,2.78,2.77,,2.77,2.83,2.96,3.01,3.05,3.29,,2.75
2012-11-02,2.75,2.85,2.98,2.79,2.79,2.79,2.78,,2.78,2.84,2.97,3.02,3.06,3.3,,2.75
2012-11-05,2.75,2.85,2.98,2.8,2.8,2.81,2.8,,2.8,2.86,2.99,3.05,3.1,3.32,,2.75
2012-11-06,2.76,2.85,2.98,2.78,2.78,2.78,2.78,,2.78,2.85,2.99,3.04,3.1,3.3,,2.75
2012-11-07,2.76,2.85,2.98,2.78,2.78,2.78,2.78,,2.78,2.85,2.99,3.04,3.1,3.3,,2.75
2012-11-08,2.75,2.85,2.98,2.76,2.77,2.76,2.76,,2.76,2.83,2.96,3.02,3.08,3.28,,2.75
2012-11-09,2.75,2.85,2.98,2.78,2.79,2.79,2.78,,2.79,2.86,2.98,3.03,3.1,3.31,,2.75
2012-11-12,2.76,2.85,2.98,2.78,2.79,2.79,2.78,,2.79,2.86,2.98,3.03,3.1,3.31,,2.75
2012-11-13,2.76,2.85,2.98,2.77,2.78,2.77,2.76,,2.78,2.84,2.96,3.02,3.09,3.3,,2.75
2012-11-14,2.76,2.85,2.98,2.78,2.79,2.78,2.77,,2.79,2.85,2.97,3.03,3.1,3.31,,2.75
2012-11-15,2.76,2.85,2.98,2.78,2.79,2.78,2.77,,2.78,2.85,2.97,3.03,3.1,3.31,,2.75
2012-11-16,2.75,2.85,2.98,2.77,2.78,2.77,2.76,,2.77,2.84,2.96,3.02,3.09,3.3,,2.75
2012-11-19,2.75,2.85,2.98,2.78,2.79,2.79,2.77,,2.79,2.86,2.98,3.04,3.11,3.32,,2.75
2012-11-20,2.76,2.85,2.98,2.79,2.8,2.8,2.78,,2.8,2.87,2.99,3.05,3.13,3.33,,2.75
2012-11-21,2.76,2.85,2.98,2.79,2.8,2.8,2.78,,2.8,2.87,2.99,3.05,3.14,3.33,,2.75
2012-11-22,2.76,2.85,2.98,2.81,2.82,2.82,2.8,,2.82,2.89,3.01,3.07,3.17,3.35,,2.75
2012-11-23,2.75,2.85,2.98,2.83,2.84,2.84,2.83,,2.84,2.91,3.03,3.1,3.19,3.37,,2.75
2012-11-26,2.75,2.85,2.98,2.82,2.83,2.82,2.82,,2.82,2.9,3.02,3.09,3.18,3.35,,2.75
2012-11-27,2.75,2.85,2.98,2.83,2.85,2.84,2.84,,2.84,2.92,3.04,3.11,3.2,3.37,,2.75
2012-11-28,2.75,2.85,2.98,2.82,2.84,2.82,2.83,,2.83,2.9,3.02,3.1,3.18,3.36,,2.75
2012-11-29,2.76,2.85,2.98,2.82,2.84,2.82,2.83,,2.83,2.9,3.02,3.1,3.18,3.36,,2.75
2012-11-30,2.77,2.85,2.98,2.83,2.85,2.83,2.84,,2.84,2.91,3.03,3.11,3.19,3.37,,2.75
2012-12-03,2.75,2.85,2.98,2.8,2.82,2.83,2.82,,2.84,2.91,3.03,3.13,3.24,3.36,,2.75
2012-12-04,2.78,2.85,2.98,2.79,2.81,2.83,2.8,,2.84,2.91,3.04,3.14,3.24,3.31,,2.75
2012-12-05,2.74,2.85,2.98,2.8,2.81,2.86,2.81,,2.86,2.95,3.08,3.2,3.29,3.32,,2.75
2012-12-06,2.75,2.85,2.98,2.78,2.8,2.83,2.79,,2.83,2.94,3.07,3.18,3.28,3.28,,2.75
2012-12-07,2.76,2.87,2.98,2.77,2.79,2.81,2.78,,2.81,2.93,3.06,3.17,3.27,3.25,,2.75
2012-12-10,2.75,2.88,2.98,2.78,2.81,2.83,2.8,,2.83,2.96,3.09,3.2,3.3,3.27,,2.75
2012-12-11,2.75,2.88,2.98,2.78,2.81,2.83,2.8,,2.83,2.97,3.09,3.2,3.3,3.27,,2.75
2012-12-12,2.75,2.89,2.98,2.78,2.81,2.83,2.8,,2.83,2.96,3.1,3.19,3.3,3.27,,2.75
2012-12-13,2.75,2.89,2.98,2.79,2.82,2.85,2.82,,2.86,2.99,3.14,3.23,3.32,3.3,,2.75
2012-12-14,2.75,2.89,2.98,2.79,2.82,2.85,2.82,,2.87,3,3.15,3.24,3.33,3.31,,2.75
2012-12-17,2.75,2.89,2.98,2.8,2.82,2.86,2.82,,2.88,3.02,3.16,3.28,3.36,3.31,,2.75
2012-12-18,2.75,2.89,2.98,2.81,2.83,2.88,2.83,,2.9,3.05,3.19,3.33,3.41,3.33,,2.75
2012-12-20,2.75,2.89,2.99,2.8,2.82,2.86,2.82,,2.88,3.04,3.2,3.34,3.42,3.32,,2.75
2012-12-21,2.75,2.89,2.99,2.78,2.81,2.84,2.8,,2.85,3.02,3.18,3.33,3.41,3.3,,2.75
2012-12-24,2.76,2.89,2.99,2.79,2.81,2.85,2.81,,2.87,3.03,3.21,3.36,3.42,3.32,,2.75
2012-12-26,2.75,2.89,2.99,2.8,2.81,2.86,2.81,,2.88,3.05,3.24,3.37,3.44,3.33,,2.75
2012-12-27,2.75,2.89,3,2.79,2.8,2.85,2.8,,2.85,3.03,3.21,3.34,3.41,3.31,,2.75
2012-12-28,2.75,2.89,3,2.78,2.78,2.82,2.78,,2.82,2.97,3.16,3.28,3.36,3.29,,2.75
2012-12-31,2.77,2.89,3,2.78,2.78,2.82,2.78,,2.82,2.97,3.16,3.28,3.36,3.29,,2.75
2013-01-02,2.77,2.89,3.01,2.78,2.78,2.81,2.78,,2.82,2.98,3.19,3.3,3.37,3.3,,2.75
2013-01-03,2.77,2.88,3.01,2.74,2.74,2.76,2.74,,2.77,2.91,3.13,3.25,3.32,3.25,,2.75
2013-01-04,2.76,2.88,3.01,2.73,2.73,2.74,2.72,,2.74,2.89,3.13,3.25,3.33,3.23,,2.75
2013-01-07,2.76,2.87,3,2.73,2.73,2.75,2.72,,2.76,2.89,3.1,3.22,3.37,3.25,,2.75
2013-01-08,2.76,2.87,2.99,2.72,2.72,2.73,2.71,,2.74,2.87,3.05,3.17,3.33,3.23,,2.75
2013-01-09,2.77,2.87,2.98,2.72,2.72,2.74,2.71,,2.75,2.87,3.05,3.17,3.32,3.23,,2.75
2013-01-10,2.76,2.87,2.98,2.68,2.68,2.7,2.68,,2.7,2.82,3.02,3.14,3.28,3.19,,2.75
2013-01-11,2.76,2.85,2.97,2.71,2.71,2.75,2.71,,2.76,2.87,3.05,3.17,3.29,3.25,,2.75
2013-01-14,2.75,2.85,2.96,2.72,2.72,2.76,2.72,,2.76,2.88,3.04,3.17,3.3,3.25,,2.75
2013-01-15,2.76,2.85,2.96,2.7,2.7,2.74,2.7,,2.73,2.84,3.01,3.13,3.28,3.21,,2.75
2013-01-16,2.75,2.85,2.95,2.7,2.71,2.74,2.71,,2.74,2.84,3.02,3.14,3.29,3.21,,2.75
2013-01-17,2.75,2.85,2.94,2.7,2.71,2.73,2.71,,2.73,2.83,3,3.12,3.27,3.19,,2.75
2013-01-18,2.75,2.85,2.94,2.71,2.72,2.75,2.72,,2.75,2.85,3.02,3.14,3.29,3.2,,2.75
2013-01-21,2.76,2.85,2.93,2.71,2.72,2.74,2.72,,2.74,2.85,3.02,3.14,3.29,3.19,,2.75
2013-01-22,2.75,2.85,2.93,2.71,2.72,2.73,2.72,,2.73,2.84,3.02,3.14,3.31,3.17,,2.75
2013-01-23,2.75,2.85,2.92,2.7,2.71,2.72,2.71,,2.72,2.83,3.01,3.13,3.3,3.15,,2.75
2013-01-24,2.75,2.84,2.92,2.7,2.71,2.72,2.71,,2.71,2.82,3,3.13,3.29,3.13,,2.75
2013-01-25,2.75,2.84,2.92,2.7,2.71,2.72,2.71,,2.71,2.82,2.99,3.12,3.28,3.12,,2.75
2013-01-28,2.75,2.84,2.92,2.72,2.73,2.74,2.73,,2.74,2.85,3.03,3.15,3.3,3.13,,2.75
2013-01-29,2.75,2.84,2.92,2.73,2.74,2.75,2.74,,2.75,2.86,3.04,3.16,3.31,3.13,,2.75
2013-01-30,2.75,2.84,2.92,2.75,2.76,2.77,2.76,,2.78,2.9,3.1,3.21,3.33,3.15,,2.75
2013-01-31,2.76,2.84,2.91,2.74,2.75,2.76,2.75,,2.76,2.89,3.1,3.2,3.33,3.13,,2.75
2013-02-01,2.75,2.84,2.91,2.74,2.75,2.76,2.75,,2.76,2.9,3.12,3.22,3.35,3.13,,2.75
2013-02-04,2.75,2.84,2.91,2.74,2.74,2.76,2.74,,2.76,2.9,3.11,3.21,3.34,3.12,,2.75
2013-02-05,2.73,2.84,2.91,2.73,2.73,2.75,2.72,,2.75,2.88,3.08,3.18,3.32,3.11,,2.75
2013-02-06,2.72,2.84,2.91,2.71,2.71,2.72,2.7,,2.72,2.85,3.07,3.18,3.33,3.08,,2.75
2013-02-07,2.74,2.84,2.91,2.71,2.71,2.72,2.7,,2.72,2.85,3.06,3.18,3.32,3.08,,2.75
2013-02-08,2.74,2.84,2.91,2.7,2.7,2.71,2.7,,2.72,2.84,3.06,3.18,3.32,3.07,,2.75
2013-02-12,2.75,2.84,2.91,2.69,2.69,2.69,2.69,,2.71,2.83,3.04,3.16,3.31,3.06,,2.75
2013-02-13,2.75,2.84,2.91,2.71,2.71,2.71,2.7,,2.73,2.86,3.08,3.2,3.33,3.08,,2.75
2013-02-14,2.75,2.83,2.9,2.71,2.71,2.71,2.7,,2.73,2.86,3.09,3.21,3.33,3.08,,2.75
2013-02-15,2.75,2.83,2.91,2.69,2.7,2.7,2.69,,2.72,2.84,3.08,3.2,3.32,3.07,,2.75
2013-02-18,2.74,2.83,2.91,2.68,2.69,2.7,2.68,,2.71,2.83,3.06,3.18,3.31,3.06,,2.75
2013-02-19,2.75,2.83,2.91,2.66,2.67,2.68,2.66,,2.69,2.8,3.03,3.15,3.29,3.03,,2.75
2013-02-20,2.75,2.83,2.91,2.67,2.68,2.7,2.68,,2.71,2.82,3.04,3.17,3.3,3.05,,2.75
2013-02-21,2.76,2.83,2.9,2.65,2.66,2.68,2.66,,2.68,2.79,3.02,3.15,3.27,3.02,,2.75
2013-02-22,2.75,2.83,2.9,2.66,2.67,2.69,2.67,,2.69,2.8,3.02,3.16,3.28,3.03,,2.75
2013-02-25,2.76,2.83,2.9,2.66,2.67,2.68,2.67,,2.68,2.8,3.02,3.15,3.28,3.03,,2.75
2013-02-26,2.75,2.82,2.9,2.64,2.65,2.66,2.64,,2.65,2.76,2.98,3.11,3.25,3,,2.75
2013-02-27,2.75,2.82,2.9,2.62,2.63,2.64,2.62,,2.63,2.73,2.93,3.08,3.21,2.98,,2.75
2013-02-28,2.76,2.82,2.9,2.63,2.64,2.65,2.63,,2.63,2.74,2.94,3.09,3.22,2.99,,2.75
2013-03-04,2.76,2.82,2.9,2.63,2.63,2.64,2.63,,2.63,2.74,2.94,3.08,3.21,2.98,,2.75
2013-03-05,2.74,2.82,2.89,2.62,2.62,2.63,2.62,,2.63,2.73,2.93,3.07,3.19,2.97,,2.75
2013-03-06,2.74,2.82,2.89,2.63,2.63,2.65,2.63,,2.64,2.75,2.96,3.1,3.2,2.99,,2.75
2013-03-07,2.76,2.82,2.89,2.63,2.64,2.67,2.64,,2.66,2.77,2.99,3.13,3.22,3.01,,2.75
2013-03-08,2.75,2.82,2.89,2.63,2.64,2.67,2.64,,2.66,2.77,2.99,3.13,3.22,3.01,,2.75
2013-03-11,2.75,2.82,2.89,2.63,2.64,2.67,2.64,,2.66,2.78,3,3.13,3.22,3.01,,2.75
2013-03-12,2.75,2.81,2.89,2.6,2.61,2.62,2.6,,2.61,2.72,2.95,3.08,3.17,2.96,,2.75
2013-03-13,2.74,2.81,2.89,2.6,2.61,2.62,2.6,,2.61,2.72,2.96,3.09,3.18,2.96,,2.75
2013-03-14,2.74,2.81,2.89,2.6,2.61,2.62,2.6,,2.62,2.72,2.95,3.1,3.18,2.96,,2.75
2013-03-15,2.74,2.81,2.89,2.6,2.61,2.61,2.6,,2.61,2.71,2.93,3.08,3.18,2.95,,2.75
2013-03-18,2.74,2.81,2.88,2.59,2.6,2.6,2.59,,2.59,2.68,2.9,3.05,3.15,2.93,,2.75
2013-03-19,2.74,2.81,2.88,2.59,2.6,2.6,2.59,,2.6,2.68,2.88,3.04,3.15,2.93,,2.75
2013-03-20,2.74,2.81,2.88,2.6,2.6,2.61,2.59,,2.6,2.68,2.9,3.06,3.16,2.94,,2.75
2013-03-21,2.74,2.81,2.87,2.6,2.6,2.6,2.59,,2.59,2.67,2.89,3.06,3.15,2.94,,2.75
2013-03-22,2.74,2.81,2.87,2.59,2.59,2.59,2.58,,2.58,2.66,2.87,3.04,3.14,2.92,,2.75
2013-03-25,2.74,2.81,2.87,2.6,2.6,2.6,2.59,,2.58,2.66,2.88,3.05,3.14,2.92,,2.75
2013-03-26,2.74,2.81,2.87,2.6,2.6,2.6,2.59,,2.58,2.66,2.88,3.06,3.16,2.92,,2.75
2013-03-27,2.74,2.81,2.87,2.61,2.61,2.61,2.59,,2.58,2.65,2.86,3.07,3.18,2.92,,2.75
2013-03-28,2.74,2.81,2.86,2.52,2.52,2.49,2.5,,2.45,2.51,2.73,2.95,3.07,2.8,,2.75
2013-03-29,2.75,2.81,2.86,2.58,2.57,2.54,2.55,,2.52,2.58,2.8,3.02,3.12,2.88,,2.75
2013-04-01,2.74,2.81,2.86,2.56,2.55,2.5,2.52,,2.49,2.57,2.81,3.06,3.18,2.85,,2.75
2013-04-02,2.74,2.81,2.86,2.55,2.54,2.48,2.51,,2.47,2.56,2.8,3.07,3.19,2.84,,2.75
2013-04-03,2.74,2.8,2.86,2.55,2.53,2.48,2.51,,2.47,2.56,2.78,3.05,3.17,2.84,,2.75
2013-04-04,2.74,2.8,2.86,2.55,2.52,2.48,2.51,,2.48,2.57,2.79,3.02,3.15,2.85,,2.75
2013-04-05,2.74,2.8,2.86,2.51,2.48,2.44,2.47,,2.44,2.54,2.76,2.99,3.12,2.81,,2.75
2013-04-08,2.74,2.8,2.86,2.53,2.49,2.47,2.49,,2.47,2.57,2.77,2.99,3.11,2.84,,2.75
2013-04-09,2.75,2.8,2.86,2.54,2.5,2.49,2.51,,2.49,2.59,2.79,3.01,3.13,2.86,,2.75
2013-04-10,2.75,2.8,2.86,2.52,2.48,2.48,2.5,,2.48,2.58,2.79,3,3.12,2.85,,2.75
2013-04-11,2.74,2.79,2.86,2.64,2.61,2.63,2.63,,2.63,2.72,2.91,3.11,3.22,3,,2.75
2013-04-12,2.73,2.79,2.87,2.68,2.65,2.67,2.67,,2.67,2.76,2.96,3.15,3.24,3.03,,2.75
2013-04-15,2.74,2.79,2.87,2.67,2.65,2.67,2.65,,2.66,2.75,2.97,3.13,3.23,3.02,,2.75
2013-04-16,2.74,2.79,2.87,2.64,2.61,2.63,2.62,,2.61,2.69,2.9,3.09,3.19,2.96,,2.75
2013-04-17,2.74,2.79,2.87,2.66,2.61,2.64,2.62,,2.63,2.69,2.9,3.09,3.19,2.96,,2.75
2013-04-18,2.74,2.79,2.87,2.64,2.6,2.61,2.6,,2.59,2.66,2.86,3.06,3.16,2.93,,2.75
2013-04-19,2.75,2.79,2.87,2.66,2.63,2.63,2.63,,2.61,2.68,2.87,3.07,3.17,2.95,,2.75
2013-04-22,2.75,2.79,2.87,2.69,2.65,2.65,2.64,,2.62,2.69,2.87,3.07,3.17,2.96,,2.75
2013-04-23,2.75,2.79,2.87,2.69,2.65,2.63,2.63,,2.6,2.67,2.85,3.04,3.14,2.95,,2.75
2013-04-24,2.75,2.79,2.88,2.7,2.66,2.64,2.64,,2.61,2.68,2.85,3.02,3.13,2.96,,2.75
2013-04-25,2.76,2.78,2.89,2.7,2.64,2.59,2.61,,2.56,2.63,2.82,3,3.11,2.91,,2.75
2013-04-26,2.76,2.79,2.9,2.69,2.61,2.55,2.58,,2.52,2.58,2.8,2.99,3.1,2.87,,2.75
2013-04-29,2.76,2.8,2.9,2.71,2.6,2.55,2.58,,2.52,2.59,2.81,2.99,3.1,2.88,,2.75
2013-04-30,2.78,2.81,2.9,2.68,2.57,2.53,2.56,,2.49,2.56,2.77,2.96,3.08,2.85,,2.75
2013-05-02,2.76,2.81,2.9,2.63,2.53,2.48,2.52,,2.44,2.51,2.73,2.92,3.04,2.81,,2.75
2013-05-03,2.76,2.81,2.9,2.63,2.55,2.5,2.54,,2.47,2.53,2.74,2.93,3.06,2.83,,2.75
2013-05-06,2.76,2.81,2.9,2.71,2.62,2.6,2.63,,2.56,2.62,2.81,3,3.12,2.92,,2.75
2013-05-07,2.76,2.81,2.89,2.69,2.6,2.58,2.6,,2.54,2.61,2.8,2.99,3.1,2.9,,2.75
2013-05-08,2.77,2.81,2.89,2.69,2.6,2.59,2.61,,2.55,2.62,2.82,3.01,3.11,2.91,,2.75
2013-05-09,2.51,2.69,2.79,2.65,2.58,2.58,2.59,,2.55,2.62,2.84,3.02,3.11,2.91,,2.5
2013-05-10,2.51,2.69,2.77,2.62,2.57,2.57,2.58,,2.55,2.64,2.87,3.04,3.12,2.92,,2.5
2013-05-13,2.51,2.69,2.76,2.56,2.55,2.58,2.58,,2.57,2.66,2.89,3.06,3.14,2.93,,2.5
2013-05-14,2.51,2.69,2.75,2.55,2.54,2.57,2.56,,2.56,2.64,2.87,3.04,3.13,2.92,,2.5
2013-05-15,2.51,2.69,2.75,2.54,2.54,2.57,2.55,,2.56,2.65,2.88,3.05,3.13,2.92,,2.5
2013-05-16,2.51,2.69,2.75,2.54,2.54,2.57,2.55,,2.56,2.65,2.89,3.06,3.14,2.93,,2.5
2013-05-20,2.5,2.69,2.75,2.56,2.57,2.61,2.57,,2.6,2.69,2.92,3.1,3.18,2.97,,2.5
2013-05-21,2.5,2.69,2.75,2.54,2.56,2.61,2.57,,2.6,2.69,2.92,3.1,3.18,2.97,,2.5
2013-05-22,2.5,2.69,2.75,2.54,2.56,2.61,2.57,,2.61,2.7,2.93,3.11,3.19,2.98,,2.5
2013-05-23,2.5,2.69,2.75,2.54,2.56,2.61,2.57,,2.61,2.7,2.93,3.11,3.19,2.98,,2.5
2013-05-24,2.5,2.69,2.75,2.54,2.57,2.62,2.58,,2.62,2.71,2.94,3.12,3.2,2.99,,2.5
2013-05-27,2.5,2.69,2.75,2.54,2.56,2.61,2.57,,2.61,2.7,2.92,3.11,3.19,2.98,,2.5
2013-05-28,2.5,2.69,2.75,2.56,2.58,2.64,2.59,,2.64,2.73,2.94,3.12,3.21,3.01,,2.5
2013-05-29,2.49,2.69,2.75,2.62,2.66,2.73,2.67,,2.75,2.85,3.04,3.21,3.3,3.12,,2.5
2013-05-30,2.49,2.69,2.75,2.59,2.64,2.73,2.65,,2.75,2.85,3.05,3.21,3.3,3.11,,2.5
2013-05-31,2.5,2.69,2.75,2.6,2.66,2.77,2.66,,2.78,2.9,3.12,3.26,3.36,3.14,,2.5
2013-06-03,2.49,2.69,2.75,2.57,2.63,2.75,2.64,,2.78,2.9,3.12,3.27,3.37,3.13,,2.5
2013-06-04,2.52,2.69,2.75,2.57,2.64,2.76,2.64,,2.78,2.93,3.13,3.29,3.38,3.14,,2.5
2013-06-05,2.48,2.69,2.75,2.58,2.65,2.77,2.66,,2.81,2.96,3.16,3.31,3.39,3.17,,2.5
2013-06-07,2.5,2.69,2.75,2.54,2.61,2.72,2.61,,2.77,2.92,3.13,3.28,3.36,3.12,,2.5
2013-06-10,2.49,2.69,2.75,2.54,2.61,2.75,2.62,,2.79,2.95,3.15,3.31,3.39,3.15,,2.5
2013-06-11,2.49,2.69,2.75,2.55,2.62,2.76,2.63,,2.8,3,3.2,3.35,3.43,3.17,,2.5
2013-06-12,2.49,2.69,2.75,2.58,2.66,2.83,2.67,,2.88,3.08,3.31,3.43,3.49,3.24,,2.5
2013-06-13,2.49,2.69,2.75,2.53,2.61,2.77,2.61,,2.82,3.03,3.25,3.38,3.45,3.19,,2.5
2013-06-14,2.49,2.69,2.75,2.5,2.57,2.72,2.57,,2.76,2.96,3.19,3.35,3.4,3.13,,2.5
2013-06-17,2.49,2.69,2.75,2.54,2.61,2.77,2.61,,2.81,3.02,3.27,3.42,3.48,3.18,,2.5
2013-06-18,2.49,2.69,2.74,2.52,2.58,2.73,2.58,,2.77,2.98,3.21,3.38,3.46,3.13,,2.5
2013-06-19,2.49,2.69,2.74,2.55,2.61,2.79,2.62,,2.81,3.02,3.24,3.41,3.49,3.18,,2.5
2013-06-20,2.49,2.69,2.75,2.6,2.68,2.88,2.7,,2.94,3.16,3.41,3.56,3.65,3.32,,2.5
2013-06-21,2.49,2.7,2.76,2.64,2.73,2.94,2.75,,3.04,3.32,3.58,3.72,3.81,3.4,,2.5
2013-06-24,2.49,2.69,2.76,2.67,2.77,2.99,2.8,,3.12,3.43,3.68,3.85,3.92,3.48,,2.5
2013-06-25,2.49,2.69,2.76,2.62,2.71,2.89,2.73,,3.02,3.32,3.58,3.76,3.85,3.38,,2.5
2013-06-26,2.49,2.69,2.76,2.62,2.71,2.88,2.71,,2.97,3.25,3.5,3.69,3.78,3.36,,2.5
2013-06-27,2.5,2.69,2.76,2.62,2.72,2.89,2.71,,2.97,3.21,3.44,3.61,3.72,3.37,,2.5
2013-06-28,2.5,2.69,2.76,2.59,2.69,2.83,2.67,,2.88,3.14,3.4,3.57,3.68,3.31,,2.5
2013-07-01,2.49,2.69,2.76,2.64,2.74,2.92,2.74,,2.99,3.25,3.51,3.67,3.75,3.44,,2.5
2013-07-02,2.49,2.69,2.76,2.58,2.69,2.86,2.69,,2.94,3.18,3.42,3.59,3.67,3.39,,2.5
2013-07-03,2.48,2.69,2.76,2.55,2.68,2.85,2.68,,2.95,3.19,3.45,3.62,3.7,3.4,,2.5
2013-07-04,2.45,2.69,2.76,2.53,2.67,2.83,2.67,,2.93,3.19,3.46,3.64,3.72,3.39,,2.5
2013-07-05,2.42,2.69,2.76,2.53,2.67,2.84,2.67,,2.95,3.22,3.5,3.69,3.78,3.41,,2.5
2013-07-08,2.35,2.69,2.76,2.54,2.68,2.86,2.68,,3,3.31,3.61,3.8,3.89,3.46,,2.5
2013-07-09,2.34,2.69,2.75,2.52,2.67,2.85,2.67,,2.99,3.29,3.6,3.78,3.88,3.45,,2.5
2013-07-10,2.36,2.69,2.75,2.49,2.64,2.81,2.64,,2.94,3.24,3.53,3.72,3.82,3.4,,2.5
2013-07-11,2.48,2.69,2.74,2.46,2.6,2.74,2.59,,2.84,3.1,3.37,3.58,3.68,3.3,,2.5
2013-07-12,2.48,2.69,2.74,2.47,2.62,2.75,2.62,,2.86,3.11,3.38,3.59,3.69,3.33,,2.5
2013-07-15,2.48,2.69,2.74,2.49,2.64,2.78,2.65,,2.89,3.15,3.45,3.66,3.76,3.36,,2.5
2013-07-16,2.48,2.69,2.73,2.49,2.64,2.78,2.65,,2.88,3.14,3.44,3.66,3.76,3.36,,2.5
2013-07-17,2.48,2.69,2.73,2.49,2.64,2.79,2.65,,2.89,3.16,3.47,3.68,3.79,3.37,,2.5
2013-07-18,2.48,2.69,2.72,2.48,2.62,2.76,2.62,,2.85,3.11,3.41,3.64,3.75,3.33,,2.5
2013-07-19,2.49,2.67,2.72,2.48,2.62,2.75,2.62,,2.85,3.1,3.42,3.65,3.76,3.33,,2.5
2013-07-22,2.49,2.67,2.72,2.48,2.62,2.76,2.63,,2.85,3.1,3.41,3.64,3.77,3.34,,2.5
2013-07-23,2.48,2.67,2.72,2.51,2.64,2.79,2.65,,2.88,3.12,3.41,3.63,3.76,3.36,,2.5
2013-07-24,2.49,2.66,2.72,2.52,2.65,2.8,2.66,,2.89,3.14,3.43,3.65,3.77,3.37,,2.5
2013-07-25,2.5,2.66,2.72,2.55,2.69,2.84,2.7,,2.95,3.22,3.52,3.7,3.82,3.41,,2.5
2013-07-26,2.5,2.66,2.72,2.55,2.69,2.83,2.69,,2.94,3.21,3.51,3.69,3.81,3.39,,2.5
2013-07-29,2.51,2.66,2.71,2.54,2.67,2.8,2.67,,2.9,3.17,3.46,3.63,3.76,3.34,,2.5
2013-07-30,2.51,2.66,2.71,2.55,2.68,2.81,2.68,,2.91,3.18,3.47,3.63,3.76,3.35,,2.5
2013-07-31,2.53,2.66,2.71,2.56,2.69,2.82,2.69,,2.92,3.2,3.49,3.66,3.78,3.36,,2.5
2013-08-01,2.52,2.66,2.72,2.56,2.68,2.81,2.68,,2.92,3.2,3.49,3.66,3.78,3.35,,2.5
2013-08-02,2.49,2.66,2.72,2.58,2.69,2.83,2.7,,2.96,3.26,3.58,3.74,3.86,3.39,,2.5
2013-08-05,2.49,2.66,2.72,2.55,2.66,2.79,2.67,,2.92,3.2,3.51,3.69,3.82,3.34,,2.5
2013-08-06,2.5,2.66,2.72,2.55,2.66,2.79,2.67,,2.92,3.2,3.52,3.7,3.83,3.34,,2.5
2013-08-07,2.48,2.66,2.72,2.55,2.66,2.8,2.67,,2.94,3.25,3.59,3.78,3.89,3.36,,2.5
2013-08-08,2.49,2.66,2.72,2.54,2.64,2.78,2.65,,2.92,3.23,3.58,3.77,3.89,3.33,,2.5
2013-08-09,2.49,2.66,2.72,2.54,2.63,2.78,2.64,,2.91,3.23,3.58,3.78,3.89,3.31,,2.5
2013-08-12,2.5,2.66,2.72,2.54,2.63,2.78,2.64,,2.9,3.21,3.54,3.74,3.85,3.3,,2.5
2013-08-13,2.5,2.66,2.72,2.55,2.64,2.81,2.65,,2.92,3.23,3.57,3.77,3.87,3.32,,2.5
2013-08-14,2.5,2.66,2.72,2.57,2.67,2.84,2.67,,2.97,3.28,3.66,3.85,3.95,3.36,,2.5
2013-08-16,2.5,2.66,2.72,2.57,2.67,2.84,2.67,,2.96,3.29,3.67,3.86,3.96,3.35,,2.5
2013-08-19,2.5,2.66,2.72,2.58,2.68,2.85,2.68,,2.99,3.34,3.74,3.94,4.03,3.37,,2.5
2013-08-20,2.5,2.66,2.72,2.56,2.65,2.8,2.65,,2.94,3.28,3.64,3.84,3.95,3.32,,2.5
2013-08-21,2.5,2.66,2.72,2.57,2.67,2.83,2.67,,2.97,3.31,3.66,3.87,3.97,3.34,,2.5
2013-08-22,2.5,2.66,2.72,2.58,2.69,2.86,2.69,,2.99,3.35,3.73,3.93,4.02,3.36,,2.5
2013-08-23,2.5,2.66,2.72,2.57,2.68,2.84,2.67,,2.96,3.33,3.72,3.92,4.02,3.33,,2.5
2013-08-26,2.5,2.66,2.72,2.57,2.67,2.82,2.66,,2.94,3.28,3.67,3.87,3.98,3.31,,2.5
2013-08-27,2.5,2.66,2.72,2.57,2.67,2.83,2.66,,2.94,3.27,3.66,3.86,3.97,3.31,,2.5
2013-08-28,2.5,2.66,2.72,2.57,2.67,2.83,2.66,,2.93,3.24,3.61,3.81,3.92,3.3,,2.5
2013-08-29,2.5,2.66,2.73,2.57,2.67,2.81,2.66,,2.91,3.21,3.58,3.79,3.9,3.28,,2.5
2013-08-30,2.51,2.66,2.73,2.56,2.66,2.79,2.65,,2.88,3.17,3.53,3.73,3.85,3.25,,2.5
2013-09-02,2.51,2.66,2.73,2.58,2.68,2.82,2.68,,2.92,3.21,3.59,3.78,3.9,3.29,,2.5
2013-09-03,2.51,2.66,2.73,2.58,2.68,2.83,2.68,,2.93,3.22,3.6,3.79,3.91,3.3,,2.5
2013-09-04,2.5,2.66,2.73,2.58,2.68,2.84,2.68,,2.93,3.24,3.63,3.83,3.94,3.31,,2.5
2013-09-05,2.5,2.66,2.73,2.61,2.71,2.9,2.72,,2.99,3.31,3.7,3.89,4,3.37,,2.5
2013-09-06,2.5,2.66,2.73,2.61,2.71,2.9,2.72,,2.99,3.31,3.69,3.88,3.99,3.37,,2.5
2013-09-09,2.5,2.66,2.73,2.58,2.69,2.87,2.69,,2.95,3.25,3.59,3.79,3.89,3.33,,2.5
2013-09-10,2.51,2.66,2.73,2.59,2.7,2.9,2.71,,2.97,3.28,3.62,3.81,3.91,3.36,,2.5
2013-09-11,2.49,2.66,2.73,2.57,2.68,2.87,2.69,,2.94,3.24,3.55,3.76,3.87,3.33,,2.5
2013-09-12,2.5,2.66,2.73,2.56,2.67,2.85,2.67,,2.91,3.21,3.53,3.73,3.83,3.31,,2.5
2013-09-13,2.5,2.66,2.73,2.57,2.68,2.86,2.68,,2.93,3.23,3.57,3.77,3.87,3.33,,2.5
2013-09-16,2.5,2.66,2.73,2.55,2.66,2.82,2.65,,2.87,3.15,3.5,3.71,3.8,3.27,,2.5
2013-09-17,2.5,2.66,2.73,2.54,2.65,2.79,2.64,,2.85,3.11,3.47,3.69,3.78,3.25,,2.5
2013-09-23,2.5,2.66,2.73,2.54,2.64,2.75,2.62,,2.8,3.04,3.4,3.63,3.73,3.21,,2.5
2013-09-24,2.5,2.66,2.73,2.55,2.65,2.78,2.64,,2.82,3.05,3.39,3.62,3.72,3.23,,2.5
2013-09-25,2.5,2.66,2.73,2.57,2.67,2.8,2.65,,2.84,3.06,3.4,3.62,3.72,3.25,,2.5
2013-09-26,2.5,2.66,2.73,2.58,2.68,2.81,2.66,,2.85,3.09,3.46,3.66,3.76,3.27,,2.5
2013-09-27,2.5,2.66,2.73,2.57,2.67,2.78,2.65,,2.83,3.06,3.44,3.64,3.74,3.25,,2.5
2013-09-30,2.5,2.66,2.73,2.57,2.67,2.78,2.64,,2.82,3.05,3.42,3.61,3.72,3.24,,2.5
2013-10-01,2.5,2.66,2.73,2.58,2.68,2.8,2.66,,2.84,3.08,3.45,3.64,3.74,3.26,,2.5
2013-10-02,2.49,2.66,2.73,2.57,2.67,2.79,2.65,,2.82,3.05,3.41,3.61,3.72,3.24,,2.5
2013-10-04,2.48,2.66,2.73,2.57,2.67,2.79,2.65,,2.83,3.05,3.4,3.62,3.73,3.24,,2.5
2013-10-07,2.5,2.66,2.73,2.57,2.67,2.79,2.66,,2.84,3.07,3.42,3.64,3.75,3.25,,2.5
2013-10-08,2.49,2.66,2.73,2.57,2.68,2.8,2.67,,2.85,3.09,3.46,3.67,3.78,3.26,,2.5
2013-10-10,2.49,2.66,2.73,2.57,2.68,2.8,2.68,,2.87,3.13,3.51,3.73,3.82,3.28,,2.5
2013-10-11,2.49,2.66,2.73,2.57,2.67,2.79,2.67,,2.86,3.12,3.5,3.72,3.82,3.27,,2.5
2013-10-14,2.49,2.66,2.73,2.58,2.68,2.81,2.68,,2.88,3.15,3.54,3.75,3.85,3.29,,2.5
2013-10-15,2.49,2.66,2.73,2.58,2.68,2.8,2.68,,2.88,3.15,3.53,3.75,3.84,3.29,,2.5
2013-10-16,2.49,2.66,2.73,2.57,2.67,2.79,2.67,,2.87,3.14,3.51,3.73,3.82,3.28,,2.5
2013-10-17,2.49,2.66,2.73,2.57,2.66,2.78,2.66,,2.85,3.12,3.49,3.7,3.8,3.26,,2.5
2013-10-18,2.5,2.66,2.73,2.56,2.65,2.77,2.65,,2.82,3.08,3.44,3.65,3.75,3.24,,2.5
2013-10-21,2.49,2.66,2.73,2.56,2.66,2.78,2.66,,2.84,3.1,3.45,3.66,3.76,3.26,,2.5
2013-10-22,2.5,2.66,2.74,2.56,2.66,2.78,2.66,,2.83,3.09,3.44,3.66,3.76,3.25,,2.5
2013-10-23,2.5,2.66,2.74,2.54,2.63,2.75,2.63,,2.79,3.02,3.35,3.57,3.67,3.21,,2.5
2013-10-24,2.5,2.66,2.75,2.54,2.64,2.76,2.64,,2.8,3.04,3.37,3.6,3.7,3.22,,2.5
2013-10-25,2.52,2.66,2.75,2.54,2.64,2.77,2.64,,2.8,3.03,3.36,3.6,3.71,3.22,,2.5
2013-10-28,2.52,2.66,2.75,2.555,2.666,2.785,2.66,,2.828,3.067,3.42,3.641,3.755,3.248,,2.5
2013-10-29,2.52,2.65,2.76,2.548,2.655,2.772,2.648,,2.804,3.036,3.385,3.615,3.738,3.227,,2.5
2013-10-30,2.51,2.65,2.76,2.545,2.651,2.764,2.639,,2.794,3.023,3.357,3.598,3.722,3.219,,2.5
2013-10-31,2.52,2.65,2.76,2.551,2.663,2.781,2.656,,2.819,3.05,3.398,3.635,3.757,3.244,,2.5
2013-11-01,2.48,2.65,2.76,2.557,2.673,2.789,2.667,,2.844,3.087,3.45,3.677,3.803,3.27,,2.5
2013-11-04,2.48,2.65,2.76,2.561,2.678,2.797,2.681,,2.865,3.112,3.476,3.713,3.836,3.295,,2.5
2013-11-05,2.51,2.65,2.76,2.57,2.686,2.808,2.697,,2.888,3.154,3.513,3.752,3.865,3.319,,2.5
2013-11-06,2.49,2.65,2.77,2.569,2.682,2.813,2.693,,2.884,3.142,3.497,3.743,3.852,3.319,,2.5
2013-11-07,2.5,2.65,2.77,2.572,2.686,2.827,2.7,,2.9,3.158,3.512,3.754,3.86,3.331,,2.5
2013-11-08,2.5,2.65,2.77,2.564,2.675,2.813,2.686,,2.886,3.145,3.492,3.734,3.83,3.318,,2.5
2013-11-11,2.5,2.65,2.77,2.595,2.713,2.87,2.741,,2.956,3.238,3.58,3.786,3.884,3.387,,2.5
2013-11-12,2.5,2.65,2.77,2.596,2.717,2.878,2.739,,2.96,3.25,3.593,3.796,3.899,3.393,,2.5
2013-11-13,2.5,2.65,2.77,2.578,2.701,2.856,2.718,,2.939,3.223,3.56,3.768,3.873,3.374,,2.5
2013-11-14,2.5,2.65,2.78,2.574,2.699,2.846,2.712,,2.938,3.233,3.574,3.787,3.883,3.372,,2.5
2013-11-15,2.5,2.65,2.78,2.571,2.697,2.84,2.706,,2.94,3.244,3.593,3.806,3.899,3.372,,2.5
2013-11-18,2.5,2.65,2.79,2.566,2.691,2.835,2.699,,2.935,3.242,3.588,3.807,3.9,3.368,,2.5
2013-11-19,2.5,2.65,2.79,2.574,2.702,2.847,2.707,,2.954,3.286,3.636,3.849,3.938,3.386,,2.5
2013-11-20,2.5,2.65,2.79,2.575,2.703,2.854,2.707,,2.957,3.295,3.637,3.851,3.939,3.388,,2.5
2013-11-21,2.5,2.65,2.79,2.58,2.708,2.872,2.712,,2.975,3.327,3.678,3.888,3.986,3.406,,2.5
2013-11-22,2.5,2.65,2.79,2.572,2.696,2.856,2.699,,2.945,3.285,3.638,3.857,3.956,3.376,,2.5
2013-11-25,2.5,2.65,2.79,2.581,2.707,2.872,2.705,,2.967,3.305,3.653,3.873,3.971,3.394,,2.5
2013-11-26,2.49,2.65,2.79,2.575,2.698,2.865,2.698,,2.96,3.288,3.634,3.857,3.962,3.384,,2.5
2013-11-27,2.49,2.65,2.79,2.578,2.699,2.874,2.701,,2.97,3.295,3.635,3.854,3.965,3.392,,2.5
2013-11-28,2.49,2.65,2.79,2.582,2.705,2.887,2.71,,2.986,3.319,3.653,3.869,3.982,3.406,,2.5
2013-11-29,2.5,2.65,2.79,2.592,2.721,2.904,2.722,,3.01,3.347,3.672,3.895,4.007,3.427,,2.5
2013-12-02,2.49,2.65,2.79,2.603,2.734,2.925,2.74,,3.039,3.391,3.729,3.947,4.045,3.454,,2.5
2013-12-03,2.49,2.65,2.79,2.6,2.73,2.917,2.732,,3.04,3.385,3.726,3.93,4.028,3.452,,2.5
2013-12-04,2.48,2.65,2.79,2.594,2.721,2.899,2.716,,3.025,3.386,3.726,3.92,4.017,3.437,,2.5
2013-12-05,2.49,2.65,2.79,2.596,2.721,2.899,2.716,,3.019,3.411,3.755,3.943,4.037,3.438,,2.5
2013-12-06,2.49,2.65,2.79,2.594,2.716,2.883,2.703,,3.008,3.385,3.728,3.916,4.014,3.427,,2.5
2013-12-09,2.5,2.65,2.79,2.583,2.703,2.867,2.686,,2.983,3.343,3.683,3.878,3.986,3.4,,2.5
2013-12-10,2.5,2.65,2.79,2.585,2.703,2.868,2.687,,2.991,3.347,3.69,3.89,3.984,3.401,,2.5
2013-12-11,2.49,2.65,2.79,2.592,2.712,2.886,2.698,,3.005,3.368,3.716,3.918,3.999,3.418,,2.5
2013-12-12,2.49,2.65,2.79,2.591,2.713,2.884,2.699,,3.006,3.365,3.713,3.91,3.991,3.416,,2.5
2013-12-13,2.49,2.65,2.79,2.576,2.694,2.85,2.678,,2.96,3.33,3.681,3.887,3.971,3.372,,2.5
2013-12-16,2.49,2.65,2.8,2.558,2.676,2.817,2.658,,2.92,3.278,3.631,3.849,3.934,3.332,,2.5
2013-12-17,2.49,2.65,2.8,2.551,2.667,2.8,2.648,,2.883,3.235,3.605,3.829,3.913,3.3,,2.5
2013-12-18,2.49,2.65,2.82,2.562,2.684,2.834,2.668,,2.901,3.25,3.623,3.842,3.927,3.324,,2.5
2013-12-19,2.5,2.65,2.82,2.562,2.687,2.831,2.669,,2.893,3.25,3.633,3.843,3.926,3.321,,2.5
2013-12-20,2.51,2.65,2.83,2.56,2.685,2.818,2.664,,2.878,3.235,3.626,3.835,3.922,3.307,,2.5
2013-12-23,2.52,2.65,2.84,2.56,2.691,2.822,2.669,,2.881,3.225,3.58,3.79,3.873,3.306,,2.5
2013-12-24,2.52,2.65,2.84,2.561,2.694,2.83,2.676,,2.887,3.223,3.568,3.773,3.864,3.31,,2.5
2013-12-26,2.51,2.65,2.84,2.56,2.697,2.834,2.682,,2.883,3.224,3.574,3.766,3.854,3.309,,2.5
2013-12-27,2.5,2.65,2.88,2.548,2.675,2.791,2.658,,2.834,3.19,3.55,3.738,3.834,3.261,,2.5
2013-12-30,2.51,2.66,2.89,2.558,2.687,2.806,2.671,,2.858,3.228,3.583,3.765,3.868,3.286,,2.5
2013-12-31,2.52,2.66,2.9,2.558,2.687,2.806,2.671,,2.858,3.228,3.583,3.765,3.868,3.286,,2.5
2014-01-02,2.51,2.66,2.92,2.579,2.712,2.846,2.703,,2.913,3.307,3.678,3.861,3.953,3.339,,2.5
2014-01-03,2.5,2.66,2.92,2.577,2.71,2.84,2.703,,2.924,3.318,3.7,3.897,3.99,3.346,,2.5
2014-01-06,2.48,2.66,2.89,2.546,2.672,2.77,2.651,,2.863,3.253,3.648,3.867,3.968,3.288,,2.5
2014-01-07,2.5,2.66,2.86,2.543,2.668,2.765,2.649,,2.864,3.255,3.65,3.876,3.975,3.288,,2.5
2014-01-08,2.49,2.66,2.84,2.536,2.644,2.759,2.638,,2.858,3.238,3.645,3.888,3.987,3.282,,2.5
2014-01-09,2.49,2.65,2.83,2.544,2.655,2.788,2.655,,2.895,3.277,3.674,3.884,3.983,3.322,,2.5
2014-01-10,2.5,2.65,2.83,2.548,2.658,2.81,2.665,,2.911,3.278,3.65,3.853,3.958,3.342,,2.5
2014-01-13,2.49,2.65,2.82,2.542,2.651,2.8,2.65,,2.89,3.24,3.622,3.829,3.929,3.321,,2.5
2014-01-14,2.49,2.65,2.81,2.548,2.657,2.81,2.657,,2.904,3.254,3.644,3.843,3.941,3.338,,2.5
2014-01-15,2.49,2.65,2.81,2.549,2.656,2.81,2.654,,2.906,3.269,3.666,3.871,3.963,3.339,,2.5
2014-01-16,2.49,2.65,2.81,2.544,2.647,2.792,2.642,,2.889,3.25,3.648,3.862,3.958,3.32,,2.5
2014-01-17,2.49,2.65,2.81,2.546,2.65,2.797,2.647,,2.895,3.254,3.65,3.869,3.961,3.322,,2.5
2014-01-20,2.49,2.65,2.81,2.549,2.654,2.805,2.653,,2.904,3.262,3.65,3.873,3.966,3.331,,2.5
2014-01-21,2.49,2.65,2.81,2.551,2.659,2.819,2.658,,2.908,3.27,3.662,3.884,3.976,3.335,,2.5
2014-01-22,2.5,2.65,2.81,2.554,2.667,2.83,2.664,,2.919,3.283,3.683,3.901,3.99,3.345,,2.5
2014-01-23,2.5,2.65,2.81,2.551,2.663,2.817,2.653,,2.902,3.26,3.656,3.882,3.977,3.328,,2.5
2014-01-24,2.5,2.65,2.82,2.539,2.647,2.791,2.636,,2.861,3.211,3.587,3.823,3.927,3.288,,2.5
2014-01-27,2.52,2.65,2.82,2.55,2.665,2.805,2.655,,2.881,3.23,3.605,3.837,3.938,3.31,,2.5
2014-01-28,2.52,2.65,2.83,2.548,2.663,2.798,2.649,,2.871,3.222,3.6,3.828,3.931,3.299,,2.5
2014-01-29,2.51,2.65,2.83,2.55,2.666,2.806,2.653,,2.88,3.223,3.612,3.836,3.939,3.302,,2.5
2014-02-03,2.47,2.65,2.83,2.55,2.665,2.806,2.654,,2.882,3.223,3.609,3.84,3.948,3.303,,2.5
2014-02-04,2.48,2.65,2.82,2.54,2.651,2.78,2.641,,2.85,3.173,3.542,3.78,3.89,3.273,,2.5
2014-02-05,2.48,2.65,2.81,2.54,2.651,2.781,2.642,,2.855,3.184,3.546,3.78,3.884,3.278,,2.5
2014-02-06,2.49,2.65,2.81,2.539,2.649,2.777,2.637,,2.85,3.18,3.543,3.773,3.874,3.274,,2.5
2014-02-07,2.49,2.65,2.8,2.541,2.652,2.783,2.64,,2.855,3.195,3.564,3.787,3.883,3.281,,2.5
2014-02-10,2.49,2.65,2.8,2.538,2.647,2.77,2.632,,2.845,3.175,3.546,3.771,3.87,3.271,,2.5
2014-02-11,2.49,2.65,2.79,2.537,2.645,2.762,2.63,,2.84,3.157,3.526,3.756,3.857,3.266,,2.5
2014-02-12,2.49,2.65,2.78,2.538,2.649,2.761,2.633,,2.842,3.16,3.53,3.754,3.852,3.267,,2.5
2014-02-13,2.49,2.65,2.78,2.535,2.647,2.758,2.631,,2.837,3.143,3.495,3.708,3.809,3.263,,2.5
2014-02-14,2.49,2.65,2.77,2.536,2.647,2.761,2.631,,2.842,3.133,3.481,3.696,3.786,3.267,,2.5
2014-02-17,2.49,2.65,2.77,2.541,2.652,2.77,2.639,,2.851,3.15,3.501,3.715,3.809,3.277,,2.5
2014-02-18,2.49,2.65,2.77,2.544,2.655,2.779,2.643,,2.862,3.163,3.524,3.738,3.828,3.286,,2.5
2014-02-19,2.49,2.65,2.76,2.54,2.65,2.775,2.639,,2.855,3.148,3.499,3.715,3.804,3.279,,2.5
2014-02-20,2.49,2.65,2.76,2.54,2.65,2.776,2.64,,2.856,3.145,3.493,3.704,3.798,3.28,,2.5
2014-02-21,2.49,2.65,2.76,2.551,2.66,2.791,2.651,,2.878,3.175,3.529,3.734,3.821,3.303,,2.5
2014-02-24,2.49,2.65,2.76,2.549,2.658,2.787,2.649,,2.87,3.161,3.512,3.721,3.813,3.298,,2.5
2014-02-25,2.49,2.65,2.76,2.548,2.656,2.779,2.645,,2.86,3.145,3.498,3.713,3.806,3.288,,2.5
2014-02-26,2.47,2.65,2.76,2.55,2.659,2.779,2.645,,2.857,3.15,3.511,3.73,3.823,3.288,,2.5
2014-02-27,2.48,2.65,2.76,2.547,2.655,2.768,2.641,,2.848,3.132,3.5,3.714,3.81,3.276,,2.5
2014-02-28,2.49,2.65,2.76,2.55,2.658,2.774,2.644,,2.85,3.128,3.498,3.719,3.816,3.279,,2.5
2014-03-03,2.49,2.65,2.76,2.578,2.679,2.804,2.671,,2.892,3.177,3.552,3.762,3.855,3.322,,2.5
2014-03-04,2.5,2.65,2.77,2.587,2.685,2.818,2.68,,2.911,3.205,3.582,3.789,3.887,3.34,,2.5
2014-03-05,2.49,2.65,2.77,2.582,2.68,2.812,2.673,,2.895,3.186,3.562,3.778,3.87,3.326,,2.5
2014-03-06,2.49,2.65,2.78,2.582,2.68,2.811,2.675,,2.895,3.185,3.57,3.781,3.879,3.326,,2.5
2014-03-07,2.49,2.65,2.78,2.584,2.681,2.809,2.675,,2.895,3.19,3.58,3.796,3.89,3.325,,2.5
2014-03-10,2.48,2.65,2.77,2.58,2.677,2.798,2.668,,2.883,3.174,3.568,3.784,3.88,3.313,,2.5
2014-03-11,2.48,2.65,2.77,2.58,2.674,2.795,2.665,,2.88,3.186,3.562,3.781,3.876,3.31,,2.5
2014-03-12,2.48,2.65,2.77,2.575,2.666,2.781,2.655,,2.865,3.18,3.538,3.763,3.857,3.294,,2.5
2014-03-13,2.48,2.65,2.77,2.575,2.664,2.779,2.656,,2.866,3.18,3.531,3.755,3.847,3.294,,2.5
2014-03-14,2.47,2.65,2.77,2.556,2.641,2.737,2.63,,2.826,3.124,3.47,3.696,3.794,3.256,,2.5
2014-03-17,2.48,2.65,2.77,2.574,2.658,2.759,2.648,,2.847,3.154,3.515,3.735,3.83,3.277,,2.5
2014-03-18,2.47,2.65,2.77,2.571,2.655,2.754,2.644,,2.84,3.149,3.538,3.743,3.842,3.27,,2.5
2014-03-19,2.46,2.65,2.77,2.57,2.653,2.751,2.641,,2.83,3.131,3.516,3.724,3.818,3.26,,2.5
2014-03-20,2.46,2.65,2.77,2.58,2.663,2.785,2.654,,2.865,3.16,3.54,3.743,3.833,3.295,,2.5
2014-03-21,2.45,2.65,2.77,2.582,2.667,2.799,2.66,,2.885,3.175,3.561,3.763,3.847,3.312,,2.5
2014-03-24,2.46,2.65,2.77,2.584,2.669,2.804,2.662,,2.889,3.181,3.567,3.768,3.852,3.317,,2.5
2014-03-25,2.48,2.65,2.77,2.58,2.664,2.798,2.657,,2.879,3.168,3.544,3.748,3.832,3.308,,2.5
2014-03-26,2.48,2.65,2.77,2.581,2.668,2.8,2.66,,2.885,3.171,3.546,3.75,3.837,3.312,,2.5
2014-03-27,2.48,2.65,2.77,2.58,2.665,2.796,2.659,,2.878,3.166,3.538,3.745,3.83,3.308,,2.5
2014-03-28,2.48,2.65,2.77,2.58,2.663,2.788,2.653,,2.868,3.15,3.515,3.727,3.809,3.299,,2.5
2014-03-31,2.49,2.65,2.77,2.58,2.665,2.79,2.658,,2.87,3.155,3.518,3.727,3.809,3.3,,2.5
2014-04-01,2.48,2.65,2.77,2.58,2.665,2.787,2.657,,2.873,3.159,3.537,3.75,3.833,3.302,,2.5
2014-04-02,2.48,2.65,2.77,2.581,2.668,2.792,2.66,,2.881,3.175,3.56,3.78,3.862,3.309,,2.5
2014-04-03,2.48,2.65,2.76,2.581,2.668,2.798,2.66,,2.882,3.175,3.562,3.783,3.868,3.31,,2.5
2014-04-04,2.48,2.65,2.76,2.58,2.665,2.799,2.659,,2.886,3.177,3.562,3.782,3.864,3.313,,2.5
2014-04-07,2.49,2.65,2.76,2.576,2.655,2.782,2.648,,2.87,3.157,3.529,3.746,3.829,3.299,,2.5
2014-04-08,2.51,2.65,2.76,2.576,2.655,2.781,2.649,,2.875,3.165,3.541,3.752,3.838,3.303,,2.5
2014-04-09,2.5,2.65,2.76,2.573,2.647,2.767,2.639,,2.856,3.143,3.519,3.731,3.82,3.284,,2.5
2014-04-10,2.48,2.65,2.76,2.576,2.65,2.772,2.642,,2.86,3.149,3.533,3.741,3.824,3.291,,2.5
2014-04-11,2.48,2.65,2.76,2.575,2.65,2.77,2.639,,2.856,3.143,3.53,3.737,3.819,3.288,,2.5
2014-04-14,2.48,2.65,2.75,2.577,2.656,2.785,2.645,,2.874,3.161,3.539,3.745,3.823,3.302,,2.5
2014-04-15,2.48,2.65,2.75,2.578,2.659,2.794,2.648,,2.879,3.17,3.54,3.74,3.822,3.307,,2.5
2014-04-16,2.48,2.65,2.75,2.58,2.662,2.805,2.653,,2.89,3.18,3.549,3.742,3.824,3.317,,2.5
2014-04-17,2.48,2.65,2.75,2.578,2.659,2.793,2.647,,2.87,3.16,3.519,3.71,3.795,3.3,,2.5
2014-04-18,2.48,2.65,2.75,2.58,2.663,2.799,2.653,,2.881,3.176,3.542,3.729,3.81,3.31,,2.5
2014-04-21,2.49,2.65,2.76,2.581,2.666,2.803,2.657,,2.885,3.185,3.56,3.744,3.827,3.314,,2.5
2014-04-22,2.5,2.65,2.76,2.583,2.668,2.8,2.659,,2.878,3.176,3.551,3.74,3.823,3.308,,2.5
2014-04-23,2.49,2.65,2.76,2.588,2.672,2.807,2.662,,2.881,3.18,3.548,3.738,3.818,3.309,,2.5
2014-04-24,2.49,2.65,2.76,2.59,2.674,2.807,2.662,,2.88,3.18,3.549,3.74,3.82,3.309,,2.5
2014-04-25,2.5,2.65,2.76,2.588,2.672,2.801,2.658,,2.874,3.17,3.53,3.732,3.811,3.3,,2.5
2014-04-28,2.49,2.65,2.76,2.589,2.673,2.8,2.659,,2.878,3.17,3.529,3.734,3.819,3.3,,2.5
2014-04-29,2.49,2.65,2.77,2.588,2.671,2.797,2.657,,2.875,3.166,3.525,3.724,3.811,3.299,,2.5
2014-04-30,2.5,2.65,2.77,2.587,2.67,2.795,2.656,,2.873,3.168,3.527,3.725,3.812,3.298,,2.5
2014-05-02,2.5,2.65,2.77,2.582,2.661,2.785,2.648,,2.86,3.151,3.506,3.708,3.797,3.288,,2.5
2014-05-07,2.48,2.65,2.77,2.579,2.658,2.78,2.642,,2.852,3.13,3.468,3.67,3.759,3.278,,2.5
2014-05-08,2.49,2.65,2.76,2.579,2.658,2.781,2.64,,2.85,3.122,3.461,3.665,3.753,3.276,,2.5
2014-05-09,2.48,2.65,2.76,2.575,2.654,2.774,2.634,,2.836,3.101,3.425,3.629,3.719,3.262,,2.5
2014-05-12,2.49,2.65,2.76,2.579,2.658,2.782,2.641,,2.849,3.114,3.44,3.639,3.73,3.272,,2.5
2014-05-13,2.49,2.65,2.76,2.581,2.661,2.786,2.645,,2.86,3.121,3.453,3.647,3.74,3.284,,2.5
2014-05-14,2.5,2.65,2.76,2.58,2.66,2.782,2.643,,2.852,3.111,3.442,3.638,3.728,3.278,,2.5
2014-05-15,2.49,2.65,2.76,2.573,2.651,2.765,2.635,,2.829,3.064,3.378,3.554,3.639,3.254,,2.5
2014-05-16,2.49,2.65,2.76,2.577,2.656,2.768,2.638,,2.836,3.066,3.386,3.56,3.643,3.26,,2.5
2014-05-19,2.49,2.65,2.76,2.579,2.659,2.769,2.641,,2.837,3.06,3.377,3.552,3.633,3.261,,2.5
2014-05-20,2.49,2.65,2.75,2.581,2.665,2.78,2.647,,2.847,3.072,3.385,3.563,3.645,3.269,,2.5
2014-05-21,2.49,2.65,2.75,2.581,2.664,2.78,2.647,,2.842,3.07,3.378,3.557,3.639,3.267,,2.5
2014-05-22,2.49,2.65,2.75,2.583,2.667,2.786,2.652,,2.85,3.088,3.407,3.585,3.665,3.275,,2.5
2014-05-23,2.49,2.65,2.75,2.577,2.659,2.77,2.644,,2.831,3.068,3.383,3.565,3.646,3.258,,2.5
2014-05-26,2.49,2.65,2.75,2.577,2.659,2.77,2.641,,2.829,3.06,3.371,3.55,3.632,3.255,,2.5
2014-05-27,2.48,2.65,2.75,2.577,2.66,2.772,2.64,,2.83,3.06,3.369,3.536,3.62,3.255,,2.5
2014-05-28,2.48,2.65,2.75,2.575,2.659,2.766,2.637,,2.819,3.043,3.351,3.512,3.589,3.244,,2.5
2014-05-29,2.49,2.65,2.75,2.573,2.654,2.756,2.632,,2.805,3.022,3.323,3.472,3.55,3.231,,2.5
2014-05-30,2.49,2.65,2.75,2.576,2.659,2.768,2.638,,2.816,3.035,3.338,3.488,3.567,3.24,,2.5
2014-06-02,2.48,2.65,2.75,2.578,2.663,2.77,2.641,,2.825,3.054,3.362,3.512,3.594,3.25,,2.5
2014-06-03,2.48,2.65,2.75,2.579,2.666,2.776,2.645,,2.837,3.063,3.375,3.526,3.605,3.256,,2.5
2014-06-05,2.48,2.65,2.75,2.58,2.669,2.782,2.646,,2.839,3.073,3.383,3.533,3.613,3.257,,2.5
2014-06-09,2.48,2.65,2.75,2.58,2.668,2.781,2.645,,2.84,3.071,3.38,3.53,3.608,3.258,,2.5
2014-06-10,2.49,2.65,2.75,2.576,2.657,2.761,2.634,,2.819,3.04,3.34,3.49,3.569,3.234,,2.5
2014-06-11,2.49,2.65,2.74,2.578,2.658,2.761,2.635,,2.823,3.051,3.355,3.507,3.581,3.24,,2.5
2014-06-12,2.48,2.65,2.74,2.569,2.642,2.73,2.618,,2.789,3.019,3.318,3.47,3.551,3.208,,2.5
2014-06-13,2.48,2.65,2.74,2.557,2.623,2.69,2.596,,2.74,2.991,3.307,3.47,3.551,3.161,,2.5
2014-06-16,2.48,2.65,2.74,2.555,2.616,2.675,2.588,,2.721,2.98,3.315,3.492,3.567,3.145,,2.5
2014-06-17,2.47,2.65,2.74,2.557,2.618,2.686,2.592,,2.728,2.973,3.302,3.484,3.553,3.152,,2.5
2014-06-18,2.48,2.65,2.74,2.557,2.617,2.685,2.591,,2.725,2.973,3.301,3.48,3.551,3.15,,2.5
2014-06-19,2.48,2.65,2.74,2.549,2.604,2.668,2.574,,2.681,2.927,3.251,3.427,3.493,3.112,,2.5
2014-06-20,2.48,2.65,2.74,2.542,2.597,2.653,2.565,,2.662,2.87,3.213,3.389,3.456,3.092,,2.5
2014-06-23,2.48,2.65,2.74,2.551,2.605,2.67,2.573,,2.69,2.9,3.235,3.39,3.458,3.117,,2.5
2014-06-24,2.48,2.65,2.73,2.551,2.603,2.665,2.572,,2.683,2.894,3.215,3.365,3.434,3.111,,2.5
2014-06-25,2.49,2.65,2.73,2.562,2.611,2.678,2.58,,2.687,2.91,3.216,3.365,3.431,3.117,,2.5
2014-06-26,2.49,2.65,2.73,2.57,2.614,2.686,2.59,,2.705,2.911,3.205,3.36,3.426,3.125,,2.5
2014-06-27,2.48,2.65,2.73,2.567,2.607,2.67,2.583,,2.694,2.89,3.183,3.343,3.411,3.112,,2.5
2014-06-30,2.49,2.65,2.73,2.561,2.599,2.651,2.579,,2.681,2.88,3.17,3.331,3.402,3.1,,2.5
2014-07-01,2.48,2.65,2.73,2.561,2.597,2.64,2.574,,2.664,2.866,3.168,3.339,3.408,3.082,,2.5
2014-07-02,2.48,2.65,2.73,2.542,2.557,2.571,2.535,,2.58,2.786,3.089,3.283,3.354,3,,2.5
2014-07-03,2.48,2.65,2.73,2.547,2.561,2.58,2.543,,2.595,2.797,3.105,3.295,3.371,3.013,,2.5
2014-07-04,2.48,2.65,2.73,2.549,2.561,2.588,2.548,,2.608,2.811,3.123,3.303,3.384,3.022,,2.5
2014-07-07,2.48,2.65,2.73,2.549,2.559,2.585,2.549,,2.612,2.821,3.127,3.305,3.384,3.025,,2.5
2014-07-08,2.48,2.65,2.73,2.553,2.563,2.607,2.563,,2.647,2.86,3.159,3.33,3.408,3.056,,2.5
2014-07-09,2.5,2.65,2.73,2.539,2.542,2.568,2.536,,2.611,2.838,3.153,3.335,3.42,3.021,,2.5
2014-07-10,2.48,2.65,2.73,2.518,2.523,2.547,2.518,,2.59,2.787,3.085,3.269,3.351,3,,2.5
2014-07-11,2.48,2.65,2.73,2.513,2.518,2.546,2.514,,2.586,2.769,3.063,3.243,3.324,2.998,,2.5
2014-07-14,2.48,2.65,2.73,2.514,2.52,2.55,2.516,,2.595,2.784,3.075,3.247,3.325,3.006,,2.5
2014-07-15,2.48,2.65,2.73,2.51,2.514,2.55,2.512,,2.59,2.777,3.062,3.231,3.305,3.001,,2.5
2014-07-16,2.48,2.65,2.73,2.506,2.509,2.54,2.504,,2.58,2.754,3.027,3.198,3.276,2.992,,2.5
2014-07-17,2.49,2.65,2.73,2.46,2.46,2.483,2.455,,2.514,2.695,2.958,3.142,3.217,2.927,,2.5
2014-07-18,2.48,2.65,2.73,2.46,2.46,2.486,2.459,,2.519,2.711,2.971,3.152,3.231,2.933,,2.5
2014-07-21,2.48,2.65,2.72,2.458,2.458,2.485,2.458,,2.521,2.725,3,3.173,3.254,2.936,,2.5
2014-07-22,2.48,2.65,2.72,2.451,2.452,2.475,2.451,,2.513,2.72,2.995,3.175,3.25,2.928,,2.5
2014-07-23,2.49,2.65,2.72,2.427,2.419,2.43,2.416,,2.464,2.688,2.97,3.158,3.237,2.883,,2.5
2014-07-24,2.49,2.65,2.72,2.443,2.435,2.45,2.43,,2.497,2.717,3.015,3.193,3.274,2.911,,2.5
2014-07-25,2.49,2.65,2.72,2.44,2.428,2.449,2.426,,2.494,2.712,3.004,3.188,3.267,2.907,,2.5
2014-07-28,2.5,2.65,2.72,2.446,2.43,2.455,2.428,,2.505,2.728,3.017,3.197,3.278,2.915,,2.5
2014-07-29,2.5,2.65,2.72,2.449,2.433,2.463,2.432,,2.518,2.745,3.034,3.209,3.29,2.925,,2.5
2014-07-30,2.5,2.65,2.72,2.441,2.425,2.451,2.425,,2.512,2.746,3.035,3.21,3.292,2.918,,2.5
2014-07-31,2.49,2.65,2.72,2.439,2.422,2.45,2.423,,2.515,2.757,3.052,3.23,3.315,2.92,,2.5
2014-08-01,2.48,2.65,2.72,2.435,2.418,2.467,2.426,,2.54,2.802,3.105,3.288,3.375,2.944,,2.5
2014-08-04,2.48,2.65,2.72,2.426,2.41,2.465,2.417,,2.545,2.805,3.105,3.295,3.38,2.945,,2.5
2014-08-05,2.48,2.65,2.72,2.409,2.388,2.45,2.396,,2.518,2.757,3.065,3.266,3.355,2.919,,2.5
2014-08-06,2.49,2.65,2.72,2.415,2.391,2.461,2.402,,2.535,2.768,3.095,3.289,3.372,2.935,,2.5
2014-08-07,2.49,2.65,2.72,2.406,2.382,2.45,2.389,,2.526,2.755,3.085,3.278,3.364,2.925,,2.5
2014-08-08,2.49,2.65,2.71,2.39,2.368,2.43,2.37,,2.5,2.719,3.034,3.233,3.317,2.898,,2.5
2014-08-11,2.49,2.63,2.71,2.393,2.372,2.443,2.376,,2.51,2.733,3.043,3.239,3.325,2.906,,2.5
2014-08-12,2.49,2.62,2.71,2.393,2.374,2.445,2.38,,2.519,2.748,3.061,3.25,3.335,2.914,,2.5
2014-08-13,2.49,2.61,2.71,2.391,2.371,2.44,2.374,,2.515,2.75,3.07,3.251,3.333,2.91,,2.5
2014-08-14,2.24,2.46,2.61,2.396,2.376,2.458,2.385,,2.538,2.761,3.069,3.245,3.325,2.929,,2.25
2014-08-18,2.24,2.43,2.56,2.402,2.385,2.476,2.397,,2.562,2.791,3.101,3.276,3.354,2.947,,2.25
2014-08-19,2.24,2.42,2.52,2.405,2.388,2.485,2.404,,2.573,2.816,3.143,3.316,3.393,2.957,,2.25
2014-08-20,2.23,2.42,2.5,2.405,2.386,2.485,2.402,,2.575,2.817,3.142,3.315,3.394,2.956,,2.25
2014-08-21,2.23,2.42,2.48,2.406,2.388,2.492,2.405,,2.582,2.828,3.149,3.325,3.401,2.959,,2.25
2014-08-22,2.23,2.41,2.47,2.39,2.384,2.49,2.4,,2.584,2.827,3.148,3.326,3.403,2.956,,2.25
2014-08-25,2.24,2.41,2.45,2.371,2.375,2.48,2.389,,2.569,2.795,3.11,3.291,3.368,2.939,,2.25
2014-08-26,2.23,2.4,2.44,2.354,2.364,2.46,2.372,,2.54,2.757,3.063,3.25,3.328,2.91,,2.25
2014-08-27,2.23,2.4,2.43,2.337,2.359,2.45,2.365,,2.526,2.744,3.045,3.229,3.309,2.898,,2.25
2014-08-28,2.23,2.4,2.43,2.331,2.361,2.454,2.367,,2.526,2.753,3.058,3.234,3.313,2.898,,2.25
2014-08-29,2.24,2.4,2.43,2.319,2.354,2.445,2.359,,2.511,2.737,3.034,3.204,3.282,2.884,,2.25
2014-09-01,2.23,2.4,2.43,2.315,2.357,2.445,2.36,,2.518,2.737,3.038,3.208,3.286,2.885,,2.25
2014-09-02,2.23,2.36,2.43,2.307,2.355,2.441,2.358,,2.512,2.742,3.063,3.235,3.31,2.881,,2.25
2014-09-03,2.24,2.36,2.42,2.309,2.363,2.451,2.365,,2.534,2.767,3.101,3.271,3.347,2.901,,2.25
2014-09-04,2.25,2.35,2.43,2.308,2.365,2.456,2.367,,2.54,2.768,3.1,3.271,3.345,2.905,,2.25
2014-09-05,2.25,2.35,2.43,2.291,2.349,2.433,2.347,,2.508,2.732,3.067,3.248,3.323,2.876,,2.25
2014-09-11,2.23,2.35,2.43,2.284,2.343,2.423,2.342,,2.496,2.731,3.082,3.261,3.333,2.867,,2.25
2014-09-12,2.23,2.35,2.43,2.242,2.286,2.346,2.282,,2.406,2.666,3.008,3.199,3.276,2.79,,2.25
2014-09-15,2.23,2.35,2.43,2.245,2.284,2.34,2.278,,2.403,2.675,3.045,3.24,3.31,2.791,,2.25
2014-09-16,2.23,2.35,2.43,2.23,2.263,2.31,2.255,,2.37,2.659,3.05,3.236,3.305,2.76,,2.25
2014-09-17,2.23,2.35,2.43,2.228,2.26,2.306,2.253,,2.369,2.651,3.034,3.215,3.289,2.759,,2.25
2014-09-18,2.23,2.35,2.43,2.224,2.255,2.301,2.248,,2.365,2.635,3.022,3.193,3.265,2.754,,2.25
2014-09-19,2.23,2.35,2.43,2.224,2.253,2.304,2.249,,2.37,2.637,3.027,3.195,3.265,2.757,,2.25
2014-09-22,2.23,2.35,2.43,2.216,2.242,2.295,2.237,,2.354,2.606,2.99,3.149,3.219,2.738,,2.25
2014-09-23,2.23,2.35,2.43,2.215,2.235,2.295,2.232,,2.35,2.597,2.981,3.141,3.208,2.733,,2.25
2014-09-24,2.24,2.35,2.43,2.212,2.231,2.291,2.228,,2.335,2.582,2.971,3.13,3.194,2.721,,2.25
2014-09-25,2.24,2.35,2.43,2.211,2.228,2.286,2.224,,2.327,2.561,2.954,3.119,3.183,2.715,,2.25
2014-09-26,2.23,2.35,2.43,2.207,2.224,2.283,2.219,,2.317,2.542,2.929,3.092,3.164,2.705,,2.25
2014-09-29,2.24,2.35,2.43,2.21,2.225,2.283,2.22,,2.323,2.537,2.914,3.075,3.148,2.707,,2.25
2014-09-30,2.24,2.35,2.42,2.203,2.211,2.251,2.207,,2.297,2.498,2.854,3.023,3.099,2.68,,2.25
2014-10-01,2.24,2.35,2.42,2.157,2.153,2.184,2.147,,2.219,2.426,2.804,2.98,3.057,2.61,,2.25
2014-10-02,2.23,2.35,2.42,2.165,2.158,2.198,2.162,,2.247,2.431,2.832,3.01,3.081,2.627,,2.25
2014-10-06,2.23,2.35,2.42,2.169,2.166,2.201,2.171,,2.258,2.439,2.845,3.029,3.104,2.635,,2.25
2014-10-07,2.23,2.31,2.42,2.177,2.176,2.217,2.181,,2.285,2.464,2.859,3.042,3.114,2.652,,2.25
2014-10-08,2.23,2.3,2.42,2.175,2.177,2.22,2.181,,2.288,2.467,2.845,3.03,3.1,2.654,,2.25
2014-10-10,2.23,2.29,2.42,2.16,2.163,2.2,2.164,,2.26,2.454,2.819,3.002,3.08,2.627,,2.25
2014-10-13,2.23,2.28,2.42,2.157,2.159,2.192,2.16,,2.257,2.472,2.819,3.003,3.08,2.623,,2.25
2014-10-14,2.23,2.28,2.42,2.158,2.163,2.202,2.163,,2.278,2.496,2.835,3.012,3.09,2.642,,2.25
2014-10-15,1.99,2.18,2.34,2.151,2.158,2.205,2.159,,2.284,2.492,2.822,3.005,3.082,2.641,,2
2014-10-16,1.98,2.17,2.3,2.125,2.13,2.178,2.129,,2.252,2.437,2.738,2.932,3.008,2.604,,2
2014-10-17,1.98,2.17,2.26,2.118,2.129,2.179,2.129,,2.245,2.427,2.731,2.913,2.993,2.597,,2
2014-10-20,1.98,2.16,2.26,2.116,2.132,2.191,2.133,,2.259,2.449,2.785,2.95,3.027,2.61,,2
2014-10-21,1.98,2.15,2.25,2.105,2.123,2.18,2.122,,2.244,2.425,2.757,2.923,2.999,2.593,,2
2014-10-22,1.98,2.15,2.25,2.094,2.121,2.176,2.117,,2.235,2.417,2.755,2.923,3.002,2.587,,2
2014-10-23,1.99,2.14,2.24,2.077,2.11,2.162,2.105,,2.217,2.39,2.725,2.89,2.97,2.565,,2
2014-10-24,1.98,2.14,2.24,2.066,2.104,2.16,2.101,,2.209,2.37,2.699,2.87,2.948,2.549,,2
2014-10-27,1.98,2.14,2.24,2.067,2.111,2.173,2.107,,2.219,2.383,2.72,2.893,2.973,2.557,,2
2014-10-28,1.98,2.14,2.24,2.067,2.111,2.172,2.107,,2.217,2.382,2.719,2.892,2.969,2.554,,2
2014-10-29,1.98,2.14,2.24,2.059,2.11,2.167,2.104,,2.207,2.367,2.706,2.881,2.959,2.546,,2
2014-10-30,1.98,2.14,2.24,2.05,2.104,2.157,2.1,,2.196,2.345,2.684,2.863,2.942,2.532,,2
2014-10-31,1.97,2.14,2.24,2.029,2.084,2.118,2.074,,2.138,2.291,2.645,2.836,2.914,2.487,,2
2014-11-03,1.98,2.14,2.24,2.022,2.074,2.099,2.065,,2.12,2.287,2.657,2.852,2.943,2.474,,2
2014-11-04,1.96,2.14,2.24,2.009,2.052,2.071,2.045,,2.096,2.268,2.629,2.833,2.924,2.451,,2
2014-11-05,1.97,2.14,2.24,2.006,2.045,2.068,2.041,,2.093,2.275,2.636,2.839,2.93,2.45,,2
2014-11-06,1.98,2.14,2.24,1.996,2.031,2.053,2.029,,2.081,2.272,2.642,2.84,2.936,2.433,,2
2014-11-07,1.98,2.14,2.24,1.999,2.028,2.057,2.032,,2.09,2.297,2.67,2.865,2.964,2.442,,2
2014-11-10,1.98,2.14,2.24,2.007,2.036,2.076,2.041,,2.118,2.321,2.686,2.876,2.972,2.462,,2
2014-11-11,1.98,2.14,2.24,2.034,2.065,2.128,2.068,,2.176,2.369,2.719,2.901,2.998,2.494,,2
2014-11-12,1.98,2.14,2.24,2.049,2.078,2.158,2.084,,2.204,2.405,2.758,2.938,3.029,2.522,,2
2014-11-13,1.98,2.14,2.24,2.051,2.083,2.168,2.087,,2.21,2.416,2.773,2.96,3.048,2.529,,2
2014-11-14,1.98,2.14,2.24,2.044,2.075,2.16,2.078,,2.2,2.407,2.772,2.963,3.049,2.521,,2
2014-11-17,1.98,2.14,2.24,2.036,2.067,2.148,2.066,,2.189,2.393,2.762,2.957,3.041,2.509,,2
2014-11-18,1.98,2.14,2.24,2.026,2.058,2.141,2.056,,2.18,2.371,2.748,2.949,3.031,2.497,,2
2014-11-19,1.98,2.14,2.24,2.025,2.059,2.143,2.057,,2.18,2.368,2.742,2.94,3.023,2.495,,2
2014-11-20,1.98,2.14,2.24,2.014,2.046,2.121,2.045,,2.156,2.345,2.715,2.917,2.998,2.475,,2
2014-11-21,1.98,2.14,2.24,2.016,2.051,2.125,2.052,,2.161,2.35,2.725,2.925,3.007,2.479,,2
2014-11-24,1.98,2.14,2.24,2,2.027,2.091,2.025,,2.121,2.305,2.682,2.89,2.975,2.438,,2
2014-11-25,1.99,2.13,2.24,1.998,2.02,2.079,2.016,,2.105,2.279,2.654,2.862,2.95,2.421,,2
2014-11-26,1.98,2.13,2.24,1.994,2.017,2.071,2.013,,2.098,2.267,2.634,2.842,2.936,2.411,,2
2014-11-27,1.99,2.13,2.24,2.002,2.027,2.085,2.026,,2.114,2.283,2.649,2.849,2.944,2.424,,2
2014-11-28,1.99,2.13,2.24,1.992,2.009,2.054,2.008,,2.074,2.23,2.589,2.791,2.888,2.392,,2
2014-12-01,1.99,2.13,2.24,1.995,2.015,2.059,2.012,,2.073,2.232,2.59,2.787,2.874,2.389,,2
2014-12-02,1.98,2.13,2.24,2.006,2.025,2.072,2.023,,2.079,2.254,2.604,2.807,2.898,2.397,,2
2014-12-03,1.98,2.13,2.24,2.028,2.056,2.11,2.046,,2.122,2.329,2.681,2.888,2.983,2.439,,2
2014-12-04,1.98,2.13,2.24,2.047,2.077,2.145,2.071,,2.163,2.368,2.72,2.925,3.021,2.471,,2
2014-12-05,1.98,2.13,2.25,2.048,2.077,2.143,2.071,,2.166,2.37,2.725,2.931,3.027,2.472,,2
2014-12-08,1.99,2.13,2.26,2.072,2.109,2.182,2.102,,2.217,2.445,2.798,3.009,3.104,2.512,,2
2014-12-09,2.01,2.13,2.27,2.055,2.086,2.149,2.082,,2.179,2.4,2.75,2.958,3.051,2.48,,2
2014-12-10,1.99,2.13,2.28,2.063,2.093,2.156,2.089,,2.18,2.408,2.766,2.971,3.062,2.489,,2
2014-12-11,1.98,2.13,2.29,2.044,2.071,2.116,2.067,,2.126,2.35,2.7,2.91,3.006,2.447,,2
2014-12-12,1.98,2.13,2.3,2.045,2.071,2.101,2.06,,2.112,2.335,2.695,2.909,3.002,2.44,,2
2014-12-15,2,2.13,2.3,2.049,2.077,2.107,2.065,,2.124,2.335,2.693,2.912,2.998,2.453,,2
2014-12-16,1.99,2.13,2.31,2.048,2.077,2.105,2.067,,2.129,2.324,2.668,2.889,2.972,2.449,,2
2014-12-17,1.98,2.13,2.32,2.066,2.1,2.144,2.087,,2.169,2.357,2.695,2.899,2.978,2.484,,2
2014-12-18,1.98,2.13,2.33,2.082,2.123,2.161,2.102,,2.183,2.382,2.725,2.92,2.993,2.498,,2
2014-12-19,1.98,2.13,2.34,2.081,2.116,2.154,2.096,,2.18,2.372,2.722,2.924,2.996,2.494,,2
2014-12-22,1.99,2.13,2.34,2.076,2.108,2.138,2.082,,2.156,2.338,2.666,2.876,2.953,2.472,,2
2014-12-23,1.99,2.13,2.34,2.081,2.115,2.142,2.085,,2.156,2.336,2.671,2.878,2.957,2.474,,2
2014-12-24,1.99,2.13,2.34,2.08,2.112,2.138,2.081,,2.147,2.319,2.658,2.865,2.949,2.467,,2
2014-12-26,1.99,2.13,2.34,2.081,2.118,2.152,2.087,,2.158,2.312,2.65,2.849,2.941,2.475,,2
2014-12-29,1.99,2.13,2.34,2.073,2.104,2.131,2.073,,2.134,2.293,2.608,2.807,2.901,2.455,,2
2014-12-30,2.01,2.13,2.34,2.065,2.088,2.1,2.069,,2.099,2.279,2.597,2.798,2.894,2.433,,2
2014-12-31,2.03,2.13,2.33,2.067,2.087,2.099,2.069,,2.098,2.28,2.598,2.798,2.894,2.434,,2
2015-01-02,2.01,2.13,2.32,2.073,2.091,2.115,2.074,,2.135,2.322,2.66,2.853,2.946,2.464,,2
2015-01-05,2,2.13,2.31,2.056,2.068,2.094,2.058,,2.118,2.292,2.622,2.824,2.928,2.446,,2
2015-01-06,1.98,2.13,2.29,2.029,2.04,2.058,2.035,,2.079,2.234,2.555,2.762,2.864,2.408,,2
2015-01-07,1.99,2.13,2.28,2.027,2.038,2.055,2.032,,2.076,2.236,2.56,2.767,2.87,2.408,,2
2015-01-08,1.99,2.13,2.27,2.025,2.036,2.048,2.03,,2.072,2.229,2.552,2.763,2.866,2.403,,2
2015-01-09,1.98,2.13,2.27,2.019,2.028,2.04,2.022,,2.056,2.221,2.536,2.756,2.856,2.391,,2
2015-01-12,1.99,2.13,2.26,1.984,1.989,1.998,1.981,,2.006,2.152,2.449,2.666,2.769,2.339,,2
2015-01-13,1.99,2.13,2.26,1.983,1.988,2.008,1.982,,2.024,2.156,2.433,2.643,2.741,2.343,,2
2015-01-14,1.99,2.13,2.26,1.954,1.959,1.966,1.956,,1.974,2.089,2.369,2.575,2.676,2.296,,2
2015-01-15,1.99,2.13,2.26,1.996,2.002,2.02,1.999,,2.044,2.171,2.45,2.648,2.75,2.362,,2
2015-01-16,1.98,2.13,2.24,1.976,1.983,2.003,1.977,,2.012,2.098,2.344,2.516,2.61,2.33,,2
2015-01-19,1.98,2.13,2.24,1.983,1.991,2.026,1.989,,2.038,2.13,2.385,2.56,2.654,2.359,,2
2015-01-20,1.98,2.13,2.24,1.977,1.981,2.019,1.978,,2.031,2.122,2.36,2.539,2.632,2.346,,2
2015-01-21,1.98,2.13,2.24,1.982,1.991,2.029,1.982,,2.045,2.148,2.372,2.544,2.639,2.361,,2
2015-01-22,1.99,2.13,2.24,1.991,2.001,2.038,1.993,,2.063,2.175,2.405,2.577,2.668,2.377,,2
2015-01-23,1.99,2.13,2.24,1.968,1.979,2.007,1.974,,2.027,2.125,2.329,2.506,2.598,2.333,,2
2015-01-26,1.99,2.13,2.24,1.966,1.975,2.001,1.97,,2.024,2.11,2.3,2.474,2.566,2.322,,2
2015-01-27,1.99,2.13,2.24,1.969,1.983,2.009,1.975,,2.029,2.108,2.3,2.466,2.561,2.325,,2
2015-01-28,1.99,2.12,2.24,1.958,1.974,1.996,1.966,,2.004,2.079,2.259,2.43,2.528,2.303,,2
2015-01-29,1.99,2.12,2.24,1.957,1.971,1.994,1.965,,1.998,2.067,2.227,2.388,2.484,2.296,,2
2015-01-30,2,2.12,2.24,1.95,1.963,1.978,1.962,,1.97,2.048,2.24,2.398,2.494,2.274,,2
2015-02-02,1.99,2.12,2.24,1.957,1.967,1.98,1.967,,1.985,2.055,2.245,2.406,2.501,2.28,,2
2015-02-03,1.99,2.12,2.24,1.938,1.939,1.938,1.938,,1.935,2.005,2.211,2.384,2.48,2.241,,2
2015-02-04,1.99,2.12,2.24,1.946,1.945,1.95,1.945,,1.961,2.04,2.249,2.428,2.52,2.258,,2
2015-02-05,1.98,2.12,2.24,1.949,1.946,1.957,1.943,,1.975,2.057,2.278,2.451,2.539,2.266,,2
2015-02-06,1.99,2.12,2.24,1.946,1.939,1.947,1.94,,1.962,2.05,2.273,2.442,2.529,2.251,,2
2015-02-09,1.98,2.12,2.24,1.953,1.95,1.956,1.949,,1.977,2.075,2.295,2.456,2.546,2.264,,2
2015-02-10,2,2.12,2.24,1.993,1.991,2.026,1.987,,2.056,2.156,2.356,2.514,2.595,2.321,,2
2015-02-11,1.99,2.12,2.24,1.992,1.99,2.023,1.986,,2.051,2.149,2.352,2.522,2.599,2.318,,2
2015-02-12,1.98,2.12,2.24,2.004,2.006,2.04,2.002,,2.075,2.175,2.406,2.571,2.643,2.34,,2
2015-02-13,1.98,2.12,2.24,1.998,1.998,2.03,1.996,,2.05,2.155,2.4,2.561,2.638,2.321,,2
2015-02-16,1.99,2.12,2.24,2.015,2.023,2.063,2.016,,2.091,2.214,2.477,2.636,2.708,2.356,,2
2015-02-17,1.98,2.12,2.24,1.998,2.005,2.041,2,,2.054,2.149,2.383,2.556,2.632,2.323,,2
2015-02-23,1.98,2.12,2.24,2.006,2.017,2.053,2.009,,2.061,2.167,2.426,2.611,2.687,2.332,,2
2015-02-24,1.98,2.1,2.24,2.003,2.013,2.051,2.006,,2.063,2.171,2.434,2.618,2.693,2.334,,2
2015-02-25,1.98,2.1,2.24,1.997,1.999,2.025,1.998,,2.037,2.131,2.375,2.567,2.646,2.307,,2
2015-02-26,1.98,2.1,2.24,1.999,1.999,2.026,1.999,,2.04,2.125,2.366,2.549,2.634,2.302,,2
2015-02-27,1.99,2.1,2.24,1.999,1.999,2.027,1.997,,2.034,2.103,2.353,2.54,2.625,2.291,,2
2015-03-02,1.98,2.1,2.24,1.982,1.978,1.997,1.979,,2,2.076,2.33,2.514,2.599,2.263,,2
2015-03-03,1.98,2.1,2.24,1.975,1.973,1.985,1.971,,1.99,2.087,2.352,2.545,2.626,2.258,,2
2015-03-04,1.98,2.1,2.21,1.967,1.968,1.972,1.961,,1.98,2.089,2.367,2.564,2.647,2.25,,2
2015-03-05,1.98,2.1,2.19,1.958,1.958,1.959,1.957,,1.978,2.074,2.355,2.552,2.633,2.246,,2
2015-03-06,1.98,2.1,2.18,1.934,1.93,1.928,1.925,,1.943,2.037,2.329,2.528,2.613,2.214,,2
2015-03-09,1.98,2.1,2.17,1.927,1.92,1.915,1.917,,1.924,2.057,2.371,2.57,2.657,2.202,,2
2015-03-10,1.99,2.1,2.16,1.917,1.912,1.922,1.911,,1.937,2.076,2.387,2.577,2.66,2.206,,2
2015-03-11,1.98,2.1,2.14,1.869,1.87,1.89,1.875,,1.907,2.009,2.316,2.51,2.599,2.166,,2
2015-03-12,1.74,1.91,1.92,1.835,1.838,1.868,1.836,,1.896,2.021,2.347,2.538,2.623,2.154,,1.75
2015-03-13,1.73,1.9,1.91,1.822,1.822,1.841,1.821,,1.869,2.013,2.356,2.538,2.628,2.129,,1.75
2015-03-16,1.73,1.89,1.91,1.808,1.812,1.833,1.815,,1.856,1.985,2.315,2.5,2.589,2.115,,1.75
2015-03-17,1.74,1.88,1.91,1.809,1.814,1.843,1.817,,1.872,1.994,2.319,2.508,2.589,2.126,,1.75
2015-03-18,1.74,1.87,1.9,1.792,1.8,1.83,1.802,,1.859,1.973,2.282,2.463,2.551,2.114,,1.75
2015-03-19,1.74,1.87,1.89,1.767,1.783,1.805,1.783,,1.825,1.926,2.212,2.393,2.467,2.083,,1.75
2015-03-20,1.74,1.86,1.89,1.757,1.772,1.79,1.772,,1.797,1.9,2.207,2.397,2.472,2.062,,1.75
2015-03-23,1.73,1.86,1.89,1.754,1.769,1.782,1.769,,1.793,1.891,2.194,2.378,2.454,2.058,,1.75
2015-03-24,1.74,1.86,1.89,1.752,1.766,1.78,1.769,,1.795,1.892,2.193,2.374,2.451,2.055,,1.75
2015-03-25,1.74,1.86,1.89,1.748,1.755,1.767,1.763,,1.785,1.871,2.171,2.358,2.437,2.045,,1.75
2015-03-26,1.74,1.86,1.89,1.749,1.756,1.767,1.762,,1.779,1.871,2.178,2.365,2.448,2.043,,1.75
2015-03-27,1.74,1.86,1.89,1.743,1.751,1.759,1.759,,1.77,1.85,2.18,2.372,2.454,2.03,,1.75
2015-03-30,1.74,1.85,1.89,1.728,1.733,1.737,1.742,,1.748,1.823,2.152,2.346,2.427,2.011,,1.75
2015-03-31,1.74,1.85,1.89,1.715,1.715,1.715,1.722,,1.721,1.802,2.16,2.353,2.439,1.992,,1.75
2015-04-01,1.74,1.85,1.89,1.711,1.706,1.712,1.713,,1.72,1.803,2.15,2.348,2.433,1.99,,1.75
2015-04-02,1.73,1.85,1.89,1.708,1.701,1.709,1.706,,1.721,1.797,2.119,2.317,2.407,1.988,,1.75
2015-04-03,1.72,1.85,1.89,1.705,1.699,1.706,1.701,,1.714,1.799,2.086,2.28,2.378,1.98,,1.75
2015-04-06,1.72,1.85,1.89,1.701,1.694,1.703,1.698,,1.714,1.793,2.068,2.263,2.353,1.971,,1.75
2015-04-07,1.72,1.83,1.89,1.697,1.69,1.702,1.694,,1.721,1.807,2.104,2.298,2.379,1.975,,1.75
2015-04-08,1.73,1.83,1.88,1.7,1.694,1.707,1.699,,1.727,1.821,2.112,2.3,2.384,1.978,,1.75
2015-04-09,1.73,1.82,1.88,1.683,1.674,1.68,1.677,,1.698,1.784,2.077,2.265,2.349,1.951,,1.75
2015-04-10,1.74,1.8,1.88,1.689,1.68,1.693,1.684,,1.714,1.796,2.07,2.259,2.346,1.963,,1.75
2015-04-13,1.73,1.8,1.88,1.695,1.692,1.708,1.69,,1.732,1.831,2.103,2.294,2.377,1.975,,1.75
2015-04-14,1.73,1.8,1.88,1.698,1.697,1.713,1.692,,1.731,1.84,2.121,2.311,2.382,1.978,,1.75
2015-04-15,1.73,1.8,1.88,1.694,1.695,1.708,1.691,,1.721,1.828,2.122,2.316,2.398,1.972,,1.75
2015-04-16,1.73,1.8,1.88,1.696,1.698,1.711,1.695,,1.724,1.84,2.157,2.351,2.431,1.976,,1.75
2015-04-17,1.73,1.8,1.88,1.677,1.676,1.683,1.678,,1.691,1.799,2.112,2.304,2.384,1.944,,1.75
2015-04-20,1.73,1.8,1.88,1.677,1.678,1.684,1.677,,1.693,1.813,2.143,2.332,2.412,1.948,,1.75
2015-04-21,1.73,1.8,1.88,1.681,1.684,1.693,1.682,,1.71,1.832,2.174,2.357,2.435,1.958,,1.75
2015-04-22,1.73,1.8,1.88,1.681,1.684,1.693,1.683,,1.71,1.831,2.175,2.359,2.438,1.959,,1.75
2015-04-23,1.73,1.8,1.88,1.697,1.705,1.72,1.7,,1.745,1.9,2.266,2.457,2.529,1.983,,1.75
2015-04-24,1.74,1.8,1.88,1.709,1.72,1.751,1.715,,1.771,1.929,2.285,2.481,2.56,2.008,,1.75
2015-04-27,1.74,1.8,1.88,1.713,1.727,1.76,1.72,,1.786,1.942,2.29,2.502,2.581,2.019,,1.75
2015-04-28,1.74,1.8,1.88,1.739,1.757,1.797,1.753,,1.829,2.003,2.367,2.586,2.674,2.062,,1.75
2015-04-29,1.74,1.8,1.88,1.745,1.765,1.803,1.762,,1.842,2.025,2.38,2.605,2.7,2.079,,1.75
2015-04-30,1.74,1.8,1.88,1.742,1.762,1.799,1.756,,1.843,2.037,2.414,2.624,2.717,2.08,,1.75
2015-05-04,1.74,1.8,1.88,1.757,1.783,1.838,1.772,,1.896,2.103,2.486,2.707,2.794,2.131,,1.75
2015-05-06,1.73,1.8,1.88,1.779,1.816,1.897,1.802,,1.969,2.197,2.569,2.786,2.875,2.193,,1.75
2015-05-07,1.73,1.8,1.88,1.766,1.799,1.89,1.792,,1.966,2.214,2.551,2.763,2.848,2.189,,1.75
2015-05-08,1.73,1.8,1.87,1.72,1.744,1.828,1.745,,1.888,2.082,2.415,2.626,2.723,2.109,,1.75
2015-05-11,1.73,1.8,1.87,1.719,1.742,1.823,1.742,,1.876,2.111,2.46,2.673,2.758,2.103,,1.75
2015-05-12,1.73,1.8,1.87,1.743,1.773,1.871,1.771,,1.942,2.215,2.597,2.808,2.894,2.177,,1.75
2015-05-13,1.74,1.8,1.87,1.708,1.727,1.81,1.735,,1.864,2.142,2.538,2.758,2.846,2.107,,1.75
2015-05-14,1.73,1.8,1.87,1.703,1.724,1.807,1.734,,1.857,2.102,2.498,2.721,2.803,2.098,,1.75
2015-05-15,1.74,1.8,1.87,1.714,1.74,1.83,1.748,,1.881,2.124,2.508,2.733,2.816,2.121,,1.75
2015-05-18,1.74,1.8,1.87,1.717,1.744,1.837,1.749,,1.889,2.13,2.517,2.74,2.824,2.129,,1.75
2015-05-19,1.74,1.8,1.87,1.723,1.751,1.849,1.754,,1.903,2.15,2.547,2.77,2.854,2.142,,1.75
2015-05-20,1.74,1.8,1.87,1.713,1.736,1.831,1.744,,1.878,2.113,2.495,2.72,2.801,2.119,,1.75
2015-05-21,1.74,1.8,1.87,1.715,1.739,1.832,1.747,,1.88,2.121,2.511,2.734,2.816,2.122,,1.75
2015-05-22,1.74,1.8,1.87,1.712,1.735,1.828,1.742,,1.871,2.097,2.48,2.708,2.792,2.114,,1.75
2015-05-26,1.74,1.8,1.87,1.708,1.723,1.81,1.732,,1.846,2.092,2.489,2.715,2.797,2.095,,1.75
2015-05-27,1.74,1.8,1.87,1.697,1.711,1.785,1.715,,1.809,2.054,2.447,2.669,2.752,2.062,,1.75
2015-05-28,1.74,1.8,1.87,1.693,1.709,1.782,1.71,,1.798,2.016,2.41,2.624,2.708,2.054,,1.75
2015-05-29,1.74,1.8,1.87,1.669,1.677,1.729,1.687,,1.745,1.917,2.308,2.517,2.599,2.006,,1.75
2015-06-01,1.74,1.8,1.87,1.667,1.676,1.726,1.684,,1.746,1.941,2.343,2.552,2.638,2.008,,1.75
2015-06-02,1.73,1.8,1.86,1.646,1.651,1.698,1.66,,1.726,1.928,2.333,2.547,2.633,1.991,,1.75
2015-06-03,1.73,1.8,1.86,1.654,1.661,1.717,1.668,,1.757,2.012,2.429,2.634,2.72,2.018,,1.75
2015-06-04,1.73,1.8,1.86,1.653,1.661,1.717,1.666,,1.767,2.044,2.482,2.683,2.77,2.027,,1.75
2015-06-05,1.73,1.8,1.86,1.645,1.648,1.693,1.65,,1.741,2.01,2.468,2.676,2.763,2,,1.75
2015-06-08,1.72,1.8,1.86,1.635,1.633,1.684,1.637,,1.729,2.024,2.483,2.701,2.789,1.993,,1.75
2015-06-09,1.73,1.8,1.86,1.629,1.627,1.681,1.632,,1.733,1.995,2.434,2.658,2.748,1.99,,1.75
2015-06-10,1.74,1.8,1.86,1.629,1.633,1.714,1.635,,1.773,2.026,2.465,2.679,2.767,2.011,,1.75
2015-06-11,1.49,1.65,1.62,1.615,1.63,1.723,1.633,,1.797,2.087,2.526,2.73,2.817,2.035,,1.5
2015-06-12,1.48,1.65,1.62,1.586,1.607,1.695,1.612,,1.762,2.031,2.463,2.667,2.752,2.003,,1.5
2015-06-15,1.49,1.65,1.63,1.577,1.607,1.695,1.608,,1.764,2.04,2.5,2.701,2.782,2,,1.5
2015-06-16,1.48,1.65,1.63,1.576,1.608,1.696,1.609,,1.766,2.04,2.508,2.709,2.792,2.001,,1.5
2015-06-17,1.49,1.65,1.63,1.583,1.62,1.727,1.622,,1.8,2.097,2.557,2.756,2.83,2.03,,1.5
2015-06-18,1.49,1.65,1.63,1.574,1.609,1.712,1.611,,1.778,2.052,2.516,2.716,2.793,2.013,,1.5
2015-06-19,1.49,1.65,1.63,1.562,1.604,1.713,1.606,,1.77,2.014,2.445,2.648,2.728,1.998,,1.5
2015-06-22,1.49,1.65,1.64,1.58,1.621,1.735,1.617,,1.787,2.059,2.506,2.729,2.815,2.015,,1.5
2015-06-23,1.49,1.65,1.65,1.58,1.623,1.739,1.618,,1.795,2.057,2.48,2.707,2.791,2.02,,1.5
2015-06-24,1.5,1.65,1.66,1.584,1.627,1.74,1.621,,1.806,2.077,2.469,2.693,2.776,2.028,,1.5
2015-06-25,1.5,1.65,1.69,1.584,1.628,1.743,1.621,,1.814,2.097,2.494,2.711,2.793,2.031,,1.5
2015-06-26,1.5,1.65,1.69,1.584,1.626,1.74,1.621,,1.818,2.101,2.495,2.708,2.793,2.03,,1.5
2015-06-29,1.49,1.65,1.7,1.575,1.611,1.715,1.61,,1.793,2.07,2.45,2.662,2.748,2.009,,1.5
2015-06-30,1.5,1.65,1.7,1.575,1.611,1.716,1.61,,1.793,2.07,2.451,2.664,2.749,2.007,,1.5
2015-07-01,1.49,1.65,1.7,1.575,1.618,1.727,1.614,,1.805,2.085,2.471,2.678,2.763,2.019,,1.5
2015-07-02,1.48,1.65,1.7,1.579,1.626,1.74,1.623,,1.828,2.134,2.53,2.731,2.814,2.042,,1.5
2015-07-03,1.48,1.65,1.7,1.574,1.621,1.733,1.62,,1.826,2.131,2.522,2.722,2.808,2.037,,1.5
2015-07-06,1.48,1.65,1.7,1.566,1.613,1.727,1.614,,1.829,2.094,2.465,2.67,2.75,2.033,,1.5
2015-07-07,1.5,1.65,1.7,1.565,1.611,1.727,1.613,,1.825,2.101,2.497,2.7,2.78,2.031,,1.5
2015-07-08,1.48,1.65,1.7,1.556,1.604,1.714,1.605,,1.807,2.073,2.469,2.674,2.754,2.015,,1.5
2015-07-09,1.48,1.65,1.7,1.552,1.601,1.712,1.603,,1.802,2.085,2.484,2.687,2.766,2.017,,1.5
2015-07-10,1.48,1.65,1.7,1.552,1.603,1.716,1.604,,1.806,2.104,2.502,2.706,2.783,2.023,,1.5
2015-07-13,1.48,1.65,1.7,1.55,1.601,1.714,1.603,,1.804,2.103,2.508,2.704,2.785,2.021,,1.5
2015-07-14,1.49,1.65,1.7,1.547,1.598,1.712,1.601,,1.796,2.092,2.504,2.704,2.78,2.017,,1.5
2015-07-15,1.48,1.65,1.7,1.544,1.599,1.711,1.599,,1.795,2.082,2.495,2.701,2.777,2.015,,1.5
2015-07-16,1.48,1.65,1.7,1.543,1.598,1.71,1.598,,1.789,2.068,2.481,2.692,2.77,2.012,,1.5
2015-07-17,1.48,1.65,1.7,1.542,1.598,1.711,1.597,,1.784,2.053,2.47,2.68,2.76,2.008,,1.5
2015-07-20,1.47,1.65,1.7,1.54,1.597,1.71,1.596,,1.775,2.046,2.467,2.679,2.76,2.002,,1.5
2015-07-21,1.47,1.65,1.7,1.54,1.597,1.71,1.596,,1.771,2.038,2.454,2.673,2.753,2,,1.5
2015-07-22,1.47,1.65,1.7,1.537,1.587,1.695,1.588,,1.749,2.007,2.421,2.644,2.725,1.983,,1.5
2015-07-23,1.48,1.65,1.7,1.528,1.575,1.67,1.576,,1.716,1.957,2.37,2.584,2.666,1.955,,1.5
2015-07-24,1.49,1.65,1.7,1.524,1.57,1.658,1.572,,1.706,1.935,2.336,2.548,2.63,1.945,,1.5
2015-07-27,1.49,1.64,1.7,1.525,1.571,1.647,1.57,,1.703,1.946,2.351,2.568,2.65,1.942,,1.5
2015-07-28,1.49,1.64,1.7,1.533,1.58,1.659,1.581,,1.731,1.982,2.383,2.597,2.679,1.969,,1.5
2015-07-29,1.49,1.64,1.7,1.531,1.58,1.648,1.579,,1.716,1.967,2.362,2.575,2.66,1.959,,1.5
2015-07-30,1.49,1.64,1.7,1.537,1.589,1.663,1.589,,1.735,1.993,2.39,2.598,2.684,1.979,,1.5
2015-07-31,1.5,1.64,1.7,1.545,1.601,1.683,1.601,,1.768,2.031,2.428,2.621,2.703,2.01,,1.5
2015-08-03,1.48,1.64,1.7,1.54,1.594,1.67,1.596,,1.76,2.016,2.402,2.605,2.689,2,,1.5
2015-08-04,1.49,1.64,1.7,1.539,1.595,1.678,1.598,,1.774,2.036,2.409,2.612,2.695,2.01,,1.5
2015-08-05,1.48,1.64,1.7,1.542,1.602,1.695,1.603,,1.792,2.053,2.423,2.623,2.705,2.026,,1.5
2015-08-06,1.49,1.64,1.7,1.54,1.599,1.696,1.599,,1.786,2.041,2.408,2.61,2.691,2.019,,1.5
2015-08-07,1.49,1.64,1.7,1.539,1.597,1.694,1.597,,1.783,2.039,2.41,2.607,2.691,2.017,,1.5
2015-08-10,1.49,1.64,1.69,1.531,1.587,1.682,1.588,,1.763,1.989,2.356,2.552,2.633,1.996,,1.5
2015-08-11,1.49,1.64,1.69,1.524,1.577,1.664,1.575,,1.737,1.963,2.323,2.52,2.605,1.977,,1.5
2015-08-12,1.49,1.64,1.69,1.516,1.563,1.636,1.561,,1.705,1.916,2.257,2.456,2.541,1.945,,1.5
2015-08-13,1.49,1.64,1.69,1.523,1.574,1.654,1.57,,1.729,1.945,2.294,2.484,2.571,1.971,,1.5
2015-08-17,1.49,1.64,1.69,1.524,1.574,1.654,1.57,,1.723,1.933,2.279,2.468,2.549,1.968,,1.5
2015-08-18,1.49,1.64,1.69,1.523,1.571,1.653,1.569,,1.716,1.923,2.273,2.462,2.543,1.96,,1.5
2015-08-19,1.49,1.64,1.69,1.524,1.575,1.663,1.574,,1.73,1.938,2.307,2.495,2.577,1.974,,1.5
2015-08-20,1.49,1.64,1.69,1.522,1.571,1.653,1.571,,1.714,1.902,2.276,2.469,2.549,1.962,,1.5
2015-08-21,1.49,1.64,1.69,1.524,1.574,1.65,1.571,,1.709,1.88,2.256,2.45,2.53,1.959,,1.5
2015-08-24,1.5,1.64,1.7,1.524,1.572,1.64,1.568,,1.693,1.848,2.189,2.383,2.468,1.947,,1.5
2015-08-25,1.5,1.64,1.7,1.533,1.581,1.649,1.576,,1.708,1.873,2.222,2.396,2.48,1.963,,1.5
2015-08-26,1.5,1.64,1.7,1.539,1.589,1.654,1.583,,1.719,1.9,2.249,2.419,2.501,1.975,,1.5
2015-08-27,1.5,1.64,1.7,1.539,1.589,1.649,1.58,,1.705,1.894,2.252,2.421,2.504,1.965,,1.5
2015-08-28,1.51,1.64,1.7,1.545,1.598,1.659,1.589,,1.718,1.912,2.285,2.456,2.537,1.978,,1.5
2015-08-31,1.52,1.63,1.7,1.551,1.603,1.67,1.594,,1.735,1.925,2.295,2.467,2.549,1.994,,1.5
2015-09-01,1.49,1.63,1.7,1.55,1.598,1.664,1.59,,1.725,1.932,2.303,2.478,2.561,1.989,,1.5
2015-09-02,1.48,1.61,1.7,1.541,1.583,1.643,1.577,,1.696,1.891,2.266,2.443,2.529,1.965,,1.5
2015-09-03,1.47,1.61,1.69,1.537,1.574,1.625,1.569,,1.674,1.886,2.28,2.462,2.547,1.949,,1.5
2015-09-04,1.45,1.6,1.69,1.527,1.558,1.598,1.554,,1.645,1.839,2.241,2.427,2.513,1.925,,1.5
2015-09-07,1.47,1.6,1.69,1.525,1.556,1.598,1.554,,1.651,1.842,2.224,2.4,2.486,1.93,,1.5
2015-09-08,1.49,1.6,1.68,1.528,1.56,1.61,1.558,,1.668,1.853,2.227,2.397,2.485,1.947,,1.5
2015-09-09,1.48,1.6,1.68,1.531,1.565,1.621,1.562,,1.68,1.869,2.253,2.415,2.504,1.962,,1.5
2015-09-10,1.49,1.6,1.68,1.521,1.55,1.593,1.548,,1.65,1.856,2.225,2.396,2.478,1.94,,1.5
2015-09-11,1.49,1.6,1.68,1.523,1.552,1.602,1.55,,1.655,1.871,2.237,2.407,2.487,1.949,,1.5
2015-09-14,1.49,1.6,1.68,1.53,1.557,1.613,1.556,,1.667,1.903,2.27,2.439,2.517,1.964,,1.5
2015-09-15,1.49,1.6,1.68,1.525,1.55,1.603,1.549,,1.653,1.88,2.252,2.423,2.497,1.952,,1.5
2015-09-16,1.48,1.6,1.68,1.531,1.558,1.619,1.557,,1.67,1.9,2.274,2.448,2.522,1.97,,1.5
2015-09-17,1.48,1.6,1.68,1.536,1.565,1.635,1.564,,1.683,1.903,2.271,2.444,2.518,1.982,,1.5
2015-09-18,1.48,1.6,1.68,1.523,1.548,1.599,1.55,,1.635,1.827,2.195,2.366,2.438,1.94,,1.5
2015-09-21,1.48,1.6,1.68,1.518,1.537,1.583,1.538,,1.617,1.789,2.158,2.33,2.399,1.925,,1.5
2015-09-22,1.48,1.6,1.68,1.519,1.539,1.586,1.539,,1.624,1.794,2.148,2.322,2.395,1.931,,1.5
2015-09-23,1.48,1.6,1.69,1.519,1.538,1.586,1.538,,1.619,1.784,2.136,2.305,2.377,1.928,,1.5
2015-09-24,1.49,1.6,1.69,1.525,1.545,1.598,1.543,,1.63,1.801,2.16,2.33,2.398,1.942,,1.5
2015-09-25,1.47,1.6,1.69,1.522,1.544,1.587,1.539,,1.615,1.785,2.134,2.306,2.371,1.93,,1.5
2015-09-30,1.49,1.59,1.69,1.51,1.525,1.552,1.522,,1.568,1.723,2.061,2.228,2.295,1.893,,1.5
2015-10-01,1.47,1.59,1.69,1.52,1.54,1.573,1.535,,1.596,1.761,2.107,2.264,2.33,1.922,,1.5
2015-10-02,1.46,1.59,1.69,1.515,1.529,1.558,1.526,,1.584,1.743,2.082,2.241,2.309,1.911,,1.5
2015-10-05,1.47,1.59,1.69,1.509,1.52,1.545,1.52,,1.577,1.721,2.042,2.208,2.273,1.904,,1.5
2015-10-06,1.5,1.59,1.69,1.512,1.527,1.559,1.526,,1.591,1.738,2.05,2.219,2.28,1.919,,1.5
2015-10-07,1.49,1.59,1.69,1.52,1.538,1.58,1.537,,1.614,1.778,2.087,2.24,2.302,1.942,,1.5
2015-10-08,1.48,1.59,1.69,1.52,1.538,1.58,1.537,,1.615,1.781,2.091,2.242,2.304,1.943,,1.5
2015-10-12,1.48,1.59,1.69,1.53,1.55,1.601,1.548,,1.646,1.833,2.149,2.291,2.351,1.976,,1.5
2015-10-13,1.48,1.58,1.69,1.527,1.546,1.597,1.544,,1.638,1.817,2.124,2.27,2.328,1.968,,1.5
2015-10-14,1.48,1.57,1.69,1.531,1.553,1.611,1.551,,1.657,1.825,2.124,2.262,2.314,1.98,,1.5
2015-10-15,1.48,1.57,1.69,1.52,1.54,1.591,1.54,,1.623,1.774,2.06,2.188,2.241,1.955,,1.5
2015-10-16,1.49,1.57,1.69,1.521,1.541,1.591,1.541,,1.622,1.771,2.064,2.208,2.261,1.956,,1.5
2015-10-19,1.49,1.57,1.69,1.522,1.543,1.591,1.543,,1.622,1.778,2.076,2.217,2.27,1.96,,1.5
2015-10-20,1.49,1.57,1.7,1.528,1.55,1.605,1.55,,1.64,1.804,2.099,2.233,2.285,1.977,,1.5
2015-10-21,1.49,1.57,1.71,1.531,1.556,1.611,1.556,,1.649,1.813,2.109,2.221,2.264,1.985,,1.5
2015-10-22,1.49,1.57,1.71,1.532,1.56,1.622,1.56,,1.654,1.822,2.122,2.205,2.244,1.992,,1.5
2015-10-23,1.49,1.57,1.71,1.533,1.562,1.625,1.56,,1.65,1.811,2.105,2.197,2.231,1.991,,1.5
2015-10-26,1.48,1.57,1.72,1.532,1.563,1.625,1.56,,1.645,1.799,2.097,2.21,2.233,1.989,,1.5
2015-10-27,1.48,1.57,1.72,1.526,1.56,1.613,1.554,,1.63,1.775,2.064,2.189,2.214,1.976,,1.5
2015-10-28,1.48,1.57,1.72,1.525,1.56,1.61,1.553,,1.626,1.761,2.036,2.162,2.185,1.975,,1.5
2015-10-29,1.48,1.57,1.72,1.53,1.568,1.621,1.562,,1.641,1.772,2.053,2.172,2.205,1.988,,1.5
2015-10-30,1.5,1.57,1.72,1.536,1.577,1.635,1.573,,1.657,1.793,2.111,2.223,2.27,2.003,,1.5
2015-11-02,1.5,1.57,1.72,1.539,1.58,1.638,1.576,,1.658,1.806,2.118,2.232,2.276,2.006,,1.5
2015-11-03,1.5,1.57,1.72,1.543,1.587,1.644,1.582,,1.665,1.837,2.153,2.275,2.325,2.019,,1.5
2015-11-04,1.5,1.57,1.73,1.548,1.594,1.653,1.589,,1.677,1.85,2.165,2.293,2.337,2.032,,1.5
2015-11-05,1.49,1.57,1.73,1.551,1.6,1.663,1.596,,1.691,1.856,2.157,2.266,2.307,2.047,,1.5
2015-11-06,1.49,1.57,1.73,1.565,1.618,1.694,1.611,,1.729,1.916,2.208,2.305,2.343,2.083,,1.5
2015-11-09,1.5,1.57,1.73,1.583,1.656,1.752,1.652,,1.803,2.009,2.306,2.4,2.438,2.157,,1.5
2015-11-10,1.49,1.57,1.73,1.577,1.649,1.732,1.644,,1.781,1.975,2.274,2.375,2.416,2.137,,1.5
2015-11-11,1.49,1.57,1.73,1.582,1.657,1.744,1.652,,1.798,1.998,2.308,2.409,2.447,2.157,,1.5
2015-11-12,1.5,1.58,1.73,1.579,1.654,1.738,1.649,,1.787,1.999,2.326,2.421,2.456,2.151,,1.5
2015-11-13,1.49,1.58,1.73,1.577,1.65,1.728,1.646,,1.778,1.999,2.332,2.428,2.465,2.145,,1.5
2015-11-16,1.49,1.58,1.73,1.568,1.634,1.705,1.629,,1.749,1.959,2.283,2.383,2.425,2.119,,1.5
2015-11-17,1.49,1.58,1.73,1.57,1.637,1.712,1.63,,1.758,1.975,2.304,2.423,2.469,2.129,,1.5
2015-11-18,1.49,1.58,1.73,1.566,1.635,1.702,1.628,,1.752,1.964,2.292,2.416,2.462,2.123,,1.5
2015-11-19,1.49,1.58,1.74,1.562,1.628,1.688,1.622,,1.736,1.935,2.26,2.371,2.415,2.109,,1.5
2015-11-20,1.49,1.58,1.74,1.57,1.642,1.72,1.636,,1.762,1.959,2.269,2.362,2.399,2.134,,1.5
2015-11-23,1.49,1.59,1.74,1.573,1.644,1.727,1.638,,1.761,1.969,2.288,2.41,2.439,2.137,,1.5
2015-11-24,1.49,1.59,1.75,1.576,1.648,1.728,1.643,,1.767,1.968,2.279,2.401,2.431,2.145,,1.5
2015-11-25,1.5,1.59,1.76,1.577,1.651,1.731,1.645,,1.769,1.959,2.25,2.377,2.404,2.147,,1.5
2015-11-26,1.49,1.62,1.77,1.583,1.661,1.746,1.654,,1.778,1.956,2.239,2.36,2.379,2.157,,1.5
2015-11-27,1.49,1.62,1.81,1.593,1.677,1.776,1.668,,1.798,1.984,2.271,2.39,2.405,2.179,,1.5
2015-11-30,1.5,1.66,1.83,1.591,1.672,1.77,1.664,,1.785,1.963,2.247,2.38,2.408,2.168,,1.5
2015-12-01,1.48,1.67,1.85,1.583,1.66,1.752,1.654,,1.772,1.986,2.275,2.409,2.429,2.162,,1.5
2015-12-02,1.44,1.67,1.86,1.576,1.658,1.739,1.648,,1.762,1.977,2.256,2.389,2.405,2.156,,1.5
2015-12-03,1.45,1.67,1.87,1.57,1.649,1.725,1.64,,1.755,1.981,2.264,2.387,2.406,2.15,,1.5
2015-12-04,1.4,1.67,1.88,1.568,1.654,1.736,1.646,,1.781,2.01,2.301,2.41,2.428,2.178,,1.5
2015-12-07,1.44,1.67,1.89,1.568,1.654,1.737,1.645,,1.787,1.999,2.299,2.405,2.422,2.182,,1.5
2015-12-08,1.46,1.67,1.9,1.562,1.645,1.72,1.639,,1.763,1.944,2.23,2.335,2.352,2.167,,1.5
2015-12-09,1.46,1.67,1.9,1.562,1.647,1.72,1.64,,1.762,1.935,2.21,2.312,2.328,2.166,,1.5
2015-12-10,1.48,1.67,1.9,1.558,1.641,1.702,1.633,,1.745,1.925,2.216,2.311,2.326,2.155,,1.5
2015-12-11,1.48,1.67,1.9,1.563,1.649,1.709,1.64,,1.748,1.943,2.243,2.332,2.345,2.162,,1.5
2015-12-14,1.48,1.67,1.91,1.56,1.645,1.7,1.637,,1.732,1.928,2.221,2.314,2.323,2.154,,1.5
2015-12-15,1.46,1.67,1.91,1.561,1.647,1.701,1.638,,1.733,1.925,2.21,2.309,2.318,2.156,,1.5
2015-12-16,1.46,1.67,1.91,1.572,1.657,1.721,1.649,,1.748,1.935,2.218,2.303,2.311,2.172,,1.5
2015-12-17,1.46,1.67,1.91,1.565,1.645,1.703,1.638,,1.726,1.899,2.162,2.253,2.256,2.153,,1.5
2015-12-18,1.48,1.67,1.92,1.56,1.633,1.678,1.625,,1.693,1.853,2.118,2.216,2.218,2.128,,1.5
2015-12-21,1.48,1.67,1.92,1.555,1.622,1.657,1.612,,1.658,1.827,2.1,2.197,2.208,2.102,,1.5
2015-12-22,1.48,1.67,1.92,1.561,1.631,1.667,1.621,,1.672,1.836,2.114,2.211,2.236,2.119,,1.5
2015-12-23,1.49,1.67,1.92,1.561,1.632,1.666,1.623,,1.668,1.834,2.114,2.21,2.251,2.115,,1.5
2015-12-24,1.49,1.67,1.92,1.563,1.637,1.668,1.629,,1.662,1.836,2.102,2.174,2.218,2.112,,1.5
2015-12-28,1.49,1.67,1.92,1.565,1.639,1.669,1.632,,1.677,1.836,2.097,2.176,2.215,2.121,,1.5
2015-12-29,1.49,1.67,1.92,1.56,1.631,1.649,1.627,,1.655,1.805,2.07,2.149,2.193,2.106,,1.5
2015-12-30,1.49,1.67,1.92,1.56,1.632,1.65,1.629,,1.662,1.814,2.076,2.158,2.207,2.113,,1.5
2015-12-31,1.52,1.67,1.92,1.56,1.632,1.65,1.629,,1.662,1.814,2.076,2.158,2.207,2.113,,1.5
2016-01-04,1.48,1.67,1.89,1.538,1.607,1.62,1.605,,1.634,1.778,2.039,2.137,2.191,2.093,,1.5
2016-01-05,1.49,1.67,1.87,1.536,1.605,1.625,1.602,,1.643,1.792,2.057,2.163,2.21,2.103,,1.5
2016-01-06,1.49,1.67,1.85,1.531,1.601,1.626,1.601,,1.639,1.788,2.035,2.149,2.195,2.099,,1.5
2016-01-07,1.49,1.67,1.84,1.527,1.599,1.624,1.598,,1.639,1.78,2.015,2.134,2.18,2.097,,1.5
2016-01-08,1.49,1.67,1.83,1.533,1.609,1.638,1.608,,1.665,1.813,2.057,2.164,2.21,2.121,,1.5
2016-01-11,1.49,1.67,1.82,1.518,1.587,1.615,1.59,,1.635,1.775,2.025,2.133,2.174,2.094,,1.5
2016-01-12,1.5,1.67,1.82,1.517,1.587,1.615,1.588,,1.638,1.784,2.036,2.148,2.188,2.097,,1.5
2016-01-13,1.5,1.67,1.82,1.516,1.586,1.61,1.587,,1.633,1.78,2.025,2.128,2.172,2.094,,1.5
2016-01-14,1.49,1.67,1.82,1.519,1.589,1.624,1.59,,1.648,1.795,2.033,2.126,2.169,2.106,,1.5
2016-01-15,1.5,1.67,1.82,1.519,1.59,1.626,1.591,,1.648,1.793,2.024,2.11,2.152,2.106,,1.5
2016-01-18,1.5,1.67,1.82,1.52,1.592,1.626,1.591,,1.646,1.798,2.039,2.117,2.156,2.107,,1.5
2016-01-19,1.48,1.67,1.82,1.519,1.591,1.627,1.59,,1.644,1.807,2.065,2.139,2.177,2.108,,1.5
2016-01-20,1.49,1.67,1.82,1.51,1.577,1.607,1.578,,1.617,1.76,2.002,2.078,2.11,2.083,,1.5
2016-01-21,1.49,1.67,1.82,1.51,1.576,1.603,1.577,,1.611,1.75,1.995,2.072,2.099,2.077,,1.5
2016-01-22,1.48,1.67,1.82,1.515,1.584,1.609,1.582,,1.621,1.76,2.037,2.121,2.141,2.087,,1.5
2016-01-25,1.48,1.65,1.82,1.515,1.585,1.607,1.581,,1.621,1.758,2.02,2.11,2.13,2.088,,1.5
2016-01-26,1.48,1.65,1.82,1.51,1.575,1.588,1.569,,1.599,1.734,1.99,2.093,2.113,2.067,,1.5
2016-01-27,1.48,1.65,1.82,1.515,1.58,1.592,1.574,,1.604,1.744,2.013,2.111,2.135,2.072,,1.5
2016-01-28,1.48,1.65,1.81,1.524,1.588,1.605,1.582,,1.618,1.756,2.018,2.111,2.138,2.085,,1.5
2016-01-29,1.5,1.65,1.81,1.508,1.55,1.56,1.55,,1.564,1.7,1.979,2.08,2.105,2.038,,1.5
2016-02-01,1.49,1.65,1.81,1.494,1.518,1.519,1.518,,1.525,1.645,1.922,2.032,2.063,2,,1.5
2016-02-02,1.49,1.65,1.81,1.491,1.509,1.511,1.51,,1.516,1.64,1.916,2.027,2.054,1.993,,1.5
2016-02-03,1.49,1.65,1.81,1.48,1.489,1.49,1.49,,1.496,1.61,1.865,1.977,2.005,1.968,,1.5
2016-02-04,1.51,1.65,1.81,1.48,1.488,1.486,1.489,,1.494,1.608,1.862,1.972,2,1.964,,1.5
2016-02-05,1.47,1.65,1.81,1.487,1.494,1.495,1.497,,1.506,1.626,1.882,1.984,2.016,1.975,,1.5
2016-02-11,1.49,1.64,1.8,1.446,1.448,1.45,1.451,,1.45,1.539,1.766,1.86,1.894,1.915,,1.5
2016-02-12,1.48,1.64,1.79,1.458,1.464,1.471,1.464,,1.475,1.576,1.8,1.885,1.918,1.94,,1.5
2016-02-15,1.48,1.64,1.77,1.469,1.476,1.483,1.476,,1.484,1.604,1.825,1.914,1.946,1.955,,1.5
2016-02-16,1.47,1.63,1.76,1.43,1.427,1.43,1.427,,1.431,1.552,1.781,1.874,1.904,1.909,,1.5
2016-02-17,1.48,1.63,1.75,1.436,1.432,1.439,1.432,,1.435,1.552,1.784,1.884,1.913,1.915,,1.5
2016-02-18,1.48,1.63,1.74,1.448,1.443,1.448,1.443,,1.451,1.568,1.805,1.902,1.932,1.93,,1.5
2016-02-19,1.47,1.63,1.73,1.457,1.458,1.465,1.457,,1.468,1.579,1.814,1.9,1.929,1.944,,1.5
2016-02-22,1.48,1.63,1.73,1.471,1.473,1.477,1.468,,1.48,1.596,1.83,1.909,1.937,1.959,,1.5
2016-02-23,1.49,1.63,1.72,1.472,1.477,1.477,1.47,,1.481,1.595,1.831,1.91,1.938,1.96,,1.5
2016-02-24,1.49,1.63,1.72,1.467,1.469,1.469,1.465,,1.469,1.578,1.814,1.898,1.92,1.95,,1.5
2016-02-25,1.49,1.63,1.72,1.466,1.468,1.467,1.465,,1.464,1.568,1.802,1.885,1.906,1.948,,1.5
2016-02-26,1.5,1.63,1.72,1.463,1.464,1.464,1.463,,1.452,1.553,1.778,1.855,1.875,1.938,,1.5
2016-02-29,1.52,1.63,1.72,1.463,1.464,1.463,1.463,,1.454,1.555,1.786,1.865,1.884,1.939,,1.5
2016-03-02,1.5,1.63,1.72,1.467,1.469,1.466,1.469,,1.469,1.578,1.827,1.905,1.926,1.953,,1.5
2016-03-03,1.49,1.63,1.72,1.485,1.492,1.5,1.49,,1.504,1.616,1.87,1.94,1.963,1.986,,1.5
2016-03-04,1.49,1.63,1.72,1.491,1.499,1.509,1.497,,1.522,1.631,1.882,1.945,1.964,2.001,,1.5
2016-03-07,1.49,1.63,1.72,1.485,1.49,1.499,1.489,,1.502,1.616,1.867,1.93,1.949,1.983,,1.5
2016-03-08,1.49,1.63,1.71,1.478,1.481,1.481,1.484,,1.481,1.6,1.845,1.917,1.936,1.966,,1.5
2016-03-09,1.48,1.63,1.71,1.468,1.469,1.46,1.471,,1.47,1.6,1.85,1.909,1.932,1.955,,1.5
2016-03-10,1.5,1.63,1.71,1.478,1.485,1.487,1.486,,1.5,1.619,1.863,1.92,1.947,1.977,,1.5
2016-03-11,1.48,1.63,1.71,1.511,1.531,1.539,1.527,,1.55,1.674,1.922,1.966,1.988,2.027,,1.5
2016-03-14,1.48,1.63,1.71,1.51,1.527,1.526,1.524,,1.532,1.662,1.915,1.964,1.986,2.014,,1.5
2016-03-15,1.48,1.63,1.71,1.517,1.532,1.532,1.531,,1.533,1.661,1.907,1.956,1.986,2.014,,1.5
2016-03-16,1.48,1.63,1.71,1.527,1.54,1.542,1.539,,1.542,1.668,1.912,1.962,1.99,2.023,,1.5
2016-03-17,1.48,1.63,1.71,1.516,1.525,1.523,1.523,,1.515,1.624,1.862,1.921,1.949,1.994,,1.5
2016-03-18,1.49,1.63,1.71,1.511,1.517,1.512,1.517,,1.499,1.604,1.835,1.893,1.916,1.981,,1.5
2016-03-21,1.49,1.63,1.71,1.512,1.518,1.509,1.518,,1.496,1.596,1.828,1.885,1.907,1.974,,1.5
2016-03-22,1.49,1.63,1.71,1.524,1.529,1.521,1.531,,1.512,1.613,1.847,1.905,1.923,1.99,,1.5
2016-03-23,1.49,1.63,1.71,1.526,1.529,1.521,1.531,,1.512,1.62,1.867,1.923,1.941,1.992,,1.5
2016-03-24,1.49,1.63,1.71,1.519,1.518,1.509,1.523,,1.5,1.608,1.848,1.905,1.924,1.981,,1.5
2016-03-25,1.49,1.63,1.71,1.517,1.515,1.501,1.518,,1.495,1.6,1.835,1.9,1.92,1.972,,1.5
2016-03-28,1.49,1.61,1.71,1.515,1.511,1.495,1.515,,1.479,1.589,1.834,1.905,1.932,1.962,,1.5
2016-03-29,1.49,1.61,1.71,1.494,1.484,1.468,1.49,,1.449,1.556,1.798,1.886,1.918,1.934,,1.5
2016-03-30,1.51,1.61,1.71,1.494,1.479,1.47,1.485,,1.45,1.553,1.781,1.874,1.911,1.934,,1.5
2016-03-31,1.53,1.61,1.71,1.496,1.48,1.47,1.485,,1.444,1.55,1.793,1.883,1.921,1.932,,1.5
2016-04-01,1.5,1.61,1.71,1.495,1.48,1.466,1.483,,1.448,1.55,1.796,1.883,1.919,1.932,,1.5
2016-04-04,1.46,1.61,1.71,1.486,1.471,1.454,1.473,,1.44,1.536,1.766,1.856,1.897,1.923,,1.5
2016-04-05,1.49,1.61,1.71,1.49,1.476,1.461,1.478,,1.453,1.547,1.787,1.877,1.914,1.93,,1.5
2016-04-06,1.48,1.61,1.71,1.498,1.479,1.465,1.478,,1.458,1.55,1.787,1.878,1.908,1.934,,1.5
2016-04-07,1.48,1.61,1.71,1.502,1.484,1.471,1.483,,1.468,1.564,1.801,1.888,1.918,1.943,,1.5
2016-04-08,1.48,1.61,1.71,1.501,1.483,1.468,1.481,,1.463,1.564,1.794,1.88,1.908,1.938,,1.5
2016-04-11,1.48,1.61,1.71,1.502,1.485,1.469,1.482,,1.466,1.566,1.794,1.878,1.907,1.938,,1.5
2016-04-12,1.48,1.61,1.71,1.502,1.486,1.469,1.483,,1.465,1.565,1.791,1.874,1.903,1.938,,1.5
2016-04-14,1.49,1.61,1.71,1.522,1.515,1.501,1.507,,1.502,1.607,1.844,1.919,1.948,1.972,,1.5
2016-04-15,1.48,1.61,1.71,1.518,1.513,1.499,1.506,,1.494,1.6,1.84,1.913,1.941,1.965,,1.5
2016-04-18,1.49,1.61,1.71,1.52,1.521,1.508,1.515,,1.507,1.606,1.845,1.918,1.943,1.975,,1.5
2016-04-19,1.48,1.61,1.7,1.517,1.518,1.501,1.515,,1.501,1.602,1.838,1.911,1.936,1.969,,1.5
2016-04-20,1.49,1.61,1.7,1.507,1.501,1.481,1.501,,1.474,1.568,1.804,1.878,1.9,1.941,,1.5
2016-04-21,1.48,1.61,1.7,1.514,1.512,1.493,1.51,,1.483,1.58,1.825,1.898,1.918,1.951,,1.5
2016-04-22,1.48,1.61,1.7,1.514,1.509,1.488,1.509,,1.472,1.576,1.828,1.901,1.923,1.944,,1.5
2016-04-25,1.49,1.61,1.7,1.504,1.496,1.472,1.499,,1.455,1.568,1.831,1.912,1.936,1.929,,1.5
2016-04-26,1.49,1.61,1.7,1.502,1.49,1.467,1.492,,1.452,1.564,1.816,1.903,1.929,1.924,,1.5
2016-04-27,1.48,1.61,1.7,1.502,1.488,1.469,1.492,,1.456,1.559,1.811,1.9,1.922,1.923,,1.5
2016-04-28,1.48,1.61,1.69,1.499,1.483,1.465,1.487,,1.45,1.552,1.801,1.893,1.915,1.914,,1.5
2016-04-29,1.5,1.61,1.69,1.5,1.482,1.466,1.486,,1.453,1.55,1.794,1.886,1.907,1.915,,1.5
2016-05-02,1.48,1.61,1.69,1.506,1.487,1.468,1.491,,1.465,1.563,1.807,1.899,1.924,1.925,,1.5
2016-05-03,1.48,1.61,1.69,1.495,1.475,1.449,1.475,,1.445,1.553,1.795,1.89,1.917,1.909,,1.5
2016-05-04,1.48,1.61,1.69,1.484,1.462,1.437,1.463,,1.434,1.534,1.773,1.871,1.9,1.895,,1.5
2016-05-09,1.48,1.61,1.69,1.472,1.447,1.42,1.446,,1.413,1.522,1.767,1.871,1.899,1.879,,1.5
2016-05-10,1.5,1.6,1.69,1.466,1.441,1.415,1.441,,1.412,1.521,1.768,1.877,1.907,1.877,,1.5
2016-05-11,1.54,1.6,1.68,1.461,1.441,1.42,1.442,,1.417,1.52,1.765,1.878,1.911,1.875,,1.5
2016-05-12,1.49,1.6,1.68,1.462,1.446,1.427,1.446,,1.422,1.522,1.764,1.874,1.904,1.878,,1.5
2016-05-13,1.49,1.6,1.68,1.471,1.457,1.445,1.457,,1.442,1.533,1.768,1.871,1.901,1.892,,1.5
2016-05-16,1.49,1.58,1.68,1.474,1.466,1.452,1.465,,1.443,1.539,1.774,1.872,1.899,1.894,,1.5
2016-05-17,1.49,1.58,1.68,1.484,1.479,1.465,1.477,,1.455,1.55,1.791,1.888,1.913,1.905,,1.5
2016-05-18,1.49,1.58,1.68,1.491,1.493,1.481,1.49,,1.472,1.569,1.801,1.896,1.919,1.92,,1.5
2016-05-19,1.49,1.56,1.68,1.502,1.507,1.5,1.508,,1.492,1.589,1.829,1.92,1.94,1.941,,1.5
2016-05-20,1.49,1.56,1.68,1.491,1.494,1.482,1.494,,1.471,1.566,1.803,1.902,1.926,1.925,,1.5
2016-05-23,1.49,1.56,1.68,1.491,1.496,1.482,1.494,,1.467,1.564,1.8,1.899,1.925,1.924,,1.5
2016-05-24,1.49,1.56,1.68,1.483,1.489,1.467,1.487,,1.444,1.539,1.767,1.872,1.897,1.904,,1.5
2016-05-25,1.49,1.56,1.68,1.494,1.499,1.479,1.498,,1.461,1.553,1.785,1.885,1.908,1.917,,1.5
2016-05-26,1.49,1.56,1.68,1.496,1.502,1.485,1.499,,1.468,1.557,1.79,1.886,1.909,1.92,,1.5
2016-05-27,1.48,1.56,1.68,1.496,1.502,1.484,1.498,,1.468,1.552,1.778,1.875,1.899,1.92,,1.5
2016-05-30,1.48,1.56,1.68,1.515,1.521,1.511,1.514,,1.503,1.589,1.813,1.901,1.926,1.951,,1.5
2016-05-31,1.48,1.56,1.67,1.513,1.519,1.509,1.511,,1.496,1.584,1.811,1.9,1.924,1.949,,1.5
2016-06-01,1.48,1.56,1.67,1.468,1.466,1.446,1.463,,1.438,1.525,1.757,1.853,1.878,1.89,,1.5
2016-06-02,1.49,1.56,1.67,1.47,1.469,1.444,1.467,,1.443,1.532,1.763,1.859,1.885,1.894,,1.5
2016-06-03,1.47,1.56,1.67,1.459,1.454,1.423,1.453,,1.423,1.513,1.738,1.84,1.866,1.876,,1.5
2016-06-07,1.49,1.56,1.67,1.443,1.436,1.409,1.436,,1.405,1.494,1.715,1.818,1.847,1.855,,1.5
2016-06-08,1.48,1.56,1.67,1.426,1.414,1.382,1.414,,1.378,1.469,1.697,1.801,1.824,1.833,,1.5
2016-06-09,1.24,1.39,1.55,1.348,1.353,1.35,1.352,,1.345,1.425,1.66,1.766,1.792,1.8,,1.25
2016-06-10,1.24,1.39,1.53,1.334,1.342,1.346,1.341,,1.322,1.419,1.652,1.76,1.789,1.79,,1.25
2016-06-13,1.24,1.39,1.52,1.324,1.331,1.332,1.331,,1.311,1.394,1.615,1.724,1.758,1.78,,1.25
2016-06-14,1.24,1.39,1.52,1.338,1.349,1.352,1.346,,1.337,1.416,1.635,1.73,1.763,1.803,,1.25
2016-06-15,1.24,1.39,1.52,1.337,1.351,1.351,1.349,,1.339,1.409,1.622,1.716,1.746,1.8,,1.25
2016-06-16,1.24,1.39,1.52,1.327,1.343,1.338,1.342,,1.318,1.383,1.579,1.667,1.695,1.779,,1.25
2016-06-17,1.24,1.39,1.52,1.34,1.358,1.352,1.356,,1.334,1.402,1.596,1.684,1.715,1.793,,1.25
2016-06-20,1.24,1.39,1.52,1.357,1.376,1.37,1.373,,1.359,1.431,1.641,1.733,1.756,1.817,,1.25
2016-06-21,1.24,1.39,1.52,1.35,1.368,1.358,1.368,,1.343,1.415,1.616,1.708,1.73,1.803,,1.25
2016-06-22,1.24,1.39,1.52,1.361,1.379,1.371,1.379,,1.355,1.426,1.638,1.729,1.751,1.815,,1.25
2016-06-23,1.24,1.39,1.52,1.357,1.369,1.355,1.371,,1.337,1.408,1.627,1.72,1.747,1.797,,1.25
2016-06-24,1.24,1.37,1.52,1.285,1.289,1.277,1.292,,1.249,1.304,1.5,1.603,1.628,1.7,,1.25
2016-06-27,1.24,1.37,1.52,1.275,1.276,1.262,1.279,,1.236,1.289,1.484,1.576,1.606,1.68,,1.25
2016-06-28,1.22,1.37,1.52,1.276,1.282,1.271,1.286,,1.248,1.301,1.486,1.566,1.6,1.688,,1.25
2016-06-29,1.22,1.37,1.52,1.27,1.277,1.263,1.283,,1.238,1.284,1.459,1.536,1.565,1.677,,1.25
2016-06-30,1.23,1.37,1.52,1.276,1.284,1.271,1.291,,1.247,1.297,1.469,1.554,1.577,1.689,,1.25
2016-07-01,1.2,1.37,1.52,1.252,1.26,1.236,1.272,,1.21,1.255,1.409,1.493,1.526,1.653,,1.25
2016-07-04,1.2,1.37,1.52,1.258,1.267,1.24,1.275,,1.224,1.266,1.415,1.498,1.526,1.662,,1.25
2016-07-05,1.23,1.37,1.52,1.252,1.261,1.237,1.268,,1.217,1.267,1.421,1.512,1.535,1.657,,1.25
2016-07-06,1.23,1.37,1.52,1.241,1.245,1.226,1.247,,1.203,1.245,1.383,1.472,1.499,1.643,,1.25
2016-07-07,1.23,1.36,1.52,1.242,1.247,1.228,1.249,,1.208,1.244,1.38,1.469,1.496,1.645,,1.25
2016-07-08,1.23,1.36,1.52,1.246,1.251,1.236,1.253,,1.216,1.248,1.388,1.472,1.499,1.648,,1.25
2016-07-11,1.23,1.36,1.52,1.245,1.25,1.234,1.252,,1.213,1.236,1.38,1.47,1.495,1.644,,1.25
2016-07-12,1.23,1.36,1.52,1.247,1.255,1.237,1.258,,1.217,1.239,1.388,1.477,1.501,1.649,,1.25
2016-07-13,1.23,1.36,1.52,1.248,1.256,1.233,1.257,,1.211,1.237,1.393,1.481,1.506,1.646,,1.25
2016-07-14,1.23,1.36,1.52,1.247,1.253,1.229,1.254,,1.205,1.224,1.374,1.457,1.477,1.64,,1.25
2016-07-15,1.23,1.36,1.52,1.255,1.26,1.239,1.261,,1.221,1.241,1.392,1.469,1.493,1.652,,1.25
2016-07-18,1.23,1.36,1.52,1.259,1.267,1.247,1.266,,1.229,1.253,1.415,1.487,1.513,1.661,,1.25
2016-07-19,1.23,1.36,1.52,1.257,1.264,1.244,1.263,,1.227,1.254,1.426,1.494,1.521,1.657,,1.25
2016-07-20,1.23,1.36,1.52,1.255,1.262,1.244,1.262,,1.221,1.247,1.418,1.493,1.517,1.654,,1.25
2016-07-21,1.23,1.36,1.52,1.26,1.27,1.254,1.268,,1.233,1.264,1.439,1.516,1.542,1.665,,1.25
2016-07-22,1.23,1.36,1.52,1.256,1.265,1.248,1.261,,1.227,1.252,1.418,1.497,1.524,1.655,,1.25
2016-07-25,1.23,1.36,1.52,1.255,1.267,1.248,1.262,,1.225,1.257,1.425,1.505,1.533,1.655,,1.25
2016-07-26,1.23,1.36,1.52,1.252,1.261,1.245,1.259,,1.22,1.248,1.411,1.49,1.514,1.65,,1.25
2016-07-27,1.21,1.36,1.52,1.251,1.263,1.249,1.26,,1.222,1.246,1.403,1.483,1.507,1.649,,1.25
2016-07-28,1.22,1.36,1.52,1.242,1.252,1.238,1.251,,1.203,1.217,1.357,1.433,1.456,1.63,,1.25
2016-07-29,1.24,1.36,1.52,1.244,1.253,1.244,1.253,,1.216,1.235,1.386,1.46,1.485,1.642,,1.25
2016-08-01,1.23,1.36,1.52,1.241,1.25,1.24,1.249,,1.212,1.223,1.363,1.439,1.464,1.637,,1.25
2016-08-02,1.23,1.36,1.52,1.241,1.248,1.236,1.246,,1.212,1.23,1.378,1.452,1.48,1.638,,1.25
2016-08-03,1.23,1.36,1.52,1.248,1.257,1.256,1.256,,1.247,1.275,1.425,1.496,1.52,1.658,,1.25
2016-08-04,1.23,1.36,1.52,1.245,1.251,1.244,1.252,,1.238,1.266,1.413,1.482,1.505,1.651,,1.25
2016-08-05,1.23,1.36,1.52,1.242,1.245,1.231,1.247,,1.225,1.246,1.388,1.459,1.478,1.64,,1.25
2016-08-08,1.23,1.36,1.52,1.253,1.263,1.252,1.262,,1.246,1.273,1.429,1.5,1.514,1.658,,1.25
2016-08-09,1.23,1.36,1.51,1.252,1.262,1.251,1.261,,1.247,1.272,1.427,1.498,1.514,1.656,,1.25
2016-08-10,1.23,1.36,1.51,1.239,1.245,1.227,1.247,,1.215,1.24,1.391,1.463,1.479,1.628,,1.25
2016-08-11,1.23,1.35,1.51,1.243,1.253,1.232,1.253,,1.222,1.248,1.396,1.463,1.478,1.632,,1.25
2016-08-12,1.23,1.35,1.51,1.245,1.257,1.238,1.258,,1.23,1.255,1.41,1.468,1.483,1.638,,1.25
2016-08-16,1.23,1.35,1.51,1.241,1.253,1.232,1.254,,1.219,1.243,1.395,1.45,1.464,1.628,,1.25
2016-08-17,1.23,1.35,1.51,1.255,1.262,1.248,1.263,,1.233,1.265,1.434,1.509,1.521,1.641,,1.25
2016-08-18,1.23,1.34,1.51,1.252,1.259,1.242,1.261,,1.228,1.25,1.415,1.496,1.508,1.633,,1.25
2016-08-19,1.23,1.34,1.51,1.255,1.264,1.244,1.266,,1.231,1.256,1.422,1.501,1.513,1.635,,1.25
2016-08-22,1.23,1.34,1.51,1.258,1.271,1.248,1.268,,1.232,1.258,1.435,1.518,1.53,1.638,,1.25
2016-08-23,1.23,1.34,1.51,1.256,1.27,1.244,1.267,,1.228,1.251,1.422,1.509,1.522,1.632,,1.25
2016-08-24,1.24,1.34,1.51,1.26,1.272,1.248,1.269,,1.229,1.255,1.418,1.504,1.514,1.632,,1.25
2016-08-25,1.24,1.34,1.51,1.266,1.275,1.254,1.272,,1.236,1.263,1.422,1.505,1.514,1.637,,1.25
2016-08-26,1.24,1.34,1.51,1.27,1.278,1.26,1.273,,1.241,1.27,1.423,1.49,1.495,1.64,,1.25
2016-08-29,1.24,1.34,1.51,1.287,1.296,1.281,1.294,,1.272,1.301,1.445,1.511,1.514,1.668,,1.25
2016-08-30,1.24,1.34,1.51,1.29,1.301,1.288,1.301,,1.283,1.31,1.449,1.518,1.523,1.671,,1.25
2016-08-31,1.25,1.34,1.51,1.303,1.32,1.314,1.319,,1.308,1.354,1.478,1.535,1.533,1.694,,1.25
2016-09-01,1.24,1.34,1.51,1.312,1.331,1.332,1.328,,1.333,1.38,1.524,1.586,1.588,1.713,,1.25
2016-09-02,1.23,1.34,1.51,1.307,1.329,1.328,1.324,,1.326,1.38,1.53,1.581,1.584,1.708,,1.25
2016-09-05,1.22,1.34,1.51,1.296,1.317,1.314,1.313,,1.307,1.355,1.511,1.56,1.564,1.693,,1.25
2016-09-06,1.24,1.34,1.51,1.293,1.313,1.313,1.31,,1.3,1.345,1.506,1.56,1.56,1.687,,1.25
2016-09-07,1.23,1.34,1.51,1.277,1.297,1.291,1.292,,1.278,1.31,1.459,1.517,1.522,1.666,,1.25
2016-09-08,1.25,1.34,1.51,1.282,1.303,1.301,1.298,,1.288,1.327,1.469,1.521,1.52,1.675,,1.25
2016-09-09,1.25,1.34,1.51,1.304,1.327,1.336,1.324,,1.328,1.376,1.512,1.554,1.55,1.706,,1.25
2016-09-12,1.24,1.34,1.51,1.321,1.347,1.36,1.344,,1.356,1.401,1.567,1.583,1.588,1.735,,1.25
2016-09-13,1.24,1.34,1.5,1.32,1.346,1.356,1.339,,1.35,1.405,1.572,1.57,1.575,1.733,,1.25
2016-09-19,1.24,1.34,1.5,1.321,1.346,1.357,1.34,,1.345,1.404,1.582,1.605,1.607,1.734,,1.25
2016-09-20,1.24,1.34,1.5,1.317,1.342,1.352,1.336,,1.336,1.392,1.575,1.596,1.608,1.728,,1.25
2016-09-21,1.24,1.34,1.5,1.316,1.342,1.348,1.333,,1.327,1.386,1.592,1.613,1.63,1.722,,1.25
2016-09-22,1.24,1.34,1.5,1.298,1.323,1.32,1.317,,1.296,1.326,1.519,1.54,1.55,1.696,,1.25
2016-09-23,1.24,1.34,1.5,1.296,1.323,1.321,1.318,,1.303,1.326,1.5,1.522,1.528,1.7,,1.25
2016-09-26,1.24,1.34,1.5,1.298,1.328,1.334,1.321,,1.308,1.34,1.495,1.517,1.523,1.706,,1.25
2016-09-27,1.24,1.34,1.5,1.301,1.333,1.338,1.325,,1.305,1.342,1.494,1.504,1.51,1.706,,1.25
2016-09-28,1.25,1.34,1.5,1.3,1.333,1.336,1.326,,1.304,1.335,1.468,1.491,1.506,1.704,,1.25
2016-09-29,1.25,1.34,1.5,1.302,1.336,1.333,1.327,,1.297,1.32,1.456,1.494,1.499,1.701,,1.25
2016-09-30,1.26,1.34,1.5,1.284,1.313,1.29,1.305,,1.247,1.254,1.398,1.433,1.441,1.669,,1.25
2016-10-04,1.25,1.34,1.5,1.297,1.321,1.315,1.315,,1.276,1.284,1.455,1.501,1.505,1.694,,1.25
2016-10-05,1.24,1.34,1.5,1.31,1.336,1.343,1.331,,1.316,1.329,1.51,1.557,1.568,1.727,,1.25
2016-10-06,1.24,1.34,1.5,1.316,1.339,1.341,1.333,,1.321,1.341,1.536,1.584,1.595,1.732,,1.25
2016-10-07,1.23,1.34,1.5,1.318,1.344,1.337,1.336,,1.326,1.343,1.531,1.573,1.576,1.737,,1.25
2016-10-10,1.23,1.34,1.5,1.327,1.353,1.341,1.344,,1.335,1.378,1.546,1.579,1.582,1.75,,1.25
2016-10-11,1.24,1.34,1.5,1.342,1.375,1.367,1.366,,1.373,1.437,1.616,1.647,1.656,1.783,,1.25
2016-10-12,1.24,1.34,1.5,1.338,1.368,1.352,1.359,,1.353,1.416,1.595,1.625,1.641,1.774,,1.25
2016-10-13,1.23,1.34,1.5,1.326,1.352,1.335,1.346,,1.323,1.37,1.543,1.578,1.587,1.749,,1.25
2016-10-14,1.24,1.34,1.5,1.328,1.354,1.335,1.347,,1.319,1.364,1.55,1.59,1.599,1.75,,1.25
2016-10-17,1.24,1.34,1.5,1.343,1.371,1.368,1.363,,1.35,1.419,1.615,1.658,1.667,1.78,,1.25
2016-10-18,1.23,1.34,1.5,1.344,1.37,1.368,1.361,,1.353,1.428,1.616,1.66,1.668,1.78,,1.25
2016-10-19,1.23,1.34,1.5,1.347,1.373,1.367,1.365,,1.352,1.422,1.612,1.657,1.664,1.78,,1.25
2016-10-20,1.23,1.34,1.5,1.349,1.377,1.372,1.368,,1.354,1.423,1.613,1.66,1.668,1.781,,1.25
2016-10-21,1.24,1.36,1.5,1.359,1.394,1.396,1.382,,1.381,1.443,1.626,1.671,1.676,1.804,,1.25
2016-10-24,1.24,1.37,1.5,1.363,1.403,1.402,1.393,,1.385,1.437,1.612,1.672,1.675,1.808,,1.25
2016-10-25,1.23,1.38,1.5,1.375,1.42,1.418,1.408,,1.398,1.46,1.64,1.692,1.693,1.824,,1.25
2016-10-26,1.23,1.39,1.5,1.378,1.431,1.426,1.414,,1.405,1.454,1.633,1.688,1.69,1.829,,1.25
2016-10-27,1.23,1.39,1.5,1.378,1.431,1.437,1.41,,1.418,1.479,1.669,1.716,1.723,1.835,,1.25
2016-10-28,1.18,1.39,1.5,1.384,1.439,1.456,1.423,,1.438,1.521,1.718,1.768,1.777,1.856,,1.25
2016-10-31,1.24,1.39,1.51,1.374,1.428,1.448,1.419,,1.438,1.501,1.688,1.751,1.769,1.852,,1.25
2016-11-01,1.22,1.39,1.51,1.377,1.437,1.46,1.428,,1.451,1.527,1.73,1.815,1.834,1.868,,1.25
2016-11-02,1.22,1.39,1.51,1.368,1.425,1.445,1.417,,1.436,1.503,1.694,1.784,1.807,1.854,,1.25
2016-11-03,1.22,1.39,1.51,1.367,1.426,1.443,1.419,,1.428,1.49,1.679,1.77,1.793,1.85,,1.25
2016-11-04,1.24,1.39,1.51,1.368,1.429,1.442,1.422,,1.431,1.507,1.694,1.788,1.812,1.852,,1.25
2016-11-07,1.24,1.39,1.51,1.368,1.426,1.43,1.421,,1.426,1.525,1.707,1.807,1.833,1.848,,1.25
2016-11-08,1.24,1.39,1.51,1.364,1.424,1.427,1.419,,1.425,1.514,1.702,1.798,1.821,1.844,,1.25
2016-11-09,1.24,1.39,1.51,1.352,1.408,1.411,1.398,,1.402,1.493,1.671,1.768,1.789,1.823,,1.25
2016-11-10,1.23,1.39,1.51,1.363,1.435,1.456,1.426,,1.465,1.587,1.819,1.928,1.95,1.884,,1.25
2016-11-11,1.23,1.39,1.51,1.376,1.463,1.49,1.452,,1.508,1.67,1.938,2.027,2.046,1.924,,1.25
2016-11-14,1.24,1.39,1.51,1.403,1.504,1.577,1.501,,1.61,1.798,2.061,2.134,2.145,2.013,,1.25
2016-11-15,1.24,1.39,1.51,1.396,1.498,1.587,1.498,,1.635,1.787,2.043,2.121,2.147,2.025,,1.25
2016-11-16,1.24,1.39,1.51,1.415,1.518,1.64,1.52,,1.689,1.827,2.084,2.14,2.156,2.074,,1.25
2016-11-17,1.24,1.4,1.52,1.431,1.537,1.696,1.536,,1.713,1.857,2.086,2.166,2.17,2.097,,1.25
2016-11-18,1.23,1.4,1.53,1.45,1.564,1.713,1.563,,1.736,1.868,2.132,2.201,2.211,2.132,,1.25
2016-11-21,1.19,1.41,1.54,1.452,1.573,1.715,1.567,,1.725,1.87,2.12,2.215,2.24,2.132,,1.25
2016-11-22,1.23,1.42,1.55,1.452,1.576,1.732,1.57,,1.735,1.878,2.124,2.211,2.231,2.141,,1.25
2016-11-23,1.23,1.43,1.55,1.468,1.593,1.764,1.588,,1.775,1.909,2.139,2.2,2.22,2.172,,1.25
2016-11-24,1.23,1.46,1.55,1.498,1.642,1.818,1.634,,1.811,1.96,2.182,2.245,2.26,2.215,,1.25
2016-11-25,1.22,1.48,1.55,1.505,1.657,1.818,1.641,,1.811,1.954,2.184,2.239,2.247,2.219,,1.25
2016-11-28,1.19,1.49,1.55,1.493,1.629,1.772,1.618,,1.764,1.93,2.153,2.191,2.205,2.18,,1.25
2016-11-29,1.2,1.52,1.55,1.487,1.61,1.728,1.601,,1.709,1.903,2.141,2.174,2.183,2.152,,1.25
2016-11-30,1.23,1.52,1.55,1.479,1.602,1.711,1.596,,1.71,1.897,2.144,2.152,2.148,2.152,,1.25
2016-12-01,1.21,1.53,1.55,1.481,1.605,1.71,1.596,,1.726,1.927,2.202,2.212,2.214,2.175,,1.25
2016-12-02,1.16,1.54,1.55,1.476,1.607,1.723,1.601,,1.745,1.973,2.258,2.27,2.269,2.194,,1.25
2016-12-05,1.2,1.54,1.58,1.453,1.591,1.701,1.588,,1.727,1.931,2.19,2.197,2.191,2.177,,1.25
2016-12-06,1.23,1.54,1.6,1.455,1.596,1.713,1.591,,1.737,1.934,2.203,2.208,2.19,2.189,,1.25
2016-12-07,1.23,1.54,1.62,1.452,1.591,1.711,1.59,,1.736,1.93,2.199,2.203,2.192,2.188,,1.25
2016-12-08,1.23,1.54,1.63,1.444,1.577,1.678,1.579,,1.714,1.89,2.163,2.167,2.159,2.167,,1.25
2016-12-09,1.23,1.54,1.64,1.447,1.587,1.688,1.586,,1.735,1.93,2.207,2.206,2.195,2.187,,1.25
2016-12-12,1.23,1.54,1.65,1.444,1.582,1.693,1.583,,1.734,1.965,2.27,2.273,2.254,2.197,,1.25
2016-12-13,1.22,1.54,1.66,1.423,1.552,1.655,1.557,,1.676,1.904,2.202,2.223,2.217,2.153,,1.25
2016-12-14,1.22,1.54,1.66,1.409,1.535,1.619,1.54,,1.644,1.838,2.131,2.16,2.158,2.125,,1.25
2016-12-15,1.22,1.54,1.66,1.414,1.558,1.661,1.569,,1.697,1.888,2.196,2.208,2.198,2.169,,1.25
2016-12-16,1.2,1.54,1.66,1.41,1.556,1.653,1.566,,1.688,1.867,2.167,2.187,2.177,2.159,,1.25
2016-12-19,1.23,1.54,1.67,1.408,1.557,1.657,1.568,,1.694,1.865,2.168,2.208,2.201,2.164,,1.25
2016-12-20,1.2,1.54,1.68,1.403,1.56,1.674,1.568,,1.714,1.877,2.163,2.202,2.203,2.172,,1.25
2016-12-21,1.22,1.54,1.68,1.401,1.555,1.675,1.563,,1.687,1.832,2.11,2.13,2.136,2.156,,1.25
2016-12-22,1.23,1.54,1.68,1.396,1.559,1.662,1.563,,1.657,1.804,2.102,2.138,2.143,2.14,,1.25
2016-12-23,1.24,1.54,1.69,1.401,1.574,1.67,1.578,,1.665,1.812,2.114,2.166,2.171,2.149,,1.25
2016-12-26,1.24,1.54,1.7,1.406,1.583,1.672,1.586,,1.669,1.822,2.114,2.164,2.176,2.155,,1.25
2016-12-27,1.24,1.54,1.7,1.402,1.584,1.666,1.588,,1.654,1.824,2.117,2.171,2.19,2.147,,1.25
2016-12-28,1.23,1.53,1.7,1.392,1.572,1.647,1.574,,1.643,1.803,2.084,2.137,2.165,2.135,,1.25
2016-12-29,1.24,1.52,1.7,1.386,1.564,1.635,1.566,,1.638,1.799,2.074,2.128,2.159,2.128,,1.25
2016-12-30,1.27,1.52,1.71,1.386,1.564,1.635,1.566,,1.638,1.799,2.074,2.128,2.159,2.128,,1.25
2017-01-02,1.26,1.52,1.71,1.378,1.555,1.628,1.558,,1.638,1.79,2.055,2.14,2.169,2.12,,1.25
2017-01-03,1.24,1.52,1.71,1.366,1.537,1.61,1.536,,1.617,1.782,2.061,2.151,2.179,2.097,,1.25
2017-01-04,1.24,1.51,1.7,1.34,1.516,1.595,1.514,,1.63,1.807,2.096,2.17,2.189,2.095,,1.25
2017-01-05,1.24,1.51,1.69,1.323,1.491,1.571,1.493,,1.607,1.779,2.064,2.135,2.16,2.072,,1.25
2017-01-06,1.24,1.49,1.68,1.34,1.5,1.583,1.502,,1.626,1.79,2.077,2.152,2.17,2.086,,1.25
2017-01-09,1.24,1.49,1.68,1.349,1.511,1.612,1.51,,1.663,1.849,2.132,2.182,2.202,2.115,,1.25
2017-01-10,1.25,1.49,1.68,1.333,1.501,1.594,1.5,,1.647,1.828,2.104,2.142,2.159,2.098,,1.25
2017-01-11,1.24,1.49,1.67,1.333,1.504,1.597,1.503,,1.653,1.838,2.126,2.168,2.183,2.105,,1.25
2017-01-12,1.23,1.49,1.67,1.303,1.482,1.568,1.48,,1.624,1.791,2.066,2.118,2.127,2.075,,1.25
2017-01-13,1.24,1.49,1.67,1.314,1.493,1.578,1.49,,1.635,1.81,2.096,2.134,2.141,2.089,,1.25
2017-01-16,1.24,1.49,1.66,1.323,1.495,1.58,1.49,,1.633,1.814,2.119,2.153,2.162,2.092,,1.25
2017-01-17,1.23,1.49,1.66,1.32,1.487,1.576,1.48,,1.628,1.808,2.102,2.152,2.154,2.083,,1.25
2017-01-18,1.23,1.49,1.66,1.329,1.489,1.598,1.481,,1.649,1.827,2.123,2.184,2.188,2.102,,1.25
2017-01-19,1.24,1.49,1.66,1.333,1.5,1.617,1.489,,1.677,1.876,2.169,2.225,2.227,2.135,,1.25
2017-01-20,1.24,1.49,1.66,1.326,1.488,1.597,1.479,,1.655,1.845,2.129,2.207,2.208,2.117,,1.25
2017-01-23,1.24,1.49,1.65,1.326,1.48,1.589,1.474,,1.64,1.827,2.125,2.18,2.184,2.104,,1.25
2017-01-24,1.25,1.49,1.65,1.328,1.476,1.582,1.47,,1.628,1.801,2.102,2.149,2.145,2.093,,1.25
2017-01-25,1.25,1.49,1.65,1.339,1.488,1.603,1.483,,1.647,1.823,2.133,2.179,2.18,2.111,,1.25
2017-01-26,1.26,1.49,1.65,1.351,1.504,1.639,1.501,,1.687,1.876,2.193,2.235,2.236,2.151,,1.25
2017-01-31,1.25,1.49,1.65,1.344,1.494,1.627,1.494,,1.675,1.85,2.155,2.208,2.215,2.14,,1.25
2017-02-01,1.23,1.49,1.65,1.342,1.492,1.635,1.492,,1.685,1.867,2.173,2.219,2.234,2.151,,1.25
2017-02-02,1.23,1.49,1.65,1.331,1.479,1.625,1.479,,1.674,1.86,2.155,2.201,2.22,2.139,,1.25
2017-02-03,1.23,1.49,1.65,1.331,1.476,1.623,1.478,,1.685,1.883,2.184,2.234,2.254,2.149,,1.25
2017-02-06,1.22,1.49,1.65,1.319,1.466,1.604,1.469,,1.662,1.857,2.156,2.216,2.229,2.126,,1.25
2017-02-07,1.21,1.49,1.65,1.31,1.452,1.581,1.452,,1.641,1.826,2.134,2.186,2.196,2.105,,1.25
2017-02-08,1.22,1.49,1.65,1.306,1.456,1.582,1.455,,1.652,1.834,2.13,2.18,2.191,2.112,,1.25
2017-02-09,1.23,1.49,1.65,1.304,1.457,1.579,1.458,,1.648,1.823,2.122,2.175,2.184,2.109,,1.25
2017-02-10,1.23,1.49,1.65,1.313,1.462,1.591,1.465,,1.668,1.856,2.151,2.189,2.195,2.127,,1.25
2017-02-13,1.23,1.49,1.65,1.314,1.462,1.593,1.463,,1.663,1.85,2.15,2.186,2.19,2.123,,1.25
2017-02-14,1.23,1.49,1.64,1.311,1.458,1.585,1.459,,1.653,1.841,2.135,2.174,2.184,2.113,,1.25
2017-02-15,1.23,1.49,1.64,1.32,1.464,1.603,1.462,,1.661,1.858,2.153,2.189,2.195,2.126,,1.25
2017-02-16,1.22,1.49,1.64,1.318,1.459,1.598,1.459,,1.656,1.85,2.144,2.185,2.19,2.121,,1.25
2017-02-17,1.23,1.49,1.64,1.317,1.458,1.595,1.457,,1.655,1.847,2.135,2.183,2.186,2.121,,1.25
2017-02-20,1.23,1.49,1.64,1.325,1.466,1.609,1.465,,1.67,1.88,2.184,2.22,2.224,2.135,,1.25
2017-02-21,1.23,1.49,1.64,1.325,1.465,1.608,1.465,,1.671,1.886,2.202,2.26,2.261,2.137,,1.25
2017-02-22,1.24,1.49,1.64,1.332,1.474,1.628,1.472,,1.69,1.925,2.246,2.3,2.295,2.155,,1.25
2017-02-23,1.24,1.49,1.64,1.329,1.467,1.613,1.468,,1.676,1.892,2.206,2.265,2.26,2.141,,1.25
2017-02-24,1.24,1.49,1.64,1.326,1.465,1.611,1.463,,1.666,1.863,2.175,2.236,2.233,2.133,,1.25
2017-02-27,1.24,1.49,1.64,1.325,1.462,1.61,1.463,,1.663,1.858,2.172,2.243,2.242,2.129,,1.25
2017-02-28,1.26,1.49,1.64,1.326,1.462,1.613,1.462,,1.67,1.858,2.162,2.23,2.229,2.138,,1.25
2017-03-02,1.24,1.49,1.64,1.339,1.48,1.645,1.48,,1.713,1.913,2.224,2.288,2.286,2.18,,1.25
2017-03-03,1.23,1.49,1.64,1.339,1.481,1.643,1.48,,1.713,1.912,2.231,2.288,2.284,2.182,,1.25
2017-03-06,1.2,1.49,1.64,1.351,1.494,1.665,1.493,,1.746,1.949,2.264,2.325,2.319,2.217,,1.25
2017-03-07,1.18,1.49,1.64,1.364,1.516,1.692,1.513,,1.784,1.993,2.31,2.394,2.39,2.257,,1.25
2017-03-08,1.23,1.49,1.64,1.363,1.514,1.688,1.512,,1.784,1.989,2.302,2.371,2.371,2.256,,1.25
2017-03-09,1.24,1.49,1.64,1.364,1.516,1.686,1.516,,1.789,2.003,2.318,2.377,2.374,2.265,,1.25
2017-03-10,1.24,1.49,1.64,1.36,1.51,1.675,1.508,,1.78,1.995,2.318,2.371,2.376,2.258,,1.25
2017-03-13,1.23,1.49,1.64,1.352,1.503,1.659,1.499,,1.765,1.992,2.301,2.348,2.356,2.248,,1.25
2017-03-14,1.23,1.49,1.64,1.35,1.496,1.65,1.492,,1.758,1.99,2.29,2.34,2.345,2.244,,1.25
2017-03-15,1.23,1.49,1.64,1.35,1.497,1.656,1.494,,1.759,1.978,2.272,2.315,2.316,2.247,,1.25
2017-03-16,1.22,1.48,1.64,1.332,1.479,1.621,1.477,,1.695,1.881,2.176,2.223,2.232,2.196,,1.25
2017-03-17,1.2,1.48,1.64,1.33,1.478,1.617,1.476,,1.675,1.868,2.179,2.23,2.238,2.187,,1.25
2017-03-20,1.22,1.48,1.63,1.331,1.48,1.613,1.477,,1.67,1.862,2.185,2.246,2.247,2.188,,1.25
2017-03-21,1.22,1.48,1.63,1.33,1.48,1.612,1.475,,1.67,1.863,2.186,2.252,2.253,2.187,,1.25
2017-03-22,1.22,1.48,1.63,1.331,1.48,1.612,1.472,,1.663,1.85,2.153,2.246,2.248,2.179,,1.25
2017-03-23,1.23,1.47,1.63,1.332,1.483,1.615,1.476,,1.666,1.85,2.151,2.236,2.236,2.184,,1.25
2017-03-24,1.22,1.47,1.63,1.337,1.49,1.625,1.482,,1.678,1.873,2.175,2.274,2.277,2.199,,1.25
2017-03-27,1.23,1.47,1.63,1.325,1.476,1.603,1.468,,1.65,1.843,2.15,2.288,2.314,2.174,,1.25
2017-03-28,1.22,1.47,1.63,1.328,1.481,1.609,1.472,,1.657,1.849,2.161,2.288,2.318,2.18,,1.25
2017-03-29,1.24,1.45,1.63,1.323,1.477,1.603,1.47,,1.653,1.843,2.159,2.285,2.32,2.179,,1.25
2017-03-30,1.25,1.45,1.63,1.323,1.476,1.601,1.47,,1.665,1.86,2.184,2.332,2.364,2.186,,1.25
2017-03-31,1.27,1.45,1.63,1.323,1.473,1.6,1.467,,1.662,1.847,2.177,2.327,2.365,2.183,,1.25
2017-04-03,1.25,1.45,1.63,1.318,1.47,1.595,1.462,,1.668,1.833,2.177,2.308,2.346,2.184,,1.25
2017-04-04,1.23,1.45,1.63,1.305,1.456,1.582,1.453,,1.646,1.808,2.139,2.26,2.298,2.161,,1.25
2017-04-05,1.23,1.45,1.63,1.305,1.458,1.585,1.455,,1.654,1.824,2.141,2.254,2.299,2.169,,1.25
2017-04-06,1.23,1.45,1.63,1.313,1.466,1.607,1.466,,1.679,1.86,2.182,2.29,2.329,2.192,,1.25
2017-04-07,1.23,1.45,1.63,1.317,1.468,1.611,1.469,,1.681,1.871,2.193,2.284,2.32,2.198,,1.25
2017-04-10,1.23,1.45,1.63,1.325,1.485,1.64,1.486,,1.722,1.926,2.253,2.351,2.378,2.234,,1.25
2017-04-11,1.23,1.45,1.63,1.312,1.47,1.611,1.468,,1.693,1.887,2.204,2.328,2.353,2.205,,1.25
2017-04-12,1.23,1.43,1.63,1.309,1.466,1.602,1.462,,1.686,1.885,2.205,2.317,2.343,2.199,,1.25
2017-04-13,1.23,1.43,1.63,1.303,1.461,1.594,1.457,,1.674,1.855,2.172,2.291,2.31,2.187,,1.25
2017-04-14,1.23,1.42,1.63,1.308,1.464,1.598,1.458,,1.677,1.859,2.185,2.296,2.315,2.19,,1.25
2017-04-17,1.23,1.42,1.63,1.309,1.467,1.6,1.46,,1.673,1.85,2.173,2.285,2.302,2.187,,1.25
2017-04-18,1.23,1.42,1.63,1.31,1.471,1.605,1.463,,1.676,1.85,2.174,2.289,2.31,2.191,,1.25
2017-04-19,1.23,1.42,1.63,1.307,1.469,1.603,1.46,,1.67,1.833,2.144,2.263,2.285,2.185,,1.25
2017-04-20,1.24,1.42,1.63,1.31,1.475,1.611,1.465,,1.674,1.841,2.144,2.28,2.315,2.191,,1.25
2017-04-21,1.24,1.42,1.63,1.315,1.483,1.622,1.475,,1.684,1.853,2.165,2.291,2.328,2.202,,1.25
2017-04-24,1.24,1.42,1.63,1.32,1.492,1.638,1.486,,1.701,1.882,2.205,2.338,2.37,2.22,,1.25
2017-04-25,1.23,1.42,1.63,1.313,1.482,1.623,1.477,,1.677,1.864,2.194,2.327,2.36,2.203,,1.25
2017-04-26,1.22,1.41,1.63,1.313,1.482,1.621,1.478,,1.682,1.871,2.207,2.335,2.365,2.207,,1.25
2017-04-27,1.17,1.41,1.63,1.308,1.474,1.607,1.472,,1.673,1.861,2.196,2.326,2.366,2.199,,1.25
2017-04-28,1.21,1.41,1.63,1.305,1.471,1.605,1.47,,1.675,1.865,2.196,2.325,2.366,2.2,,1.25
2017-05-02,1.22,1.41,1.63,1.305,1.469,1.616,1.469,,1.69,1.894,2.236,2.363,2.407,2.216,,1.25
2017-05-04,1.22,1.41,1.63,1.3,1.463,1.61,1.463,,1.681,1.884,2.211,2.341,2.387,2.206,,1.25
2017-05-08,1.23,1.41,1.63,1.301,1.466,1.629,1.466,,1.707,1.912,2.242,2.364,2.406,2.231,,1.25
2017-05-10,1.23,1.41,1.63,1.304,1.474,1.65,1.476,,1.733,1.952,2.299,2.424,2.459,2.256,,1.25
2017-05-11,1.23,1.4,1.63,1.3,1.472,1.633,1.471,,1.727,1.953,2.306,2.42,2.455,2.252,,1.25
2017-05-12,1.23,1.4,1.63,1.292,1.462,1.612,1.462,,1.71,1.935,2.289,2.411,2.447,2.237,,1.25
2017-05-15,1.23,1.4,1.63,1.29,1.462,1.615,1.461,,1.71,1.939,2.301,2.429,2.465,2.237,,1.25
2017-05-16,1.23,1.4,1.63,1.284,1.462,1.626,1.463,,1.717,1.942,2.301,2.428,2.461,2.24,,1.25
2017-05-17,1.23,1.39,1.63,1.276,1.452,1.601,1.455,,1.684,1.901,2.249,2.383,2.412,2.207,,1.25
2017-05-18,1.23,1.39,1.63,1.275,1.452,1.601,1.455,,1.683,1.9,2.248,2.38,2.41,2.207,,1.25
2017-05-19,1.23,1.39,1.63,1.269,1.45,1.595,1.453,,1.671,1.875,2.238,2.369,2.401,2.195,,1.25
2017-05-22,1.23,1.39,1.63,1.272,1.456,1.611,1.461,,1.685,1.901,2.272,2.411,2.444,2.211,,1.25
2017-05-23,1.23,1.38,1.63,1.27,1.454,1.609,1.461,,1.676,1.89,2.249,2.397,2.43,2.202,,1.25
2017-05-24,1.23,1.38,1.63,1.274,1.462,1.62,1.469,,1.691,1.912,2.269,2.41,2.446,2.216,,1.25
2017-05-25,1.22,1.38,1.62,1.273,1.463,1.61,1.468,,1.681,1.898,2.246,2.382,2.416,2.207,,1.25
2017-05-26,1.23,1.38,1.61,1.273,1.463,1.61,1.468,,1.677,1.889,2.237,2.366,2.401,2.204,,1.25
2017-05-29,1.23,1.38,1.61,1.273,1.464,1.605,1.467,,1.672,1.89,2.245,2.375,2.405,2.202,,1.25
2017-05-30,1.24,1.38,1.6,1.272,1.459,1.597,1.462,,1.658,1.869,2.223,2.354,2.375,2.189,,1.25
2017-05-31,1.26,1.38,1.6,1.274,1.46,1.602,1.465,,1.661,1.876,2.23,2.36,2.381,2.193,,1.25
2017-06-01,1.25,1.38,1.6,1.271,1.455,1.588,1.46,,1.645,1.86,2.212,2.34,2.368,2.179,,1.25
2017-06-02,1.22,1.38,1.6,1.271,1.453,1.579,1.457,,1.63,1.851,2.209,2.343,2.373,2.166,,1.25
2017-06-05,1.24,1.38,1.6,1.271,1.449,1.573,1.454,,1.623,1.831,2.177,2.321,2.348,2.158,,1.25
2017-06-07,1.23,1.38,1.6,1.27,1.45,1.576,1.452,,1.621,1.829,2.16,2.291,2.317,2.157,,1.25
2017-06-08,1.24,1.38,1.6,1.273,1.452,1.589,1.452,,1.637,1.849,2.173,2.293,2.312,2.173,,1.25
2017-06-09,1.23,1.38,1.6,1.273,1.45,1.588,1.45,,1.632,1.85,2.173,2.288,2.308,2.17,,1.25
2017-06-12,1.23,1.38,1.6,1.291,1.473,1.623,1.468,,1.697,1.915,2.222,2.333,2.354,2.225,,1.25
2017-06-13,1.23,1.38,1.6,1.285,1.461,1.599,1.455,,1.661,1.865,2.177,2.281,2.295,2.194,,1.25
2017-06-14,1.23,1.38,1.6,1.29,1.465,1.615,1.459,,1.681,1.871,2.17,2.275,2.284,2.213,,1.25
2017-06-15,1.23,1.38,1.6,1.287,1.459,1.615,1.454,,1.682,1.852,2.123,2.217,2.221,2.212,,1.25
2017-06-16,1.23,1.38,1.6,1.29,1.463,1.622,1.459,,1.695,1.867,2.153,2.249,2.253,2.227,,1.25
2017-06-19,1.23,1.38,1.6,1.291,1.46,1.612,1.457,,1.683,1.857,2.158,2.253,2.263,2.216,,1.25
2017-06-20,1.23,1.38,1.6,1.292,1.461,1.615,1.458,,1.685,1.85,2.142,2.24,2.248,2.218,,1.25
2017-06-21,1.23,1.38,1.6,1.292,1.465,1.628,1.463,,1.692,1.854,2.138,2.226,2.229,2.225,,1.25
2017-06-22,1.23,1.38,1.6,1.294,1.467,1.642,1.468,,1.701,1.87,2.135,2.226,2.232,2.235,,1.25
2017-06-23,1.24,1.38,1.6,1.293,1.465,1.638,1.467,,1.688,1.857,2.129,2.2,2.209,2.223,,1.25
2017-06-26,1.25,1.38,1.6,1.292,1.466,1.636,1.468,,1.686,1.853,2.124,2.194,2.203,2.222,,1.25
2017-06-27,1.25,1.38,1.6,1.289,1.463,1.634,1.466,,1.681,1.853,2.118,2.199,2.211,2.218,,1.25
2017-06-28,1.25,1.38,1.6,1.295,1.475,1.66,1.474,,1.711,1.904,2.178,2.248,2.251,2.246,,1.25
2017-06-29,1.27,1.38,1.6,1.294,1.474,1.651,1.474,,1.7,1.898,2.184,2.262,2.265,2.241,,1.25
2017-06-30,1.29,1.38,1.6,1.295,1.469,1.637,1.473,,1.698,1.908,2.214,2.31,2.315,2.24,,1.25
2017-07-03,1.26,1.38,1.6,1.293,1.469,1.644,1.474,,1.716,1.921,2.235,2.329,2.331,2.256,,1.25
2017-07-04,1.23,1.38,1.6,1.298,1.472,1.66,1.478,,1.74,1.949,2.272,2.374,2.379,2.28,,1.25
2017-07-05,1.22,1.38,1.6,1.296,1.47,1.665,1.478,,1.745,1.958,2.277,2.37,2.373,2.285,,1.25
2017-07-06,1.23,1.39,1.6,1.297,1.469,1.67,1.478,,1.75,1.97,2.281,2.368,2.372,2.29,,1.25
2017-07-07,1.24,1.39,1.6,1.296,1.475,1.69,1.481,,1.781,2,2.323,2.383,2.384,2.318,,1.25
2017-07-10,1.24,1.39,1.6,1.289,1.468,1.668,1.476,,1.756,1.969,2.289,2.351,2.349,2.295,,1.25
2017-07-11,1.24,1.39,1.6,1.285,1.466,1.671,1.477,,1.762,1.961,2.28,2.336,2.337,2.3,,1.25
2017-07-12,1.24,1.39,1.6,1.283,1.462,1.669,1.473,,1.762,1.958,2.272,2.321,2.323,2.299,,1.25
2017-07-13,1.24,1.39,1.59,1.279,1.456,1.66,1.465,,1.745,1.937,2.238,2.292,2.294,2.28,,1.25
2017-07-14,1.24,1.39,1.59,1.28,1.456,1.661,1.467,,1.75,1.944,2.249,2.299,2.299,2.285,,1.25
2017-07-17,1.23,1.39,1.59,1.276,1.456,1.661,1.467,,1.754,1.962,2.272,2.318,2.315,2.292,,1.25
2017-07-18,1.23,1.39,1.59,1.273,1.453,1.659,1.463,,1.746,1.943,2.256,2.3,2.295,2.285,,1.25
2017-07-19,1.23,1.39,1.59,1.273,1.451,1.659,1.463,,1.747,1.945,2.258,2.298,2.295,2.285,,1.25
2017-07-20,1.23,1.39,1.59,1.27,1.45,1.657,1.461,,1.74,1.935,2.237,2.297,2.3,2.279,,1.25
2017-07-21,1.24,1.39,1.59,1.265,1.446,1.646,1.456,,1.721,1.917,2.219,2.283,2.283,2.262,,1.25
2017-07-24,1.24,1.39,1.59,1.261,1.443,1.645,1.456,,1.72,1.914,2.22,2.289,2.29,2.259,,1.25
2017-07-25,1.24,1.39,1.59,1.26,1.439,1.637,1.45,,1.709,1.903,2.207,2.268,2.266,2.248,,1.25
2017-07-26,1.24,1.39,1.59,1.262,1.443,1.647,1.452,,1.729,1.932,2.245,2.291,2.29,2.264,,1.25
2017-07-27,1.24,1.39,1.59,1.26,1.435,1.627,1.443,,1.712,1.908,2.215,2.285,2.281,2.25,,1.25
2017-07-28,1.23,1.39,1.59,1.26,1.434,1.632,1.443,,1.723,1.922,2.229,2.296,2.293,2.257,,1.25
2017-07-31,1.24,1.39,1.59,1.26,1.434,1.633,1.442,,1.724,1.926,2.226,2.299,2.286,2.26,,1.25
2017-08-01,1.23,1.39,1.59,1.262,1.433,1.636,1.443,,1.733,1.95,2.258,2.337,2.33,2.271,,1.25
2017-08-02,1.21,1.39,1.59,1.26,1.43,1.632,1.441,,1.73,1.948,2.247,2.331,2.319,2.27,,1.25
2017-08-03,1.22,1.39,1.59,1.26,1.429,1.637,1.439,,1.737,1.954,2.25,2.337,2.325,2.276,,1.25
2017-08-04,1.22,1.39,1.59,1.26,1.429,1.638,1.435,,1.742,1.949,2.251,2.345,2.344,2.279,,1.25
2017-08-07,1.2,1.39,1.59,1.266,1.437,1.665,1.443,,1.772,1.978,2.285,2.369,2.37,2.307,,1.25
2017-08-08,1.18,1.39,1.59,1.267,1.448,1.687,1.452,,1.805,2.006,2.311,2.385,2.381,2.331,,1.25
2017-08-09,1.23,1.39,1.59,1.276,1.476,1.716,1.478,,1.833,2.038,2.338,2.406,2.399,2.363,,1.25
2017-08-10,1.23,1.39,1.59,1.269,1.474,1.703,1.475,,1.824,2.024,2.322,2.393,2.382,2.353,,1.25
2017-08-11,1.23,1.39,1.59,1.264,1.477,1.696,1.476,,1.804,2.004,2.302,2.364,2.356,2.338,,1.25
2017-08-14,1.21,1.39,1.59,1.262,1.485,1.706,1.482,,1.802,2.002,2.301,2.355,2.345,2.338,,1.25
2017-08-16,1.21,1.39,1.59,1.269,1.497,1.733,1.496,,1.821,2.028,2.332,2.387,2.37,2.359,,1.25
2017-08-17,1.22,1.39,1.59,1.262,1.49,1.718,1.488,,1.801,2.011,2.32,2.382,2.365,2.34,,1.25
2017-08-18,1.23,1.39,1.59,1.26,1.484,1.705,1.479,,1.777,1.999,2.314,2.388,2.371,2.323,,1.25
2017-08-21,1.23,1.39,1.59,1.259,1.484,1.708,1.481,,1.784,1.997,2.304,2.377,2.369,2.325,,1.25
2017-08-22,1.23,1.39,1.59,1.26,1.489,1.731,1.488,,1.803,2.01,2.308,2.372,2.369,2.341,,1.25
2017-08-23,1.23,1.39,1.59,1.26,1.492,1.727,1.49,,1.797,2.002,2.297,2.373,2.375,2.336,,1.25
2017-08-24,1.24,1.39,1.59,1.26,1.494,1.727,1.493,,1.801,1.998,2.289,2.383,2.384,2.339,,1.25
2017-08-25,1.24,1.39,1.59,1.258,1.482,1.698,1.478,,1.755,1.96,2.253,2.355,2.361,2.306,,1.25
2017-08-28,1.25,1.39,1.59,1.258,1.485,1.701,1.48,,1.758,1.963,2.251,2.35,2.351,2.308,,1.25
2017-08-29,1.25,1.38,1.59,1.26,1.489,1.708,1.485,,1.772,1.975,2.261,2.346,2.345,2.322,,1.25
2017-08-30,1.25,1.38,1.59,1.257,1.478,1.69,1.471,,1.752,1.958,2.249,2.331,2.332,2.307,,1.25
2017-08-31,1.27,1.38,1.59,1.257,1.476,1.684,1.469,,1.747,1.968,2.262,2.337,2.336,2.304,,1.25
2017-09-01,1.26,1.38,1.59,1.255,1.47,1.678,1.465,,1.747,1.966,2.271,2.338,2.334,2.302,,1.25
2017-09-04,1.25,1.38,1.59,1.261,1.482,1.708,1.478,,1.782,2.001,2.305,2.378,2.372,2.335,,1.25
2017-09-05,1.24,1.38,1.59,1.26,1.479,1.704,1.474,,1.78,1.996,2.306,2.368,2.362,2.333,,1.25
2017-09-06,1.24,1.38,1.59,1.258,1.473,1.697,1.47,,1.775,1.983,2.28,2.333,2.321,2.324,,1.25
2017-09-07,1.25,1.38,1.59,1.258,1.475,1.701,1.475,,1.782,1.98,2.275,2.319,2.307,2.326,,1.25
2017-09-08,1.25,1.38,1.59,1.255,1.469,1.69,1.467,,1.758,1.948,2.24,2.294,2.281,2.301,,1.25
2017-09-11,1.25,1.38,1.59,1.257,1.472,1.693,1.472,,1.757,1.954,2.251,2.281,2.29,2.303,,1.25
2017-09-12,1.26,1.38,1.59,1.255,1.471,1.688,1.469,,1.753,1.955,2.251,2.28,2.289,2.301,,1.25
2017-09-13,1.26,1.38,1.59,1.253,1.47,1.68,1.464,,1.742,1.949,2.242,2.278,2.29,2.291,,1.25
2017-09-14,1.26,1.38,1.59,1.254,1.472,1.681,1.464,,1.742,1.945,2.244,2.269,2.282,2.291,,1.25
2017-09-15,1.25,1.38,1.59,1.254,1.471,1.681,1.464,,1.739,1.949,2.248,2.271,2.278,2.29,,1.25
2017-09-18,1.25,1.38,1.59,1.255,1.474,1.685,1.467,,1.742,1.96,2.265,2.296,2.298,2.294,,1.25
2017-09-19,1.24,1.38,1.59,1.262,1.488,1.713,1.478,,1.779,1.989,2.294,2.318,2.319,2.326,,1.25
2017-09-20,1.25,1.38,1.59,1.261,1.487,1.711,1.477,,1.775,1.983,2.28,2.303,2.303,2.322,,1.25
2017-09-21,1.25,1.38,1.59,1.262,1.488,1.718,1.479,,1.781,1.979,2.28,2.308,2.305,2.329,,1.25
2017-09-22,1.25,1.38,1.59,1.259,1.484,1.712,1.476,,1.775,1.972,2.268,2.292,2.298,2.322,,1.25
2017-09-25,1.26,1.38,1.59,1.26,1.49,1.726,1.479,,1.786,1.982,2.27,2.295,2.302,2.334,,1.25
2017-09-26,1.25,1.38,1.59,1.268,1.507,1.759,1.495,,1.832,2.02,2.31,2.328,2.327,2.375,,1.25
2017-09-27,1.26,1.38,1.59,1.281,1.537,1.798,1.533,,1.887,2.087,2.36,2.356,2.363,2.426,,1.25
2017-09-28,1.26,1.38,1.59,1.283,1.543,1.809,1.535,,1.888,2.09,2.394,2.399,2.392,2.431,,1.25
2017-09-29,1.27,1.38,1.59,1.281,1.541,1.803,1.529,,1.888,2.09,2.379,2.376,2.371,2.429,,1.25
2017-10-10,1.26,1.38,1.59,1.3,1.564,1.844,1.554,,1.938,2.142,2.418,2.397,2.393,2.476,,1.25
2017-10-11,1.24,1.38,1.59,1.297,1.561,1.837,1.551,,1.929,2.135,2.418,2.39,2.38,2.469,,1.25
2017-10-12,1.25,1.38,1.59,1.294,1.558,1.83,1.546,,1.9,2.111,2.388,2.378,2.365,2.443,,1.25
2017-10-13,1.25,1.38,1.59,1.299,1.565,1.841,1.556,,1.916,2.117,2.391,2.381,2.359,2.46,,1.25
2017-10-16,1.25,1.38,1.59,1.307,1.578,1.855,1.569,,1.927,2.13,2.398,2.389,2.372,2.473,,1.25
2017-10-17,1.24,1.38,1.59,1.311,1.585,1.866,1.575,,1.947,2.146,2.401,2.393,2.377,2.489,,1.25
2017-10-18,1.24,1.38,1.59,1.309,1.581,1.856,1.573,,1.935,2.139,2.392,2.388,2.377,2.477,,1.25
2017-10-19,1.24,1.38,1.59,1.333,1.634,1.911,1.642,,2.006,2.21,2.429,2.396,2.385,2.55,,1.25
2017-10-20,1.24,1.38,1.59,1.358,1.705,1.999,1.72,,2.088,2.299,2.471,2.377,2.368,2.63,,1.25
2017-10-23,1.24,1.38,1.59,1.343,1.679,1.962,1.694,,2.032,2.267,2.454,2.385,2.356,2.584,,1.25
2017-10-24,1.24,1.38,1.59,1.35,1.688,1.988,1.706,,2.057,2.292,2.456,2.398,2.349,2.61,,1.25
2017-10-25,1.24,1.38,1.59,1.363,1.702,2.041,1.725,,2.094,2.341,2.5,2.44,2.406,2.648,,1.25
2017-10-26,1.25,1.38,1.59,1.368,1.734,2.112,1.759,,2.182,2.418,2.543,2.433,2.401,2.729,,1.25
2017-10-27,1.24,1.4,1.59,1.366,1.737,2.116,1.757,,2.164,2.411,2.536,2.428,2.401,2.716,,1.25
2017-10-30,1.23,1.4,1.59,1.365,1.741,2.113,1.753,,2.137,2.39,2.521,2.451,2.42,2.697,,1.25
2017-10-31,1.26,1.4,1.61,1.381,1.766,2.136,1.777,,2.164,2.398,2.571,2.554,2.524,2.728,,1.25
2017-11-01,1.24,1.4,1.62,1.379,1.76,2.107,1.765,,2.14,2.373,2.547,2.541,2.52,2.705,,1.25
2017-11-02,1.24,1.4,1.63,1.371,1.752,2.082,1.757,,2.126,2.35,2.526,2.49,2.499,2.688,,1.25
2017-11-03,1.24,1.4,1.64,1.374,1.749,2.086,1.757,,2.133,2.366,2.526,2.494,2.499,2.694,,1.25
2017-11-06,1.23,1.4,1.65,1.375,1.747,2.095,1.759,,2.152,2.387,2.549,2.52,2.517,2.711,,1.25
2017-11-07,1.25,1.4,1.66,1.37,1.742,2.081,1.746,,2.133,2.357,2.539,2.501,2.5,2.695,,1.25
2017-11-08,1.23,1.4,1.68,1.374,1.746,2.099,1.753,,2.151,2.362,2.538,2.502,2.5,2.709,,1.25
2017-11-09,1.24,1.4,1.68,1.377,1.747,2.103,1.753,,2.147,2.35,2.537,2.503,2.502,2.709,,1.25
2017-11-10,1.24,1.4,1.68,1.381,1.752,2.119,1.759,,2.157,2.35,2.564,2.502,2.499,2.72,,1.25
2017-11-13,1.25,1.41,1.69,1.401,1.775,2.143,1.784,,2.18,2.385,2.583,2.527,2.521,2.742,,1.25
2017-11-14,1.24,1.42,1.7,1.423,1.796,2.166,1.803,,2.211,2.417,2.61,2.576,2.556,2.771,,1.25
2017-11-15,1.24,1.43,1.7,1.42,1.791,2.133,1.797,,2.177,2.38,2.571,2.564,2.537,2.739,,1.25
2017-11-16,1.24,1.44,1.7,1.429,1.801,2.136,1.804,,2.171,2.375,2.564,2.558,2.531,2.735,,1.25
2017-11-17,1.24,1.45,1.7,1.437,1.802,2.135,1.8,,2.174,2.383,2.569,2.565,2.539,2.732,,1.25
2017-11-20,1.25,1.46,1.7,1.445,1.799,2.113,1.796,,2.156,2.358,2.546,2.557,2.534,2.713,,1.25
2017-11-21,1.25,1.47,1.72,1.455,1.802,2.116,1.8,,2.156,2.355,2.543,2.546,2.527,2.714,,1.25
2017-11-22,1.24,1.48,1.72,1.471,1.814,2.121,1.812,,2.17,2.362,2.541,2.545,2.52,2.724,,1.25
2017-11-23,1.25,1.49,1.72,1.482,1.806,2.096,1.809,,2.134,2.32,2.521,2.533,2.515,2.696,,1.25
2017-11-24,1.25,1.5,1.72,1.502,1.823,2.112,1.824,,2.169,2.349,2.537,2.535,2.517,2.722,,1.25
2017-11-27,1.26,1.5,1.75,1.515,1.828,2.102,1.824,,2.153,2.345,2.531,2.54,2.52,2.706,,1.25
2017-11-28,1.26,1.5,1.77,1.512,1.82,2.079,1.813,,2.119,2.311,2.484,2.451,2.426,2.676,,1.25
2017-11-29,1.26,1.51,1.77,1.514,1.818,2.068,1.809,,2.112,2.303,2.48,2.426,2.401,2.668,,1.25
2017-11-30,1.53,1.64,1.79,1.504,1.803,2.03,1.798,,2.075,2.262,2.477,2.428,2.408,2.631,,1.5
2017-12-01,1.48,1.66,1.8,1.509,1.805,2.021,1.807,,2.081,2.275,2.489,2.437,2.41,2.637,,1.5
2017-12-04,1.48,1.66,1.8,1.515,1.808,2.021,1.81,,2.083,2.27,2.485,2.429,2.4,2.635,,1.5
2017-12-05,1.47,1.66,1.8,1.525,1.822,2.049,1.822,,2.112,2.296,2.502,2.446,2.412,2.663,,1.5
2017-12-06,1.48,1.66,1.8,1.52,1.811,2.034,1.81,,2.084,2.271,2.467,2.419,2.371,2.637,,1.5
2017-12-07,1.49,1.66,1.8,1.522,1.816,2.046,1.814,,2.094,2.284,2.482,2.437,2.39,2.645,,1.5
2017-12-08,1.52,1.66,1.8,1.524,1.817,2.05,1.814,,2.094,2.29,2.486,2.449,2.406,2.645,,1.5
2017-12-11,1.52,1.66,1.8,1.523,1.817,2.045,1.812,,2.087,2.301,2.482,2.462,2.421,2.64,,1.5
2017-12-12,1.51,1.66,1.8,1.52,1.813,2.036,1.807,,2.077,2.286,2.456,2.437,2.403,2.628,,1.5
2017-12-13,1.5,1.66,1.8,1.523,1.813,2.04,1.809,,2.078,2.27,2.453,2.438,2.409,2.628,,1.5
2017-12-14,1.5,1.66,1.8,1.525,1.816,2.047,1.811,,2.08,2.269,2.45,2.44,2.412,2.628,,1.5
2017-12-15,1.51,1.66,1.8,1.528,1.821,2.052,1.819,,2.078,2.261,2.433,2.43,2.402,2.625,,1.5
2017-12-18,1.5,1.66,1.8,1.539,1.836,2.072,1.832,,2.09,2.271,2.433,2.409,2.395,2.636,,1.5
2017-12-19,1.5,1.66,1.8,1.541,1.839,2.08,1.841,,2.097,2.294,2.451,2.412,2.397,2.643,,1.5
2017-12-20,1.51,1.66,1.8,1.542,1.838,2.067,1.842,,2.087,2.298,2.467,2.449,2.43,2.638,,1.5
2017-12-21,1.53,1.66,1.8,1.546,1.841,2.07,1.845,,2.094,2.308,2.483,2.445,2.44,2.643,,1.5
2017-12-22,1.51,1.66,1.8,1.561,1.863,2.098,1.868,,2.131,2.338,2.496,2.444,2.434,2.678,,1.5
2017-12-26,1.52,1.66,1.8,1.565,1.867,2.104,1.872,,2.129,2.33,2.491,2.443,2.429,2.678,,1.5
2017-12-27,1.51,1.66,1.8,1.577,1.878,2.12,1.883,,2.15,2.36,2.497,2.455,2.442,2.693,,1.5
2017-12-28,1.55,1.66,1.8,1.573,1.869,2.105,1.877,,2.134,2.343,2.469,2.445,2.434,2.678,,1.5
2017-12-29,1.58,1.66,1.8,1.573,1.867,2.104,1.874,,2.135,2.343,2.469,2.445,2.434,2.678,,1.5
2018-01-02,1.52,1.66,1.8,1.561,1.847,2.078,1.851,,2.119,2.338,2.489,2.47,2.455,2.662,,1.5
2018-01-03,1.5,1.66,1.8,1.551,1.833,2.068,1.84,,2.127,2.344,2.508,2.49,2.482,2.664,,1.5
2018-01-04,1.48,1.66,1.8,1.549,1.834,2.081,1.838,,2.142,2.359,2.523,2.504,2.499,2.676,,1.5
2018-01-05,1.47,1.66,1.8,1.537,1.819,2.064,1.816,,2.099,2.343,2.518,2.506,2.498,2.644,,1.5
2018-01-08,1.46,1.66,1.8,1.535,1.826,2.079,1.82,,2.135,2.358,2.54,2.534,2.534,2.671,,1.5
2018-01-09,1.49,1.66,1.8,1.536,1.831,2.085,1.825,,2.149,2.38,2.565,2.531,2.515,2.684,,1.5
2018-01-10,1.51,1.66,1.8,1.541,1.848,2.114,1.836,,2.172,2.449,2.637,2.565,2.547,2.707,,1.5
2018-01-11,1.5,1.66,1.8,1.535,1.838,2.096,1.832,,2.152,2.41,2.589,2.547,2.532,2.69,,1.5
2018-01-12,1.5,1.66,1.8,1.536,1.838,2.107,1.834,,2.174,2.43,2.623,2.56,2.538,2.707,,1.5
2018-01-15,1.5,1.66,1.8,1.537,1.858,2.162,1.851,,2.223,2.483,2.658,2.574,2.554,2.75,,1.5
2018-01-16,1.5,1.66,1.8,1.535,1.853,2.164,1.851,,2.225,2.468,2.641,2.572,2.54,2.745,,1.5
2018-01-17,1.49,1.65,1.8,1.533,1.855,2.155,1.852,,2.227,2.469,2.636,2.562,2.53,2.745,,1.5
2018-01-18,1.49,1.65,1.8,1.524,1.818,2.104,1.825,,2.172,2.43,2.62,2.564,2.534,2.701,,1.5
2018-01-19,1.49,1.65,1.8,1.527,1.817,2.1,1.825,,2.17,2.443,2.638,2.595,2.566,2.701,,1.5
2018-01-22,1.49,1.65,1.8,1.53,1.829,2.122,1.835,,2.203,2.461,2.652,2.605,2.569,2.731,,1.5
2018-01-23,1.49,1.65,1.8,1.528,1.823,2.122,1.831,,2.192,2.461,2.654,2.572,2.536,2.725,,1.5
2018-01-24,1.49,1.65,1.8,1.523,1.823,2.126,1.831,,2.197,2.459,2.644,2.551,2.519,2.731,,1.5
2018-01-25,1.49,1.65,1.8,1.524,1.828,2.14,1.833,,2.215,2.48,2.661,2.56,2.522,2.748,,1.5
2018-01-26,1.49,1.65,1.8,1.523,1.827,2.149,1.834,,2.222,2.492,2.679,2.591,2.538,2.757,,1.5
2018-01-29,1.49,1.65,1.8,1.536,1.863,2.211,1.865,,2.281,2.559,2.744,2.655,2.596,2.81,,1.5
2018-01-30,1.49,1.65,1.8,1.54,1.876,2.231,1.874,,2.304,2.592,2.784,2.736,2.677,2.833,,1.5
2018-01-31,1.54,1.65,1.8,1.538,1.862,2.199,1.859,,2.274,2.57,2.769,2.715,2.683,2.809,,1.5
2018-02-01,1.5,1.65,1.8,1.535,1.851,2.174,1.852,,2.249,2.538,2.756,2.688,2.664,2.789,,1.5
2018-02-02,1.46,1.65,1.8,1.532,1.839,2.165,1.844,,2.25,2.535,2.756,2.703,2.689,2.786,,1.5
2018-02-05,1.48,1.65,1.8,1.534,1.851,2.189,1.856,,2.287,2.557,2.803,2.75,2.725,2.817,,1.5
2018-02-06,1.47,1.65,1.8,1.526,1.833,2.155,1.84,,2.253,2.504,2.749,2.709,2.68,2.788,,1.5
2018-02-07,1.49,1.65,1.8,1.523,1.829,2.14,1.834,,2.248,2.494,2.718,2.686,2.664,2.779,,1.5
2018-02-08,1.47,1.65,1.8,1.529,1.846,2.18,1.845,,2.272,2.516,2.744,2.71,2.673,2.802,,1.5
2018-02-09,1.5,1.65,1.8,1.53,1.854,2.187,1.85,,2.278,2.525,2.757,2.73,2.698,2.808,,1.5
2018-02-12,1.51,1.65,1.8,1.536,1.869,2.201,1.859,,2.302,2.566,2.806,2.755,2.714,2.835,,1.5
2018-02-13,1.51,1.65,1.8,1.534,1.86,2.175,1.852,,2.278,2.541,2.78,2.735,2.701,2.816,,1.5
2018-02-14,1.51,1.65,1.8,1.532,1.856,2.169,1.85,,2.265,2.531,2.763,2.727,2.685,2.807,,1.5
2018-02-19,1.5,1.65,1.8,1.539,1.869,2.203,1.861,,2.302,2.565,2.798,2.758,2.715,2.841,,1.5
2018-02-20,1.48,1.65,1.8,1.541,1.878,2.217,1.869,,2.316,2.571,2.807,2.773,2.73,2.852,,1.5
2018-02-21,1.48,1.65,1.8,1.539,1.87,2.209,1.862,,2.306,2.563,2.801,2.766,2.719,2.845,,1.5
2018-02-22,1.49,1.65,1.8,1.539,1.866,2.199,1.858,,2.303,2.561,2.803,2.782,2.739,2.842,,1.5
2018-02-23,1.47,1.65,1.8,1.539,1.865,2.189,1.85,,2.285,2.542,2.792,2.787,2.774,2.831,,1.5
2018-02-26,1.48,1.65,1.8,1.538,1.86,2.169,1.847,,2.263,2.521,2.763,2.759,2.727,2.813,,1.5
2018-02-27,1.5,1.65,1.8,1.536,1.857,2.163,1.843,,2.258,2.508,2.73,2.732,2.701,2.809,,1.5
2018-02-28,1.51,1.65,1.8,1.539,1.859,2.172,1.844,,2.266,2.519,2.736,2.74,2.717,2.817,,1.5
2018-03-02,1.5,1.65,1.8,1.544,1.869,2.204,1.854,,2.29,2.544,2.741,2.734,2.716,2.84,,1.5
2018-03-05,1.46,1.65,1.8,1.545,1.87,2.211,1.857,,2.311,2.55,2.737,2.742,2.721,2.853,,1.5
2018-03-06,1.43,1.65,1.8,1.548,1.879,2.217,1.862,,2.312,2.549,2.759,2.764,2.741,2.858,,1.5
2018-03-07,1.48,1.65,1.8,1.548,1.88,2.213,1.862,,2.297,2.526,2.727,2.74,2.724,2.845,,1.5
2018-03-08,1.5,1.65,1.8,1.548,1.882,2.206,1.865,,2.286,2.519,2.73,2.737,2.718,2.837,,1.5
2018-03-09,1.49,1.65,1.8,1.55,1.886,2.213,1.866,,2.293,2.533,2.744,2.758,2.728,2.846,,1.5
2018-03-12,1.5,1.65,1.8,1.551,1.891,2.215,1.87,,2.305,2.564,2.759,2.77,2.749,2.857,,1.5
2018-03-13,1.5,1.65,1.8,1.551,1.892,2.208,1.872,,2.301,2.555,2.746,2.755,2.744,2.853,,1.5
2018-03-14,1.5,1.65,1.8,1.549,1.905,2.19,1.87,,2.274,2.512,2.711,2.715,2.701,2.833,,1.5
2018-03-15,1.49,1.65,1.8,1.548,1.907,2.184,1.871,,2.268,2.494,2.704,2.677,2.653,2.827,,1.5
2018-03-16,1.5,1.65,1.81,1.55,1.912,2.194,1.878,,2.276,2.5,2.713,2.68,2.652,2.835,,1.5
2018-03-19,1.5,1.65,1.81,1.555,1.917,2.192,1.885,,2.275,2.5,2.724,2.703,2.678,2.838,,1.5
2018-03-20,1.49,1.65,1.81,1.558,1.918,2.193,1.889,,2.286,2.513,2.732,2.705,2.673,2.848,,1.5
2018-03-21,1.49,1.65,1.81,1.558,1.919,2.19,1.892,,2.291,2.512,2.723,2.693,2.656,2.85,,1.5
2018-03-22,1.5,1.65,1.82,1.555,1.901,2.158,1.886,,2.256,2.484,2.694,2.683,2.647,2.823,,1.5
2018-03-23,1.51,1.65,1.82,1.553,1.891,2.127,1.881,,2.223,2.434,2.648,2.653,2.613,2.797,,1.5
2018-03-26,1.5,1.65,1.82,1.554,1.894,2.142,1.888,,2.244,2.464,2.687,2.689,2.663,2.815,,1.5
2018-03-27,1.48,1.65,1.82,1.553,1.893,2.14,1.886,,2.232,2.462,2.676,2.671,2.653,2.807,,1.5
2018-03-28,1.48,1.65,1.82,1.552,1.889,2.136,1.88,,2.222,2.436,2.64,2.638,2.615,2.796,,1.5
2018-03-29,1.48,1.65,1.82,1.551,1.888,2.135,1.88,,2.227,2.444,2.642,2.639,2.613,2.799,,1.5
2018-03-30,1.54,1.65,1.82,1.55,1.887,2.135,1.878,,2.216,2.427,2.624,2.636,2.615,2.795,,1.5
2018-04-02,1.49,1.65,1.82,1.552,1.89,2.137,1.883,,2.225,2.443,2.643,2.668,2.642,2.802,,1.5
2018-04-03,1.44,1.65,1.82,1.55,1.879,2.11,1.873,,2.193,2.422,2.634,2.683,2.672,2.785,,1.5
2018-04-04,1.46,1.65,1.82,1.548,1.866,2.081,1.86,,2.168,2.394,2.617,2.662,2.657,2.764,,1.5
2018-04-05,1.46,1.65,1.82,1.549,1.863,2.098,1.861,,2.175,2.408,2.633,2.659,2.658,2.777,,1.5
2018-04-06,1.44,1.65,1.82,1.543,1.855,2.088,1.856,,2.156,2.384,2.607,2.632,2.638,2.763,,1.5
2018-04-09,1.48,1.65,1.82,1.547,1.865,2.097,1.864,,2.167,2.402,2.613,2.622,2.632,2.774,,1.5
2018-04-10,1.49,1.65,1.82,1.549,1.87,2.107,1.871,,2.185,2.418,2.622,2.628,2.634,2.785,,1.5
2018-04-11,1.48,1.65,1.82,1.548,1.866,2.087,1.869,,2.165,2.391,2.596,2.614,2.625,2.77,,1.5
2018-04-12,1.48,1.65,1.82,1.546,1.859,2.08,1.863,,2.156,2.379,2.58,2.588,2.607,2.762,,1.5
2018-04-13,1.49,1.65,1.82,1.548,1.857,2.079,1.862,,2.155,2.385,2.603,2.6,2.613,2.764,,1.5
2018-04-16,1.46,1.65,1.82,1.555,1.859,2.089,1.864,,2.169,2.408,2.625,2.635,2.638,2.777,,1.5
2018-04-17,1.47,1.65,1.82,1.556,1.863,2.101,1.868,,2.178,2.42,2.636,2.643,2.636,2.785,,1.5
2018-04-18,1.47,1.65,1.82,1.557,1.867,2.112,1.871,,2.196,2.441,2.652,2.665,2.648,2.795,,1.5
2018-04-19,1.47,1.65,1.82,1.556,1.87,2.112,1.872,,2.195,2.434,2.647,2.671,2.663,2.798,,1.5
2018-04-20,1.47,1.65,1.82,1.558,1.879,2.121,1.882,,2.2,2.45,2.671,2.702,2.689,2.806,,1.5
2018-04-23,1.47,1.65,1.82,1.562,1.889,2.141,1.89,,2.235,2.492,2.725,2.746,2.734,2.837,,1.5
2018-04-24,1.48,1.65,1.82,1.561,1.883,2.135,1.887,,2.227,2.493,2.726,2.74,2.723,2.83,,1.5
2018-04-25,1.48,1.65,1.82,1.562,1.891,2.155,1.895,,2.246,2.521,2.762,2.759,2.734,2.849,,1.5
2018-04-26,1.48,1.65,1.82,1.561,1.886,2.141,1.888,,2.234,2.51,2.749,2.75,2.735,2.835,,1.5
2018-04-27,1.46,1.65,1.82,1.556,1.869,2.115,1.875,,2.201,2.471,2.7,2.704,2.695,2.806,,1.5
2018-04-30,1.51,1.65,1.82,1.556,1.868,2.128,1.874,,2.216,2.486,2.713,2.719,2.703,2.819,,1.5
2018-05-02,1.5,1.65,1.82,1.559,1.872,2.145,1.879,,2.237,2.517,2.751,2.766,2.757,2.839,,1.5
2018-05-03,1.49,1.65,1.82,1.56,1.877,2.154,1.882,,2.246,2.525,2.751,2.763,2.752,2.847,,1.5
2018-05-04,1.49,1.65,1.82,1.562,1.89,2.182,1.894,,2.28,2.556,2.761,2.763,2.751,2.876,,1.5
2018-05-08,1.48,1.65,1.82,1.564,1.912,2.211,1.909,,2.311,2.584,2.787,2.775,2.751,2.901,,1.5
2018-05-09,1.48,1.65,1.82,1.565,1.921,2.212,1.916,,2.309,2.583,2.805,2.786,2.764,2.904,,1.5
2018-05-10,1.49,1.65,1.82,1.564,1.917,2.183,1.913,,2.276,2.55,2.772,2.757,2.745,2.881,,1.5
2018-05-11,1.49,1.65,1.82,1.567,1.924,2.195,1.92,,2.286,2.563,2.785,2.763,2.741,2.891,,1.5
2018-05-14,1.49,1.65,1.82,1.569,1.935,2.212,1.932,,2.309,2.586,2.795,2.777,2.745,2.909,,1.5
2018-05-15,1.49,1.65,1.82,1.569,1.933,2.212,1.931,,2.312,2.593,2.814,2.79,2.752,2.912,,1.5
2018-05-16,1.49,1.65,1.82,1.567,1.914,2.185,1.916,,2.285,2.566,2.794,2.777,2.742,2.892,,1.5
2018-05-17,1.48,1.65,1.82,1.562,1.901,2.163,1.901,,2.262,2.551,2.796,2.784,2.749,2.872,,1.5
2018-05-18,1.49,1.65,1.82,1.558,1.873,2.129,1.871,,2.231,2.514,2.765,2.767,2.742,2.844,,1.5
2018-05-21,1.49,1.65,1.82,1.563,1.881,2.153,1.879,,2.251,2.532,2.769,2.772,2.75,2.863,,1.5
2018-05-23,1.5,1.65,1.82,1.562,1.874,2.145,1.872,,2.235,2.513,2.747,2.76,2.736,2.85,,1.5
2018-05-24,1.5,1.65,1.82,1.558,1.853,2.109,1.853,,2.191,2.48,2.72,2.734,2.704,2.818,,1.5
2018-05-25,1.51,1.65,1.82,1.558,1.855,2.113,1.855,,2.198,2.482,2.716,2.717,2.699,2.823,,1.5
2018-05-28,1.51,1.65,1.82,1.559,1.86,2.116,1.858,,2.208,2.497,2.726,2.726,2.706,2.829,,1.5
2018-05-29,1.5,1.65,1.82,1.556,1.851,2.104,1.85,,2.189,2.479,2.693,2.712,2.695,2.813,,1.5
2018-05-30,1.52,1.65,1.82,1.557,1.853,2.111,1.852,,2.192,2.488,2.697,2.704,2.689,2.817,,1.5
2018-05-31,1.55,1.65,1.82,1.557,1.851,2.107,1.849,,2.195,2.479,2.695,2.694,2.679,2.816,,1.5
2018-06-01,1.5,1.65,1.82,1.556,1.848,2.105,1.848,,2.193,2.479,2.703,2.692,2.667,2.814,,1.5
2018-06-04,1.44,1.65,1.82,1.556,1.852,2.121,1.852,,2.213,2.504,2.733,2.724,2.695,2.834,,1.5
2018-06-05,1.48,1.65,1.82,1.556,1.852,2.111,1.847,,2.201,2.497,2.716,2.718,2.686,2.827,,1.5
2018-06-07,1.46,1.65,1.82,1.557,1.859,2.139,1.852,,2.217,2.522,2.75,2.732,2.702,2.842,,1.5
2018-06-08,1.49,1.65,1.82,1.554,1.848,2.117,1.842,,2.189,2.485,2.714,2.701,2.677,2.818,,1.5
2018-06-11,1.47,1.65,1.82,1.555,1.855,2.118,1.848,,2.223,2.499,2.732,2.719,2.69,2.833,,1.5
2018-06-12,1.47,1.65,1.82,1.555,1.858,2.116,1.85,,2.223,2.497,2.721,2.708,2.678,2.833,,1.5
2018-06-14,1.49,1.65,1.82,1.557,1.873,2.138,1.864,,2.227,2.502,2.711,2.699,2.669,2.846,,1.5
2018-06-15,1.49,1.65,1.82,1.555,1.867,2.12,1.86,,2.186,2.467,2.672,2.673,2.642,2.815,,1.5
2018-06-18,1.49,1.65,1.82,1.553,1.864,2.11,1.857,,2.178,2.451,2.65,2.637,2.612,2.807,,1.5
2018-06-19,1.47,1.65,1.82,1.551,1.862,2.098,1.856,,2.164,2.417,2.62,2.613,2.586,2.795,,1.5
2018-06-20,1.49,1.65,1.82,1.551,1.865,2.101,1.859,,2.163,2.411,2.618,2.609,2.583,2.797,,1.5
2018-06-21,1.49,1.65,1.82,1.547,1.854,2.091,1.847,,2.149,2.392,2.594,2.595,2.576,2.786,,1.5
2018-06-22,1.5,1.65,1.82,1.548,1.853,2.093,1.847,,2.147,2.399,2.608,2.602,2.573,2.788,,1.5
2018-06-25,1.5,1.65,1.82,1.548,1.859,2.09,1.849,,2.143,2.399,2.605,2.601,2.586,2.784,,1.5
2018-06-26,1.46,1.65,1.82,1.549,1.863,2.095,1.852,,2.148,2.403,2.618,2.608,2.589,2.788,,1.5
2018-06-27,1.49,1.65,1.82,1.545,1.854,2.068,1.844,,2.122,2.364,2.576,2.578,2.561,2.767,,1.5
2018-06-28,1.53,1.65,1.82,1.545,1.853,2.058,1.843,,2.115,2.354,2.558,2.562,2.551,2.762,,1.5
2018-06-29,1.57,1.65,1.82,1.545,1.854,2.06,1.844,,2.122,2.352,2.556,2.561,2.552,2.766,,1.5
2018-07-02,1.53,1.65,1.82,1.546,1.854,2.059,1.844,,2.123,2.34,2.53,2.546,2.54,2.766,,1.5
2018-07-03,1.47,1.65,1.82,1.546,1.854,2.065,1.847,,2.138,2.378,2.577,2.581,2.569,2.781,,1.5
2018-07-04,1.46,1.65,1.82,1.542,1.842,2.04,1.836,,2.116,2.348,2.547,2.559,2.55,2.761,,1.5
2018-07-05,1.46,1.65,1.82,1.541,1.828,2.019,1.823,,2.093,2.334,2.545,2.556,2.549,2.742,,1.5
2018-07-06,1.43,1.65,1.82,1.541,1.83,2.021,1.825,,2.101,2.352,2.555,2.561,2.552,2.749,,1.5
2018-07-09,1.49,1.65,1.82,1.541,1.83,2.023,1.826,,2.107,2.353,2.558,2.56,2.546,2.755,,1.5
2018-07-10,1.49,1.65,1.82,1.54,1.826,2.009,1.821,,2.095,2.346,2.553,2.552,2.539,2.745,,1.5
2018-07-11,1.48,1.65,1.82,1.536,1.812,1.979,1.807,,2.054,2.301,2.512,2.513,2.502,2.708,,1.5
2018-07-12,1.51,1.65,1.82,1.546,1.857,2.03,1.852,,2.09,2.331,2.542,2.534,2.519,2.744,,1.5
2018-07-13,1.48,1.65,1.82,1.546,1.864,2.037,1.859,,2.105,2.341,2.556,2.547,2.523,2.755,,1.5
2018-07-16,1.49,1.65,1.82,1.546,1.861,2.029,1.853,,2.088,2.328,2.546,2.541,2.527,2.741,,1.5
2018-07-17,1.47,1.65,1.82,1.546,1.852,2.03,1.845,,2.094,2.334,2.552,2.549,2.531,2.746,,1.5
2018-07-18,1.48,1.65,1.82,1.545,1.845,2.02,1.839,,2.087,2.319,2.53,2.529,2.517,2.74,,1.5
2018-07-19,1.48,1.65,1.82,1.545,1.846,2.02,1.841,,2.089,2.329,2.54,2.539,2.528,2.744,,1.5
2018-07-20,1.48,1.65,1.82,1.544,1.837,2.009,1.832,,2.077,2.315,2.522,2.53,2.515,2.732,,1.5
2018-07-23,1.48,1.65,1.82,1.544,1.837,2.011,1.832,,2.077,2.32,2.535,2.543,2.53,2.735,,1.5
2018-07-24,1.5,1.65,1.82,1.544,1.844,2.025,1.838,,2.092,2.344,2.575,2.568,2.557,2.748,,1.5
2018-07-25,1.5,1.65,1.82,1.544,1.843,2.019,1.837,,2.079,2.323,2.546,2.539,2.524,2.739,,1.5
2018-07-26,1.5,1.65,1.82,1.544,1.844,2.013,1.838,,2.071,2.323,2.55,2.545,2.524,2.732,,1.5
2018-07-27,1.49,1.65,1.82,1.554,1.869,2.047,1.864,,2.112,2.359,2.571,2.555,2.532,2.771,,1.5
2018-07-30,1.49,1.65,1.82,1.567,1.885,2.06,1.881,,2.128,2.368,2.573,2.552,2.533,2.786,,1.5
2018-07-31,1.52,1.65,1.82,1.568,1.885,2.06,1.88,,2.123,2.36,2.567,2.545,2.532,2.781,,1.5
2018-08-01,1.5,1.65,1.82,1.569,1.881,2.054,1.877,,2.124,2.375,2.589,2.561,2.545,2.78,,1.5
2018-08-02,1.49,1.65,1.82,1.569,1.881,2.052,1.878,,2.113,2.362,2.574,2.558,2.543,2.77,,1.5
2018-08-03,1.49,1.65,1.82,1.569,1.878,2.046,1.874,,2.108,2.361,2.58,2.567,2.546,2.765,,1.5
2018-08-06,1.49,1.65,1.81,1.569,1.872,2.028,1.867,,2.097,2.338,2.561,2.551,2.53,2.755,,1.5
2018-08-07,1.44,1.65,1.81,1.568,1.864,2.015,1.859,,2.082,2.326,2.557,2.545,2.524,2.743,,1.5
2018-08-08,1.48,1.65,1.81,1.567,1.856,2.004,1.852,,2.07,2.321,2.557,2.536,2.519,2.732,,1.5
2018-08-09,1.49,1.65,1.81,1.566,1.851,1.994,1.848,,2.05,2.29,2.521,2.488,2.475,2.714,,1.5
2018-08-10,1.48,1.65,1.81,1.566,1.852,1.991,1.848,,2.04,2.263,2.49,2.46,2.452,2.703,,1.5
2018-08-13,1.49,1.65,1.81,1.568,1.858,2,1.853,,2.051,2.28,2.505,2.468,2.452,2.711,,1.5
2018-08-14,1.49,1.65,1.81,1.569,1.863,2.011,1.859,,2.063,2.288,2.503,2.46,2.44,2.721,,1.5
2018-08-16,1.49,1.65,1.81,1.573,1.863,2.001,1.856,,2.05,2.268,2.475,2.431,2.412,2.707,,1.5
2018-08-17,1.49,1.65,1.81,1.571,1.84,1.969,1.837,,1.997,2.208,2.431,2.408,2.388,2.659,,1.5
2018-08-20,1.5,1.65,1.81,1.57,1.833,1.96,1.831,,1.985,2.184,2.407,2.39,2.373,2.65,,1.5
2018-08-21,1.49,1.65,1.81,1.559,1.8,1.903,1.791,,1.919,2.132,2.381,2.364,2.345,2.592,,1.5
2018-08-22,1.49,1.65,1.81,1.564,1.8,1.924,1.792,,1.962,2.169,2.402,2.366,2.344,2.626,,1.5
2018-08-23,1.5,1.65,1.81,1.564,1.797,1.915,1.791,,1.963,2.174,2.395,2.348,2.322,2.625,,1.5
2018-08-24,1.48,1.65,1.81,1.565,1.796,1.91,1.79,,1.963,2.173,2.381,2.346,2.32,2.624,,1.5
2018-08-27,1.49,1.65,1.81,1.566,1.796,1.907,1.792,,1.963,2.178,2.371,2.341,2.31,2.581,,1.5
2018-08-28,1.49,1.65,1.81,1.568,1.797,1.91,1.793,,1.965,2.172,2.354,2.325,2.298,2.546,,1.5
2018-08-29,1.49,1.65,1.81,1.568,1.8,1.906,1.793,,1.955,2.161,2.362,2.327,2.295,2.507,,1.5
2018-08-30,1.51,1.65,1.81,1.579,1.823,1.934,1.807,,1.98,2.179,2.367,2.329,2.298,2.5,,1.5
2018-08-31,1.55,1.65,1.81,1.575,1.783,1.868,1.768,,1.916,2.113,2.311,2.279,2.26,2.416,,1.5
2018-09-03,1.54,1.65,1.81,1.575,1.781,1.875,1.764,,1.922,2.103,2.292,2.262,2.241,2.404,,1.5
2018-09-04,1.45,1.65,1.81,1.573,1.776,1.875,1.757,,1.917,2.101,2.298,2.254,2.23,2.386,,1.5
2018-09-05,1.49,1.65,1.81,1.571,1.771,1.859,1.751,,1.9,2.081,2.269,2.213,2.19,2.358,,1.5
2018-09-06,1.51,1.65,1.81,1.571,1.775,1.869,1.756,,1.912,2.085,2.274,2.203,2.177,2.366,,1.5
2018-09-07,1.64,1.65,1.81,1.574,1.781,1.877,1.758,,1.919,2.081,2.268,2.207,2.179,2.365,,1.5
2018-09-10,1.55,1.65,1.81,1.573,1.784,1.88,1.76,,1.918,2.083,2.258,2.19,2.172,2.367,,1.5
2018-09-11,1.52,1.65,1.81,1.575,1.79,1.887,1.766,,1.923,2.092,2.273,2.202,2.19,2.373,,1.5
2018-09-12,1.51,1.65,1.81,1.573,1.779,1.863,1.753,,1.893,2.062,2.254,2.184,2.173,2.343,,1.5
2018-09-13,1.52,1.65,1.81,1.576,1.8,1.885,1.771,,1.921,2.083,2.262,2.19,2.178,2.37,,1.5
2018-09-14,1.51,1.65,1.81,1.581,1.827,1.915,1.797,,1.96,2.124,2.309,2.238,2.22,2.406,,1.5
2018-09-17,1.51,1.65,1.81,1.586,1.837,1.927,1.803,,1.967,2.135,2.316,2.272,2.249,2.413,,1.5
2018-09-18,1.51,1.65,1.81,1.587,1.84,1.937,1.808,,1.98,2.152,2.337,2.281,2.246,2.422,,1.5
2018-09-19,1.51,1.65,1.81,1.592,1.853,1.959,1.82,,1.996,2.177,2.374,2.32,2.278,2.438,,1.5
2018-09-20,1.55,1.65,1.81,1.604,1.88,2.002,1.843,,2.035,2.233,2.428,2.406,2.36,2.476,,1.5
2018-09-21,1.6,1.65,1.81,1.606,1.881,1.991,1.839,,2.022,2.221,2.412,2.39,2.342,2.463,,1.5
2018-09-27,1.59,1.65,1.82,1.614,1.893,1.977,1.844,,2.006,2.193,2.375,2.353,2.304,2.45,,1.5
2018-09-28,1.65,1.65,1.82,1.614,1.895,1.979,1.846,,2.005,2.175,2.357,2.336,2.3,2.449,,1.5
2018-10-01,1.55,1.65,1.82,1.617,1.897,1.996,1.849,,2.022,2.195,2.384,2.36,2.331,2.464,,1.5
2018-10-02,1.51,1.65,1.82,1.617,1.893,1.991,1.844,,2.015,2.182,2.371,2.354,2.338,2.46,,1.5
2018-10-04,1.5,1.65,1.82,1.624,1.913,2.038,1.864,,2.066,2.242,2.445,2.417,2.388,2.506,,1.5
2018-10-05,1.5,1.65,1.82,1.629,1.921,2.053,1.872,,2.084,2.269,2.453,2.417,2.383,2.522,,1.5
2018-10-08,1.47,1.65,1.82,1.645,1.928,2.056,1.877,,2.091,2.286,2.453,2.402,2.365,2.528,,1.5
2018-10-10,1.48,1.65,1.82,1.643,1.908,2.025,1.859,,2.059,2.245,2.413,2.353,2.318,2.497,,1.5
2018-10-11,1.5,1.65,1.82,1.64,1.89,1.992,1.844,,2.012,2.19,2.361,2.297,2.273,2.455,,1.5
2018-10-12,1.52,1.66,1.82,1.65,1.903,2.015,1.859,,2.05,2.233,2.399,2.32,2.301,2.486,,1.5
2018-10-15,1.5,1.67,1.82,1.657,1.907,2.015,1.863,,2.051,2.224,2.38,2.311,2.299,2.485,,1.5
2018-10-16,1.49,1.68,1.82,1.666,1.914,2.019,1.871,,2.048,2.217,2.38,2.306,2.291,2.482,,1.5
2018-10-17,1.51,1.68,1.82,1.668,1.914,2.009,1.87,,2.023,2.183,2.341,2.265,2.244,2.463,,1.5
2018-10-18,1.5,1.69,1.82,1.667,1.886,1.971,1.844,,1.981,2.125,2.293,2.213,2.194,2.423,,1.5
2018-10-19,1.5,1.7,1.82,1.672,1.888,1.972,1.845,,1.989,2.142,2.318,2.253,2.234,2.432,,1.5
2018-10-22,1.53,1.7,1.82,1.686,1.898,1.991,1.856,,2.009,2.163,2.344,2.29,2.258,2.451,,1.5
2018-10-23,1.54,1.7,1.82,1.687,1.896,1.98,1.852,,1.989,2.133,2.307,2.256,2.225,2.432,,1.5
2018-10-24,1.56,1.7,1.82,1.696,1.905,1.993,1.861,,2.007,2.142,2.309,2.255,2.225,2.445,,1.5
2018-10-25,1.54,1.7,1.82,1.698,1.912,1.981,1.862,,1.982,2.099,2.269,2.215,2.179,2.426,,1.5
2018-10-26,1.53,1.7,1.82,1.699,1.911,1.983,1.858,,1.968,2.079,2.248,2.197,2.163,2.413,,1.5
2018-10-29,1.49,1.7,1.82,1.675,1.857,1.898,1.807,,1.894,1.997,2.171,2.133,2.097,2.344,,1.5
2018-10-30,1.49,1.7,1.82,1.689,1.885,1.937,1.832,,1.931,2.039,2.221,2.171,2.132,2.384,,1.5
2018-10-31,1.57,1.7,1.82,1.692,1.89,1.942,1.834,,1.939,2.066,2.243,2.187,2.141,2.393,,1.5
2018-11-01,1.51,1.7,1.82,1.694,1.888,1.936,1.834,,1.942,2.08,2.251,2.193,2.135,2.394,,1.5
2018-11-02,1.45,1.7,1.82,1.701,1.903,1.964,1.852,,1.982,2.118,2.283,2.231,2.15,2.431,,1.5
2018-11-05,1.47,1.7,1.82,1.7,1.898,1.96,1.85,,1.982,2.109,2.279,2.224,2.142,2.432,,1.5
2018-11-06,1.44,1.7,1.82,1.7,1.899,1.967,1.851,,1.984,2.116,2.295,2.242,2.16,2.436,,1.5
2018-11-07,1.48,1.7,1.82,1.698,1.89,1.95,1.841,,1.964,2.089,2.259,2.201,2.126,2.419,,1.5
2018-11-08,1.48,1.7,1.83,1.698,1.892,1.949,1.844,,1.966,2.087,2.257,2.187,2.102,2.42,,1.5
2018-11-09,1.49,1.7,1.83,1.697,1.892,1.947,1.841,,1.96,2.069,2.233,2.167,2.085,2.416,,1.5
2018-11-12,1.5,1.7,1.83,1.697,1.889,1.942,1.836,,1.945,2.045,2.21,2.154,2.076,2.406,,1.5
2018-11-13,1.51,1.7,1.84,1.697,1.889,1.937,1.837,,1.94,2.055,2.211,2.15,2.08,2.402,,1.5
2018-11-14,1.5,1.7,1.84,1.697,1.887,1.925,1.837,,1.922,2.038,2.195,2.136,2.073,2.39,,1.5
2018-11-15,1.51,1.7,1.84,1.702,1.897,1.94,1.847,,1.943,2.071,2.231,2.174,2.109,2.409,,1.5
2018-11-16,1.52,1.7,1.84,1.704,1.9,1.949,1.849,,1.947,2.055,2.22,2.173,2.113,2.411,,1.5
2018-11-19,1.51,1.7,1.84,1.703,1.9,1.943,1.849,,1.942,2.044,2.201,2.172,2.11,2.405,,1.5
2018-11-20,1.52,1.7,1.84,1.705,1.905,1.947,1.853,,1.94,2.045,2.206,2.17,2.098,2.405,,1.5
2018-11-21,1.5,1.7,1.85,1.705,1.909,1.95,1.858,,1.946,2.046,2.209,2.169,2.094,2.409,,1.5
2018-11-22,1.53,1.7,1.86,1.707,1.91,1.947,1.857,,1.942,2.042,2.206,2.169,2.097,2.406,,1.5
2018-11-23,1.52,1.7,1.86,1.71,1.902,1.935,1.848,,1.914,2.006,2.169,2.12,2.048,2.388,,1.5
2018-11-26,1.52,1.7,1.86,1.717,1.902,1.936,1.842,,1.914,2.005,2.167,2.121,2.043,2.388,,1.5
2018-11-27,1.49,1.7,1.86,1.717,1.893,1.927,1.836,,1.908,1.991,2.15,2.11,2.028,2.38,,1.5
2018-11-28,1.48,1.7,1.86,1.722,1.898,1.938,1.841,,1.92,2.005,2.155,2.118,2.05,2.388,,1.5
2018-11-29,1.49,1.7,1.86,1.722,1.879,1.91,1.826,,1.889,1.972,2.114,2.075,2.014,2.36,,1.5
2018-11-30,1.76,1.9,1.97,1.73,1.883,1.92,1.83,,1.897,1.972,2.106,2.047,1.974,2.367,,1.75
2018-12-03,1.74,1.9,1.97,1.744,1.895,1.939,1.845,,1.924,1.998,2.128,2.068,2.008,2.388,,1.75
2018-12-04,1.68,1.9,1.97,1.745,1.893,1.941,1.843,,1.914,1.976,2.102,2.048,2,2.382,,1.75
2018-12-05,1.73,1.9,1.97,1.746,1.889,1.921,1.839,,1.901,1.94,2.058,2.024,1.986,2.372,,1.75
2018-12-06,1.71,1.9,1.97,1.742,1.871,1.863,1.82,,1.839,1.878,1.983,1.934,1.897,2.319,,1.75
2018-12-07,1.75,1.9,1.97,1.745,1.874,1.861,1.809,,1.834,1.885,1.993,1.951,1.907,2.313,,1.75
2018-12-10,1.76,1.9,1.97,1.748,1.864,1.858,1.794,,1.803,1.873,1.978,1.946,1.907,2.293,,1.75
2018-12-11,1.76,1.9,1.97,1.749,1.856,1.845,1.79,,1.792,1.877,1.98,1.949,1.908,2.284,,1.75
2018-12-12,1.77,1.9,1.97,1.75,1.852,1.847,1.769,,1.803,1.907,2.01,1.974,1.93,2.292,,1.75
2018-12-13,1.75,1.9,1.97,1.751,1.852,1.844,1.769,,1.795,1.907,2.018,1.981,1.929,2.288,,1.75
2018-12-14,1.76,1.9,1.97,1.751,1.849,1.844,1.76,,1.781,1.896,2.002,1.975,1.932,2.277,,1.75
2018-12-17,1.76,1.9,1.97,1.751,1.846,1.849,1.761,,1.795,1.886,2.004,1.969,1.928,2.283,,1.75
2018-12-18,1.75,1.9,1.97,1.751,1.84,1.838,1.751,,1.795,1.864,1.981,1.956,1.921,2.282,,1.75
2018-12-19,1.75,1.9,1.97,1.749,1.83,1.817,1.743,,1.783,1.829,1.932,1.92,1.877,2.272,,1.75
2018-12-20,1.77,1.9,1.97,1.748,1.829,1.83,1.743,,1.8,1.842,1.932,1.921,1.887,2.283,,1.75
2018-12-21,1.78,1.9,1.97,1.755,1.837,1.86,1.746,,1.838,1.893,1.97,1.953,1.922,2.31,,1.75
2018-12-24,1.77,1.9,1.97,1.756,1.841,1.867,1.748,,1.846,1.903,1.99,1.983,1.954,2.313,,1.75
2018-12-26,1.78,1.92,1.97,1.756,1.838,1.85,1.745,,1.807,1.87,1.948,1.958,1.925,2.279,,1.75
2018-12-27,1.82,1.92,1.97,1.759,1.839,1.853,1.747,,1.81,1.874,1.943,1.952,1.928,2.282,,1.75
2018-12-28,1.82,1.93,1.97,1.76,1.84,1.854,1.748,,1.817,1.884,1.948,1.954,1.927,2.287,,1.75
2018-12-31,1.89,1.93,1.97,1.76,1.84,1.854,1.748,,1.817,1.884,1.948,1.954,1.927,2.287,,1.75
2019-01-02,1.83,1.93,1.97,1.755,1.821,1.832,1.733,,1.802,1.873,1.948,1.969,1.948,2.27,,1.75
2019-01-03,1.77,1.92,1.97,1.752,1.815,1.823,1.731,,1.796,1.869,1.955,1.979,1.962,2.265,,1.75
2019-01-04,1.75,1.86,1.97,1.744,1.796,1.802,1.717,,1.797,1.866,1.972,1.977,1.954,2.259,,1.75
2019-01-07,1.74,1.86,1.97,1.743,1.796,1.808,1.722,,1.807,1.877,1.977,1.972,1.953,2.268,,1.75
2019-01-08,1.74,1.86,1.97,1.743,1.796,1.816,1.725,,1.81,1.892,1.994,1.991,1.964,2.269,,1.75
2019-01-09,1.73,1.86,1.97,1.742,1.795,1.822,1.723,,1.809,1.895,1.985,1.994,1.962,2.27,,1.75
2019-01-10,1.75,1.86,1.97,1.74,1.788,1.817,1.717,,1.796,1.86,1.964,1.988,1.96,2.259,,1.75
2019-01-11,1.75,1.86,1.97,1.741,1.793,1.827,1.72,,1.804,1.877,1.992,2.002,1.979,2.262,,1.75
2019-01-14,1.73,1.86,1.97,1.74,1.793,1.826,1.718,,1.797,1.858,1.973,2.004,1.978,2.257,,1.75
2019-01-15,1.74,1.86,1.97,1.74,1.795,1.827,1.721,,1.797,1.86,1.968,2,1.975,2.258,,1.75
2019-01-16,1.75,1.86,1.97,1.741,1.797,1.825,1.722,,1.803,1.871,1.982,2.002,1.985,2.258,,1.75
2019-01-17,1.75,1.86,1.97,1.741,1.796,1.824,1.722,,1.795,1.871,1.976,2.006,1.981,2.255,,1.75
2019-01-18,1.75,1.86,1.97,1.745,1.804,1.835,1.731,,1.814,1.895,2.008,2.036,2.01,2.267,,1.75
2019-01-21,1.76,1.86,1.97,1.75,1.812,1.836,1.736,,1.821,1.898,2.028,2.065,2.047,2.271,,1.75
2019-01-22,1.77,1.86,1.97,1.748,1.807,1.819,1.729,,1.803,1.873,1.997,2.045,2.027,2.255,,1.75
2019-01-23,1.78,1.86,1.97,1.751,1.812,1.823,1.737,,1.803,1.865,1.984,2.038,2.016,2.256,,1.75
2019-01-24,1.75,1.86,1.97,1.752,1.817,1.832,1.745,,1.81,1.876,1.993,2.039,2.019,2.261,,1.75
2019-01-25,1.76,1.86,1.97,1.753,1.819,1.829,1.746,,1.812,1.884,2.005,2.055,2.047,2.261,,1.75
2019-01-28,1.76,1.86,1.97,1.755,1.826,1.834,1.751,,1.82,1.891,2.019,2.086,2.079,2.267,,1.75
2019-01-29,1.74,1.86,1.97,1.757,1.829,1.838,1.757,,1.823,1.898,2.035,2.096,2.081,2.269,,1.75
2019-01-30,1.74,1.86,1.97,1.758,1.834,1.843,1.761,,1.827,1.914,2.051,2.107,2.086,2.272,,1.75
2019-01-31,1.81,1.86,1.97,1.751,1.827,1.828,1.754,,1.809,1.883,2.001,2.05,2.048,2.256,,1.75
2019-02-01,1.74,1.86,1.97,1.75,1.824,1.825,1.751,,1.803,1.876,1.983,2.04,2.037,2.251,,1.75
2019-02-07,1.75,1.86,1.97,1.752,1.824,1.823,1.751,,1.801,1.876,1.995,2.061,2.055,2.249,,1.75
2019-02-08,1.75,1.86,1.97,1.748,1.818,1.813,1.743,,1.786,1.853,1.965,2.039,2.034,2.234,,1.75
2019-02-11,1.74,1.86,1.97,1.747,1.815,1.801,1.741,,1.781,1.837,1.943,2.008,1.994,2.229,,1.75
2019-02-12,1.75,1.86,1.97,1.751,1.822,1.811,1.749,,1.796,1.856,1.978,2.035,2.015,2.242,,1.75
2019-02-13,1.74,1.86,1.97,1.754,1.829,1.822,1.754,,1.801,1.87,1.987,2.035,2.011,2.247,,1.75
2019-02-14,1.76,1.86,1.97,1.754,1.828,1.82,1.753,,1.794,1.864,1.99,2.045,2.019,2.242,,1.75
2019-02-15,1.77,1.86,1.97,1.752,1.823,1.811,1.75,,1.779,1.84,1.962,2.018,1.984,2.231,,1.75
2019-02-18,1.78,1.87,1.97,1.759,1.831,1.829,1.762,,1.804,1.87,1.997,2.045,2.015,2.251,,1.75
2019-02-19,1.76,1.88,1.97,1.76,1.832,1.831,1.763,,1.8,1.867,1.996,2.048,2.029,2.249,,1.75
2019-02-20,1.75,1.89,1.97,1.761,1.833,1.833,1.766,,1.802,1.871,1.992,2.051,2.03,2.252,,1.75
2019-02-21,1.76,1.89,1.97,1.765,1.836,1.839,1.769,,1.811,1.881,2.01,2.071,2.044,2.258,,1.75
2019-02-22,1.76,1.89,1.97,1.765,1.838,1.84,1.771,,1.814,1.885,2.008,2.085,2.053,2.26,,1.75
2019-02-25,1.77,1.89,1.97,1.767,1.845,1.844,1.774,,1.819,1.89,2.012,2.075,2.054,2.265,,1.75
2019-02-26,1.76,1.89,1.97,1.765,1.842,1.837,1.771,,1.816,1.884,2.003,2.069,2.046,2.261,,1.75
2019-02-27,1.77,1.89,1.97,1.765,1.841,1.835,1.77,,1.808,1.873,1.985,2.064,2.047,2.254,,1.75
2019-02-28,1.8,1.89,1.97,1.766,1.843,1.844,1.776,,1.813,1.876,1.987,2.069,2.053,2.261,,1.75
2019-03-04,1.76,1.89,1.97,1.776,1.854,1.862,1.787,,1.834,1.907,2.027,2.102,2.088,2.281,,1.75
2019-03-05,1.77,1.89,1.97,1.777,1.855,1.863,1.788,,1.836,1.911,2.029,2.085,2.064,2.283,,1.75
2019-03-06,1.75,1.89,1.97,1.776,1.854,1.858,1.786,,1.828,1.9,2.021,2.077,2.064,2.278,,1.75
2019-03-07,1.76,1.89,1.97,1.773,1.85,1.85,1.78,,1.817,1.884,2.005,2.061,2.057,2.269,,1.75
2019-03-08,1.78,1.89,1.97,1.769,1.842,1.84,1.773,,1.802,1.863,1.973,2.023,2.018,2.255,,1.75
2019-03-11,1.77,1.89,1.97,1.77,1.843,1.843,1.776,,1.81,1.868,1.986,2.037,2.029,2.261,,1.75
2019-03-12,1.76,1.89,1.98,1.77,1.842,1.843,1.776,,1.81,1.87,1.991,2.055,2.046,2.262,,1.75
2019-03-13,1.78,1.89,1.98,1.766,1.838,1.834,1.77,,1.795,1.853,1.966,2.025,2.02,2.248,,1.75
2019-03-14,1.75,1.89,1.98,1.767,1.839,1.835,1.77,,1.793,1.851,1.978,2.029,2.028,2.246,,1.75
2019-03-15,1.73,1.9,1.98,1.77,1.844,1.844,1.778,,1.803,1.865,1.989,2.032,2.027,2.256,,1.75
2019-03-18,1.76,1.9,1.98,1.772,1.846,1.85,1.781,,1.812,1.871,1.994,2.042,2.035,2.264,,1.75
2019-03-19,1.74,1.9,1.98,1.772,1.845,1.848,1.781,,1.81,1.863,1.979,2.029,2.026,2.262,,1.75
2019-03-20,1.74,1.9,1.98,1.773,1.847,1.849,1.783,,1.813,1.866,1.981,2.008,2.003,2.265,,1.75
2019-03-21,1.74,1.9,1.98,1.769,1.838,1.833,1.773,,1.793,1.829,1.932,1.947,1.951,2.247,,1.75
2019-03-22,1.75,1.9,1.98,1.77,1.839,1.835,1.777,,1.8,1.827,1.934,1.929,1.921,2.254,,1.75
2019-03-25,1.75,1.9,1.98,1.763,1.817,1.805,1.763,,1.77,1.785,1.888,1.9,1.893,2.225,,1.75
2019-03-26,1.77,1.9,1.98,1.764,1.809,1.792,1.76,,1.763,1.788,1.905,1.932,1.929,2.217,,1.75
2019-03-27,1.74,1.9,1.98,1.755,1.791,1.755,1.74,,1.722,1.743,1.845,1.876,1.879,2.187,,1.75
2019-03-28,1.76,1.9,1.98,1.744,1.763,1.713,1.719,,1.679,1.703,1.81,1.843,1.84,2.151,,1.75
2019-03-29,1.81,1.9,1.98,1.747,1.763,1.722,1.722,,1.69,1.708,1.833,1.86,1.865,2.163,,1.75
2019-04-01,1.75,1.9,1.98,1.756,1.769,1.748,1.74,,1.726,1.742,1.866,1.895,1.895,2.197,,1.75
2019-04-02,1.75,1.89,1.98,1.75,1.759,1.729,1.733,,1.706,1.73,1.856,1.898,1.896,2.178,,1.75
2019-04-03,1.7,1.87,1.98,1.754,1.766,1.737,1.743,,1.72,1.754,1.889,1.919,1.903,2.193,,1.75
2019-04-04,1.72,1.87,1.98,1.754,1.766,1.735,1.744,,1.72,1.754,1.877,1.915,1.903,2.194,,1.75
2019-04-05,1.75,1.86,1.98,1.756,1.769,1.74,1.752,,1.735,1.777,1.893,1.918,1.909,2.207,,1.75
2019-04-08,1.76,1.86,1.98,1.753,1.767,1.737,1.749,,1.723,1.76,1.868,1.893,1.876,2.196,,1.75
2019-04-09,1.77,1.86,1.98,1.753,1.766,1.736,1.749,,1.725,1.759,1.872,1.892,1.878,2.197,,1.75
2019-04-10,1.75,1.86,1.98,1.754,1.768,1.743,1.751,,1.731,1.761,1.871,1.897,1.887,2.201,,1.75
2019-04-11,1.78,1.86,1.98,1.754,1.768,1.744,1.753,,1.732,1.76,1.867,1.894,1.878,2.202,,1.75
2019-04-12,1.76,1.86,1.98,1.755,1.77,1.744,1.754,,1.733,1.769,1.881,1.901,1.885,2.204,,1.75
2019-04-15,1.77,1.86,1.98,1.763,1.785,1.766,1.77,,1.761,1.805,1.926,1.935,1.913,2.23,,1.75
2019-04-16,1.76,1.86,1.98,1.765,1.785,1.769,1.772,,1.765,1.807,1.932,1.95,1.936,2.234,,1.75
2019-04-17,1.73,1.86,1.98,1.767,1.787,1.777,1.777,,1.778,1.823,1.947,1.962,1.958,2.249,,1.75
2019-04-18,1.72,1.86,1.98,1.756,1.771,1.754,1.752,,1.741,1.776,1.893,1.914,1.901,2.215,,1.75
2019-04-19,1.75,1.86,1.98,1.758,1.776,1.766,1.758,,1.756,1.788,1.899,1.913,1.903,2.228,,1.75
2019-04-22,1.74,1.85,1.98,1.763,1.786,1.779,1.766,,1.769,1.815,1.929,1.949,1.933,2.241,,1.75
2019-04-23,1.75,1.85,1.98,1.762,1.783,1.774,1.764,,1.768,1.806,1.923,1.939,1.927,2.238,,1.75
2019-04-24,1.73,1.85,1.98,1.757,1.776,1.764,1.755,,1.749,1.791,1.912,1.933,1.918,2.219,,1.75
2019-04-25,1.73,1.85,1.98,1.749,1.763,1.744,1.739,,1.724,1.758,1.879,1.91,1.898,2.195,,1.75
2019-04-26,1.73,1.84,1.98,1.747,1.761,1.741,1.738,,1.72,1.751,1.876,1.906,1.897,2.191,,1.75
2019-04-29,1.73,1.84,1.98,1.743,1.757,1.737,1.734,,1.712,1.743,1.864,1.891,1.882,2.184,,1.75
2019-04-30,1.79,1.84,1.98,1.738,1.745,1.724,1.727,,1.699,1.728,1.845,1.872,1.869,2.171,,1.75
2019-05-02,1.75,1.84,1.97,1.751,1.763,1.76,1.749,,1.732,1.765,1.885,1.913,1.907,2.201,,1.75
2019-05-03,1.74,1.84,1.96,1.752,1.764,1.759,1.752,,1.739,1.775,1.9,1.931,1.923,2.204,,1.75
2019-05-07,1.73,1.84,1.96,1.745,1.755,1.746,1.743,,1.723,1.759,1.885,1.917,1.905,2.189,,1.75
2019-05-08,1.73,1.84,1.95,1.743,1.75,1.74,1.74,,1.717,1.755,1.878,1.914,1.903,2.184,,1.75
2019-05-09,1.73,1.84,1.95,1.738,1.742,1.731,1.734,,1.708,1.744,1.861,1.899,1.888,2.176,,1.75
2019-05-10,1.74,1.84,1.95,1.74,1.744,1.738,1.741,,1.719,1.762,1.873,1.908,1.898,2.187,,1.75
2019-05-13,1.75,1.84,1.95,1.74,1.742,1.737,1.742,,1.721,1.765,1.874,1.912,1.899,2.186,,1.75
2019-05-14,1.73,1.84,1.95,1.737,1.736,1.728,1.735,,1.711,1.759,1.868,1.906,1.892,2.177,,1.75
2019-05-15,1.76,1.84,1.94,1.736,1.733,1.726,1.734,,1.71,1.755,1.865,1.899,1.889,2.175,,1.75
2019-05-16,1.75,1.84,1.94,1.718,1.709,1.7,1.709,,1.675,1.711,1.82,1.855,1.848,2.146,,1.75
2019-05-17,1.74,1.84,1.94,1.718,1.709,1.7,1.707,,1.67,1.706,1.822,1.856,1.846,2.145,,1.75
2019-05-20,1.76,1.84,1.94,1.721,1.714,1.708,1.714,,1.681,1.724,1.847,1.878,1.867,2.157,,1.75
2019-05-21,1.73,1.84,1.94,1.715,1.707,1.7,1.703,,1.663,1.707,1.83,1.864,1.857,2.142,,1.75
2019-05-22,1.73,1.84,1.94,1.715,1.706,1.696,1.704,,1.667,1.709,1.828,1.872,1.863,2.144,,1.75
2019-05-23,1.74,1.84,1.94,1.702,1.692,1.678,1.69,,1.648,1.69,1.808,1.853,1.848,2.131,,1.75
2019-05-24,1.73,1.84,1.94,1.699,1.688,1.675,1.687,,1.643,1.679,1.792,1.835,1.833,2.126,,1.75
2019-05-27,1.75,1.84,1.94,1.701,1.691,1.68,1.69,,1.652,1.687,1.797,1.842,1.839,2.131,,1.75
2019-05-28,1.75,1.84,1.94,1.7,1.69,1.677,1.691,,1.654,1.682,1.793,1.832,1.836,2.13,,1.75
2019-05-29,1.75,1.84,1.94,1.68,1.67,1.648,1.665,,1.619,1.642,1.741,1.783,1.781,2.103,,1.75
2019-05-30,1.76,1.84,1.94,1.682,1.674,1.652,1.669,,1.626,1.651,1.741,1.775,1.774,2.11,,1.75
2019-05-31,1.79,1.84,1.93,1.647,1.632,1.603,1.626,,1.587,1.605,1.682,1.715,1.719,2.075,,1.75
2019-06-03,1.77,1.82,1.93,1.645,1.63,1.6,1.619,,1.575,1.602,1.691,1.73,1.736,2.074,,1.75
2019-06-04,1.75,1.82,1.93,1.644,1.629,1.597,1.616,,1.57,1.594,1.684,1.723,1.727,2.07,,1.75
2019-06-05,1.73,1.82,1.93,1.628,1.612,1.581,1.595,,1.542,1.567,1.654,1.692,1.704,2.05,,1.75
2019-06-07,1.77,1.82,1.93,1.627,1.61,1.568,1.595,,1.537,1.566,1.656,1.696,1.705,2.047,,1.75
2019-06-10,1.75,1.82,1.93,1.626,1.606,1.567,1.592,,1.533,1.577,1.661,1.713,1.72,2.048,,1.75
2019-06-11,1.75,1.82,1.93,1.63,1.606,1.569,1.597,,1.542,1.588,1.68,1.734,1.731,2.053,,1.75
2019-06-12,1.75,1.81,1.93,1.58,1.55,1.507,1.537,,1.469,1.51,1.6,1.656,1.65,1.999,,1.75
2019-06-13,1.75,1.81,1.93,1.584,1.553,1.514,1.543,,1.48,1.524,1.613,1.669,1.665,2.002,,1.75
2019-06-14,1.74,1.81,1.93,1.579,1.544,1.503,1.536,,1.47,1.5,1.591,1.641,1.645,1.989,,1.75
2019-06-17,1.76,1.8,1.93,1.593,1.555,1.519,1.554,,1.491,1.526,1.621,1.667,1.666,2.005,,1.75
2019-06-18,1.75,1.8,1.93,1.594,1.556,1.523,1.556,,1.493,1.526,1.614,1.661,1.66,2.007,,1.75
2019-06-19,1.76,1.8,1.93,1.587,1.548,1.515,1.548,,1.484,1.513,1.601,1.639,1.635,1.995,,1.75
2019-06-20,1.75,1.8,1.93,1.551,1.51,1.475,1.502,,1.42,1.45,1.545,1.585,1.583,1.939,,1.75
2019-06-21,1.74,1.8,1.92,1.566,1.524,1.492,1.519,,1.44,1.475,1.569,1.61,1.608,1.949,,1.75
2019-06-24,1.75,1.79,1.92,1.565,1.523,1.49,1.519,,1.44,1.472,1.563,1.605,1.607,1.949,,1.75
2019-06-25,1.75,1.79,1.92,1.576,1.538,1.521,1.543,,1.478,1.509,1.584,1.62,1.619,1.971,,1.75
2019-06-26,1.76,1.78,1.92,1.583,1.553,1.533,1.56,,1.496,1.528,1.605,1.635,1.636,1.982,,1.75
2019-06-27,1.77,1.78,1.92,1.588,1.561,1.538,1.564,,1.494,1.531,1.616,1.645,1.646,1.984,,1.75
2019-06-28,1.83,1.78,1.92,1.575,1.547,1.518,1.552,,1.472,1.506,1.596,1.628,1.631,1.967,,1.75
2019-07-01,1.75,1.78,1.92,1.579,1.552,1.527,1.556,,1.479,1.524,1.608,1.639,1.64,1.974,,1.75
2019-07-02,1.73,1.78,1.92,1.571,1.542,1.51,1.546,,1.463,1.504,1.586,1.614,1.613,1.958,,1.75
2019-07-03,1.73,1.78,1.92,1.555,1.52,1.478,1.521,,1.429,1.459,1.534,1.568,1.568,1.925,,1.75
2019-07-04,1.73,1.78,1.91,1.548,1.51,1.466,1.512,,1.416,1.445,1.523,1.558,1.557,1.915,,1.75
2019-07-05,1.73,1.78,1.91,1.548,1.511,1.466,1.514,,1.423,1.452,1.533,1.565,1.565,1.923,,1.75
2019-07-08,1.73,1.78,1.91,1.547,1.508,1.464,1.514,,1.422,1.45,1.53,1.561,1.56,1.922,,1.75
2019-07-09,1.69,1.78,1.91,1.547,1.506,1.463,1.514,,1.424,1.454,1.538,1.563,1.561,1.923,,1.75
2019-07-10,1.74,1.78,1.91,1.551,1.513,1.474,1.523,,1.438,1.476,1.562,1.583,1.578,1.938,,1.75
2019-07-11,1.75,1.78,1.91,1.541,1.5,1.456,1.508,,1.419,1.46,1.547,1.565,1.561,1.92,,1.75
2019-07-12,1.74,1.78,1.91,1.542,1.501,1.458,1.511,,1.424,1.475,1.569,1.586,1.582,1.927,,1.75
2019-07-15,1.73,1.78,1.91,1.544,1.504,1.46,1.517,,1.434,1.487,1.582,1.601,1.596,1.937,,1.75
2019-07-16,1.72,1.78,1.91,1.543,1.502,1.454,1.515,,1.431,1.483,1.573,1.595,1.585,1.934,,1.75
2019-07-17,1.72,1.73,1.91,1.525,1.481,1.423,1.491,,1.399,1.454,1.546,1.567,1.56,1.903,,1.75
2019-07-18,1.5,1.61,1.84,1.495,1.437,1.378,1.444,,1.345,1.383,1.472,1.495,1.486,1.85,,1.5
2019-07-19,1.49,1.59,1.84,1.483,1.421,1.355,1.43,,1.327,1.363,1.456,1.473,1.469,1.832,,1.5
2019-07-22,1.48,1.59,1.84,1.482,1.419,1.355,1.434,,1.333,1.376,1.465,1.477,1.475,1.837,,1.5
2019-07-23,1.48,1.59,1.82,1.484,1.421,1.359,1.436,,1.339,1.383,1.472,1.479,1.476,1.843,,1.5
2019-07-24,1.48,1.56,1.8,1.474,1.409,1.341,1.424,,1.321,1.37,1.465,1.465,1.457,1.83,,1.5
2019-07-25,1.5,1.54,1.79,1.465,1.397,1.32,1.415,,1.302,1.343,1.431,1.432,1.423,1.809,,1.5
2019-07-26,1.51,1.53,1.78,1.465,1.398,1.325,1.418,,1.308,1.346,1.426,1.406,1.396,1.817,,1.5
2019-07-29,1.5,1.53,1.77,1.463,1.396,1.327,1.416,,1.306,1.34,1.412,1.382,1.366,1.817,,1.5
2019-07-30,1.52,1.52,1.76,1.462,1.394,1.323,1.414,,1.301,1.338,1.409,1.396,1.385,1.812,,1.5
2019-07-31,1.56,1.5,1.76,1.459,1.389,1.312,1.41,,1.292,1.323,1.39,1.382,1.368,1.803,,1.5
2019-08-01,1.51,1.5,1.76,1.463,1.398,1.326,1.42,,1.309,1.346,1.41,1.389,1.375,1.822,,1.5
2019-08-02,1.48,1.5,1.75,1.429,1.357,1.275,1.382,,1.26,1.29,1.349,1.341,1.331,1.773,,1.5
2019-08-05,1.49,1.5,1.74,1.384,1.307,1.215,1.32,,1.172,1.194,1.253,1.259,1.248,1.693,,1.5
2019-08-06,1.49,1.49,1.73,1.375,1.297,1.197,1.295,,1.163,1.184,1.256,1.254,1.245,1.688,,1.5
2019-08-07,1.49,1.49,1.73,1.365,1.283,1.176,1.244,,1.153,1.181,1.251,1.242,1.236,1.678,,1.5
2019-08-08,1.49,1.49,1.73,1.364,1.28,1.17,1.221,,1.165,1.202,1.27,1.255,1.245,1.691,,1.5
2019-08-09,1.5,1.49,1.73,1.358,1.275,1.18,1.2,,1.186,1.225,1.286,1.271,1.261,1.707,,1.5
2019-08-12,1.52,1.49,1.73,1.34,1.242,1.181,1.19,,1.182,1.223,1.285,1.271,1.258,1.706,,1.5
2019-08-13,1.52,1.49,1.73,1.316,1.207,1.15,1.174,,1.15,1.177,1.229,1.231,1.215,1.678,,1.5
2019-08-14,1.52,1.49,1.72,1.31,1.196,1.145,1.169,,1.149,1.182,1.231,1.214,1.202,1.678,,1.5
2019-08-16,1.52,1.49,1.72,1.277,1.155,1.098,1.125,,1.095,1.127,1.172,1.15,1.142,1.626,,1.5
2019-08-19,1.51,1.49,1.72,1.28,1.153,1.097,1.126,,1.093,1.131,1.184,1.179,1.171,1.628,,1.5
2019-08-20,1.51,1.49,1.72,1.284,1.151,1.098,1.124,,1.101,1.142,1.198,1.189,1.183,1.636,,1.5
2019-08-21,1.51,1.49,1.72,1.296,1.166,1.146,1.15,,1.156,1.222,1.277,1.264,1.265,1.685,,1.5
2019-08-22,1.52,1.49,1.72,1.28,1.148,1.13,1.108,,1.13,1.183,1.229,1.24,1.242,1.658,,1.5
2019-08-23,1.53,1.49,1.72,1.282,1.148,1.163,1.113,,1.169,1.219,1.261,1.27,1.27,1.691,,1.5
2019-08-26,1.53,1.49,1.72,1.273,1.131,1.138,1.08,,1.121,1.147,1.191,1.21,1.21,1.648,,1.5
2019-08-27,1.53,1.49,1.72,1.28,1.159,1.185,1.114,,1.171,1.198,1.238,1.262,1.263,1.695,,1.5
2019-08-28,1.51,1.49,1.72,1.282,1.168,1.2,1.118,,1.18,1.208,1.244,1.254,1.254,1.701,,1.5
2019-08-29,1.51,1.49,1.72,1.277,1.168,1.199,1.115,,1.167,1.216,1.248,1.258,1.256,1.691,,1.5
2019-08-30,1.54,1.49,1.72,1.277,1.177,1.212,1.122,,1.168,1.232,1.276,1.272,1.268,1.693,,1.5
2019-09-02,1.5,1.49,1.72,1.284,1.197,1.251,1.154,,1.233,1.297,1.344,1.342,1.337,1.74,,1.5
2019-09-03,1.5,1.49,1.72,1.282,1.205,1.247,1.15,,1.228,1.29,1.331,1.326,1.31,1.734,,1.5
2019-09-04,1.49,1.5,1.72,1.281,1.22,1.26,1.157,,1.241,1.3,1.344,1.328,1.311,1.741,,1.5
2019-09-05,1.5,1.53,1.72,1.291,1.243,1.28,1.171,,1.259,1.324,1.367,1.35,1.333,1.76,,1.5
2019-09-06,1.53,1.54,1.72,1.293,1.253,1.289,1.174,,1.265,1.33,1.381,1.362,1.34,1.769,,1.5
2019-09-09,1.56,1.54,1.72,1.29,1.253,1.275,1.172,,1.235,1.302,1.353,1.326,1.306,1.742,,1.5
2019-09-10,1.51,1.54,1.72,1.291,1.265,1.282,1.188,,1.242,1.293,1.37,1.288,1.304,1.748,,1.5
2019-09-11,1.49,1.54,1.72,1.294,1.277,1.296,1.202,,1.258,1.315,1.397,1.299,1.323,1.764,,1.5
2019-09-16,1.52,1.54,1.72,1.318,1.329,1.363,1.27,,1.348,1.438,1.536,1.459,1.486,1.85,,1.5
2019-09-17,1.52,1.54,1.72,1.297,1.311,1.348,1.251,,1.315,1.408,1.5,1.443,1.459,1.822,,1.5
2019-09-18,1.5,1.54,1.72,1.291,1.306,1.34,1.254,,1.309,1.391,1.468,1.422,1.425,1.816,,1.5
2019-09-19,1.5,1.55,1.72,1.295,1.314,1.355,1.269,,1.329,1.391,1.463,1.411,1.417,1.835,,1.5
2019-09-20,1.51,1.55,1.72,1.294,1.318,1.358,1.269,,1.332,1.397,1.455,1.415,1.423,1.836,,1.5
2019-09-23,1.51,1.55,1.72,1.297,1.328,1.368,1.277,,1.331,1.402,1.462,1.45,1.428,1.837,,1.5
2019-09-24,1.51,1.55,1.72,1.294,1.329,1.363,1.277,,1.325,1.393,1.454,1.436,1.415,1.829,,1.5
2019-09-25,1.53,1.55,1.72,1.29,1.324,1.348,1.272,,1.304,1.364,1.424,1.415,1.394,1.807,,1.5
2019-09-26,1.53,1.55,1.72,1.293,1.324,1.342,1.272,,1.301,1.366,1.433,1.422,1.402,1.806,,1.5
2019-09-27,1.54,1.55,1.72,1.295,1.33,1.338,1.273,,1.301,1.361,1.438,1.416,1.396,1.806,,1.5
2019-09-30,1.58,1.55,1.72,1.297,1.333,1.33,1.275,,1.297,1.352,1.456,1.431,1.42,1.8,,1.5
2019-10-01,1.55,1.55,1.72,1.311,1.346,1.35,1.287,,1.323,1.381,1.498,1.479,1.465,1.824,,1.5
2019-10-02,1.51,1.55,1.72,1.309,1.333,1.326,1.283,,1.303,1.368,1.497,1.478,1.46,1.806,,1.5
2019-10-04,1.52,1.55,1.72,1.278,1.289,1.238,1.243,,1.21,1.249,1.373,1.371,1.363,1.717,,1.5
2019-10-07,1.46,1.55,1.72,1.288,1.292,1.253,1.259,,1.232,1.277,1.386,1.386,1.378,1.738,,1.5
2019-10-08,1.48,1.55,1.72,1.298,1.305,1.277,1.267,,1.264,1.311,1.429,1.425,1.412,1.766,,1.5
2019-10-10,1.51,1.55,1.72,1.3,1.31,1.287,1.271,,1.276,1.337,1.459,1.452,1.442,1.779,,1.5
2019-10-11,1.55,1.55,1.72,1.301,1.309,1.293,1.272,,1.281,1.35,1.488,1.478,1.471,1.785,,1.5
2019-10-14,1.53,1.55,1.72,1.299,1.307,1.294,1.273,,1.281,1.358,1.488,1.473,1.462,1.787,,1.5
2019-10-15,1.52,1.55,1.72,1.294,1.301,1.293,1.272,,1.281,1.362,1.499,1.493,1.48,1.791,,1.5
2019-10-16,1.28,1.36,1.7,1.294,1.308,1.318,1.276,,1.32,1.399,1.53,1.514,1.5,1.827,,1.25
2019-10-17,1.25,1.36,1.69,1.301,1.323,1.361,1.285,,1.375,1.454,1.578,1.556,1.535,1.879,,1.25
2019-10-18,1.25,1.36,1.68,1.301,1.32,1.363,1.283,,1.375,1.46,1.587,1.569,1.545,1.88,,1.25
2019-10-21,1.25,1.36,1.67,1.311,1.333,1.387,1.3,,1.408,1.515,1.66,1.649,1.627,1.912,,1.25
2019-10-22,1.24,1.36,1.65,1.301,1.317,1.367,1.293,,1.379,1.49,1.655,1.656,1.643,1.885,,1.25
2019-10-23,1.24,1.36,1.65,1.303,1.324,1.375,1.299,,1.388,1.493,1.654,1.661,1.648,1.894,,1.25
2019-10-24,1.23,1.37,1.65,1.308,1.338,1.388,1.311,,1.396,1.497,1.641,1.649,1.642,1.905,,1.25
2019-10-25,1.24,1.37,1.65,1.316,1.359,1.425,1.334,,1.435,1.538,1.677,1.677,1.677,1.943,,1.25
2019-10-28,1.24,1.44,1.65,1.34,1.403,1.497,1.369,,1.523,1.629,1.765,1.757,1.746,2.018,,1.25
2019-10-29,1.24,1.44,1.65,1.331,1.4,1.469,1.36,,1.499,1.621,1.777,1.768,1.759,1.994,,1.25
2019-10-30,1.26,1.44,1.65,1.326,1.401,1.454,1.359,,1.481,1.601,1.753,1.738,1.727,1.981,,1.25
2019-10-31,1.29,1.44,1.65,1.322,1.4,1.448,1.359,,1.466,1.583,1.728,1.696,1.69,1.973,,1.25
2019-11-01,1.25,1.44,1.65,1.323,1.403,1.452,1.364,,1.467,1.592,1.732,1.704,1.693,1.976,,1.25
2019-11-04,1.25,1.46,1.65,1.326,1.422,1.508,1.387,,1.55,1.677,1.827,1.781,1.767,2.053,,1.25
2019-11-05,1.25,1.49,1.65,1.313,1.411,1.485,1.371,,1.522,1.659,1.817,1.779,1.767,2.026,,1.25
2019-11-06,1.24,1.5,1.65,1.314,1.413,1.492,1.377,,1.53,1.665,1.82,1.785,1.77,2.033,,1.25
2019-11-07,1.26,1.52,1.65,1.316,1.419,1.51,1.38,,1.541,1.668,1.822,1.784,1.764,2.048,,1.25
2019-11-08,1.28,1.52,1.65,1.308,1.409,1.496,1.374,,1.518,1.644,1.803,1.768,1.742,2.023,,1.25
2019-11-11,1.3,1.53,1.65,1.309,1.409,1.496,1.372,,1.5,1.625,1.788,1.756,1.733,2.011,,1.25
2019-11-12,1.32,1.53,1.65,1.321,1.435,1.54,1.394,,1.564,1.674,1.842,1.798,1.766,2.064,,1.25
2019-11-13,1.32,1.53,1.65,1.316,1.425,1.497,1.388,,1.51,1.616,1.787,1.746,1.711,2.015,,1.25
2019-11-14,1.3,1.53,1.65,1.319,1.43,1.499,1.392,,1.515,1.61,1.785,1.745,1.707,2.016,,1.25
2019-11-15,1.3,1.53,1.65,1.321,1.436,1.506,1.395,,1.513,1.604,1.79,1.749,1.717,2.019,,1.25
2019-11-18,1.3,1.53,1.65,1.321,1.441,1.503,1.405,,1.518,1.594,1.781,1.743,1.711,2.023,,1.25
2019-11-19,1.29,1.53,1.65,1.318,1.432,1.481,1.399,,1.485,1.564,1.734,1.708,1.676,1.995,,1.25
2019-11-20,1.3,1.53,1.65,1.316,1.423,1.462,1.38,,1.45,1.519,1.671,1.643,1.615,1.965,,1.25
2019-11-21,1.29,1.53,1.65,1.32,1.426,1.466,1.39,,1.462,1.532,1.672,1.617,1.588,1.978,,1.25
2019-11-22,1.29,1.53,1.65,1.331,1.426,1.455,1.391,,1.456,1.541,1.687,1.627,1.604,1.972,,1.25
2019-11-25,1.27,1.53,1.65,1.342,1.433,1.468,1.401,,1.475,1.577,1.725,1.677,1.64,1.988,,1.25
2019-11-26,1.27,1.53,1.65,1.342,1.43,1.465,1.399,,1.475,1.564,1.707,1.658,1.623,1.989,,1.25
2019-11-27,1.26,1.53,1.65,1.34,1.418,1.449,1.39,,1.456,1.528,1.671,1.604,1.567,1.975,,1.25
2019-11-28,1.25,1.53,1.65,1.336,1.41,1.431,1.382,,1.43,1.519,1.667,1.627,1.588,1.957,,1.25
2019-11-29,1.28,1.53,1.65,1.326,1.389,1.395,1.365,,1.385,1.475,1.63,1.595,1.554,1.922,,1.25
2019-12-02,1.25,1.53,1.66,1.339,1.397,1.424,1.376,,1.425,1.522,1.688,1.647,1.609,1.957,,1.25
2019-12-03,1.24,1.53,1.66,1.342,1.397,1.435,1.382,,1.46,1.553,1.736,1.695,1.656,1.986,,1.25
2019-12-04,1.24,1.53,1.66,1.333,1.374,1.404,1.36,,1.406,1.48,1.657,1.631,1.589,1.939,,1.25
2019-12-05,1.25,1.53,1.66,1.337,1.379,1.408,1.37,,1.423,1.493,1.661,1.623,1.59,1.957,,1.25
2019-12-06,1.24,1.53,1.66,1.339,1.382,1.417,1.371,,1.43,1.511,1.68,1.627,1.595,1.969,,1.25
2019-12-09,1.26,1.53,1.66,1.335,1.373,1.403,1.363,,1.412,1.488,1.664,1.612,1.579,1.955,,1.25
2019-12-10,1.28,1.53,1.66,1.333,1.372,1.4,1.351,,1.39,1.478,1.616,1.569,1.525,1.949,,1.25
2019-12-11,1.26,1.53,1.66,1.331,1.371,1.397,1.345,,1.381,1.475,1.621,1.573,1.53,1.942,,1.25
2019-12-12,1.3,1.53,1.66,1.331,1.372,1.399,1.343,,1.382,1.473,1.619,1.596,1.553,1.942,,1.25
2019-12-13,1.3,1.53,1.66,1.341,1.385,1.419,1.352,,1.402,1.498,1.649,1.605,1.565,1.962,,1.25
2019-12-16,1.29,1.53,1.67,1.332,1.372,1.4,1.341,,1.369,1.46,1.612,1.57,1.535,1.935,,1.25
2019-12-17,1.28,1.53,1.67,1.33,1.373,1.397,1.34,,1.363,1.45,1.605,1.579,1.545,1.93,,1.25
2019-12-18,1.28,1.53,1.67,1.329,1.376,1.394,1.336,,1.357,1.444,1.606,1.586,1.55,1.927,,1.25
2019-12-19,1.29,1.53,1.67,1.33,1.386,1.4,1.347,,1.383,1.467,1.655,1.638,1.607,1.949,,1.25
2019-12-20,1.28,1.53,1.67,1.331,1.389,1.405,1.349,,1.392,1.474,1.673,1.659,1.637,1.959,,1.25
2019-12-23,1.29,1.53,1.67,1.33,1.385,1.399,1.342,,1.38,1.462,1.642,1.643,1.613,1.951,,1.25
2019-12-24,1.3,1.53,1.67,1.329,1.382,1.391,1.339,,1.37,1.452,1.631,1.631,1.605,1.945,,1.25
2019-12-26,1.31,1.53,1.67,1.328,1.378,1.383,1.336,,1.367,1.467,1.641,1.639,1.611,1.941,,1.25
2019-12-27,1.31,1.53,1.68,1.329,1.376,1.379,1.337,,1.37,1.485,1.683,1.693,1.683,1.944,,1.25
2019-12-30,1.31,1.53,1.69,1.325,1.369,1.367,1.335,,1.36,1.48,1.683,1.69,1.682,1.937,,1.25
2019-12-31,1.39,1.53,1.69,1.325,1.369,1.367,1.335,,1.36,1.48,1.683,1.691,1.682,1.937,,1.25
2020-01-02,1.3,1.53,1.69,1.311,1.344,1.334,1.319,,1.327,1.441,1.638,1.661,1.652,1.907,,1.25
2020-01-03,1.27,1.53,1.69,1.295,1.311,1.293,1.299,,1.27,1.361,1.555,1.601,1.586,1.858,,1.25
2020-01-06,1.29,1.49,1.69,1.295,1.309,1.297,1.295,,1.277,1.345,1.541,1.587,1.567,1.861,,1.25
2020-01-07,1.27,1.46,1.69,1.302,1.328,1.344,1.312,,1.331,1.42,1.613,1.642,1.624,1.911,,1.25
2020-01-08,1.25,1.46,1.69,1.299,1.337,1.362,1.319,,1.363,1.46,1.63,1.643,1.615,1.939,,1.25
2020-01-09,1.28,1.46,1.69,1.307,1.347,1.396,1.326,,1.416,1.516,1.687,1.672,1.635,1.983,,1.25
2020-01-10,1.28,1.46,1.69,1.311,1.355,1.413,1.33,,1.425,1.546,1.706,1.695,1.66,1.991,,1.25
2020-01-13,1.29,1.46,1.69,1.305,1.349,1.407,1.328,,1.418,1.55,1.729,1.717,1.669,1.989,,1.25
2020-01-14,1.27,1.46,1.69,1.293,1.338,1.382,1.317,,1.386,1.513,1.716,1.714,1.67,1.968,,1.25
2020-01-15,1.27,1.46,1.69,1.293,1.342,1.392,1.32,,1.391,1.502,1.695,1.702,1.66,1.972,,1.25
2020-01-16,1.27,1.46,1.69,1.3,1.356,1.413,1.333,,1.426,1.536,1.701,1.685,1.636,2.001,,1.25
2020-01-17,1.28,1.46,1.69,1.302,1.364,1.414,1.341,,1.433,1.553,1.741,1.723,1.676,2.01,,1.25
2020-01-20,1.28,1.46,1.69,1.316,1.384,1.444,1.355,,1.455,1.583,1.762,1.759,1.716,2.034,,1.25
2020-01-21,1.29,1.46,1.69,1.303,1.359,1.4,1.33,,1.395,1.514,1.689,1.709,1.673,1.986,,1.25
2020-01-22,1.28,1.46,1.69,1.313,1.374,1.423,1.345,,1.437,1.55,1.723,1.729,1.697,2.016,,1.25
2020-01-23,1.28,1.46,1.69,1.307,1.362,1.409,1.338,,1.424,1.537,1.704,1.722,1.694,2.006,,1.25
2020-01-28,1.26,1.46,1.69,1.27,1.321,1.347,1.295,,1.352,1.45,1.603,1.631,1.621,1.94,,1.25
2020-01-29,1.25,1.46,1.69,1.263,1.313,1.333,1.286,,1.33,1.428,1.582,1.612,1.598,1.922,,1.25
2020-01-30,1.24,1.43,1.69,1.255,1.291,1.305,1.265,,1.301,1.39,1.553,1.581,1.568,1.897,,1.25
2020-01-31,1.25,1.42,1.69,1.254,1.283,1.3,1.264,,1.303,1.387,1.558,1.588,1.581,1.899,,1.25
2020-02-03,1.22,1.42,1.69,1.245,1.268,1.281,1.256,,1.291,1.373,1.547,1.581,1.562,1.884,,1.25
2020-02-04,1.22,1.42,1.69,1.257,1.283,1.311,1.272,,1.331,1.442,1.628,1.655,1.638,1.923,,1.25
2020-02-05,1.23,1.42,1.68,1.245,1.267,1.295,1.259,,1.307,1.412,1.601,1.628,1.607,1.901,,1.25
2020-02-06,1.23,1.42,1.68,1.243,1.263,1.285,1.257,,1.311,1.428,1.63,1.643,1.622,1.904,,1.25
2020-02-07,1.22,1.42,1.68,1.234,1.248,1.251,1.238,,1.28,1.398,1.601,1.628,1.615,1.874,,1.25
2020-02-10,1.24,1.42,1.68,1.235,1.252,1.258,1.242,,1.296,1.41,1.603,1.618,1.613,1.886,,1.25
2020-02-11,1.26,1.42,1.68,1.233,1.25,1.257,1.241,,1.299,1.408,1.602,1.61,1.603,1.888,,1.25
2020-02-12,1.26,1.42,1.68,1.235,1.253,1.259,1.242,,1.297,1.421,1.613,1.616,1.605,1.89,,1.25
2020-02-13,1.26,1.42,1.68,1.231,1.244,1.243,1.235,,1.275,1.404,1.609,1.623,1.617,1.873,,1.25
2020-02-14,1.24,1.42,1.68,1.247,1.278,1.288,1.268,,1.33,1.454,1.653,1.653,1.643,1.913,,1.25
2020-02-17,1.24,1.42,1.68,1.246,1.278,1.278,1.264,,1.32,1.435,1.622,1.643,1.633,1.906,,1.25
2020-02-18,1.23,1.42,1.67,1.226,1.251,1.249,1.237,,1.271,1.381,1.56,1.578,1.581,1.863,,1.25
2020-02-19,1.24,1.42,1.65,1.225,1.254,1.259,1.237,,1.284,1.38,1.559,1.567,1.568,1.875,,1.25
2020-02-20,1.23,1.41,1.63,1.203,1.223,1.225,1.209,,1.234,1.331,1.515,1.537,1.548,1.833,,1.25
2020-02-21,1.23,1.41,1.62,1.173,1.183,1.175,1.168,,1.182,1.267,1.443,1.472,1.484,1.782,,1.25
2020-02-24,1.24,1.41,1.61,1.136,1.151,1.138,1.129,,1.139,1.236,1.416,1.44,1.448,1.74,,1.25
2020-02-25,1.25,1.41,1.6,1.138,1.156,1.159,1.139,,1.171,1.263,1.429,1.443,1.447,1.765,,1.25
2020-02-26,1.25,1.41,1.59,1.122,1.137,1.138,1.119,,1.135,1.232,1.395,1.424,1.429,1.734,,1.25
2020-02-27,1.23,1.41,1.58,1.154,1.182,1.19,1.154,,1.194,1.29,1.443,1.479,1.48,1.79,,1.25
2020-02-28,1.26,1.41,1.57,1.117,1.143,1.122,1.113,,1.104,1.18,1.333,1.384,1.397,1.707,,1.25
2020-03-02,1.26,1.41,1.56,1.119,1.151,1.129,1.121,,1.128,1.211,1.372,1.415,1.425,1.728,,1.25
2020-03-03,1.26,1.41,1.56,1.116,1.143,1.119,1.117,,1.11,1.198,1.371,1.432,1.439,1.718,,1.25
2020-03-04,1.25,1.4,1.55,1.052,1.067,1.045,1.038,,1.029,1.116,1.299,1.393,1.398,1.644,,1.25
2020-03-05,1.25,1.4,1.55,1.057,1.077,1.057,1.046,,1.051,1.143,1.337,1.412,1.425,1.666,,1.25
2020-03-06,1.24,1.4,1.55,1.057,1.073,1.071,1.051,,1.078,1.182,1.37,1.434,1.455,1.692,,1.25
2020-03-09,1.26,1.4,1.55,1.033,1.046,1.042,1.014,,1.038,1.127,1.286,1.334,1.35,1.657,,1.25
2020-03-10,1.25,1.4,1.55,1.052,1.066,1.082,1.033,,1.082,1.183,1.355,1.386,1.4,1.708,,1.25
2020-03-11,1.24,1.4,1.55,1.045,1.055,1.064,1.032,,1.086,1.194,1.369,1.413,1.421,1.712,,1.25
2020-03-12,1.25,1.39,1.55,1.044,1.051,1.058,1.022,,1.062,1.187,1.387,1.438,1.448,1.707,,1.25
2020-03-13,1.25,1.39,1.55,1.077,1.106,1.115,1.073,,1.149,1.314,1.57,1.576,1.591,1.81,,1.25
2020-03-16,1.27,1.39,1.54,1.016,1.042,1.042,1.02,,1.099,1.268,1.524,1.54,1.547,1.765,,1.25
2020-03-17,0.76,1.02,1.36,0.923,0.957,0.982,0.981,,1.03,1.196,1.441,1.483,1.482,1.74,,0.75
2020-03-18,0.73,1.02,1.37,0.918,0.952,1.004,0.982,,1.05,1.256,1.502,1.54,1.535,1.77,,0.75
2020-03-19,0.72,1.02,1.41,0.966,1.052,1.156,1.066,,1.193,1.434,1.657,1.67,1.654,1.947,,0.75
2020-03-20,0.73,1.02,1.47,0.949,1.038,1.115,1.019,,1.107,1.388,1.611,1.663,1.645,1.945,,0.75
2020-03-23,0.73,1.02,1.56,0.964,1.055,1.163,1.041,,1.153,1.462,1.718,1.802,1.768,2.01,,0.75
2020-03-24,0.72,1.07,1.66,0.951,1.034,1.128,1.015,,1.127,1.43,1.708,1.78,1.767,2.006,,0.75
2020-03-25,0.73,1.1,1.88,0.941,1.033,1.107,1.013,,1.131,1.408,1.647,1.749,1.732,2.025,,0.75
2020-03-26,0.73,1.1,2.05,0.926,1.006,1.069,0.995,,1.067,1.285,1.502,1.599,1.589,2.035,,0.75
2020-03-27,0.75,1.1,2.1,0.9,1.002,1.059,0.993,,1.06,1.266,1.532,1.622,1.636,2.039,,0.75
2020-03-30,0.76,1.1,2.17,0.904,1.021,1.089,1.005,,1.098,1.316,1.562,1.665,1.661,2.074,,0.75
2020-03-31,0.8,1.1,2.2,0.899,1.008,1.067,0.989,,1.07,1.296,1.551,1.671,1.669,2.077,,0.75
2020-04-01,0.76,1.1,2.22,0.893,1.006,1.08,0.984,,1.092,1.326,1.545,1.662,1.661,2.099,,0.75
2020-04-02,0.74,1.1,2.24,0.868,0.976,1.043,0.959,,1.059,1.303,1.518,1.639,1.645,2.093,,0.75
2020-04-03,0.73,1.1,2.2,0.846,0.952,1.033,0.95,,1.066,1.329,1.548,1.651,1.668,2.1,,0.75
2020-04-06,0.75,1.1,2.2,0.805,0.912,1.007,0.928,,1.052,1.302,1.543,1.628,1.64,2.1,,0.75
2020-04-07,0.74,1.1,2.19,0.77,0.884,1.003,0.911,,1.047,1.318,1.58,1.661,1.67,2.1,,0.75
2020-04-08,0.73,1.1,2.19,0.745,0.86,0.98,0.891,,1.024,1.264,1.511,1.598,1.608,2.097,,0.75
2020-04-09,0.73,1.1,2.16,0.729,0.843,0.956,0.862,,0.986,1.202,1.438,1.535,1.544,2.093,,0.75
2020-04-10,0.73,1.1,2.14,0.725,0.839,0.944,0.856,,0.97,1.194,1.444,1.534,1.537,2.092,,0.75
2020-04-13,0.75,1.1,2.13,0.725,0.848,0.955,0.867,,0.996,1.225,1.469,1.561,1.558,2.12,,0.75
2020-04-14,0.74,1.1,2.13,0.725,0.855,0.963,0.871,,0.996,1.225,1.464,1.567,1.572,2.126,,0.75
2020-04-16,0.73,1.1,2.13,0.722,0.855,0.961,0.868,,0.982,1.184,1.411,1.533,1.547,2.123,,0.75
2020-04-17,0.74,1.1,2.11,0.734,0.868,0.981,0.879,,1.006,1.219,1.438,1.564,1.577,2.148,,0.75
2020-04-20,0.75,1.1,2.09,0.729,0.864,0.981,0.876,,1.013,1.217,1.444,1.562,1.577,2.153,,0.75
2020-04-21,0.75,1.1,2.08,0.742,0.869,0.996,0.886,,1.035,1.23,1.458,1.575,1.596,2.188,,0.75
2020-04-22,0.74,1.1,2.06,0.746,0.87,1.009,0.893,,1.046,1.269,1.532,1.627,1.652,2.203,,0.75
2020-04-23,0.74,1.1,2.01,0.74,0.853,0.993,0.884,,1.036,1.291,1.545,1.635,1.655,2.203,,0.75
2020-04-24,0.74,1.1,2.01,0.738,0.832,0.972,0.873,,1.018,1.277,1.546,1.636,1.659,2.201,,0.75
2020-04-27,0.73,1.1,2.01,0.739,0.83,0.975,0.878,,1.026,1.288,1.576,1.673,1.692,2.215,,0.75
2020-04-28,0.73,1.1,2.01,0.739,0.828,0.972,0.879,,1.033,1.288,1.56,1.679,1.694,2.224,,0.75
2020-04-29,0.76,1.1,2.01,0.731,0.817,0.955,0.872,,1.006,1.246,1.518,1.634,1.656,2.218,,0.75
2020-05-04,0.71,1.1,2.01,0.72,0.801,0.921,0.856,,0.975,1.215,1.499,1.622,1.645,2.203,,0.75
2020-05-06,0.72,1.1,2.01,0.718,0.796,0.916,0.845,,0.96,1.224,1.508,1.632,1.662,2.202,,0.75
2020-05-07,0.71,1.08,2,0.707,0.778,0.902,0.834,,0.946,1.209,1.48,1.598,1.62,2.198,,0.75
2020-05-08,0.72,1.08,1.99,0.695,0.762,0.882,0.819,,0.914,1.166,1.426,1.54,1.558,2.182,,0.75
2020-05-11,0.73,1.05,1.98,0.697,0.767,0.891,0.821,,0.926,1.186,1.462,1.563,1.572,2.198,,0.75
2020-05-12,0.73,1.05,1.98,0.675,0.746,0.862,0.799,,0.886,1.142,1.424,1.535,1.546,2.173,,0.75
2020-05-13,0.72,1.05,1.98,0.664,0.732,0.836,0.78,,0.856,1.111,1.392,1.499,1.511,2.155,,0.75
2020-05-14,0.72,1.05,1.97,0.669,0.735,0.839,0.786,,0.869,1.122,1.381,1.489,1.499,2.17,,0.75
2020-05-15,0.71,1.05,1.96,0.67,0.732,0.843,0.784,,0.874,1.118,1.383,1.492,1.505,2.176,,0.75
2020-05-18,0.71,1.05,1.95,0.675,0.733,0.854,0.783,,0.887,1.128,1.394,1.509,1.518,2.188,,0.75
2020-05-19,0.73,1.02,1.94,0.673,0.733,0.845,0.781,,0.876,1.132,1.391,1.51,1.519,2.185,,0.75
2020-05-20,0.72,1.02,1.93,0.671,0.729,0.838,0.772,,0.868,1.111,1.358,1.487,1.5,2.181,,0.75
2020-05-21,0.73,1.02,1.92,0.67,0.727,0.831,0.768,,0.856,1.097,1.342,1.47,1.482,2.177,,0.75
2020-05-22,0.72,1.02,1.91,0.661,0.717,0.81,0.755,,0.837,1.082,1.347,1.472,1.49,2.165,,0.75
2020-05-25,0.72,1.02,1.9,0.656,0.71,0.799,0.743,,0.815,1.05,1.316,1.454,1.481,2.152,,0.75
2020-05-26,0.72,1.02,1.89,0.661,0.721,0.818,0.743,,0.839,1.08,1.328,1.454,1.483,2.176,,0.75
2020-05-27,0.74,1.02,1.88,0.662,0.725,0.827,0.749,,0.863,1.096,1.34,1.455,1.483,2.196,,0.75
2020-05-28,0.49,0.81,1.63,0.608,0.667,0.775,0.7,,0.818,1.076,1.343,1.46,1.49,2.157,,0.5
2020-05-29,0.49,0.81,1.62,0.597,0.648,0.753,0.692,,0.826,1.097,1.374,1.499,1.528,2.158,,0.5
2020-06-01,0.49,0.81,1.62,0.592,0.636,0.757,0.689,,0.831,1.119,1.395,1.526,1.558,2.164,,0.5
2020-06-02,0.47,0.81,1.62,0.588,0.635,0.765,0.692,,0.851,1.127,1.378,1.533,1.572,2.182,,0.5
2020-06-03,0.47,0.81,1.62,0.596,0.65,0.785,0.708,,0.866,1.15,1.426,1.546,1.585,2.199,,0.5
2020-06-04,0.46,0.8,1.61,0.603,0.665,0.795,0.723,,0.886,1.179,1.432,1.542,1.577,2.217,,0.5
2020-06-05,0.47,0.79,1.6,0.608,0.674,0.799,0.73,,0.894,1.189,1.452,1.562,1.585,2.224,,0.5
2020-06-08,0.46,0.79,1.58,0.61,0.674,0.796,0.732,,0.902,1.191,1.453,1.566,1.583,2.227,,0.5
2020-06-09,0.5,0.79,1.57,0.606,0.666,0.784,0.722,,0.861,1.134,1.397,1.523,1.542,2.204,,0.5
2020-06-10,0.49,0.79,1.56,0.607,0.661,0.775,0.72,,0.84,1.122,1.398,1.528,1.546,2.205,,0.5
2020-06-11,0.49,0.79,1.56,0.605,0.659,0.774,0.718,,0.837,1.113,1.383,1.515,1.542,2.204,,0.5
2020-06-12,0.46,0.79,1.55,0.611,0.669,0.782,0.721,,0.841,1.125,1.388,1.529,1.561,2.21,,0.5
2020-06-15,0.46,0.79,1.54,0.621,0.691,0.804,0.736,,0.861,1.153,1.424,1.565,1.583,2.229,,0.5
2020-06-16,0.46,0.79,1.54,0.623,0.698,0.802,0.736,,0.86,1.131,1.402,1.553,1.57,2.225,,0.5
2020-06-17,0.47,0.79,1.54,0.631,0.714,0.825,0.749,,0.874,1.147,1.409,1.557,1.572,2.244,,0.5
2020-06-18,0.46,0.79,1.54,0.623,0.699,0.793,0.73,,0.842,1.105,1.37,1.518,1.557,2.225,,0.5
2020-06-19,0.46,0.79,1.54,0.624,0.692,0.8,0.725,,0.844,1.125,1.38,1.541,1.583,2.23,,0.5
2020-06-22,0.47,0.79,1.54,0.625,0.683,0.795,0.725,,0.846,1.124,1.39,1.571,1.599,2.232,,0.5
2020-06-23,0.47,0.79,1.54,0.615,0.67,0.776,0.709,,0.827,1.109,1.385,1.565,1.594,2.224,,0.5
2020-06-24,0.48,0.79,1.54,0.613,0.666,0.777,0.707,,0.819,1.09,1.363,1.552,1.579,2.221,,0.5
2020-06-25,0.47,0.79,1.54,0.611,0.664,0.775,0.706,,0.817,1.083,1.344,1.542,1.57,2.22,,0.5
2020-06-26,0.5,0.79,1.53,0.611,0.665,0.779,0.701,,0.811,1.071,1.327,1.526,1.551,2.22,,0.5
2020-06-29,0.49,0.79,1.52,0.621,0.677,0.79,0.717,,0.842,1.095,1.365,1.558,1.587,2.246,,0.5
2020-06-30,0.57,0.79,1.51,0.624,0.676,0.795,0.716,,0.842,1.111,1.373,1.577,1.601,2.25,,0.5
2020-07-01,0.48,0.79,1.5,0.623,0.668,0.79,0.712,,0.847,1.132,1.402,1.587,1.603,2.251,,0.5
2020-07-02,0.47,0.79,1.5,0.611,0.65,0.771,0.701,,0.831,1.114,1.377,1.571,1.59,2.235,,0.5
2020-07-03,0.5,0.79,1.5,0.613,0.648,0.773,0.703,,0.838,1.115,1.387,1.575,1.595,2.239,,0.5
2020-07-06,0.49,0.79,1.5,0.616,0.654,0.785,0.71,,0.854,1.136,1.41,1.588,1.608,2.249,,0.5
2020-07-07,0.45,0.79,1.49,0.607,0.644,0.771,0.701,,0.843,1.116,1.388,1.565,1.579,2.236,,0.5
2020-07-08,0.48,0.79,1.48,0.603,0.64,0.77,0.698,,0.839,1.105,1.377,1.55,1.565,2.232,,0.5
2020-07-09,0.48,0.79,1.47,0.604,0.641,0.77,0.702,,0.84,1.116,1.391,1.564,1.577,2.235,,0.5
2020-07-10,0.49,0.79,1.47,0.604,0.643,0.777,0.703,,0.849,1.125,1.397,1.57,1.579,2.237,,0.5
2020-07-13,0.5,0.79,1.47,0.61,0.648,0.791,0.71,,0.86,1.146,1.42,1.591,1.598,2.249,,0.5
2020-07-14,0.48,0.79,1.47,0.609,0.647,0.793,0.704,,0.854,1.149,1.418,1.594,1.602,2.246,,0.5
2020-07-15,0.47,0.79,1.47,0.606,0.644,0.789,0.7,,0.847,1.148,1.414,1.598,1.601,2.241,,0.5
2020-07-16,0.49,0.79,1.47,0.598,0.633,0.773,0.691,,0.829,1.112,1.378,1.581,1.585,2.227,,0.5
2020-07-17,0.46,0.79,1.47,0.589,0.625,0.759,0.682,,0.812,1.08,1.348,1.563,1.57,2.214,,0.5
2020-07-20,0.44,0.79,1.47,0.582,0.617,0.75,0.674,,0.801,1.066,1.334,1.535,1.55,2.205,,0.5
2020-07-21,0.46,0.79,1.47,0.588,0.623,0.763,0.684,,0.818,1.084,1.356,1.556,1.567,2.216,,0.5
2020-07-22,0.45,0.79,1.47,0.582,0.618,0.757,0.68,,0.81,1.071,1.346,1.548,1.557,2.209,,0.5
2020-07-23,0.46,0.78,1.47,0.574,0.607,0.743,0.672,,0.798,1.048,1.318,1.514,1.524,2.194,,0.5
2020-07-24,0.48,0.78,1.47,0.574,0.605,0.744,0.671,,0.799,1.049,1.305,1.497,1.503,2.189,,0.5
2020-07-27,0.49,0.78,1.47,0.575,0.606,0.745,0.671,,0.803,1.053,1.304,1.491,1.493,2.188,,0.5
2020-07-28,0.47,0.78,1.47,0.58,0.611,0.753,0.677,,0.813,1.074,1.329,1.506,1.504,2.194,,0.5
2020-07-29,0.48,0.78,1.47,0.578,0.609,0.747,0.673,,0.811,1.063,1.309,1.496,1.495,2.19,,0.5
2020-07-30,0.49,0.78,1.47,0.57,0.6,0.735,0.664,,0.799,1.037,1.281,1.487,1.491,2.181,,0.5
2020-07-31,0.51,0.78,1.47,0.57,0.598,0.729,0.658,,0.796,1.031,1.296,1.493,1.501,2.177,,0.5
2020-08-03,0.51,0.78,1.47,0.57,0.596,0.727,0.655,,0.799,1.04,1.306,1.515,1.521,2.177,,0.5
2020-08-04,0.5,0.76,1.47,0.572,0.598,0.729,0.657,,0.802,1.055,1.306,1.525,1.534,2.179,,0.5
2020-08-05,0.48,0.76,1.47,0.569,0.592,0.72,0.649,,0.795,1.045,1.293,1.51,1.524,2.168,,0.5
2020-08-06,0.49,0.76,1.47,0.569,0.592,0.712,0.653,,0.807,1.053,1.306,1.511,1.525,2.172,,0.5
2020-08-07,0.5,0.75,1.47,0.571,0.596,0.715,0.655,,0.81,1.058,1.319,1.514,1.529,2.174,,0.5
2020-08-10,0.47,0.74,1.47,0.581,0.61,0.729,0.668,,0.83,1.095,1.363,1.552,1.56,2.191,,0.5
2020-08-11,0.47,0.73,1.47,0.578,0.609,0.725,0.664,,0.818,1.077,1.345,1.539,1.546,2.183,,0.5
2020-08-12,0.49,0.7,1.47,0.584,0.615,0.733,0.672,,0.827,1.087,1.373,1.557,1.562,2.192,,0.5
2020-08-13,0.49,0.67,1.47,0.581,0.611,0.728,0.667,,0.815,1.075,1.362,1.546,1.548,2.184,,0.5
2020-08-14,0.52,0.65,1.46,0.586,0.618,0.739,0.673,,0.828,1.096,1.396,1.573,1.574,2.195,,0.5
2020-08-18,0.52,0.64,1.45,0.582,0.611,0.73,0.664,,0.81,1.07,1.357,1.547,1.548,2.182,,0.5
2020-08-19,0.51,0.63,1.43,0.582,0.611,0.729,0.662,,0.805,1.061,1.347,1.541,1.541,2.177,,0.5
2020-08-20,0.5,0.63,1.41,0.588,0.618,0.736,0.667,,0.813,1.08,1.379,1.56,1.575,2.183,,0.5
2020-08-21,0.53,0.63,1.4,0.599,0.635,0.764,0.683,,0.854,1.126,1.41,1.582,1.593,2.204,,0.5
2020-08-24,0.53,0.63,1.39,0.59,0.625,0.753,0.67,,0.824,1.093,1.378,1.569,1.579,2.185,,0.5
2020-08-25,0.52,0.63,1.39,0.594,0.629,0.757,0.672,,0.825,1.1,1.387,1.579,1.592,2.188,,0.5
2020-08-26,0.53,0.63,1.39,0.602,0.637,0.769,0.677,,0.835,1.114,1.404,1.59,1.601,2.197,,0.5
2020-08-27,0.5,0.63,1.38,0.605,0.642,0.777,0.682,,0.852,1.132,1.421,1.595,1.604,2.212,,0.5
2020-08-28,0.49,0.63,1.37,0.624,0.671,0.81,0.701,,0.893,1.175,1.486,1.642,1.649,2.24,,0.5
2020-08-31,0.55,0.63,1.36,0.641,0.691,0.839,0.722,,0.94,1.21,1.516,1.666,1.663,2.264,,0.5
2020-09-01,0.52,0.63,1.33,0.662,0.712,0.863,0.746,,0.977,1.273,1.582,1.729,1.722,2.291,,0.5
2020-09-02,0.49,0.63,1.31,0.646,0.696,0.845,0.72,,0.923,1.228,1.539,1.7,1.686,2.261,,0.5
2020-09-03,0.48,0.63,1.3,0.646,0.697,0.844,0.721,,0.919,1.218,1.524,1.694,1.683,2.261,,0.5
2020-09-04,0.48,0.63,1.29,0.65,0.702,0.852,0.731,,0.929,1.225,1.527,1.694,1.685,2.268,,0.5
2020-09-07,0.49,0.63,1.28,0.664,0.718,0.877,0.748,,0.973,1.263,1.572,1.7,1.691,2.287,,0.5
2020-09-08,0.43,0.63,1.27,0.653,0.704,0.86,0.733,,0.949,1.234,1.555,1.675,1.663,2.269,,0.5
2020-09-09,0.48,0.63,1.26,0.637,0.687,0.838,0.71,,0.915,1.19,1.518,1.652,1.636,2.244,,0.5
2020-09-10,0.47,0.63,1.25,0.634,0.684,0.837,0.708,,0.915,1.218,1.517,1.617,1.633,2.243,,0.5
2020-09-11,0.49,0.63,1.24,0.641,0.692,0.848,0.714,,0.926,1.228,1.53,1.645,1.651,2.251,,0.5
2020-09-14,0.47,0.63,1.23,0.64,0.691,0.844,0.709,,0.919,1.217,1.517,1.659,1.662,2.247,,0.5
2020-09-15,0.46,0.63,1.22,0.633,0.685,0.834,0.699,,0.907,1.198,1.503,1.645,1.649,2.238,,0.5
2020-09-16,0.46,0.63,1.2,0.63,0.683,0.831,0.7,,0.91,1.188,1.485,1.6,1.615,2.233,,0.5
2020-09-17,0.46,0.63,1.18,0.634,0.688,0.835,0.705,,0.914,1.197,1.508,1.624,1.631,2.236,,0.5
2020-09-18,0.47,0.63,1.16,0.632,0.686,0.834,0.7,,0.907,1.198,1.503,1.622,1.632,2.232,,0.5
2020-09-21,0.46,0.63,1.15,0.632,0.685,0.833,0.699,,0.904,1.197,1.493,1.632,1.639,2.232,,0.5
2020-09-22,0.49,0.63,1.14,0.628,0.682,0.828,0.694,,0.897,1.177,1.472,1.61,1.611,2.228,,0.5
2020-09-23,0.47,0.63,1.13,0.623,0.678,0.828,0.686,,0.883,1.149,1.447,1.598,1.595,2.217,,0.5
2020-09-24,0.49,0.63,1.12,0.617,0.673,0.814,0.674,,0.857,1.129,1.437,1.594,1.594,2.2,,0.5
2020-09-25,0.48,0.63,1.11,0.617,0.674,0.806,0.674,,0.855,1.125,1.424,1.573,1.585,2.2,,0.5
2020-09-28,0.48,0.63,1.11,0.613,0.671,0.799,0.668,,0.843,1.117,1.426,1.562,1.575,2.192,,0.5
2020-09-29,0.55,0.63,1.11,0.614,0.674,0.802,0.668,,0.846,1.107,1.43,1.564,1.577,2.193,,0.5
2020-10-05,0.47,0.63,1.11,0.628,0.692,0.828,0.679,,0.881,1.147,1.479,1.615,1.626,2.221,,0.5
2020-10-06,0.46,0.63,1.11,0.639,0.706,0.845,0.687,,0.905,1.199,1.531,1.666,1.681,2.242,,0.5
2020-10-07,0.48,0.63,1.11,0.633,0.702,0.841,0.685,,0.91,1.2,1.533,1.662,1.675,2.244,,0.5
2020-10-08,0.53,0.63,1.11,0.631,0.699,0.831,0.683,,0.907,1.207,1.543,1.66,1.67,2.241,,0.5
2020-10-12,0.54,0.63,1.11,0.635,0.702,0.838,0.69,,0.925,1.225,1.553,1.66,1.665,2.251,,0.5
2020-10-13,0.54,0.63,1.11,0.633,0.701,0.838,0.689,,0.923,1.211,1.527,1.626,1.628,2.248,,0.5
2020-10-14,0.5,0.63,1.11,0.628,0.696,0.822,0.68,,0.901,1.194,1.513,1.619,1.625,2.237,,0.5
2020-10-15,0.47,0.63,1.11,0.621,0.689,0.806,0.671,,0.877,1.163,1.478,1.607,1.611,2.22,,0.5
2020-10-16,0.47,0.63,1.11,0.627,0.694,0.817,0.674,,0.888,1.178,1.493,1.637,1.643,2.23,,0.5
2020-10-19,0.48,0.63,1.11,0.625,0.691,0.821,0.673,,0.891,1.148,1.441,1.592,1.598,2.229,,0.5
2020-10-20,0.49,0.63,1.11,0.631,0.698,0.832,0.679,,0.911,1.167,1.462,1.602,1.609,2.241,,0.5
2020-10-21,0.52,0.63,1.11,0.638,0.703,0.85,0.685,,0.934,1.224,1.522,1.644,1.649,2.259,,0.5
2020-10-22,0.53,0.63,1.11,0.633,0.699,0.84,0.68,,0.925,1.209,1.507,1.633,1.637,2.246,,0.5
2020-10-23,0.55,0.63,1.11,0.631,0.696,0.831,0.675,,0.91,1.191,1.495,1.63,1.638,2.235,,0.5
2020-10-26,0.56,0.63,1.11,0.63,0.694,0.829,0.673,,0.908,1.192,1.482,1.626,1.636,2.231,,0.5
2020-10-27,0.56,0.63,1.11,0.636,0.7,0.837,0.677,,0.917,1.206,1.503,1.632,1.646,2.239,,0.5
2020-10-28,0.49,0.63,1.11,0.634,0.698,0.838,0.674,,0.914,1.202,1.497,1.624,1.639,2.232,,0.5
2020-10-29,0.48,0.63,1.11,0.636,0.702,0.848,0.678,,0.927,1.218,1.527,1.638,1.652,2.24,,0.5
2020-10-30,0.52,0.63,1.11,0.637,0.703,0.847,0.68,,0.935,1.235,1.546,1.645,1.651,2.247,,0.5
2020-11-02,0.48,0.63,1.11,0.65,0.721,0.876,0.698,,0.971,1.288,1.602,1.692,1.693,2.273,,0.5
2020-11-03,0.47,0.67,1.11,0.654,0.722,0.879,0.702,,0.98,1.296,1.607,1.706,1.707,2.276,,0.5
2020-11-04,0.46,0.67,1.11,0.648,0.715,0.862,0.693,,0.955,1.266,1.569,1.685,1.687,2.257,,0.5
2020-11-05,0.46,0.66,1.11,0.638,0.705,0.849,0.681,,0.927,1.223,1.527,1.668,1.671,2.237,,0.5
2020-11-06,0.51,0.66,1.11,0.643,0.711,0.857,0.689,,0.943,1.254,1.559,1.688,1.689,2.249,,0.5
2020-11-09,0.5,0.66,1.11,0.646,0.713,0.861,0.694,,0.959,1.272,1.568,1.691,1.693,2.254,,0.5
2020-11-10,0.49,0.66,1.11,0.652,0.721,0.879,0.704,,0.976,1.306,1.624,1.73,1.735,2.269,,0.5
2020-11-11,0.48,0.66,1.11,0.655,0.725,0.882,0.71,,0.989,1.34,1.662,1.748,1.754,2.274,,0.5
2020-11-12,0.48,0.66,1.11,0.646,0.714,0.868,0.701,,0.969,1.319,1.65,1.74,1.745,2.256,,0.5
2020-11-13,0.48,0.66,1.11,0.642,0.71,0.859,0.699,,0.965,1.298,1.627,1.738,1.742,2.253,,0.5
2020-11-16,0.48,0.66,1.11,0.643,0.711,0.862,0.7,,0.97,1.302,1.623,1.736,1.739,2.254,,0.5
2020-11-17,0.49,0.66,1.11,0.643,0.71,0.864,0.698,,0.96,1.297,1.62,1.733,1.733,2.25,,0.5
2020-11-18,0.48,0.66,1.1,0.64,0.705,0.858,0.693,,0.949,1.28,1.602,1.712,1.707,2.239,,0.5
2020-11-19,0.49,0.66,1.09,0.642,0.708,0.863,0.695,,0.955,1.292,1.608,1.714,1.707,2.237,,0.5
2020-11-20,0.49,0.66,1.09,0.645,0.709,0.872,0.699,,0.963,1.299,1.607,1.712,1.703,2.234,,0.5
2020-11-23,0.51,0.66,1.09,0.641,0.703,0.869,0.692,,0.955,1.282,1.581,1.699,1.691,2.219,,0.5
2020-11-24,0.52,0.66,1.09,0.645,0.71,0.88,0.699,,0.963,1.289,1.598,1.704,1.699,2.224,,0.5
2020-11-25,0.51,0.66,1.09,0.65,0.72,0.888,0.707,,0.971,1.308,1.629,1.726,1.723,2.233,,0.5
2020-11-26,0.53,0.66,1.09,0.654,0.728,0.897,0.713,,0.981,1.333,1.655,1.736,1.733,2.24,,0.5
2020-11-27,0.52,0.66,1.09,0.65,0.722,0.886,0.712,,0.979,1.324,1.641,1.719,1.718,2.232,,0.5
2020-11-30,0.6,0.66,1.09,0.655,0.727,0.89,0.716,,0.983,1.337,1.659,1.734,1.731,2.235,,0.5
2020-12-01,0.51,0.66,1.09,0.654,0.724,0.887,0.715,,0.982,1.335,1.649,1.727,1.724,2.232,,0.5
2020-12-02,0.48,0.66,1.09,0.654,0.725,0.886,0.716,,0.982,1.35,1.675,1.757,1.749,2.233,,0.5
2020-12-03,0.48,0.66,1.09,0.652,0.722,0.883,0.714,,0.975,1.337,1.669,1.747,1.74,2.226,,0.5
2020-12-04,0.48,0.66,1.09,0.65,0.72,0.878,0.71,,0.966,1.323,1.655,1.749,1.744,2.22,,0.5
2020-12-07,0.46,0.66,1.09,0.648,0.715,0.871,0.709,,0.961,1.319,1.646,1.758,1.753,2.215,,0.5
2020-12-08,0.45,0.66,1.09,0.648,0.715,0.874,0.708,,0.959,1.311,1.642,1.756,1.752,2.211,,0.5
2020-12-09,0.48,0.66,1.09,0.651,0.718,0.88,0.71,,0.966,1.318,1.656,1.762,1.758,2.214,,0.5
2020-12-10,0.49,0.66,1.09,0.651,0.718,0.879,0.71,,0.973,1.301,1.655,1.762,1.757,2.212,,0.5
2020-12-11,0.5,0.66,1.09,0.653,0.721,0.881,0.713,,0.98,1.307,1.661,1.763,1.762,2.215,,0.5
2020-12-14,0.5,0.66,1.09,0.654,0.722,0.884,0.715,,0.986,1.306,1.67,1.77,1.777,2.216,,0.5
2020-12-15,0.49,0.66,1.09,0.654,0.723,0.888,0.715,,0.984,1.317,1.671,1.769,1.784,2.215,,0.5
2020-12-16,0.49,0.66,1.09,0.659,0.729,0.897,0.719,,0.989,1.339,1.692,1.786,1.798,2.221,,0.5
2020-12-17,0.48,0.66,1.09,0.665,0.738,0.908,0.726,,0.999,1.367,1.732,1.82,1.831,2.229,,0.5
2020-12-18,0.48,0.66,1.09,0.661,0.733,0.908,0.722,,0.963,1.345,1.708,1.798,1.811,2.208,,0.5
2020-12-21,0.51,0.66,1.09,0.658,0.729,0.902,0.72,,0.959,1.323,1.679,1.802,1.811,2.201,,0.5
2020-12-22,0.52,0.66,1.09,0.649,0.722,0.892,0.715,,0.945,1.302,1.657,1.788,1.797,2.19,,0.5
2020-12-23,0.56,0.66,1.09,0.643,0.716,0.88,0.71,,0.932,1.279,1.64,1.774,1.783,2.179,,0.5
2020-12-24,0.55,0.66,1.09,0.657,0.732,0.898,0.722,,0.95,1.314,1.682,1.801,1.802,2.196,,0.5
2020-12-28,0.55,0.66,1.09,0.659,0.736,0.902,0.728,,0.958,1.316,1.681,1.803,1.803,2.196,,0.5
2020-12-29,0.54,0.66,1.09,0.665,0.744,0.913,0.736,,0.973,1.327,1.698,1.81,1.808,2.202,,0.5
2020-12-30,0.57,0.66,1.09,0.668,0.747,0.914,0.741,,0.978,1.335,1.713,1.825,1.823,2.208,,0.5
2020-12-31,0.61,0.66,1.09,0.668,0.747,0.913,0.741,,0.976,1.335,1.713,1.824,1.823,2.208,,0.5
2021-01-04,0.53,0.66,1.09,0.649,0.727,0.89,0.726,,0.954,1.322,1.723,1.823,1.823,2.192,,0.5
2021-01-05,0.48,0.66,1.07,0.632,0.694,0.866,0.706,,0.936,1.288,1.691,1.802,1.807,2.173,,0.5
2021-01-06,0.48,0.66,1.06,0.611,0.696,0.878,0.709,,0.953,1.322,1.731,1.822,1.824,2.176,,0.5
2021-01-07,0.49,0.66,1.05,0.606,0.692,0.881,0.706,,0.964,1.321,1.724,1.812,1.814,2.177,,0.5
2021-01-08,0.48,0.66,1.04,0.587,0.69,0.883,0.707,,0.978,1.326,1.729,1.818,1.817,2.178,,0.5
2021-01-11,0.51,0.66,1.03,0.574,0.683,0.878,0.7,,0.969,1.301,1.692,1.79,1.802,2.161,,0.5
2021-01-12,0.48,0.66,1.02,0.553,0.683,0.882,0.702,,0.976,1.315,1.718,1.805,1.816,2.161,,0.5
2021-01-13,0.49,0.67,1.02,0.543,0.682,0.88,0.7,,0.979,1.31,1.719,1.803,1.811,2.158,,0.5
2021-01-14,0.49,0.67,1.02,0.539,0.683,0.883,0.701,,0.988,1.324,1.734,1.817,1.82,2.155,,0.5
2021-01-15,0.5,0.67,1.02,0.525,0.679,0.878,0.699,,0.973,1.314,1.731,1.825,1.828,2.144,,0.5
2021-01-18,0.51,0.69,1.02,0.52,0.677,0.873,0.692,,0.968,1.303,1.714,1.819,1.819,2.137,,0.5
2021-01-19,0.48,0.69,1.02,0.518,0.677,0.871,0.688,,0.974,1.297,1.711,1.825,1.824,2.132,,0.5
2021-01-20,0.48,0.69,1.02,0.518,0.678,0.876,0.686,,0.976,1.281,1.703,1.828,1.825,2.129,,0.5
2021-01-21,0.48,0.69,1.02,0.518,0.678,0.875,0.682,,0.971,1.283,1.706,1.828,1.827,2.122,,0.5
2021-01-22,0.49,0.69,1.02,0.519,0.686,0.895,0.689,,0.993,1.326,1.758,1.867,1.869,2.124,,0.5
2021-01-25,0.48,0.69,1.02,0.523,0.696,0.906,0.689,,1.006,1.353,1.78,1.888,1.893,2.124,,0.5
2021-01-26,0.51,0.69,1.02,0.522,0.697,0.907,0.688,,1.007,1.348,1.77,1.901,1.903,2.122,,0.5
2021-01-27,0.45,0.7,1.02,0.517,0.701,0.896,0.681,,0.982,1.335,1.757,1.893,1.893,2.103,,0.5
2021-01-28,0.46,0.7,1.02,0.514,0.699,0.884,0.677,,0.977,1.329,1.764,1.898,1.902,2.097,,0.5
2021-01-29,0.52,0.7,1.01,0.512,0.695,0.875,0.67,,0.971,1.32,1.768,1.899,1.907,2.092,,0.5
2021-02-01,0.49,0.7,1.01,0.52,0.7,0.886,0.678,,0.994,1.346,1.803,1.951,1.958,2.09,,0.5
2021-02-02,0.47,0.73,1.01,0.516,0.69,0.872,0.67,,0.98,1.314,1.758,1.917,1.924,2.069,,0.5
2021-02-03,0.45,0.73,1,0.513,0.689,0.866,0.669,,0.978,1.316,1.768,1.917,1.927,2.064,,0.5
2021-02-04,0.47,0.73,1,0.513,0.689,0.865,0.67,,0.984,1.324,1.793,1.925,1.931,2.065,,0.5
2021-02-05,0.46,0.73,1,0.512,0.685,0.86,0.67,,0.982,1.311,1.791,1.935,1.942,2.061,,0.5
2021-02-08,0.48,0.73,1,0.514,0.687,0.855,0.677,,1.001,1.327,1.822,1.98,1.985,2.07,,0.5
2021-02-09,0.49,0.73,1,0.51,0.679,0.844,0.67,,0.99,1.319,1.813,1.968,1.975,2.054,,0.5
2021-02-10,0.49,0.73,1,0.511,0.684,0.854,0.673,,0.995,1.337,1.831,1.965,1.974,2.055,,0.5
2021-02-15,0.49,0.73,1,0.509,0.686,0.86,0.675,,0.998,1.362,1.871,2.004,2.012,2.056,,0.5
2021-02-16,0.5,0.74,1,0.503,0.682,0.853,0.668,,0.984,1.337,1.85,1.986,1.994,2.041,,0.5
2021-02-17,0.47,0.74,1,0.504,0.683,0.858,0.669,,0.986,1.344,1.862,1.993,2.006,2.043,,0.5
2021-02-18,0.49,0.74,1,0.503,0.681,0.858,0.668,,0.985,1.33,1.854,1.983,1.992,2.039,,0.5
2021-02-19,0.51,0.74,1,0.503,0.681,0.868,0.669,,0.996,1.344,1.875,1.997,2.005,2.043,,0.5
2021-02-22,0.5,0.74,1,0.508,0.684,0.881,0.675,,1.02,1.389,1.922,2.027,2.034,2.059,,0.5
2021-02-23,0.49,0.74,1,0.503,0.681,0.878,0.673,,1.02,1.386,1.906,2.024,2.025,2.054,,0.5
2021-02-24,0.5,0.74,1,0.497,0.673,0.871,0.668,,1.006,1.356,1.851,1.978,1.979,2.032,,0.5
2021-02-25,0.52,0.74,1,0.495,0.672,0.867,0.665,,0.995,1.374,1.884,2.003,2.004,2.035,,0.5
2021-02-26,0.59,0.74,1,0.499,0.679,0.874,0.673,,1.02,1.449,1.96,2.044,2.055,2.054,,0.5
2021-03-02,0.47,0.74,1,0.497,0.677,0.863,0.671,,1.021,1.45,1.966,2.075,2.078,2.054,,0.5
2021-03-03,0.47,0.74,1,0.497,0.676,0.86,0.669,,1.019,1.423,1.951,2.068,2.074,2.051,,0.5
2021-03-04,0.45,0.74,1,0.498,0.677,0.867,0.672,,1.03,1.422,1.972,2.086,2.092,2.058,,0.5
2021-03-05,0.47,0.74,1,0.498,0.677,0.886,0.679,,1.066,1.438,1.992,2.115,2.12,2.08,,0.5
2021-03-08,0.48,0.74,1,0.501,0.698,0.935,0.687,,1.139,1.497,2.028,2.118,2.124,2.117,,0.5
2021-03-09,0.52,0.75,1,0.506,0.709,0.986,0.695,,1.206,1.592,2.034,2.115,2.113,2.159,,0.5
2021-03-10,0.49,0.75,1,0.5,0.704,0.953,0.689,1.013,1.182,1.566,2.036,2.119,2.118,2.134,,0.5
2021-03-11,0.5,0.75,1,0.5,0.7,0.929,0.684,0.985,1.179,1.525,2.027,2.108,2.103,2.123,,0.5
2021-03-12,0.53,0.75,1,0.504,0.709,0.932,0.688,0.99,1.223,1.596,2.092,2.164,2.16,2.149,,0.5
2021-03-15,0.51,0.75,1,0.505,0.712,0.932,0.691,0.983,1.238,1.621,2.152,2.19,2.187,2.153,,0.5
2021-03-16,0.47,0.75,1,0.5,0.698,0.881,0.685,0.904,1.177,1.602,2.098,2.158,2.151,2.114,,0.5
2021-03-17,0.46,0.75,1,0.501,0.689,0.869,0.686,0.886,1.177,1.639,2.134,2.181,2.166,2.115,,0.5
2021-03-18,0.48,0.75,1,0.499,0.672,0.86,0.682,0.875,1.133,1.63,2.15,2.153,2.136,2.083,,0.5
2021-03-19,0.47,0.75,1,0.502,0.673,0.879,0.687,0.894,1.146,1.578,2.099,2.106,2.084,2.092,,0.5
2021-03-22,0.47,0.75,1,0.502,0.664,0.886,0.686,0.922,1.13,1.615,2.057,2.08,2.057,2.079,,0.5
2021-03-23,0.49,0.75,1,0.501,0.662,0.904,0.687,0.928,1.132,1.586,2.032,2.072,2.05,2.076,,0.5
2021-03-24,0.47,0.75,1,0.5,0.659,0.91,0.682,0.93,1.115,1.537,1.992,2.045,2.015,2.059,,0.5
2021-03-25,0.51,0.75,1,0.5,0.659,0.909,0.681,0.908,1.089,1.509,1.967,2.062,2.032,2.045,,0.5
2021-03-26,0.48,0.75,1,0.501,0.664,0.916,0.684,0.917,1.117,1.532,2.005,2.078,2.055,2.059,,0.5
2021-03-29,0.47,0.75,1,0.501,0.664,0.919,0.686,0.921,1.119,1.53,1.98,2.085,2.065,2.059,,0.5
2021-03-30,0.49,0.75,1,0.504,0.669,0.928,0.692,0.943,1.155,1.607,2.063,2.145,2.13,2.078,,0.5
2021-03-31,0.59,0.75,1,0.504,0.667,0.912,0.69,0.911,1.133,1.601,2.057,2.169,2.15,2.06,,0.5
2021-04-01,0.45,0.75,1,0.504,0.669,0.899,0.693,0.915,1.138,1.58,2.023,2.157,2.142,2.063,,0.5
2021-04-02,0.44,0.75,1,0.504,0.667,0.896,0.693,0.911,1.151,1.575,2.049,2.187,2.173,2.067,,0.5
2021-04-05,0.45,0.75,1,0.505,0.673,0.922,0.697,0.948,1.202,1.636,2.094,2.246,2.235,2.095,,0.5
2021-04-06,0.46,0.75,1,0.494,0.664,0.902,0.684,0.928,1.181,1.606,2.069,2.23,2.221,2.078,,0.5
2021-04-07,0.48,0.75,1,0.493,0.663,0.902,0.68,0.936,1.181,1.584,2.064,2.23,2.219,2.073,,0.5
2021-04-08,0.46,0.75,1,0.489,0.661,0.902,0.671,0.918,1.152,1.543,2.012,2.15,2.145,2.051,,0.5
2021-04-09,0.49,0.75,1,0.49,0.663,0.915,0.667,0.93,1.168,1.578,2.029,2.123,2.121,2.056,,0.5
2021-04-12,0.53,0.75,1,0.488,0.659,0.906,0.657,0.912,1.14,1.55,2.003,2.112,2.108,2.031,,0.5
2021-04-13,0.52,0.73,1,0.487,0.66,0.911,0.656,0.928,1.138,1.562,2.027,2.132,2.127,2.029,,0.5
2021-04-14,0.48,0.73,0.99,0.485,0.654,0.895,0.648,0.905,1.102,1.524,1.99,2.104,2.093,2.003,,0.5
2021-04-15,0.48,0.73,0.98,0.489,0.666,0.92,0.658,0.93,1.147,1.57,2.02,2.102,2.092,2.027,,0.5
2021-04-16,0.48,0.73,0.97,0.488,0.665,0.927,0.657,0.928,1.154,1.582,2.023,2.095,2.08,2.029,,0.5
2021-04-19,0.49,0.73,0.97,0.485,0.661,0.914,0.651,0.917,1.129,1.548,1.981,2.071,2.06,1.914,,0.5
2021-04-20,0.47,0.73,0.97,0.484,0.661,0.912,0.649,0.921,1.134,1.568,2.003,2.093,2.086,1.918,,0.5
2021-04-21,0.48,0.73,0.97,0.478,0.656,0.891,0.642,0.905,1.11,1.554,2.005,2.098,2.087,1.899,,0.5
2021-04-22,0.49,0.73,0.97,0.477,0.654,0.89,0.641,0.905,1.105,1.544,1.989,2.096,2.081,1.896,,0.5
2021-04-23,0.5,0.73,0.97,0.479,0.659,0.901,0.644,0.911,1.12,1.573,2.043,2.133,2.12,1.907,,0.5
2021-04-26,0.47,0.73,0.97,0.479,0.652,0.901,0.642,0.91,1.119,1.602,2.089,2.173,2.157,1.903,,0.5
2021-04-27,0.47,0.73,0.97,0.476,0.652,0.894,0.638,0.907,1.097,1.584,2.071,2.168,2.161,1.885,,0.5
2021-04-28,0.48,0.73,0.97,0.475,0.653,0.907,0.639,0.922,1.105,1.604,2.082,2.177,2.176,1.89,,0.5
2021-04-29,0.48,0.73,0.97,0.475,0.652,0.912,0.64,0.936,1.121,1.601,2.098,2.198,2.194,1.9,,0.5
2021-04-30,0.49,0.73,0.97,0.476,0.655,0.919,0.642,0.948,1.141,1.63,2.128,2.251,2.255,1.914,,0.5
2021-05-03,0.42,0.73,0.97,0.477,0.663,0.92,0.642,0.951,1.149,1.636,2.124,2.263,2.257,1.917,,0.5
2021-05-04,0.49,0.73,0.97,0.476,0.661,0.921,0.639,0.949,1.158,1.643,2.13,2.241,2.236,1.92,,0.5
2021-05-06,0.47,0.73,0.97,0.472,0.651,0.913,0.627,0.927,1.14,1.629,2.102,2.228,2.227,1.9,,0.5
2021-05-07,0.47,0.72,0.97,0.474,0.653,0.921,0.624,0.928,1.137,1.643,2.123,2.241,2.239,1.9,,0.5
2021-05-10,0.47,0.71,0.97,0.474,0.646,0.919,0.619,0.931,1.136,1.635,2.134,2.251,2.251,1.899,,0.5
2021-05-11,0.47,0.69,0.97,0.473,0.635,0.913,0.612,0.925,1.128,1.627,2.139,2.253,2.251,1.892,,0.5
2021-05-12,0.47,0.69,0.97,0.475,0.631,0.916,0.61,0.932,1.121,1.625,2.125,2.227,2.226,1.888,,0.5
2021-05-13,0.46,0.67,0.97,0.475,0.631,0.92,0.61,0.929,1.123,1.651,2.156,2.248,2.243,1.888,,0.5
2021-05-14,0.49,0.67,0.97,0.472,0.629,0.918,0.609,0.93,1.116,1.651,2.158,2.256,2.252,1.882,,0.5
2021-05-17,0.48,0.67,0.97,0.469,0.617,0.915,0.6,0.915,1.107,1.624,2.117,2.232,2.226,1.872,,0.5
2021-05-18,0.48,0.67,0.97,0.469,0.618,0.91,0.599,0.903,1.099,1.625,2.118,2.245,2.237,1.865,,0.5
2021-05-20,0.49,0.66,0.97,0.468,0.616,0.919,0.598,0.909,1.103,1.642,2.135,2.252,2.244,1.869,,0.5
2021-05-21,0.5,0.66,0.97,0.465,0.609,0.911,0.593,0.898,1.095,1.629,2.123,2.254,2.245,1.861,,0.5
2021-05-24,0.48,0.66,0.97,0.469,0.619,0.924,0.593,0.91,1.116,1.651,2.12,2.259,2.254,1.876,,0.5
2021-05-25,0.47,0.66,0.97,0.47,0.622,0.933,0.593,0.924,1.142,1.654,2.129,2.263,2.26,1.89,,0.5
2021-05-26,0.49,0.66,0.97,0.47,0.635,0.948,0.597,0.95,1.161,1.672,2.128,2.254,2.253,1.902,,0.5
2021-05-27,0.43,0.66,0.97,0.468,0.639,0.928,0.591,0.925,1.124,1.638,2.111,2.254,2.257,1.867,,0.5
2021-05-28,0.48,0.66,0.97,0.477,0.66,0.964,0.611,0.957,1.162,1.673,2.132,2.266,2.271,1.899,,0.5
2021-05-31,0.51,0.66,0.97,0.482,0.7,1.009,0.633,0.995,1.227,1.739,2.179,2.294,2.292,1.945,,0.5
2021-06-01,0.49,0.66,0.97,0.473,0.72,0.999,0.629,0.984,1.213,1.726,2.186,2.284,2.28,1.929,,0.5
2021-06-02,0.47,0.66,0.97,0.474,0.753,1.003,0.632,0.997,1.206,1.731,2.202,2.292,2.289,1.924,,0.5
2021-06-03,0.46,0.66,0.97,0.47,0.759,1.032,0.631,0.996,1.191,1.715,2.195,2.294,2.289,1.911,,0.5
2021-06-04,0.48,0.66,0.97,0.469,0.765,1.071,0.639,1.03,1.22,1.724,2.173,2.271,2.266,1.931,,0.5
2021-06-07,0.46,0.66,0.97,0.469,0.774,1.093,0.643,1.037,1.201,1.699,2.156,2.258,2.247,1.911,,0.5
2021-06-08,0.45,0.66,0.97,0.467,0.778,1.092,0.644,1.04,1.174,1.657,2.116,2.227,2.222,1.891,,0.5
2021-06-09,0.48,0.66,0.97,0.467,0.777,1.08,0.653,1.031,1.137,1.623,2.103,2.209,2.199,1.866,,0.5
2021-06-10,0.49,0.66,0.97,0.472,0.813,1.107,0.719,1.14,1.282,1.638,2.085,2.185,2.178,1.88,,0.5
2021-06-11,0.5,0.66,0.97,0.475,0.827,1.117,0.761,1.165,1.276,1.658,2.101,2.191,2.185,1.872,,0.5
2021-06-14,0.47,0.66,0.97,0.478,0.857,1.138,0.814,1.139,1.287,1.671,2.096,2.194,2.187,1.881,,0.5
2021-06-15,0.47,0.66,0.97,0.484,0.883,1.172,0.849,1.175,1.307,1.693,2.071,2.167,2.158,1.896,,0.5
2021-06-16,0.47,0.66,0.97,0.486,0.894,1.18,0.879,1.17,1.286,1.686,2.07,2.153,2.138,1.879,,0.5
2021-06-17,0.48,0.66,0.97,0.495,0.902,1.193,0.897,1.181,1.327,1.71,2.079,2.146,2.131,1.9,,0.5
2021-06-18,0.51,0.66,0.97,0.499,0.902,1.188,0.889,1.184,1.313,1.678,2.041,2.13,2.114,1.888,,0.5
2021-06-21,0.56,0.66,0.97,0.513,0.907,1.199,0.888,1.19,1.351,1.674,2.006,2.092,2.074,1.906,,0.5
2021-06-22,0.56,0.66,0.97,0.51,0.9,1.185,0.877,1.176,1.331,1.684,2.05,2.147,2.137,1.889,,0.5
2021-06-23,0.53,0.66,0.97,0.512,0.903,1.196,0.869,1.17,1.338,1.677,2.041,2.156,2.147,1.893,,0.5
2021-06-24,0.53,0.67,0.97,0.526,0.92,1.236,0.888,1.212,1.384,1.706,2.06,2.158,2.147,1.929,,0.5
2021-06-25,0.57,0.67,0.97,0.545,0.945,1.29,0.908,1.289,1.441,1.764,2.1,2.193,2.192,1.969,,0.5
2021-06-28,0.59,0.67,0.97,0.581,0.973,1.322,0.943,1.324,1.47,1.793,2.137,2.221,2.213,1.993,,0.5
2021-06-29,0.58,0.68,0.97,0.598,0.991,1.311,0.958,1.315,1.459,1.765,2.109,2.21,2.204,1.977,,0.5
2021-06-30,0.63,0.68,0.97,0.609,0.994,1.29,0.955,1.3,1.448,1.739,2.092,2.199,2.196,1.966,,0.5
2021-07-01,0.53,0.69,0.97,0.619,1.005,1.298,0.955,1.301,1.469,1.756,2.09,2.178,2.168,1.975,,0.5
2021-07-02,0.51,0.69,0.97,0.625,1.007,1.305,0.956,1.304,1.484,1.781,2.101,2.174,2.169,1.984,,0.5
2021-07-05,0.47,0.69,0.97,0.621,0.993,1.294,0.941,1.288,1.462,1.751,2.089,2.161,2.15,1.962,,0.5
2021-07-06,0.4,0.69,0.97,0.618,0.988,1.304,0.937,1.301,1.465,1.768,2.119,2.184,2.178,1.964,,0.5
2021-07-07,0.48,0.69,0.97,0.602,0.947,1.25,0.904,1.252,1.41,1.699,2.039,2.12,2.112,1.915,,0.5
2021-07-08,0.51,0.69,0.97,0.585,0.902,1.191,0.866,1.208,1.358,1.656,2.002,2.08,2.071,1.865,,0.5
2021-07-09,0.52,0.68,0.97,0.58,0.894,1.188,0.857,1.2,1.375,1.684,2.033,2.1,2.09,1.874,,0.5
2021-07-12,0.52,0.68,0.97,0.574,0.886,1.186,0.852,1.197,1.384,1.688,2.022,2.096,2.085,1.877,,0.5
2021-07-13,0.58,0.69,0.97,0.578,0.894,1.217,0.857,1.225,1.424,1.719,2.035,2.08,2.071,1.896,,0.5
2021-07-14,0.59,0.69,0.97,0.573,0.882,1.188,0.85,1.196,1.39,1.689,2.008,2.065,2.054,1.869,,0.5
2021-07-15,0.59,0.69,0.97,0.594,0.941,1.302,0.906,1.313,1.497,1.753,2.024,2.081,2.066,1.938,,0.5
2021-07-16,0.56,0.7,0.97,0.599,0.948,1.308,0.922,1.297,1.451,1.718,2.008,2.073,2.061,1.908,,0.5
2021-07-19,0.54,0.7,0.97,0.603,0.954,1.311,0.93,1.319,1.459,1.703,1.972,2.052,2.045,1.908,,0.5
2021-07-20,0.51,0.7,0.97,0.594,0.93,1.287,0.917,1.278,1.41,1.647,1.893,1.974,1.967,1.864,,0.5
2021-07-21,0.5,0.7,0.97,0.589,0.921,1.261,0.908,1.257,1.383,1.628,1.878,1.962,1.951,1.835,,0.5
2021-07-22,0.52,0.7,0.97,0.595,0.923,1.263,0.915,1.253,1.397,1.662,1.921,1.994,1.989,1.843,,0.5
2021-07-23,0.55,0.7,0.97,0.598,0.922,1.253,0.917,1.253,1.393,1.639,1.888,1.969,1.962,1.841,,0.5
2021-07-26,0.57,0.7,0.97,0.597,0.915,1.233,0.912,1.225,1.369,1.609,1.863,1.962,1.947,1.821,,0.5
2021-07-27,0.57,0.7,0.97,0.601,0.916,1.241,0.916,1.23,1.38,1.617,1.868,1.96,1.946,1.83,,0.5
2021-07-28,0.51,0.7,0.97,0.607,0.938,1.272,0.934,1.259,1.419,1.64,1.862,1.95,1.943,1.853,,0.5
2021-07-29,0.51,0.7,0.97,0.612,0.945,1.28,0.941,1.263,1.431,1.657,1.889,1.988,1.973,1.862,,0.5
2021-07-30,0.58,0.7,0.97,0.613,0.941,1.255,0.936,1.255,1.417,1.638,1.874,1.953,1.958,1.847,,0.5
2021-08-02,0.44,0.7,0.97,0.62,0.954,1.268,0.944,1.264,1.435,1.653,1.907,1.972,1.968,1.858,,0.5
2021-08-03,0.49,0.7,0.97,0.623,0.964,1.28,0.952,1.28,1.442,1.663,1.89,1.954,1.951,1.863,,0.5
2021-08-04,0.51,0.7,0.97,0.623,0.962,1.262,0.944,1.25,1.418,1.636,1.866,1.943,1.938,1.841,,0.5
2021-08-05,0.5,0.7,0.97,0.623,0.969,1.26,0.949,1.236,1.414,1.646,1.878,1.95,1.947,1.836,,0.5
2021-08-06,0.48,0.7,0.97,0.635,0.989,1.276,0.972,1.268,1.433,1.674,1.9,1.946,1.94,1.855,,0.5
2021-08-09,0.5,0.7,0.97,0.639,0.996,1.273,0.978,1.265,1.436,1.671,1.914,1.965,1.961,1.859,,0.5
2021-08-10,0.51,0.71,0.97,0.64,1,1.258,0.978,1.254,1.432,1.662,1.916,1.964,1.953,1.855,,0.5
2021-08-11,0.49,0.71,0.97,0.642,1.001,1.248,0.977,1.244,1.419,1.665,1.934,1.975,1.966,1.845,,0.5
2021-08-12,0.56,0.72,0.97,0.65,1.005,1.25,0.986,1.238,1.413,1.664,1.922,1.968,1.962,1.84,,0.5
2021-08-13,0.54,0.73,0.97,0.656,1.008,1.249,0.994,1.249,1.407,1.666,1.924,1.974,1.969,1.834,,0.5
2021-08-17,0.51,0.74,0.97,0.657,1.002,1.25,0.994,1.245,1.402,1.646,1.886,1.95,1.943,1.83,,0.5
2021-08-18,0.5,0.75,0.97,0.659,0.993,1.255,0.993,1.231,1.389,1.632,1.881,1.947,1.938,1.817,,0.5
2021-08-19,0.51,0.76,0.97,0.656,0.981,1.233,0.989,1.209,1.36,1.604,1.868,1.944,1.939,1.79,,0.5
2021-08-20,0.5,0.76,0.97,0.661,0.988,1.235,0.999,1.213,1.364,1.597,1.853,1.935,1.926,1.794,,0.5
2021-08-23,0.51,0.77,0.97,0.673,1.007,1.26,1.015,1.241,1.389,1.636,1.889,1.966,1.955,1.82,,0.5
2021-08-24,0.55,0.77,0.97,0.689,1.033,1.299,1.042,1.286,1.438,1.688,1.939,2.008,1.99,1.862,,0.5
2021-08-25,0.57,0.77,0.97,0.698,1.041,1.298,1.05,1.294,1.435,1.686,1.936,2,1.983,1.863,,0.5
2021-08-26,0.84,0.92,1.12,0.75,1.05,1.27,1.059,1.258,1.398,1.658,1.928,1.998,1.982,1.836,,0.75
2021-08-27,0.86,0.92,1.12,0.765,1.063,1.281,1.068,1.265,1.408,1.667,1.939,2.009,1.995,1.842,,0.75
2021-08-30,0.86,0.92,1.12,0.761,1.056,1.27,1.064,1.256,1.398,1.652,1.913,1.985,1.97,1.832,,0.75
2021-08-31,0.9,0.92,1.12,0.76,1.049,1.272,1.064,1.249,1.395,1.651,1.912,1.98,1.965,1.829,,0.75
2021-09-01,0.83,0.92,1.12,0.762,1.048,1.281,1.066,1.254,1.417,1.675,1.942,1.994,1.974,1.848,,0.75
2021-09-02,0.76,0.92,1.12,0.767,1.041,1.285,1.046,1.265,1.422,1.684,1.941,1.992,1.971,1.855,,0.75
2021-09-03,0.75,0.92,1.12,0.768,1.03,1.285,1.043,1.271,1.437,1.696,1.943,1.987,1.966,1.865,,0.75
2021-09-06,0.75,0.92,1.12,0.766,1.029,1.299,1.043,1.274,1.459,1.719,1.97,2.014,1.988,1.881,,0.75
2021-09-07,0.75,0.92,1.12,0.765,1.028,1.301,1.041,1.28,1.464,1.716,1.975,2.018,1.997,1.888,,0.75
2021-09-08,0.74,0.92,1.12,0.766,1.033,1.313,1.047,1.301,1.489,1.745,2.016,2.055,2.029,1.908,,0.75
2021-09-09,0.76,0.93,1.12,0.767,1.046,1.34,1.061,1.333,1.499,1.75,2,2.033,2.005,1.921,,0.75
2021-09-10,0.88,0.96,1.12,0.772,1.066,1.358,1.074,1.364,1.501,1.75,2.006,2.015,2.008,1.936,,0.75
2021-09-13,0.86,1,1.13,0.774,1.087,1.391,1.086,1.385,1.525,1.76,2.037,2.046,2.041,1.962,,0.75
2021-09-14,0.78,1,1.14,0.776,1.096,1.403,1.09,1.402,1.535,1.775,2.06,2.067,2.058,1.975,,0.75
2021-09-15,0.76,1.01,1.15,0.767,1.076,1.357,1.073,1.367,1.492,1.738,2.025,2.054,2.041,1.942,,0.75
2021-09-16,0.75,1.01,1.16,0.77,1.082,1.364,1.078,1.394,1.51,1.762,2.043,2.062,2.052,1.958,,0.75
2021-09-17,0.77,1.01,1.17,0.773,1.086,1.381,1.082,1.402,1.535,1.79,2.068,2.089,2.07,1.978,,0.75
2021-09-23,0.75,1.02,1.18,0.777,1.089,1.406,1.086,1.418,1.558,1.815,2.099,2.092,2.089,1.996,,0.75
2021-09-24,0.75,1.02,1.18,0.775,1.085,1.412,1.085,1.424,1.575,1.859,2.152,2.152,2.146,2.017,,0.75
2021-09-27,0.72,1.03,1.18,0.772,1.081,1.406,1.081,1.412,1.566,1.888,2.168,2.169,2.156,2.015,,0.75
2021-09-28,0.76,1.04,1.18,0.776,1.098,1.446,1.103,1.446,1.609,1.95,2.256,2.24,2.209,2.061,,0.75
2021-09-29,0.73,1.04,1.18,0.773,1.102,1.448,1.1,1.46,1.603,1.933,2.223,2.22,2.191,2.057,,0.75
2021-09-30,0.92,1.04,1.18,0.769,1.102,1.447,1.096,1.444,1.593,1.929,2.237,2.244,2.221,2.049,,0.75
2021-10-01,0.71,1.04,1.18,0.771,1.115,1.473,1.102,1.477,1.633,1.961,2.258,2.233,2.212,2.087,,0.75
2021-10-05,0.69,1.04,1.18,0.77,1.116,1.489,1.102,1.47,1.65,1.989,2.291,2.257,2.219,2.101,,0.75
2021-10-06,0.73,1.05,1.18,0.78,1.164,1.548,1.137,1.556,1.719,2.082,2.399,2.326,2.267,2.171,,0.75
2021-10-07,0.67,1.05,1.18,0.778,1.164,1.545,1.126,1.549,1.704,2.066,2.387,2.309,2.248,2.158,,0.75
2021-10-08,0.69,1.05,1.18,0.777,1.161,1.539,1.124,1.537,1.701,2.049,2.374,2.327,2.271,2.156,,0.75
2021-10-12,0.8,1.06,1.18,0.8,1.185,1.623,1.156,1.655,1.815,2.135,2.447,2.376,2.33,2.262,,0.75
2021-10-13,0.8,1.07,1.18,0.798,1.182,1.628,1.151,1.656,1.824,2.13,2.401,2.351,2.293,2.27,,0.75
2021-10-14,0.75,1.07,1.18,0.793,1.174,1.636,1.142,1.639,1.813,2.101,2.351,2.298,2.248,2.261,,0.75
2021-10-15,0.74,1.07,1.19,0.791,1.172,1.635,1.135,1.621,1.795,2.098,2.356,2.312,2.273,2.249,,0.75
2021-10-18,0.72,1.08,1.19,0.8,1.202,1.692,1.161,1.665,1.875,2.17,2.4,2.345,2.291,2.333,,0.75
2021-10-19,0.73,1.09,1.19,0.798,1.194,1.67,1.157,1.64,1.866,2.134,2.379,2.312,2.264,2.325,,0.75
2021-10-20,0.73,1.09,1.2,0.799,1.189,1.654,1.151,1.618,1.847,2.146,2.392,2.314,2.268,2.318,,0.75
2021-10-21,0.76,1.09,1.21,0.799,1.178,1.637,1.144,1.6,1.836,2.154,2.388,2.331,2.279,2.31,,0.75
2021-10-22,0.75,1.09,1.22,0.804,1.197,1.663,1.17,1.639,1.889,2.203,2.411,2.388,2.311,2.362,,0.75
2021-10-25,0.76,1.09,1.23,0.81,1.202,1.682,1.184,1.647,1.919,2.24,2.426,2.433,2.385,2.387,,0.75
2021-10-26,0.77,1.09,1.23,0.817,1.231,1.695,1.216,1.665,1.947,2.256,2.457,2.492,2.438,2.423,,0.75
2021-10-27,0.75,1.1,1.24,0.841,1.305,1.793,1.299,1.764,2.044,2.338,2.487,2.487,2.443,2.506,,0.75
2021-10-28,0.78,1.1,1.24,0.877,1.33,1.842,1.32,1.747,2.017,2.277,2.397,2.396,2.373,2.487,,0.75
2021-10-29,0.76,1.12,1.24,0.891,1.409,1.934,1.41,1.832,2.103,2.405,2.575,2.523,2.493,2.573,,0.75
2021-11-01,0.74,1.12,1.24,0.893,1.444,1.939,1.471,1.848,2.108,2.376,2.506,2.458,2.421,2.58,,0.75
2021-11-02,0.72,1.12,1.25,0.885,1.424,1.9,1.456,1.824,2.038,2.301,2.48,2.444,2.41,2.542,,0.75
2021-11-03,0.68,1.12,1.25,0.879,1.421,1.918,1.438,1.799,2.036,2.289,2.47,2.455,2.421,2.539,,0.75
2021-11-04,0.7,1.13,1.26,0.875,1.419,1.922,1.429,1.82,2.04,2.252,2.428,2.43,2.392,2.544,,0.75
2021-11-05,0.76,1.13,1.27,0.857,1.396,1.85,1.397,1.76,1.944,2.166,2.35,2.349,2.325,2.468,,0.75
2021-11-08,0.78,1.14,1.28,0.859,1.357,1.779,1.37,1.746,1.906,2.146,2.329,2.318,2.281,2.438,,0.75
2021-11-09,0.8,1.14,1.3,0.854,1.33,1.728,1.332,1.717,1.865,2.117,2.293,2.302,2.264,2.403,,0.75
2021-11-10,0.76,1.15,1.31,0.856,1.322,1.742,1.32,1.71,1.877,2.113,2.309,2.321,2.282,2.417,,0.75
2021-11-11,0.84,1.15,1.32,0.863,1.309,1.751,1.317,1.731,1.913,2.13,2.341,2.334,2.295,2.453,,0.75
2021-11-12,0.83,1.15,1.33,0.863,1.309,1.775,1.314,1.771,1.968,2.166,2.344,2.325,2.287,2.499,,0.75
2021-11-15,0.82,1.15,1.33,0.859,1.28,1.764,1.294,1.743,1.912,2.119,2.298,2.293,2.256,2.457,,0.75
2021-11-16,0.8,1.15,1.33,0.865,1.286,1.805,1.305,1.784,1.963,2.14,2.333,2.311,2.291,2.505,,0.75
2021-11-17,0.77,1.15,1.33,0.864,1.28,1.809,1.298,1.787,1.974,2.159,2.359,2.327,2.305,2.517,,0.75
2021-11-18,0.76,1.15,1.33,0.863,1.269,1.798,1.29,1.759,1.953,2.156,2.338,2.322,2.3,2.501,,0.75
2021-11-19,0.75,1.17,1.33,0.87,1.277,1.811,1.292,1.761,1.966,2.188,2.372,2.358,2.331,2.513,,0.75
2021-11-22,0.76,1.18,1.33,0.884,1.311,1.863,1.307,1.823,2.018,2.238,2.386,2.375,2.332,2.563,,0.75
2021-11-23,0.74,1.19,1.33,0.902,1.334,1.874,1.318,1.825,2.031,2.253,2.4,2.414,2.359,2.582,,0.75
2021-11-24,0.74,1.2,1.33,0.917,1.343,1.863,1.323,1.815,2.013,2.237,2.394,2.412,2.364,2.569,,0.75
2021-11-25,1.015,1.25,1.48,0.931,1.331,1.806,1.305,1.746,1.933,2.168,2.348,2.379,2.347,2.499,1.042,1
2021-11-26,1.015,1.25,1.49,0.995,1.333,1.764,1.288,1.69,1.863,2.05,2.255,2.3,2.267,2.433,1.041,1
2021-11-29,1.019,1.25,1.49,1.006,1.347,1.76,1.297,1.7,1.844,2.05,2.266,2.34,2.304,2.418,1.039,1
2021-11-30,1.067,1.26,1.49,1.015,1.344,1.708,1.292,1.669,1.799,2.008,2.213,2.27,2.226,2.373,1.062,1
2021-12-01,0.986,1.26,1.49,1.02,1.367,1.742,1.319,1.697,1.813,1.968,2.182,2.198,2.163,2.385,1.012,1
2021-12-02,0.975,1.26,1.49,1.018,1.373,1.759,1.327,1.708,1.845,1.986,2.198,2.203,2.176,2.406,0.868,1
2021-12-03,0.955,1.27,1.5,1.019,1.391,1.802,1.343,1.77,1.9,2.027,2.234,2.249,2.225,2.464,0.824,1
2021-12-06,0.966,1.27,1.5,1.004,1.378,1.78,1.328,1.742,1.865,2.013,2.213,2.246,2.217,2.436,0.828,1
2021-12-07,1.014,1.27,1.5,1.005,1.371,1.79,1.33,1.757,1.872,2.043,2.24,2.265,2.234,2.446,1.018,1
2021-12-08,0.985,1.27,1.5,0.997,1.356,1.748,1.32,1.72,1.831,2.002,2.185,2.22,2.2,2.409,1.019,1
2021-12-09,1.078,1.27,1.51,0.999,1.347,1.711,1.322,1.697,1.794,1.972,2.188,2.224,2.214,2.385,1.124,1
2021-12-10,1.036,1.27,1.52,1.001,1.346,1.726,1.329,1.708,1.805,2,2.201,2.242,2.22,2.399,1.107,1
2021-12-13,1.017,1.27,1.53,0.998,1.325,1.703,1.328,1.692,1.79,1.982,2.169,2.245,2.225,2.402,1.041,1
2021-12-14,1.006,1.27,1.54,0.994,1.308,1.695,1.322,1.671,1.784,1.977,2.169,2.24,2.22,2.402,1.01,1
2021-12-15,1.001,1.27,1.55,0.996,1.303,1.703,1.32,1.684,1.808,1.983,2.166,2.233,2.218,2.43,0.99,1
2021-12-16,0.999,1.27,1.55,0.993,1.278,1.679,1.285,1.676,1.766,1.938,2.147,2.212,2.19,2.398,0.984,1
2021-12-17,0.986,1.27,1.55,0.992,1.27,1.676,1.276,1.685,1.767,1.94,2.153,2.22,2.199,2.398,1.039,1
2021-12-20,0.985,1.27,1.55,0.991,1.263,1.66,1.271,1.658,1.74,1.91,2.107,2.192,2.167,2.372,1.039,1
2021-12-21,1.001,1.27,1.55,0.991,1.263,1.655,1.281,1.645,1.72,1.892,2.099,2.186,2.168,2.355,1.039,1
2021-12-22,0.988,1.27,1.56,0.995,1.279,1.67,1.301,1.663,1.757,1.938,2.147,2.209,2.184,2.392,1.012,1
2021-12-23,0.991,1.27,1.56,1.007,1.296,1.7,1.328,1.709,1.805,2.013,2.212,2.26,2.232,2.441,1.012,1
2021-12-24,1.013,1.27,1.56,0.998,1.293,1.675,1.327,1.676,1.798,1.997,2.206,2.263,2.235,2.438,1.06,1
2021-12-27,1.027,1.28,1.56,0.992,1.284,1.662,1.326,1.67,1.776,1.989,2.211,2.284,2.26,2.411,1.087,1
2021-12-28,1.03,1.28,1.56,0.994,1.297,1.661,1.338,1.682,1.786,1.991,2.198,2.285,2.264,2.417,1.105,1
2021-12-29,1.038,1.28,1.56,0.992,1.29,1.645,1.338,1.676,1.783,1.974,2.18,2.289,2.265,2.409,1.131,1
2021-12-30,1.115,1.29,1.56,0.997,1.301,1.653,1.349,1.675,1.799,2.014,2.248,2.325,2.307,2.417,1.148,1
2021-12-31,1.437,1.29,1.56,0.998,1.304,1.653,1.35,1.675,1.798,2.011,2.25,2.328,2.31,2.415,2.006,1
2022-01-03,1.003,1.3,1.56,1.001,1.319,1.693,1.363,1.71,1.855,2.08,2.325,2.374,2.344,2.46,1.09,1
2022-01-04,1,1.3,1.56,1.005,1.322,1.712,1.37,1.717,1.868,2.091,2.32,2.361,2.338,2.474,1.003,1
2022-01-05,0.987,1.3,1.56,1,1.306,1.765,1.341,1.791,1.913,2.152,2.375,2.387,2.357,2.506,1.002,1
2022-01-06,1,1.3,1.56,1.009,1.338,1.885,1.394,1.878,2.013,2.293,2.481,2.445,2.393,2.59,1.062,1
2022-01-07,1.004,1.3,1.56,1.006,1.347,1.883,1.397,1.895,2.015,2.255,2.458,2.441,2.393,2.593,1.109,1
2022-01-10,1.068,1.3,1.56,1.225,1.356,1.902,1.417,1.902,2.058,2.26,2.484,2.452,2.405,2.624,1.106,1
2022-01-11,1.001,1.3,1.56,1.228,1.369,1.886,1.417,1.889,2.038,2.25,2.485,2.451,2.401,2.611,1.077,1
2022-01-12,1.017,1.31,1.56,1.216,1.361,1.836,1.404,1.847,1.998,2.187,2.428,2.408,2.374,2.576,1.107,1
2022-01-13,1.034,1.35,1.56,1.212,1.38,1.808,1.404,1.808,1.953,2.159,2.397,2.386,2.35,2.537,1.109,1
2022-01-14,1.273,1.43,1.63,1.23,1.419,1.873,1.431,1.88,2.044,2.239,2.453,2.426,2.385,2.6,1.356,1.25
2022-01-17,1.251,1.44,1.64,1.242,1.476,1.966,1.455,1.976,2.148,2.351,2.568,2.521,2.449,2.699,1.306,1.25
2022-01-18,1.277,1.45,1.64,1.242,1.472,1.947,1.448,1.969,2.127,2.333,2.553,2.516,2.446,2.685,1.356,1.25
2022-01-19,1.276,1.46,1.64,1.236,1.46,1.905,1.433,1.889,2.073,2.301,2.537,2.502,2.429,2.645,1.387,1.25
2022-01-20,1.33,1.46,1.64,1.252,1.485,1.933,1.444,1.941,2.119,2.346,2.558,2.532,2.451,2.684,1.507,1.25
2022-01-21,1.575,1.46,1.64,1.246,1.481,1.937,1.443,1.948,2.132,2.352,2.54,2.53,2.47,2.693,1.857,1.25
2022-01-24,1.352,1.46,1.64,1.241,1.481,1.929,1.438,1.919,2.112,2.336,2.54,2.541,2.474,2.675,1.384,1.25
2022-01-25,1.314,1.48,1.64,1.265,1.499,1.973,1.453,1.96,2.174,2.393,2.576,2.582,2.499,2.725,1.401,1.25
2022-01-26,1.261,1.49,1.64,1.258,1.522,1.981,1.455,1.963,2.156,2.367,2.573,2.565,2.48,2.713,1.33,1.25
2022-01-27,1.201,1.5,1.64,1.259,1.551,2.042,1.473,2.024,2.217,2.432,2.612,2.583,2.498,2.781,1.205,1.25
2022-01-28,1.277,1.5,1.64,1.253,1.537,2.012,1.463,2.006,2.189,2.396,2.586,2.594,2.524,2.765,1.198,1.25
2022-02-03,1.223,1.5,1.64,1.246,1.529,1.975,1.452,1.969,2.158,2.373,2.566,2.584,2.502,2.733,1.162,1.25
2022-02-04,1.176,1.5,1.64,1.25,1.548,2.017,1.467,1.995,2.194,2.418,2.619,2.639,2.559,2.771,1.111,1.25
2022-02-07,1.116,1.5,1.64,1.23,1.537,2.055,1.47,2.045,2.237,2.466,2.638,2.675,2.616,2.815,0.987,1.25
2022-02-08,1.217,1.5,1.64,1.227,1.535,2.105,1.47,2.095,2.303,2.563,2.733,2.706,2.638,2.867,1.063,1.25
2022-02-09,1.226,1.5,1.64,1.219,1.541,2.102,1.46,2.086,2.279,2.507,2.691,2.682,2.615,2.857,1.062,1.25
2022-02-10,1.18,1.5,1.64,1.219,1.544,2.096,1.455,2.083,2.264,2.485,2.686,2.692,2.623,2.85,1.098,1.25
2022-02-11,1.193,1.5,1.64,1.221,1.584,2.162,1.475,2.151,2.343,2.564,2.747,2.723,2.665,2.921,1.226,1.25
2022-02-14,1.254,1.5,1.64,1.216,1.571,2.163,1.474,2.148,2.347,2.541,2.714,2.688,2.624,2.926,1.192,1.25
2022-02-15,1.198,1.5,1.64,1.224,1.563,2.172,1.483,2.168,2.345,2.524,2.71,2.692,2.621,2.928,1.191,1.25
2022-02-16,1.198,1.5,1.64,1.219,1.558,2.144,1.478,2.145,2.325,2.5,2.702,2.702,2.632,2.913,1.126,1.25
2022-02-17,1.229,1.5,1.64,1.215,1.547,2.111,1.481,2.115,2.295,2.483,2.708,2.705,2.63,2.895,1.127,1.25
2022-02-18,1.239,1.5,1.64,1.218,1.558,2.116,1.496,2.138,2.322,2.51,2.728,2.725,2.645,2.916,1.136,1.25
2022-02-21,1.243,1.5,1.64,1.225,1.56,2.128,1.502,2.159,2.363,2.566,2.77,2.768,2.686,2.949,1.223,1.25
2022-02-22,1.257,1.5,1.64,1.203,1.542,2.097,1.492,2.107,2.327,2.524,2.717,2.713,2.629,2.916,1.267,1.25
2022-02-23,1.243,1.5,1.64,1.207,1.546,2.09,1.5,2.094,2.317,2.522,2.722,2.711,2.628,2.913,1.269,1.25
2022-02-24,1.258,1.5,1.64,1.198,1.515,2.022,1.485,2.018,2.226,2.423,2.624,2.621,2.553,2.83,1.297,1.25
2022-02-25,1.284,1.5,1.64,1.201,1.536,2.036,1.498,2.024,2.244,2.468,2.671,2.692,2.62,2.854,1.336,1.25
2022-02-28,1.39,1.5,1.64,1.203,1.535,2.034,1.503,1.991,2.242,2.468,2.675,2.695,2.632,2.855,1.512,1.25
2022-03-02,1.289,1.5,1.64,1.199,1.51,1.994,1.487,1.958,2.187,2.406,2.613,2.65,2.584,2.813,1.401,1.25
2022-03-03,1.249,1.5,1.64,1.207,1.516,2.011,1.512,1.96,2.195,2.441,2.648,2.685,2.625,2.835,1.251,1.25
2022-03-04,1.191,1.5,1.64,1.204,1.502,2.003,1.503,1.958,2.214,2.463,2.658,2.702,2.638,2.848,1.053,1.25
2022-03-07,1.228,1.5,1.64,1.209,1.535,2.092,1.515,2.055,2.288,2.525,2.707,2.697,2.627,2.922,1.324,1.25
2022-03-08,1.24,1.5,1.64,1.199,1.519,2.084,1.507,2.031,2.287,2.523,2.722,2.705,2.634,2.931,1.323,1.25
2022-03-10,1.314,1.5,1.64,1.205,1.55,2.056,1.504,2.102,2.267,2.516,2.726,2.705,2.633,2.933,1.33,1.25
2022-03-11,1.318,1.5,1.64,1.199,1.557,2.02,1.546,2.061,2.255,2.485,2.7,2.697,2.619,2.92,1.361,1.25
2022-03-14,1.268,1.5,1.64,1.204,1.554,2.021,1.56,2.059,2.283,2.525,2.739,2.731,2.646,2.947,1.308,1.25
2022-03-15,1.243,1.5,1.64,1.204,1.551,2.004,1.548,2.071,2.285,2.534,2.753,2.755,2.666,2.965,1.285,1.25
2022-03-16,1.245,1.5,1.64,1.191,1.543,1.978,1.539,2.043,2.268,2.526,2.768,2.761,2.68,2.948,1.283,1.25
2022-03-17,1.242,1.5,1.64,1.176,1.522,1.944,1.508,2.009,2.217,2.469,2.704,2.724,2.647,2.902,1.207,1.25
2022-03-18,1.239,1.5,1.64,1.179,1.524,1.974,1.511,2.035,2.231,2.495,2.737,2.748,2.675,2.911,1.281,1.25
2022-03-21,1.215,1.5,1.64,1.189,1.525,2.004,1.523,2.071,2.268,2.53,2.741,2.753,2.676,2.944,1.282,1.25
2022-03-22,1.213,1.5,1.64,1.203,1.555,2.11,1.569,2.156,2.399,2.631,2.832,2.808,2.715,3.045,1.257,1.25
2022-03-23,1.127,1.5,1.64,1.204,1.563,2.121,1.585,2.17,2.426,2.646,2.828,2.811,2.7,3.073,1.222,1.25
2022-03-24,1.189,1.51,1.64,1.209,1.586,2.142,1.593,2.178,2.455,2.661,2.856,2.834,2.741,3.104,1.187,1.25
2022-03-25,1.245,1.51,1.64,1.226,1.615,2.176,1.632,2.219,2.505,2.713,2.871,2.866,2.769,3.163,1.19,1.25
2022-03-28,1.204,1.51,1.65,1.278,1.729,2.424,1.75,2.449,2.747,2.97,3.031,3.009,2.891,3.394,1.189,1.25
2022-03-29,1.218,1.51,1.65,1.281,1.753,2.382,1.802,2.406,2.7,2.89,2.972,2.97,2.833,3.361,1.163,1.25
2022-03-30,1.229,1.51,1.66,1.282,1.753,2.314,1.792,2.352,2.615,2.801,2.885,2.883,2.739,3.291,1.124,1.25
2022-03-31,1.454,1.51,1.66,1.291,1.788,2.341,1.815,2.372,2.663,2.856,2.969,2.954,2.817,3.34,1.411,1.25
2022-04-01,1.238,1.51,1.67,1.306,1.824,2.413,1.823,2.483,2.784,2.942,3.007,2.981,2.884,3.458,1.127,1.25
2022-04-04,1.25,1.51,1.67,1.293,1.852,2.468,1.844,2.585,2.837,3.019,3.065,3.05,3.02,3.499,1.148,1.25
2022-04-05,1.28,1.51,1.67,1.293,1.86,2.561,1.852,2.629,2.879,3.029,3.08,3.078,3.035,3.542,1.268,1.25
2022-04-06,1.241,1.51,1.67,1.3,1.911,2.667,1.923,2.748,2.941,3.097,3.129,3.117,3.049,3.592,1.268,1.25
2022-04-07,1.178,1.51,1.67,1.299,1.922,2.732,2.012,2.719,2.905,3.046,3.128,3.131,3.05,3.562,1.118,1.25
2022-04-08,1.158,1.51,1.67,1.317,1.979,2.863,2.084,2.804,2.987,3.116,3.169,3.135,3.053,3.636,1.058,1.25
2022-04-11,1.168,1.51,1.67,1.329,2.058,3.045,2.223,2.981,3.186,3.303,3.305,3.255,3.146,3.813,1.06,1.25
2022-04-12,1.182,1.51,1.67,1.328,2.069,3.011,2.224,2.993,3.105,3.27,3.313,3.263,3.149,3.774,1.057,1.25
2022-04-13,1.141,1.51,1.67,1.328,2.058,2.889,2.152,2.89,3.001,3.196,3.287,3.213,3.11,3.688,1.033,1.25
2022-04-14,1.333,1.72,1.84,1.327,1.987,2.733,2.076,2.776,2.888,3.107,3.22,3.195,3.098,3.583,1.275,1.5
2022-04-15,1.432,1.72,1.85,1.509,1.979,2.767,2.023,2.773,2.944,3.166,3.301,3.253,3.16,3.64,1.476,1.5
2022-04-18,1.395,1.72,1.86,1.511,1.977,2.808,2.012,2.802,2.99,3.227,3.355,3.349,3.257,3.689,1.45,1.5
2022-04-19,1.399,1.72,1.87,1.512,1.951,2.785,1.995,2.782,2.981,3.212,3.35,3.312,3.221,3.671,1.381,1.5
2022-04-20,1.375,1.72,1.88,1.515,1.926,2.747,1.997,2.758,2.957,3.203,3.313,3.311,3.223,3.662,1.38,1.5
2022-04-21,1.392,1.72,1.89,1.509,1.901,2.734,1.991,2.719,2.927,3.177,3.296,3.292,3.209,3.647,1.336,1.5
2022-04-22,1.449,1.72,1.89,1.509,1.915,2.749,1.998,2.763,2.971,3.219,3.314,3.329,3.245,3.688,1.391,1.5
2022-04-25,1.418,1.72,1.89,1.498,1.888,2.643,1.972,2.674,2.857,3.097,3.188,3.214,3.145,3.602,1.442,1.5
2022-04-26,1.385,1.72,1.89,1.482,1.875,2.629,1.963,2.636,2.83,3.085,3.19,3.191,3.134,3.584,1.434,1.5
2022-04-27,1.359,1.72,1.89,1.48,1.874,2.686,1.958,2.686,2.899,3.122,3.185,3.179,3.116,3.595,1.316,1.5
2022-04-28,1.347,1.72,1.89,1.478,1.845,2.74,1.96,2.721,2.925,3.135,3.166,3.161,3.09,3.636,1.275,1.5
2022-04-29,1.53,1.72,1.89,1.477,1.895,2.782,1.97,2.776,2.958,3.172,3.242,3.231,3.163,3.68,1.52,1.5
2022-05-02,1.454,1.72,1.89,1.478,1.931,2.902,2.012,2.888,3.086,3.311,3.38,3.354,3.28,3.794,1.479,1.5
2022-05-03,1.442,1.72,1.89,1.485,1.94,2.951,2.01,2.904,3.139,3.353,3.406,3.354,3.283,3.855,1.312,1.5
2022-05-04,1.449,1.72,1.89,1.483,1.971,2.998,2.023,2.953,3.178,3.393,3.434,3.38,3.289,3.887,1.297,1.5
2022-05-06,1.415,1.72,1.89,1.465,1.971,2.964,2.017,2.925,3.146,3.369,3.431,3.38,3.287,3.873,1.299,1.5
2022-05-09,1.34,1.72,1.89,1.449,1.937,2.916,1.989,2.873,3.062,3.319,3.414,3.385,3.297,3.8,1.253,1.5
2022-05-10,1.357,1.72,1.89,1.449,1.879,2.889,1.981,2.852,3.046,3.297,3.403,3.383,3.291,3.783,1.31,1.5
2022-05-11,1.478,1.72,1.89,1.445,1.859,2.783,1.949,2.732,2.928,3.16,3.269,3.268,3.192,3.691,1.308,1.5
2022-05-12,1.424,1.72,1.9,1.449,1.874,2.771,1.95,2.726,2.9,3.098,3.169,3.165,3.089,3.657,1.268,1.5
2022-05-13,1.399,1.72,1.9,1.457,1.884,2.774,1.954,2.707,2.911,3.122,3.221,3.188,3.114,3.673,1.268,1.5
2022-05-16,1.459,1.72,1.91,1.492,1.943,2.893,2.041,2.821,3.046,3.225,3.277,3.215,3.135,3.781,1.267,1.5
2022-05-17,1.474,1.72,1.92,1.499,1.955,2.879,2.04,2.806,3.031,3.23,3.287,3.214,3.142,3.784,1.394,1.5
2022-05-18,1.49,1.72,1.92,1.509,1.976,2.885,2.078,2.796,3.069,3.269,3.32,3.255,3.165,3.832,1.395,1.5
2022-05-19,1.5,1.72,1.92,1.515,1.978,2.871,2.079,2.776,3.046,3.251,3.307,3.251,3.159,3.821,1.488,1.5
2022-05-20,1.526,1.72,1.93,1.518,1.968,2.829,2.072,2.736,3.011,3.203,3.245,3.234,3.133,3.784,1.566,1.5
2022-05-23,1.515,1.75,1.94,1.523,1.989,2.836,2.088,2.759,3.018,3.205,3.258,3.235,3.144,3.796,1.577,1.5
2022-05-24,1.491,1.75,1.94,1.521,1.965,2.792,2.092,2.719,2.967,3.152,3.214,3.218,3.126,3.742,1.502,1.5
2022-05-25,1.507,1.75,1.94,1.525,1.952,2.776,2.091,2.7,2.946,3.116,3.177,3.162,3.075,3.72,1.551,1.5
2022-05-26,1.687,1.96,2.1,1.718,2.005,2.787,2.129,2.719,2.955,3.149,3.238,3.225,3.133,3.733,1.799,1.75
2022-05-27,1.758,1.96,2.12,1.747,2.013,2.778,2.137,2.693,2.947,3.135,3.212,3.197,3.091,3.728,1.775,1.75
2022-05-30,1.732,1.96,2.14,1.747,2.022,2.78,2.131,2.687,2.942,3.144,3.211,3.169,3.07,3.724,1.759,1.75
2022-05-31,1.863,1.96,2.15,1.761,2.062,2.854,2.163,2.778,3.027,3.256,3.326,3.236,3.133,3.807,1.901,1.75
2022-06-02,1.709,1.96,2.17,1.762,2.101,2.935,2.181,2.842,3.125,3.366,3.421,3.336,3.199,3.897,1.728,1.75
2022-06-03,1.648,1.96,2.18,1.756,2.142,2.938,2.18,2.85,3.121,3.365,3.405,3.29,3.16,3.896,1.485,1.75
2022-06-07,1.476,1.96,2.19,1.758,2.229,3.028,2.222,2.937,3.232,3.502,3.538,3.385,3.236,4.001,1.549,1.75
2022-06-08,1.558,1.96,2.19,1.75,2.29,2.996,2.226,2.905,3.209,3.447,3.472,3.32,3.169,3.982,1.539,1.75
2022-06-09,1.793,1.96,2.19,1.748,2.279,2.978,2.234,2.882,3.171,3.414,3.471,3.338,3.18,3.958,1.868,1.75
2022-06-10,1.747,1.96,2.19,1.749,2.329,2.996,2.29,3.071,3.275,3.452,3.495,3.404,3.271,3.996,1.843,1.75
2022-06-13,1.739,1.96,2.19,1.793,2.445,3.239,2.416,3.303,3.514,3.679,3.654,3.546,3.387,4.222,1.775,1.75
2022-06-14,1.692,1.97,2.19,1.788,2.487,3.278,2.451,3.425,3.548,3.703,3.691,3.588,3.429,4.27,1.716,1.75
2022-06-15,1.66,1.97,2.19,1.805,2.588,3.405,2.541,3.572,3.666,3.822,3.795,3.665,3.493,4.371,1.716,1.75
2022-06-16,1.698,1.99,2.19,1.846,2.668,3.523,2.651,3.623,3.728,3.837,3.767,3.688,3.551,4.437,1.757,1.75
2022-06-17,1.733,1.99,2.2,1.859,2.671,3.577,2.819,3.656,3.745,3.855,3.795,3.717,3.57,4.468,1.757,1.75
2022-06-20,1.718,1.99,2.23,1.864,2.633,3.553,2.811,3.646,3.675,3.834,3.784,3.712,3.581,4.414,1.73,1.75
2022-06-21,1.715,1.99,2.26,1.85,2.607,3.523,2.834,3.591,3.663,3.834,3.775,3.694,3.563,4.402,1.718,1.75
2022-06-22,1.717,2,2.28,1.837,2.573,3.418,2.83,3.487,3.522,3.707,3.682,3.626,3.5,4.275,1.723,1.75
2022-06-23,1.754,2,2.3,1.839,2.579,3.498,2.836,3.554,3.608,3.769,3.726,3.648,3.517,4.363,1.738,1.75
2022-06-24,1.842,2,2.31,1.83,2.596,3.424,2.824,3.477,3.523,3.666,3.635,3.582,3.473,4.297,1.863,1.75
2022-06-27,1.825,2,2.32,1.839,2.669,3.475,2.876,3.526,3.568,3.726,3.72,3.636,3.534,4.344,1.888,1.75
2022-06-28,1.828,2.02,2.33,1.836,2.69,3.488,2.878,3.504,3.552,3.7,3.68,3.597,3.504,4.339,1.885,1.75
2022-06-29,1.808,2.04,2.34,1.852,2.734,3.493,2.9,3.523,3.552,3.685,3.667,3.606,3.506,4.359,1.883,1.75
2022-06-30,2.337,2.04,2.34,1.871,2.843,3.499,2.981,3.502,3.55,3.653,3.636,3.583,3.477,4.361,2.72,1.75
2022-07-01,1.723,2.05,2.34,1.876,2.832,3.4,2.964,3.429,3.439,3.495,3.49,3.451,3.323,4.257,1.727,1.75
2022-07-04,1.66,2.05,2.34,1.926,2.872,3.383,2.959,3.434,3.43,3.497,3.489,3.419,3.294,4.247,1.484,1.75
2022-07-05,1.682,2.05,2.35,1.927,2.869,3.281,2.954,3.328,3.301,3.367,3.379,3.3,3.168,4.128,1.787,1.75
2022-07-06,1.737,2.05,2.36,1.912,2.832,3.248,2.909,3.269,3.239,3.283,3.295,3.231,3.115,4.086,1.787,1.75
2022-07-07,1.741,2.05,2.36,1.92,2.852,3.268,2.92,3.284,3.262,3.297,3.307,3.235,3.122,4.113,1.707,1.75
2022-07-08,1.732,2.05,2.36,1.948,2.902,3.297,2.959,3.325,3.315,3.345,3.36,3.28,3.177,4.186,1.684,1.75
2022-07-11,1.82,2.12,2.37,1.972,2.919,3.306,2.974,3.312,3.324,3.376,3.385,3.304,3.208,4.198,1.844,1.75
2022-07-12,1.832,2.14,2.39,1.964,2.904,3.256,2.984,3.279,3.291,3.345,3.349,3.26,3.161,4.158,1.884,1.75
2022-07-13,2.041,2.57,2.78,2.198,2.904,3.191,2.97,3.192,3.211,3.278,3.301,3.201,3.101,4.094,2.164,2.25
2022-07-14,2.196,2.58,2.79,2.497,3.025,3.218,3.011,3.235,3.26,3.317,3.295,3.162,3.053,4.139,2.176,2.25
2022-07-15,2.177,2.58,2.8,2.429,2.994,3.158,2.997,3.182,3.205,3.271,3.242,3.169,3.056,4.091,2.13,2.25
2022-07-18,2.171,2.58,2.8,2.3,3.05,3.164,2.996,3.189,3.212,3.282,3.27,3.215,3.114,4.104,2.138,2.25
2022-07-19,2.196,2.58,2.8,2.292,3.013,3.138,2.974,3.185,3.192,3.258,3.253,3.202,3.133,4.092,2.185,2.25
2022-07-20,2.173,2.58,2.8,2.308,3.038,3.225,2.985,3.278,3.296,3.372,3.36,3.287,3.205,4.197,2.14,2.25
2022-07-21,2.206,2.58,2.8,2.3,3.025,3.217,2.973,3.28,3.294,3.373,3.374,3.282,3.196,4.202,2.27,2.25
2022-07-22,2.188,2.58,2.8,2.276,2.993,3.145,2.943,3.214,3.218,3.299,3.302,3.24,3.159,4.135,2.228,2.25
2022-07-25,2.183,2.59,2.8,2.284,2.988,3.095,2.929,3.174,3.153,3.225,3.211,3.152,3.085,4.082,2.255,2.25
2022-07-26,2.224,2.61,2.81,2.288,2.997,3.097,2.931,3.153,3.121,3.201,3.183,3.131,3.069,4.063,2.237,2.25
2022-07-27,2.114,2.68,2.83,2.294,3.013,3.08,2.932,3.139,3.09,3.15,3.121,3.095,3.035,4.033,2.138,2.25
2022-07-28,2.143,2.74,2.85,2.305,3.038,3.118,2.949,3.153,3.13,3.182,3.201,3.155,3.092,4.082,2.119,2.25
2022-07-29,2.341,2.73,2.86,2.296,3.006,3.008,2.902,3.052,3.009,3.067,3.127,3.105,3.048,3.969,2.368,2.25
2022-08-01,2.238,2.73,2.86,2.328,3.003,3.077,2.924,3.093,3.081,3.13,3.184,3.183,3.152,4.043,2.298,2.25
2022-08-02,2.19,2.73,2.86,2.321,2.974,3.014,2.891,3.02,3.012,3.049,3.088,3.121,3.113,3.983,2.226,2.25
2022-08-03,2.162,2.73,2.86,2.33,2.976,3.081,2.901,3.08,3.065,3.108,3.131,3.135,3.13,4.045,2.175,2.25
2022-08-04,2.221,2.74,2.86,2.325,2.94,3.107,2.892,3.091,3.114,3.134,3.152,3.155,3.138,4.091,2.16,2.25
2022-08-05,2.242,2.74,2.86,2.31,2.894,3.073,2.876,3.061,3.079,3.099,3.124,3.115,3.064,4.056,2.183,2.25
2022-08-08,2.226,2.75,2.86,2.325,2.923,3.125,2.9,3.125,3.134,3.151,3.177,3.14,3.075,4.113,2.238,2.25
2022-08-09,2.243,2.75,2.86,2.323,2.916,3.118,2.899,3.137,3.134,3.152,3.166,3.145,3.08,4.119,2.253,2.25
2022-08-10,2.217,2.76,2.86,2.328,2.929,3.141,2.902,3.151,3.154,3.181,3.207,3.199,3.135,4.133,2.252,2.25
2022-08-11,2.215,2.76,2.86,2.323,2.901,3.122,2.894,3.125,3.124,3.172,3.219,3.23,3.181,4.111,2.296,2.25
2022-08-12,2.246,2.76,2.86,2.33,2.92,3.149,2.902,3.16,3.181,3.239,3.282,3.27,3.207,4.159,2.235,2.25
2022-08-16,2.176,2.76,2.86,2.308,2.868,3.045,2.862,3.053,3.078,3.123,3.156,3.159,3.112,4.057,2.209,2.25
2022-08-17,2.175,2.76,2.86,2.323,2.888,3.063,2.882,3.064,3.087,3.142,3.188,3.177,3.138,4.076,2.185,2.25
2022-08-18,2.206,2.76,2.86,2.344,2.904,3.085,2.887,3.084,3.125,3.188,3.221,3.198,3.156,4.114,2.192,2.25
2022-08-19,2.241,2.76,2.86,2.365,2.931,3.146,2.925,3.148,3.197,3.276,3.31,3.273,3.216,4.186,2.253,2.25
2022-08-22,2.217,2.76,2.86,2.383,2.951,3.194,2.961,3.208,3.245,3.316,3.342,3.31,3.253,4.235,2.285,2.25
2022-08-23,2.214,2.76,2.86,2.404,2.984,3.243,2.99,3.256,3.281,3.343,3.361,3.338,3.289,4.27,2.248,2.25
2022-08-24,2.258,2.76,2.86,2.437,3.038,3.289,3.046,3.284,3.311,3.39,3.433,3.378,3.343,4.298,2.286,2.25
2022-08-25,2.449,2.92,3.03,2.592,3.206,3.505,3.19,3.533,3.531,3.598,3.593,3.524,3.47,4.507,2.543,2.5
2022-08-26,2.426,2.92,3.04,2.617,3.211,3.527,3.209,3.535,3.525,3.615,3.616,3.552,3.502,4.499,2.474,2.5
2022-08-29,2.421,2.92,3.07,2.642,3.265,3.68,3.272,3.683,3.653,3.761,3.715,3.658,3.589,4.621,2.426,2.5
2022-08-30,2.428,2.92,3.08,2.634,3.244,3.664,3.244,3.665,3.642,3.742,3.695,3.611,3.555,4.618,2.438,2.5
2022-08-31,2.548,2.92,3.09,2.652,3.281,3.717,3.268,3.727,3.685,3.781,3.721,3.638,3.57,4.658,2.609,2.5
2022-09-01,2.502,2.92,3.1,2.674,3.315,3.779,3.303,3.791,3.778,3.868,3.805,3.701,3.604,4.747,2.486,2.5
2022-09-02,2.514,2.93,3.1,2.644,3.264,3.676,3.25,3.695,3.678,3.769,3.738,3.672,3.594,4.655,2.43,2.5
2022-09-05,2.436,2.93,3.1,2.602,3.222,3.614,3.205,3.611,3.616,3.686,3.67,3.59,3.515,4.596,2.404,2.5
2022-09-06,2.405,2.93,3.1,2.648,3.25,3.679,3.242,3.658,3.682,3.736,3.712,3.612,3.524,4.662,2.431,2.5
2022-09-07,2.49,2.93,3.1,2.638,3.244,3.688,3.232,3.679,3.685,3.753,3.736,3.653,3.552,4.668,2.43,2.5
2022-09-08,2.61,2.93,3.1,2.605,3.169,3.545,3.144,3.531,3.543,3.607,3.622,3.533,3.464,4.541,2.624,2.5
2022-09-13,2.52,2.93,3.11,2.604,3.176,3.503,3.155,3.54,3.536,3.596,3.62,3.506,3.486,4.525,2.55,2.5
2022-09-14,2.517,2.94,3.12,2.628,3.227,3.55,3.21,3.623,3.585,3.619,3.651,3.51,3.488,4.579,2.527,2.5
2022-09-15,2.506,2.96,3.13,2.645,3.258,3.729,3.228,3.712,3.77,3.778,3.791,3.65,3.594,4.759,2.504,2.5
2022-09-16,2.514,2.97,3.14,2.651,3.28,3.742,3.211,3.746,3.767,3.767,3.772,3.668,3.586,4.758,2.496,2.5
2022-09-19,2.501,2.99,3.15,2.651,3.279,3.748,3.194,3.764,3.759,3.782,3.794,3.668,3.608,4.751,2.481,2.5
2022-09-20,2.526,3,3.15,2.651,3.288,3.817,3.167,3.81,3.823,3.83,3.836,3.667,3.626,4.806,2.482,2.5
2022-09-21,2.558,3.02,3.15,2.666,3.325,3.849,3.175,3.858,3.847,3.905,3.891,3.697,3.66,4.843,2.507,2.5
2022-09-22,2.53,3.04,3.17,2.733,3.441,4.107,3.278,4.07,4.104,4.114,3.997,3.795,3.735,5.092,2.525,2.5
2022-09-23,2.547,3.07,3.22,2.797,3.54,4.191,3.342,4.18,4.199,4.193,4.112,3.93,3.844,5.189,2.568,2.5
2022-09-26,2.537,3.09,3.25,2.881,3.78,4.53,3.604,4.516,4.548,4.563,4.335,4.135,4.023,5.528,2.567,2.5
2022-09-27,2.526,3.12,3.27,2.864,3.729,4.373,3.484,4.324,4.304,4.348,4.208,4.091,3.971,5.308,2.564,2.5
2022-09-28,2.531,3.14,3.28,2.883,3.759,4.418,3.488,4.311,4.338,4.374,4.332,4.206,4.1,5.342,2.573,2.5
2022-09-29,2.546,3.2,3.29,2.88,3.74,4.378,3.454,4.311,4.303,4.335,4.229,4.103,3.98,5.378,2.594,2.5
2022-09-30,2.804,3.24,3.3,2.813,3.65,4.25,3.382,4.203,4.186,4.175,4.096,3.964,3.837,5.28,2.744,2.5
2022-10-04,2.543,3.28,3.34,2.776,3.539,4.087,3.331,4.075,4.081,4.049,4.006,3.897,3.795,5.175,2.666,2.5
2022-10-05,2.51,3.32,3.39,2.792,3.559,4.154,3.415,4.089,4.157,4.132,4.102,3.95,3.835,5.242,2.679,2.5
2022-10-06,2.552,3.32,3.43,2.784,3.554,4.168,3.43,4.092,4.145,4.13,4.102,3.976,3.86,5.231,2.591,2.5
2022-10-07,2.68,3.32,3.47,2.795,3.497,4.238,3.487,4.18,4.276,4.22,4.214,4.062,3.946,5.358,2.654,2.5
2022-10-11,2.784,3.32,3.51,2.807,3.495,4.321,3.546,4.303,4.342,4.306,4.306,4.15,4.039,5.436,2.727,2.5
2022-10-12,3.114,3.63,3.77,3.052,3.415,4.1,3.455,4.111,4.107,4.118,4.11,4.038,3.94,5.21,3.108,3
2022-10-13,3.127,3.66,3.8,3.064,3.493,4.201,3.543,4.197,4.203,4.221,4.239,4.127,4.002,5.31,3.107,3
2022-10-14,3.071,3.66,3.82,3.044,3.495,4.193,3.544,4.208,4.207,4.207,4.181,4.097,3.995,5.32,3.018,3
2022-10-17,3.05,3.7,3.9,3.059,3.533,4.231,3.568,4.233,4.239,4.245,4.215,4.114,4.03,5.373,3.048,3
2022-10-18,3.081,3.76,3.98,3.057,3.55,4.258,3.573,4.226,4.242,4.293,4.277,4.14,4.055,5.408,3.047,3
2022-10-19,3.079,3.81,4.06,3.067,3.62,4.343,3.649,4.316,4.331,4.406,4.396,4.257,4.143,5.533,3.073,3
2022-10-20,3.132,3.85,4.14,3.073,3.64,4.355,3.674,4.324,4.35,4.463,4.439,4.329,4.198,5.588,3.109,3
2022-10-21,3.107,3.9,4.3,3.114,3.728,4.465,3.801,4.485,4.495,4.638,4.632,4.537,4.391,5.736,3.106,3
2022-10-24,3.134,3.92,4.42,3.126,3.687,4.322,3.736,4.324,4.305,4.491,4.503,4.473,4.335,5.592,3.108,3
2022-10-25,3.148,3.93,4.5,3.138,3.666,4.235,3.71,4.246,4.221,4.383,4.346,4.295,4.183,5.528,3.123,3
2022-10-26,3.127,3.94,4.56,3.147,3.668,4.245,3.719,4.252,4.208,4.32,4.279,4.186,4.08,5.553,3.124,3
2022-10-27,3.072,3.94,4.6,3.209,3.707,4.308,3.753,4.276,4.254,4.359,4.313,4.233,4.141,5.62,3.021,3
2022-10-28,3.047,3.95,4.64,3.216,3.677,4.186,3.728,4.165,4.112,4.192,4.167,4.147,4.066,5.487,3.004,3
2022-10-31,3.19,3.96,4.68,3.259,3.743,4.257,3.783,4.228,4.185,4.263,4.242,4.152,4.073,5.58,3.047,3
2022-11-01,3.085,3.97,4.73,3.255,3.707,4.179,3.766,4.096,4.068,4.121,4.135,4.102,4.029,5.486,3.019,3
2022-11-02,3.031,3.97,4.8,3.274,3.777,4.18,3.863,4.167,4.095,4.158,4.143,4.102,4.033,5.533,2.894,3
2022-11-03,3.045,3.97,4.87,3.301,3.856,4.257,3.901,4.213,4.158,4.24,4.197,4.123,4.052,5.616,2.889,3
2022-11-04,2.992,3.97,4.94,3.303,3.845,4.241,3.902,4.185,4.118,4.2,4.182,4.135,4.094,5.591,2.847,3
2022-11-07,2.977,3.97,5,3.331,3.875,4.287,3.93,4.248,4.186,4.284,4.258,4.223,4.174,5.662,2.857,3
2022-11-08,2.993,3.97,5.04,3.333,3.872,4.245,3.93,4.234,4.156,4.256,4.236,4.207,4.156,5.642,2.885,3
2022-11-09,2.986,3.97,5.08,3.335,3.851,4.148,3.911,4.167,4.086,4.179,4.177,4.163,4.118,5.594,2.884,3
2022-11-10,3.09,3.97,5.16,3.343,3.869,4.1,3.905,4.112,4.033,4.097,4.07,4.049,4.011,5.551,3.108,3
2022-11-11,3.07,3.97,5.22,3.326,3.758,3.886,3.836,3.902,3.834,3.894,3.894,3.892,3.856,5.361,3.108,3
2022-11-14,3.078,3.97,5.25,3.355,3.821,3.905,3.871,3.928,3.85,3.928,3.928,3.936,3.894,5.42,3.039,3
2022-11-15,3.031,3.97,5.29,3.348,3.793,3.828,3.831,3.84,3.753,3.816,3.861,3.869,3.843,5.346,3.057,3
2022-11-16,3.038,3.97,5.33,3.364,3.82,3.889,3.84,3.893,3.808,3.866,3.896,3.898,3.886,5.416,3.038,3
2022-11-17,3.029,3.99,5.37,3.374,3.831,3.881,3.835,3.89,3.804,3.867,3.853,3.848,3.831,5.427,3.04,3
2022-11-18,3.026,3.99,5.4,3.385,3.835,3.876,3.831,3.859,3.787,3.85,3.801,3.791,3.775,5.429,3.038,3
2022-11-21,3.045,4.01,5.43,3.375,3.827,3.934,3.834,3.889,3.837,3.863,3.764,3.768,3.757,5.492,3.058,3
2022-11-22,3.07,4.02,5.45,3.375,3.849,3.942,3.844,3.92,3.844,3.854,3.773,3.802,3.79,5.516,3.075,3
2022-11-23,3.082,4.02,5.47,3.367,3.855,3.936,3.84,3.961,3.849,3.864,3.774,3.797,3.788,5.536,3.074,3
2022-11-24,3.274,4.03,5.56,3.345,3.777,3.816,3.788,3.805,3.689,3.718,3.622,3.663,3.649,5.402,3.257,3.25
2022-11-25,3.28,4.03,5.58,3.348,3.736,3.766,3.755,3.762,3.644,3.67,3.623,3.68,3.662,5.376,3.216,3.25
2022-11-28,3.306,4.03,5.59,3.389,3.754,3.795,3.748,3.805,3.669,3.673,3.606,3.692,3.675,5.405,3.191,3.25
2022-11-29,3.257,4.03,5.6,3.398,3.788,3.833,3.753,3.868,3.723,3.723,3.673,3.715,3.699,5.468,3.152,3.25
2022-11-30,3.366,4.03,5.61,3.395,3.775,3.797,3.725,3.827,3.689,3.697,3.667,3.718,3.689,5.445,3.155,3.25
2022-12-01,3.275,4.03,5.62,3.39,3.742,3.753,3.702,3.801,3.65,3.682,3.663,3.702,3.679,5.422,3.137,3.25
2022-12-02,3.217,4.03,5.62,3.359,3.706,3.717,3.678,3.777,3.616,3.632,3.583,3.586,3.57,5.386,3.046,3.25
2022-12-05,3.224,4.03,5.62,3.346,3.656,3.693,3.662,3.761,3.609,3.607,3.549,3.568,3.553,5.37,3.016,3.25
2022-12-06,3.163,4.03,5.62,3.349,3.652,3.728,3.663,3.778,3.633,3.597,3.504,3.504,3.493,5.387,3.061,3.25
2022-12-07,3.235,4.03,5.62,3.362,3.658,3.792,3.659,3.793,3.672,3.62,3.523,3.517,3.504,5.411,3.06,3.25
2022-12-08,3.295,4.03,5.62,3.381,3.683,3.79,3.662,3.799,3.676,3.614,3.53,3.527,3.506,5.412,3.298,3.25
2022-12-09,3.291,4.03,5.62,3.394,3.689,3.764,3.656,3.792,3.657,3.566,3.491,3.467,3.463,5.391,3.295,3.25
2022-12-12,3.282,4.03,5.61,3.398,3.687,3.752,3.646,3.775,3.623,3.578,3.448,3.471,3.468,5.383,3.274,3.25
2022-12-13,3.236,4.03,5.6,3.411,3.703,3.766,3.649,3.769,3.623,3.583,3.469,3.473,3.463,5.374,3.25,3.25
2022-12-14,3.229,4.03,5.58,3.401,3.667,3.675,3.622,3.675,3.53,3.471,3.406,3.422,3.413,5.272,3.231,3.25
2022-12-15,3.23,4.03,5.56,3.418,3.702,3.683,3.64,3.659,3.536,3.44,3.38,3.403,3.391,5.263,3.179,3.25
2022-12-16,3.236,4.03,5.54,3.43,3.713,3.694,3.659,3.669,3.539,3.442,3.36,3.37,3.368,5.227,3.139,3.25
2022-12-19,3.194,4.03,5.53,3.455,3.722,3.711,3.691,3.666,3.545,3.445,3.395,3.397,3.397,5.217,3.134,3.25
2022-12-20,3.161,4.03,5.49,3.489,3.796,3.834,3.768,3.795,3.685,3.618,3.603,3.575,3.568,5.333,3.139,3.25
2022-12-21,3.212,4.03,5.47,3.49,3.765,3.773,3.751,3.756,3.638,3.546,3.566,3.566,3.563,5.272,3.129,3.25
2022-12-22,3.208,4.03,5.46,3.496,3.746,3.72,3.742,3.701,3.567,3.491,3.495,3.535,3.531,5.192,3.128,3.25
2022-12-23,3.244,4.03,5.45,3.511,3.776,3.783,3.769,3.743,3.623,3.567,3.552,3.583,3.58,5.215,3.154,3.25
2022-12-26,3.269,4.03,5.42,3.526,3.793,3.802,3.794,3.775,3.663,3.636,3.639,3.623,3.608,5.235,3.153,3.25
2022-12-27,3.252,3.98,5.38,3.532,3.782,3.774,3.775,3.761,3.662,3.646,3.611,3.589,3.571,5.219,3.153,3.25
2022-12-28,3.187,3.98,5.34,3.538,3.787,3.77,3.767,3.778,3.668,3.676,3.673,3.624,3.619,5.203,3.16,3.25
2022-12-29,3.212,3.98,5.3,3.549,3.805,3.801,3.777,3.809,3.719,3.745,3.726,3.685,3.683,5.238,3.209,3.25
2022-12-30,3.38,3.98,5.28,3.547,3.796,3.801,3.773,3.803,3.722,3.743,3.73,3.684,3.683,5.231,3.479,3.25
2023-01-02,3.291,3.98,5.25,3.541,3.784,3.837,3.769,3.848,3.782,3.809,3.811,3.745,3.733,5.262,3.189,3.25
2023-01-03,3.119,3.96,5.22,3.491,3.678,3.731,3.705,3.733,3.661,3.674,3.661,3.654,3.657,5.131,2.981,3.25
2023-01-04,3.032,3.96,5.18,3.463,3.63,3.679,3.669,3.689,3.632,3.616,3.597,3.609,3.612,5.078,2.954,3.25
2023-01-05,3.075,3.96,5.12,3.432,3.622,3.675,3.649,3.691,3.644,3.607,3.571,3.563,3.572,5.06,2.925,3.25
2023-01-06,3.118,3.92,5.07,3.424,3.597,3.696,3.607,3.701,3.681,3.624,3.573,3.536,3.542,5.062,2.929,3.25
2023-01-09,3.132,3.92,5.03,3.399,3.552,3.584,3.583,3.583,3.577,3.494,3.477,3.475,3.477,4.93,2.926,3.25
2023-01-10,3.166,3.9,5,3.406,3.581,3.585,3.588,3.599,3.556,3.485,3.462,3.477,3.476,4.887,3,3.25
2023-01-11,3.232,3.88,4.96,3.402,3.566,3.505,3.571,3.533,3.472,3.401,3.417,3.444,3.441,4.784,3,3.25
2023-01-12,3.299,3.87,4.93,3.416,3.573,3.497,3.596,3.525,3.466,3.403,3.412,3.438,3.433,4.73,3.259,3.25
2023-01-13,3.427,3.88,4.96,3.425,3.522,3.414,3.554,3.441,3.369,3.275,3.3,3.353,3.355,4.62,3.468,3.5
2023-01-16,3.394,3.79,4.92,3.49,3.572,3.473,3.599,3.495,3.454,3.365,3.383,3.401,3.4,4.661,3.424,3.5
2023-01-17,3.369,3.74,4.89,3.501,3.581,3.503,3.605,3.53,3.484,3.446,3.444,3.43,3.42,4.677,3.418,3.5
2023-01-18,3.365,3.7,4.86,3.494,3.52,3.415,3.572,3.434,3.39,3.353,3.337,3.326,3.32,4.56,3.378,3.5
2023-01-19,3.387,3.68,4.82,3.469,3.473,3.344,3.532,3.34,3.248,3.223,3.222,3.213,3.214,4.403,3.385,3.5
2023-01-20,3.48,3.67,4.78,3.474,3.483,3.404,3.548,3.396,3.33,3.295,3.279,3.267,3.267,4.453,3.508,3.5
2023-01-25,3.435,3.66,4.74,3.486,3.472,3.39,3.535,3.382,3.285,3.241,3.229,3.243,3.24,4.4,3.481,3.5
2023-01-26,3.463,3.65,4.7,3.483,3.472,3.398,3.531,3.375,3.273,3.233,3.231,3.267,3.263,4.361,3.476,3.5
2023-01-27,3.357,3.64,4.67,3.486,3.483,3.431,3.506,3.415,3.304,3.268,3.283,3.3,3.289,4.364,3.373,3.5
2023-01-30,3.371,3.63,4.62,3.463,3.469,3.391,3.472,3.377,3.271,3.24,3.238,3.282,3.271,4.31,3.17,3.5
2023-01-31,3.343,3.63,4.57,3.463,3.485,3.438,3.489,3.45,3.325,3.299,3.297,3.318,3.307,4.344,3.176,3.5
2023-02-01,3.37,3.59,4.53,3.435,3.449,3.394,3.447,3.395,3.263,3.243,3.239,3.276,3.27,4.268,3.309,3.5
2023-02-02,3.27,3.52,4.48,3.411,3.422,3.321,3.424,3.313,3.183,3.174,3.207,3.245,3.238,4.177,3.208,3.5
2023-02-03,3.488,3.49,4.42,3.392,3.391,3.234,3.4,3.24,3.11,3.096,3.148,3.176,3.187,4.081,3.35,3.5
2023-02-06,3.487,3.47,4.37,3.416,3.462,3.397,3.459,3.403,3.283,3.268,3.283,3.294,3.29,4.237,3.348,3.5
2023-02-07,3.506,3.46,4.33,3.412,3.459,3.406,3.447,3.44,3.315,3.29,3.297,3.294,3.284,4.244,3.573,3.5
2023-02-08,3.483,3.46,4.28,3.412,3.456,3.4,3.445,3.432,3.339,3.323,3.32,3.3,3.28,4.244,3.573,3.5
2023-02-09,3.434,3.46,4.26,3.405,3.472,3.462,3.46,3.485,3.401,3.389,3.362,3.32,3.296,4.254,3.424,3.5
2023-02-10,3.399,3.47,4.25,3.402,3.466,3.454,3.451,3.479,3.398,3.386,3.365,3.331,3.3,4.231,3.433,3.5
2023-02-13,3.402,3.48,4.24,3.423,3.502,3.508,3.478,3.532,3.452,3.462,3.43,3.398,3.358,4.252,3.438,3.5
2023-02-14,3.403,3.48,4.22,3.436,3.5,3.482,3.493,3.522,3.429,3.421,3.398,3.349,3.309,4.207,3.394,3.5
2023-02-15,3.428,3.49,4.2,3.458,3.546,3.555,3.546,3.586,3.502,3.5,3.471,3.385,3.34,4.255,3.393,3.5
2023-02-16,3.397,3.5,4.18,3.468,3.546,3.562,3.54,3.598,3.504,3.504,3.476,3.4,3.343,4.239,3.388,3.5
2023-02-17,3.436,3.52,4.17,3.51,3.612,3.693,3.61,3.723,3.639,3.651,3.626,3.527,3.483,4.345,3.393,3.5
2023-02-20,3.415,3.53,4.14,3.52,3.629,3.747,3.616,3.748,3.677,3.685,3.641,3.563,3.532,4.369,3.395,3.5
2023-02-21,3.395,3.54,4.12,3.512,3.614,3.703,3.592,3.723,3.623,3.639,3.6,3.55,3.509,4.324,3.392,3.5
2023-02-22,3.423,3.56,4.1,3.518,3.635,3.739,3.607,3.753,3.645,3.682,3.639,3.595,3.554,4.342,3.393,3.5
2023-02-23,3.456,3.59,4.09,3.509,3.618,3.702,3.602,3.702,3.599,3.628,3.595,3.546,3.504,4.311,3.439,3.5
2023-02-24,3.432,3.59,4.08,3.511,3.607,3.653,3.582,3.673,3.555,3.565,3.525,3.467,3.432,4.255,3.441,3.5
2023-02-27,3.428,3.59,4.07,3.558,3.662,3.789,3.652,3.778,3.683,3.692,3.619,3.521,3.476,4.366,3.397,3.5
2023-02-28,3.46,3.59,4.06,3.573,3.727,3.887,3.701,3.899,3.797,3.829,3.753,3.637,3.588,4.484,3.402,3.5
2023-03-02,3.407,3.61,4.06,3.583,3.768,3.947,3.74,3.976,3.878,3.907,3.84,3.734,3.674,4.558,3.348,3.5
2023-03-03,3.366,3.61,4.06,3.571,3.721,3.842,3.707,3.866,3.791,3.818,3.776,3.69,3.626,4.471,3.354,3.5
2023-03-06,3.337,3.61,4.06,3.568,3.717,3.821,3.699,3.85,3.774,3.783,3.731,3.649,3.603,4.458,3.243,3.5
2023-03-07,3.428,3.61,4.06,3.549,3.688,3.783,3.666,3.798,3.726,3.719,3.661,3.6,3.557,4.41,3.376,3.5
2023-03-08,3.458,3.61,4.06,3.556,3.744,3.906,3.696,3.915,3.855,3.822,3.72,3.626,3.584,4.534,3.376,3.5
2023-03-09,3.44,3.61,4.06,3.557,3.759,3.907,3.692,3.94,3.858,3.817,3.739,3.639,3.588,4.54,3.552,3.5
2023-03-10,3.429,3.61,4.06,3.527,3.674,3.759,3.651,3.758,3.703,3.617,3.584,3.497,3.438,4.396,3.442,3.5
2023-03-13,3.435,3.61,4.06,3.489,3.54,3.498,3.538,3.486,3.435,3.398,3.405,3.375,3.344,4.149,3.4,3.5
2023-03-14,3.416,3.61,4.06,3.454,3.481,3.455,3.484,3.425,3.381,3.344,3.337,3.305,3.281,4.085,3.404,3.5
2023-03-15,3.37,3.61,4.06,3.436,3.492,3.529,3.469,3.523,3.473,3.424,3.418,3.376,3.351,4.169,3.393,3.5
2023-03-16,3.439,3.62,4.06,3.421,3.424,3.455,3.385,3.447,3.4,3.364,3.394,3.381,3.359,4.098,3.387,3.5
2023-03-17,3.426,3.62,4.06,3.42,3.429,3.472,3.355,3.471,3.415,3.373,3.406,3.391,3.361,4.11,3.383,3.5
2023-03-20,3.479,3.62,4.06,3.379,3.355,3.335,3.296,3.35,3.264,3.257,3.304,3.316,3.291,3.986,3.387,3.5
2023-03-21,3.464,3.62,4.06,3.375,3.332,3.368,3.301,3.379,3.294,3.274,3.304,3.303,3.287,4.016,3.389,3.5
2023-03-22,3.433,3.62,4.06,3.36,3.328,3.362,3.292,3.37,3.284,3.262,3.287,3.288,3.268,4.014,3.381,3.5
2023-03-23,3.45,3.62,4.05,3.353,3.318,3.315,3.29,3.29,3.206,3.186,3.266,3.27,3.246,3.97,3.397,3.5
2023-03-24,3.419,3.59,4.04,3.345,3.305,3.27,3.285,3.249,3.16,3.159,3.21,3.2,3.188,3.928,3.39,3.5
2023-03-27,3.398,3.59,4.03,3.345,3.317,3.32,3.29,3.313,3.22,3.224,3.258,3.242,3.229,3.989,3.387,3.5
2023-03-28,3.44,3.59,4.02,3.338,3.32,3.347,3.288,3.351,3.258,3.26,3.281,3.277,3.255,4.029,3.341,3.5
2023-03-29,3.427,3.59,4.01,3.327,3.311,3.317,3.287,3.341,3.249,3.25,3.28,3.276,3.257,4.027,3.353,3.5
2023-03-30,3.493,3.59,4.01,3.3,3.293,3.301,3.269,3.308,3.24,3.253,3.305,3.321,3.298,4.035,3.356,3.5
2023-03-31,3.569,3.59,4.01,3.287,3.295,3.343,3.274,3.341,3.27,3.274,3.34,3.372,3.34,4.074,3.599,3.5
2023-04-03,3.449,3.59,4.01,3.283,3.322,3.391,3.308,3.398,3.342,3.338,3.389,3.421,3.396,4.139,3.485,3.5
2023-04-04,3.441,3.59,4.01,3.263,3.283,3.335,3.281,3.336,3.279,3.253,3.316,3.354,3.345,4.081,3.42,3.5
2023-04-05,3.463,3.59,4.01,3.258,3.278,3.332,3.289,3.315,3.264,3.232,3.326,3.342,3.344,4.072,3.419,3.5
2023-04-06,3.4,3.58,4.01,3.242,3.249,3.263,3.275,3.283,3.211,3.194,3.278,3.27,3.268,4.022,3.344,3.5
2023-04-07,3.403,3.53,4.01,3.241,3.254,3.28,3.282,3.304,3.24,3.211,3.289,3.254,3.243,4.049,3.303,3.5
2023-04-10,3.419,3.51,4.01,3.228,3.222,3.226,3.263,3.261,3.192,3.165,3.236,3.229,3.22,4.004,3.312,3.5
2023-04-11,3.452,3.48,4.01,3.229,3.247,3.254,3.279,3.293,3.231,3.191,3.255,3.233,3.214,4.041,3.313,3.5
2023-04-12,3.43,3.43,4.01,3.23,3.254,3.28,3.272,3.3,3.233,3.214,3.262,3.239,3.224,4.042,3.313,3.5
2023-04-13,3.438,3.43,4.01,3.229,3.237,3.233,3.235,3.255,3.199,3.194,3.273,3.266,3.253,4.009,3.308,3.5
2023-04-14,3.491,3.43,4.01,3.228,3.242,3.242,3.235,3.262,3.215,3.203,3.286,3.26,3.244,4.022,3.439,3.5
2023-04-17,3.478,3.43,4.01,3.232,3.266,3.312,3.242,3.33,3.287,3.284,3.349,3.316,3.3,4.092,3.437,3.5
2023-04-18,3.469,3.44,4.01,3.234,3.254,3.317,3.228,3.343,3.294,3.288,3.352,3.323,3.305,4.101,3.39,3.5
2023-04-19,3.428,3.45,4.01,3.239,3.268,3.361,3.237,3.379,3.337,3.334,3.37,3.328,3.306,4.146,3.31,3.5
2023-04-20,3.487,3.47,4.01,3.241,3.26,3.344,3.234,3.378,3.334,3.338,3.409,3.387,3.373,4.146,3.32,3.5
2023-04-21,3.512,3.49,4.01,3.237,3.243,3.286,3.218,3.323,3.267,3.275,3.343,3.31,3.299,4.083,3.486,3.5
2023-04-24,3.503,3.49,4.01,3.236,3.243,3.278,3.217,3.3,3.23,3.252,3.306,3.316,3.308,4.051,3.525,3.5
2023-04-25,3.512,3.49,4.01,3.235,3.257,3.316,3.228,3.325,3.265,3.273,3.323,3.346,3.337,4.076,3.541,3.5
2023-04-26,3.499,3.5,4.01,3.232,3.243,3.308,3.219,3.328,3.259,3.259,3.309,3.339,3.322,4.069,3.504,3.5
2023-04-27,3.487,3.52,4.01,3.243,3.267,3.326,3.253,3.349,3.288,3.273,3.342,3.35,3.34,4.094,3.503,3.5
2023-04-28,3.549,3.52,4.01,3.253,3.293,3.346,3.281,3.364,3.293,3.292,3.36,3.369,3.364,4.105,3.567,3.5
2023-05-02,3.512,3.53,4.01,3.269,3.319,3.389,3.324,3.406,3.335,3.331,3.372,3.397,3.391,4.14,3.507,3.5
2023-05-03,3.541,3.55,4.01,3.273,3.306,3.352,3.335,3.367,3.281,3.269,3.324,3.365,3.363,4.094,3.549,3.5
2023-05-04,3.529,3.55,4.01,3.269,3.282,3.298,3.326,3.309,3.21,3.195,3.278,3.335,3.334,4.03,3.526,3.5
2023-05-08,3.591,3.55,4.01,3.277,3.305,3.352,3.342,3.371,3.261,3.239,3.31,3.369,3.374,4.079,3.594,3.5
2023-05-09,3.656,3.55,4.01,3.283,3.293,3.355,3.344,3.371,3.256,3.24,3.318,3.357,3.36,4.069,3.969,3.5
2023-05-10,3.567,3.59,4.01,3.289,3.298,3.36,3.353,3.368,3.273,3.258,3.341,3.358,3.362,4.086,3.967,3.5
2023-05-11,3.559,3.6,4.01,3.287,3.288,3.318,3.344,3.327,3.22,3.205,3.292,3.336,3.346,4.032,3.595,3.5
2023-05-12,3.548,3.61,4.01,3.297,3.298,3.324,3.35,3.339,3.225,3.2,3.274,3.321,3.333,4.035,3.569,3.5
2023-05-15,3.58,3.62,4.01,3.328,3.36,3.36,3.391,3.377,3.279,3.255,3.332,3.378,3.381,4.089,3.587,3.5
2023-05-16,3.598,3.62,4.01,3.347,3.369,3.33,3.392,3.346,3.242,3.215,3.303,3.36,3.362,4.056,3.629,3.5
2023-05-17,3.6,3.65,4.01,3.368,3.409,3.368,3.416,3.375,3.274,3.238,3.319,3.368,3.367,4.084,3.611,3.5
2023-05-18,3.627,3.66,4.01,3.389,3.429,3.409,3.426,3.413,3.316,3.293,3.367,3.407,3.406,4.123,3.657,3.5
2023-05-19,3.603,3.67,4.01,3.428,3.461,3.436,3.445,3.442,3.34,3.333,3.419,3.453,3.451,4.148,3.653,3.5
2023-05-22,3.589,3.68,4.01,3.439,3.456,3.405,3.447,3.413,3.321,3.322,3.398,3.436,3.435,4.127,3.609,3.5
2023-05-23,3.559,3.7,4.01,3.462,3.486,3.456,3.47,3.452,3.373,3.385,3.473,3.505,3.504,4.181,3.593,3.5
2023-05-24,3.551,3.73,4.01,3.467,3.476,3.461,3.464,3.453,3.378,3.399,3.502,3.538,3.533,4.183,3.593,3.5
2023-05-25,3.603,3.75,4.01,3.495,3.53,3.551,3.513,3.554,3.48,3.498,3.597,3.623,3.606,4.28,3.636,3.5
2023-05-26,3.557,3.75,4.01,3.527,3.569,3.604,3.538,3.612,3.524,3.55,3.639,3.67,3.659,4.328,3.582,3.5
2023-05-30,3.537,3.76,4.01,3.545,3.596,3.634,3.569,3.65,3.56,3.582,3.651,3.702,3.682,4.359,3.529,3.5
2023-05-31,3.543,3.76,4.01,3.527,3.551,3.538,3.54,3.573,3.459,3.45,3.532,3.604,3.598,4.262,3.595,3.5
2023-06-01,3.55,3.76,4.01,3.517,3.556,3.56,3.546,3.584,3.478,3.464,3.549,3.61,3.612,4.285,3.528,3.5
2023-06-02,3.504,3.76,4.01,3.497,3.53,3.522,3.51,3.549,3.436,3.405,3.495,3.556,3.559,4.244,3.522,3.5
2023-06-05,3.487,3.76,4.01,3.522,3.552,3.591,3.538,3.62,3.502,3.489,3.561,3.606,3.611,4.307,3.53,3.5
2023-06-07,3.491,3.75,4.01,3.506,3.525,3.554,3.514,3.588,3.471,3.449,3.522,3.588,3.592,4.273,3.53,3.5
2023-06-08,3.561,3.75,4.01,3.524,3.545,3.609,3.531,3.636,3.543,3.533,3.632,3.678,3.688,4.344,3.595,3.5
2023-06-09,3.569,3.75,4.01,3.503,3.516,3.573,3.503,3.59,3.506,3.495,3.613,3.672,3.677,4.309,3.612,3.5
2023-06-12,3.56,3.75,4.01,3.504,3.513,3.567,3.492,3.586,3.493,3.502,3.576,3.659,3.656,4.302,3.586,3.5
2023-06-13,3.539,3.75,4.01,3.498,3.496,3.55,3.467,3.559,3.484,3.502,3.578,3.644,3.65,4.297,3.551,3.5
2023-06-14,3.532,3.75,4.01,3.508,3.526,3.606,3.489,3.612,3.545,3.574,3.635,3.675,3.678,4.356,3.55,3.5
2023-06-15,3.58,3.75,4.01,3.523,3.555,3.676,3.507,3.684,3.626,3.636,3.685,3.692,3.694,4.437,3.585,3.5
2023-06-16,3.592,3.75,4.01,3.517,3.535,3.64,3.502,3.634,3.585,3.601,3.657,3.674,3.674,4.395,3.61,3.5
2023-06-19,3.605,3.75,4.01,3.519,3.544,3.653,3.514,3.641,3.583,3.593,3.633,3.68,3.67,4.39,3.61,3.5
2023-06-20,3.591,3.75,4.01,3.52,3.531,3.633,3.503,3.613,3.567,3.579,3.642,3.694,3.688,4.38,3.586,3.5
2023-06-21,3.605,3.75,4.01,3.52,3.532,3.646,3.502,3.636,3.571,3.581,3.621,3.683,3.672,4.378,3.604,3.5
2023-06-22,3.578,3.75,4.01,3.525,3.555,3.676,3.506,3.657,3.592,3.598,3.647,3.695,3.686,4.4,3.58,3.5
2023-06-23,3.617,3.75,4.01,3.528,3.57,3.69,3.51,3.674,3.609,3.617,3.663,3.725,3.726,4.419,3.619,3.5
2023-06-26,3.559,3.75,4.01,3.523,3.539,3.651,3.505,3.632,3.568,3.576,3.611,3.656,3.661,4.375,3.6,3.5
2023-06-27,3.52,3.75,4.01,3.52,3.539,3.642,3.501,3.614,3.538,3.565,3.603,3.639,3.645,4.348,3.532,3.5
2023-06-28,3.531,3.75,4.01,3.521,3.545,3.648,3.508,3.632,3.557,3.574,3.611,3.646,3.652,4.365,3.501,3.5
2023-06-29,3.534,3.75,4.02,3.529,3.561,3.667,3.525,3.654,3.584,3.589,3.626,3.655,3.661,4.391,3.523,3.5
2023-06-30,3.767,3.75,4.02,3.548,3.604,3.734,3.563,3.737,3.662,3.663,3.675,3.691,3.686,4.473,3.841,3.5
2023-07-03,3.496,3.75,4.02,3.548,3.576,3.674,3.559,3.675,3.613,3.59,3.607,3.601,3.591,4.421,3.516,3.5
2023-07-04,3.454,3.74,4.02,3.552,3.583,3.68,3.562,3.676,3.619,3.597,3.623,3.623,3.625,4.429,3.523,3.5
2023-07-05,3.488,3.74,4.02,3.556,3.586,3.685,3.564,3.677,3.618,3.606,3.644,3.625,3.626,4.425,3.521,3.5
2023-07-06,3.542,3.74,4.03,3.566,3.616,3.732,3.59,3.732,3.676,3.675,3.713,3.675,3.673,4.475,3.528,3.5
2023-07-07,3.588,3.75,4.03,3.592,3.641,3.78,3.623,3.78,3.735,3.733,3.761,3.7,3.698,4.534,3.584,3.5
2023-07-10,3.582,3.75,4.03,3.627,3.684,3.825,3.665,3.839,3.795,3.81,3.863,3.778,3.77,4.594,3.597,3.5
2023-07-11,3.556,3.75,4.03,3.624,3.639,3.751,3.629,3.75,3.703,3.721,3.758,3.692,3.67,4.502,3.577,3.5
2023-07-12,3.527,3.75,4.03,3.623,3.642,3.761,3.627,3.76,3.704,3.72,3.756,3.675,3.636,4.512,3.523,3.5
2023-07-13,3.514,3.75,4.03,3.608,3.584,3.658,3.574,3.65,3.602,3.61,3.657,3.622,3.588,4.408,3.549,3.5
2023-07-14,3.507,3.75,4.03,3.601,3.6,3.67,3.592,3.665,3.614,3.631,3.685,3.65,3.621,4.42,3.508,3.5
2023-07-17,3.506,3.75,4.03,3.595,3.597,3.661,3.588,3.662,3.611,3.619,3.66,3.633,3.612,4.414,3.508,3.5
2023-07-18,3.51,3.75,4.03,3.59,3.586,3.644,3.58,3.638,3.596,3.609,3.651,3.644,3.634,4.398,3.5,3.5
2023-07-19,3.502,3.75,4.03,3.577,3.572,3.605,3.542,3.599,3.543,3.542,3.575,3.597,3.584,4.341,3.5,3.5
2023-07-20,3.528,3.75,4.03,3.58,3.599,3.642,3.552,3.639,3.581,3.581,3.606,3.599,3.588,4.379,3.55,3.5
2023-07-21,3.481,3.75,4.03,3.586,3.592,3.653,3.551,3.655,3.602,3.601,3.636,3.602,3.603,4.399,3.534,3.5
2023-07-24,3.498,3.75,4.03,3.585,3.59,3.663,3.548,3.662,3.617,3.607,3.64,3.595,3.594,4.41,3.479,3.5
2023-07-25,3.49,3.75,4.03,3.586,3.598,3.694,3.551,3.691,3.645,3.643,3.684,3.635,3.632,4.435,3.485,3.5
2023-07-26,3.483,3.75,4.03,3.581,3.586,3.679,3.524,3.669,3.627,3.622,3.658,3.637,3.633,4.413,3.465,3.5
2023-07-27,3.446,3.74,4.03,3.572,3.562,3.644,3.506,3.627,3.587,3.588,3.637,3.638,3.632,4.374,3.449,3.5
2023-07-28,3.461,3.74,4.03,3.582,3.594,3.695,3.521,3.675,3.635,3.643,3.728,3.703,3.696,4.423,3.456,3.5
2023-07-31,3.488,3.74,4.03,3.582,3.608,3.726,3.523,3.714,3.681,3.697,3.761,3.69,3.678,4.467,3.511,3.5
2023-08-01,3.455,3.74,4.03,3.575,3.586,3.702,3.494,3.686,3.647,3.667,3.727,3.672,3.643,4.435,3.466,3.5
2023-08-02,3.436,3.74,4.03,3.578,3.599,3.721,3.494,3.717,3.677,3.717,3.793,3.724,3.678,4.466,3.447,3.5
2023-08-03,3.45,3.73,4.03,3.579,3.605,3.746,3.494,3.745,3.714,3.755,3.861,3.753,3.704,4.496,3.443,3.5
2023-08-04,3.503,3.72,4.03,3.58,3.609,3.766,3.498,3.759,3.738,3.779,3.876,3.8,3.758,4.519,3.472,3.5
2023-08-07,3.535,3.72,4.03,3.579,3.58,3.726,3.475,3.724,3.689,3.712,3.814,3.754,3.713,4.468,3.535,3.5
2023-08-08,3.485,3.7,4.03,3.561,3.565,3.693,3.466,3.698,3.647,3.656,3.74,3.7,3.67,4.424,3.542,3.5
2023-08-09,3.487,3.7,4.03,3.557,3.581,3.714,3.474,3.71,3.672,3.691,3.774,3.71,3.68,4.448,3.541,3.5
2023-08-10,3.592,3.68,4.03,3.558,3.589,3.725,3.475,3.726,3.687,3.709,3.786,3.718,3.684,4.464,3.604,3.5
2023-08-11,3.576,3.69,4.03,3.555,3.597,3.736,3.476,3.725,3.698,3.734,3.824,3.761,3.721,4.475,3.606,3.5
2023-08-14,3.58,3.69,4.03,3.572,3.614,3.774,3.489,3.757,3.747,3.796,3.889,3.815,3.775,4.52,3.597,3.5
2023-08-16,3.569,3.7,4.03,3.56,3.59,3.735,3.462,3.731,3.712,3.767,3.867,3.81,3.771,4.488,3.594,3.5
2023-08-17,3.557,3.7,4.03,3.566,3.603,3.789,3.49,3.784,3.788,3.865,3.976,3.894,3.841,4.561,3.576,3.5
2023-08-18,3.547,3.7,4.03,3.556,3.576,3.738,3.471,3.729,3.729,3.804,3.914,3.832,3.776,4.501,3.576,3.5
2023-08-21,3.545,3.7,4.03,3.571,3.609,3.792,3.51,3.796,3.795,3.863,3.973,3.871,3.806,4.563,3.55,3.5
2023-08-22,3.54,3.7,4.03,3.575,3.612,3.801,3.514,3.793,3.802,3.867,3.986,3.916,3.852,4.569,3.55,3.5
2023-08-23,3.56,3.69,4.03,3.571,3.596,3.779,3.508,3.761,3.771,3.825,3.92,3.868,3.806,4.536,3.577,3.5
2023-08-24,3.572,3.69,4.03,3.568,3.593,3.773,3.511,3.762,3.759,3.803,3.878,3.839,3.784,4.524,3.593,3.5
2023-08-25,3.565,3.69,4.03,3.569,3.607,3.801,3.539,3.79,3.789,3.843,3.935,3.891,3.834,4.554,3.593,3.5
2023-08-28,3.563,3.69,4.03,3.565,3.596,3.785,3.534,3.771,3.759,3.796,3.872,3.836,3.796,4.524,3.592,3.5
2023-08-29,3.564,3.69,4.03,3.559,3.587,3.767,3.526,3.751,3.74,3.776,3.844,3.815,3.775,4.503,3.591,3.5
2023-08-30,3.577,3.69,4.03,3.559,3.589,3.76,3.515,3.746,3.732,3.78,3.85,3.817,3.776,4.496,3.594,3.5
2023-08-31,3.62,3.69,4.03,3.559,3.582,3.741,3.5,3.722,3.711,3.75,3.821,3.772,3.731,4.473,3.617,3.5
2023-09-01,3.567,3.68,4.03,3.555,3.579,3.728,3.497,3.714,3.689,3.717,3.778,3.723,3.685,4.447,3.611,3.5
2023-09-04,3.545,3.69,4.03,3.568,3.615,3.769,3.518,3.775,3.738,3.778,3.856,3.772,3.725,4.498,3.544,3.5
2023-09-05,3.51,3.7,4.03,3.579,3.629,3.798,3.528,3.798,3.765,3.814,3.886,3.81,3.739,4.527,3.534,3.5
2023-09-06,3.496,3.71,4.03,3.579,3.613,3.804,3.514,3.795,3.765,3.816,3.893,3.826,3.765,4.521,3.534,3.5
2023-09-07,3.54,3.72,4.03,3.589,3.647,3.872,3.568,3.867,3.847,3.893,3.969,3.875,3.818,4.599,3.526,3.5
2023-09-08,3.593,3.72,4.03,3.59,3.619,3.829,3.562,3.825,3.795,3.837,3.895,3.817,3.754,4.552,3.625,3.5
2023-09-11,3.602,3.72,4.04,3.6,3.66,3.892,3.607,3.891,3.865,3.894,3.961,3.856,3.815,4.622,3.624,3.5
2023-09-12,3.597,3.73,4.04,3.606,3.648,3.89,3.622,3.872,3.863,3.89,3.965,3.851,3.818,4.621,3.631,3.5
2023-09-13,3.592,3.75,4.05,3.612,3.649,3.882,3.629,3.867,3.853,3.88,3.949,3.834,3.788,4.617,3.624,3.5
2023-09-14,3.587,3.76,4.05,3.609,3.644,3.866,3.633,3.853,3.836,3.863,3.917,3.795,3.747,4.596,3.62,3.5
2023-09-15,3.58,3.78,4.05,3.616,3.658,3.881,3.645,3.874,3.85,3.881,3.928,3.814,3.772,4.608,3.621,3.5
2023-09-18,3.583,3.79,4.06,3.622,3.679,3.917,3.664,3.918,3.891,3.934,3.982,3.862,3.818,4.648,3.601,3.5
2023-09-19,3.609,3.8,4.06,3.622,3.668,3.906,3.652,3.902,3.887,3.916,3.952,3.86,3.815,4.641,3.619,3.5
2023-09-20,3.619,3.81,4.06,3.622,3.668,3.901,3.653,3.9,3.89,3.916,3.963,3.863,3.82,4.645,3.619,3.5
2023-09-21,3.594,3.82,4.07,3.629,3.687,3.939,3.672,3.935,3.93,3.973,4.031,3.907,3.857,4.689,3.625,3.5
2023-09-22,3.618,3.83,4.08,3.623,3.667,3.889,3.658,3.886,3.876,3.921,4.001,3.886,3.835,4.65,3.662,3.5
2023-09-25,3.63,3.83,4.08,3.627,3.677,3.885,3.651,3.868,3.876,3.927,4.012,3.918,3.866,4.64,3.622,3.5
2023-09-26,3.62,3.83,4.08,3.631,3.687,3.897,3.66,3.882,3.891,3.954,4.054,3.959,3.91,4.654,3.672,3.5
2023-09-27,3.829,3.83,4.08,3.629,3.684,3.884,3.661,3.88,3.884,3.942,4.03,3.946,3.896,4.658,4.019,3.5
2023-10-04,3.555,3.84,4.09,3.657,3.772,4.081,3.757,4.065,4.108,4.203,4.351,4.246,4.199,4.871,3.62,3.5
2023-10-05,3.527,3.83,4.09,3.657,3.773,4.047,3.744,4.038,4.081,4.18,4.322,4.238,4.205,4.855,3.535,3.5
2023-10-06,3.502,3.82,4.1,3.642,3.754,3.979,3.722,3.978,4.015,4.105,4.24,4.166,4.13,4.796,3.471,3.5
2023-10-10,3.471,3.82,4.11,3.642,3.752,3.958,3.723,3.957,3.997,4.087,4.219,4.167,4.129,4.777,3.467,3.5
2023-10-11,3.473,3.82,4.12,3.64,3.742,3.916,3.713,3.931,3.953,4.039,4.142,4.117,4.083,4.735,3.467,3.5
2023-10-12,3.512,3.82,4.13,3.631,3.722,3.887,3.704,3.905,3.932,4.004,4.101,4.048,4.027,4.719,3.46,3.5
2023-10-13,3.542,3.82,4.14,3.635,3.731,3.901,3.728,3.918,3.957,4.036,4.169,4.123,4.096,4.748,3.551,3.5
2023-10-16,3.518,3.82,4.16,3.63,3.729,3.913,3.739,3.929,3.973,4.064,4.191,4.162,4.141,4.769,3.506,3.5
2023-10-17,3.493,3.82,4.18,3.626,3.727,3.925,3.738,3.936,3.991,4.092,4.224,4.184,4.165,4.787,3.49,3.5
2023-10-18,3.492,3.82,4.2,3.63,3.738,3.951,3.753,3.966,4.031,4.151,4.287,4.228,4.204,4.83,3.463,3.5
2023-10-19,3.505,3.82,4.22,3.634,3.748,3.969,3.767,3.979,4.07,4.214,4.362,4.305,4.279,4.872,3.466,3.5
2023-10-20,3.523,3.82,4.24,3.632,3.731,3.935,3.749,3.942,4.033,4.183,4.327,4.274,4.247,4.838,3.492,3.5
2023-10-23,3.538,3.82,4.26,3.641,3.744,3.961,3.761,3.958,4.055,4.225,4.374,4.325,4.307,4.861,3.526,3.5
2023-10-24,3.531,3.82,4.29,3.635,3.728,3.93,3.738,3.927,4.004,4.14,4.269,4.237,4.229,4.81,3.525,3.5
2023-10-25,3.561,3.82,4.31,3.635,3.743,3.971,3.743,3.952,4.038,4.157,4.281,4.203,4.2,4.844,3.569,3.5
2023-10-26,3.556,3.82,4.33,3.64,3.762,4.012,3.761,3.996,4.104,4.237,4.392,4.268,4.241,4.906,3.57,3.5
2023-10-27,3.494,3.82,4.34,3.634,3.748,3.993,3.749,3.978,4.073,4.17,4.28,4.093,4.035,4.884,3.44,3.5
2023-10-30,3.515,3.82,4.35,3.635,3.755,4.006,3.745,3.995,4.089,4.201,4.312,4.141,4.087,4.905,3.443,3.5
2023-10-31,3.5,3.82,4.36,3.634,3.756,4.002,3.74,4.001,4.085,4.203,4.325,4.135,4.069,4.908,3.544,3.5
2023-11-01,3.516,3.83,4.36,3.634,3.751,3.991,3.731,3.991,4.071,4.173,4.288,4.097,4.02,4.9,3.482,3.5
2023-11-02,3.49,3.83,4.36,3.617,3.708,3.943,3.687,3.904,3.979,4.07,4.168,4.053,4.002,4.811,3.437,3.5
2023-11-03,3.52,3.83,4.36,3.619,3.715,3.937,3.693,3.903,3.949,4.021,4.105,3.997,3.944,4.789,3.437,3.5
2023-11-06,3.526,3.83,4.36,3.608,3.701,3.879,3.693,3.858,3.877,3.954,4.056,3.951,3.905,4.721,3.464,3.5
2023-11-07,3.463,3.83,4.36,3.618,3.71,3.88,3.722,3.885,3.887,3.961,4.055,3.933,3.876,4.731,3.52,3.5
2023-11-08,3.484,3.83,4.36,3.617,3.7,3.866,3.731,3.867,3.868,3.929,4.022,3.876,3.812,4.715,3.52,3.5
2023-11-09,3.563,3.83,4.36,3.616,3.697,3.848,3.734,3.866,3.847,3.886,3.945,3.8,3.741,4.695,3.569,3.5
2023-11-10,3.593,3.83,4.36,3.621,3.707,3.864,3.765,3.878,3.862,3.905,3.969,3.802,3.746,4.711,3.596,3.5
2023-11-13,3.575,3.83,4.36,3.619,3.718,3.881,3.793,3.898,3.877,3.927,4.005,3.823,3.774,4.727,3.613,3.5
2023-11-14,3.579,3.83,4.36,3.611,3.714,3.874,3.792,3.893,3.857,3.905,3.98,3.832,3.796,4.704,3.611,3.5
2023-11-15,3.57,3.83,4.36,3.595,3.671,3.787,3.75,3.798,3.744,3.759,3.815,3.684,3.642,4.591,3.569,3.5
2023-11-16,3.585,3.83,4.36,3.595,3.672,3.756,3.75,3.761,3.701,3.724,3.799,3.663,3.622,4.541,3.617,3.5
2023-11-17,3.601,3.83,4.36,3.594,3.661,3.724,3.741,3.731,3.681,3.718,3.796,3.684,3.658,4.504,3.639,3.5
2023-11-20,3.597,3.83,4.36,3.594,3.659,3.699,3.729,3.717,3.667,3.7,3.755,3.667,3.631,4.469,3.612,3.5
2023-11-21,3.585,3.83,4.36,3.598,3.663,3.687,3.715,3.697,3.644,3.676,3.726,3.635,3.597,4.436,3.613,3.5
2023-11-22,3.62,3.83,4.36,3.605,3.673,3.708,3.72,3.716,3.666,3.704,3.762,3.67,3.628,4.45,3.639,3.5
2023-11-23,3.598,3.84,4.36,3.603,3.665,3.697,3.702,3.704,3.644,3.677,3.712,3.646,3.603,4.418,3.638,3.5
2023-11-24,3.606,3.84,4.36,3.609,3.688,3.728,3.707,3.726,3.677,3.721,3.779,3.7,3.661,4.443,3.637,3.5
2023-11-27,3.604,3.84,4.36,3.613,3.696,3.731,3.716,3.729,3.689,3.722,3.767,3.7,3.665,4.448,3.636,3.5
2023-11-28,3.581,3.84,4.36,3.606,3.671,3.694,3.696,3.688,3.648,3.67,3.726,3.643,3.603,4.397,3.62,3.5
2023-11-29,3.595,3.84,4.36,3.589,3.628,3.604,3.656,3.594,3.554,3.578,3.641,3.55,3.508,4.297,3.611,3.5
2023-11-30,3.67,3.84,4.36,3.586,3.638,3.622,3.653,3.617,3.583,3.621,3.699,3.589,3.562,4.319,3.657,3.5
2023-12-01,3.552,3.84,4.36,3.583,3.628,3.614,3.639,3.617,3.587,3.622,3.699,3.58,3.557,4.309,3.61,3.5
2023-12-04,3.556,3.84,4.36,3.57,3.59,3.565,3.595,3.563,3.531,3.559,3.626,3.524,3.509,4.252,3.585,3.5
2023-12-05,3.549,3.84,4.36,3.562,3.566,3.531,3.574,3.54,3.484,3.518,3.579,3.495,3.479,4.197,3.594,3.5
2023-12-06,3.516,3.84,4.36,3.561,3.554,3.522,3.561,3.514,3.463,3.482,3.533,3.444,3.426,4.17,3.592,3.5
2023-12-07,3.618,3.84,4.36,3.569,3.571,3.56,3.576,3.551,3.511,3.52,3.576,3.478,3.465,4.211,3.587,3.5
2023-12-08,3.683,3.84,4.36,3.562,3.559,3.537,3.56,3.522,3.461,3.479,3.534,3.462,3.448,4.167,3.685,3.5
2023-12-11,3.712,3.84,4.36,3.569,3.583,3.578,3.575,3.563,3.48,3.522,3.566,3.495,3.48,4.196,3.756,3.5
2023-12-12,3.68,3.84,4.36,3.559,3.57,3.55,3.561,3.525,3.446,3.491,3.527,3.447,3.432,4.171,3.701,3.5
2023-12-13,3.655,3.84,4.36,3.561,3.582,3.565,3.581,3.546,3.465,3.5,3.525,3.413,3.386,4.186,3.715,3.5
2023-12-14,3.674,3.83,4.35,3.498,3.463,3.354,3.484,3.338,3.258,3.288,3.332,3.242,3.222,3.98,3.732,3.5
2023-12-15,3.649,3.83,4.34,3.498,3.458,3.37,3.489,3.375,3.281,3.312,3.358,3.29,3.273,4.01,3.735,3.5
2023-12-18,3.69,3.83,4.33,3.495,3.444,3.375,3.483,3.369,3.277,3.301,3.336,3.269,3.254,4.005,3.751,3.5
2023-12-19,3.719,3.83,4.32,3.49,3.444,3.393,3.487,3.395,3.296,3.307,3.328,3.256,3.233,4.022,3.747,3.5
2023-12-20,3.686,3.83,4.32,3.483,3.417,3.344,3.462,3.327,3.232,3.25,3.28,3.233,3.208,3.975,3.699,3.5
2023-12-21,3.629,3.83,4.32,3.484,3.428,3.342,3.454,3.319,3.236,3.255,3.297,3.248,3.223,3.975,3.618,3.5
2023-12-22,3.638,3.83,4.32,3.486,3.431,3.338,3.453,3.312,3.234,3.254,3.301,3.251,3.214,3.972,3.629,3.5
2023-12-26,3.632,3.83,4.32,3.486,3.433,3.334,3.459,3.31,3.221,3.227,3.271,3.219,3.185,3.962,3.609,3.5
2023-12-27,3.556,3.83,4.32,3.486,3.436,3.336,3.46,3.319,3.22,3.222,3.26,3.179,3.156,3.958,3.596,3.5
2023-12-28,3.6,3.83,4.32,3.475,3.41,3.28,3.434,3.262,3.154,3.156,3.183,3.111,3.088,3.898,3.594,3.5
2023-12-29,3.906,3.83,4.32,3.475,3.41,3.28,3.434,3.262,3.154,3.156,3.183,3.111,3.088,3.898,3.865,3.5
2024-01-02,3.535,3.83,4.31,3.477,3.435,3.349,3.466,3.331,3.24,3.266,3.306,3.243,3.228,3.98,3.604,3.5
2024-01-03,3.422,3.83,4.3,3.475,3.432,3.386,3.471,3.371,3.278,3.313,3.338,3.247,3.226,4.017,3.471,3.5
2024-01-04,3.391,3.82,4.29,3.462,3.379,3.317,3.451,3.338,3.227,3.256,3.288,3.211,3.181,3.977,3.405,3.5
2024-01-05,3.384,3.81,4.29,3.467,3.389,3.358,3.46,3.38,3.283,3.312,3.344,3.252,3.209,4.032,3.403,3.5
2024-01-08,3.378,3.81,4.29,3.456,3.372,3.37,3.455,3.393,3.297,3.312,3.344,3.238,3.197,4.045,3.41,3.5
2024-01-09,3.412,3.8,4.29,3.423,3.334,3.32,3.424,3.355,3.255,3.274,3.323,3.235,3.184,4.004,3.528,3.5
2024-01-10,3.503,3.79,4.28,3.426,3.34,3.334,3.427,3.363,3.269,3.297,3.346,3.257,3.209,4.017,3.528,3.5
2024-01-11,3.393,3.78,4.28,3.415,3.312,3.293,3.395,3.33,3.227,3.257,3.307,3.24,3.198,3.976,3.479,3.5
2024-01-12,3.432,3.77,4.28,3.405,3.298,3.266,3.371,3.3,3.204,3.241,3.306,3.264,3.216,3.953,3.455,3.5
2024-01-15,3.473,3.74,4.28,3.398,3.284,3.259,3.352,3.269,3.191,3.225,3.293,3.24,3.198,3.939,3.453,3.5
2024-01-16,3.492,3.72,4.28,3.401,3.3,3.297,3.369,3.303,3.235,3.269,3.322,3.263,3.213,3.982,3.504,3.5
2024-01-17,3.499,3.71,4.28,3.4,3.304,3.332,3.372,3.336,3.277,3.315,3.369,3.3,3.233,4.025,3.503,3.5
2024-01-18,3.507,3.69,4.28,3.398,3.3,3.332,3.374,3.346,3.285,3.329,3.38,3.293,3.229,4.034,3.505,3.5
2024-01-19,3.525,3.68,4.28,3.398,3.306,3.347,3.365,3.36,3.307,3.359,3.422,3.326,3.262,4.058,3.569,3.5
2024-01-22,3.523,3.68,4.28,3.386,3.285,3.326,3.329,3.322,3.278,3.318,3.372,3.301,3.241,4.03,3.587,3.5
2024-01-23,3.474,3.68,4.28,3.392,3.29,3.339,3.338,3.337,3.286,3.325,3.372,3.32,3.259,4.041,3.543,3.5
2024-01-24,3.449,3.68,4.28,3.395,3.297,3.349,3.345,3.353,3.3,3.343,3.4,3.343,3.276,4.051,3.469,3.5
2024-01-25,3.46,3.68,4.28,3.396,3.306,3.35,3.347,3.365,3.313,3.361,3.419,3.38,3.313,4.061,3.474,3.5
2024-01-26,3.504,3.68,4.28,3.388,3.288,3.311,3.318,3.31,3.263,3.314,3.386,3.355,3.296,4.01,3.48,3.5
2024-01-29,3.484,3.68,4.28,3.4,3.32,3.35,3.349,3.342,3.304,3.363,3.436,3.423,3.369,4.051,3.451,3.5
2024-01-30,3.545,3.68,4.28,3.396,3.302,3.318,3.331,3.312,3.268,3.305,3.35,3.34,3.298,4.009,3.565,3.5
2024-01-31,3.613,3.68,4.28,3.399,3.31,3.312,3.336,3.319,3.261,3.294,3.345,3.326,3.283,4.002,3.613,3.5
2024-02-01,3.573,3.68,4.28,3.402,3.314,3.319,3.338,3.32,3.267,3.293,3.339,3.328,3.289,4.001,3.593,3.5
2024-02-02,3.541,3.68,4.28,3.401,3.308,3.304,3.333,3.309,3.248,3.26,3.287,3.257,3.208,3.982,3.54,3.5
2024-02-05,3.573,3.67,4.28,3.424,3.359,3.372,3.371,3.383,3.312,3.339,3.374,3.328,3.273,4.047,3.612,3.5
2024-02-06,3.572,3.67,4.28,3.416,3.346,3.359,3.365,3.373,3.292,3.322,3.382,3.336,3.292,4.028,3.616,3.5
2024-02-07,3.518,3.67,4.28,3.413,3.345,3.357,3.367,3.374,3.286,3.318,3.378,3.345,3.301,4.019,3.616,3.5
2024-02-08,3.601,3.67,4.28,3.418,3.353,3.367,3.384,3.394,3.305,3.337,3.4,3.365,3.324,4.034,3.652,3.5
2024-02-13,3.62,3.67,4.28,3.425,3.377,3.397,3.417,3.43,3.353,3.391,3.453,3.402,3.358,4.074,3.644,3.5
2024-02-14,3.644,3.68,4.28,3.443,3.419,3.465,3.454,3.493,3.425,3.457,3.502,3.436,3.377,4.141,3.668,3.5
2024-02-15,3.682,3.68,4.28,3.43,3.396,3.451,3.439,3.46,3.405,3.441,3.477,3.405,3.341,4.117,3.666,3.5
2024-02-16,3.661,3.68,4.28,3.431,3.397,3.455,3.449,3.465,3.405,3.447,3.482,3.429,3.366,4.115,3.713,3.5
2024-02-19,3.634,3.69,4.28,3.43,3.397,3.445,3.45,3.453,3.397,3.437,3.467,3.414,3.35,4.102,3.707,3.5
2024-02-20,3.59,3.69,4.28,3.439,3.407,3.461,3.474,3.471,3.405,3.452,3.489,3.462,3.39,4.105,3.671,3.5
2024-02-21,3.625,3.7,4.28,3.441,3.406,3.463,3.486,3.474,3.402,3.443,3.474,3.452,3.384,4.09,3.651,3.5
2024-02-22,3.659,3.7,4.28,3.431,3.37,3.416,3.466,3.419,3.342,3.391,3.424,3.417,3.354,4.023,3.707,3.5
2024-02-23,3.677,3.7,4.28,3.445,3.402,3.448,3.494,3.45,3.374,3.43,3.468,3.445,3.367,4.045,3.784,3.5
2024-02-26,3.568,3.7,4.28,3.439,3.384,3.414,3.477,3.428,3.34,3.379,3.402,3.386,3.308,4.005,3.66,3.5
2024-02-27,3.465,3.7,4.28,3.445,3.394,3.434,3.49,3.448,3.364,3.4,3.43,3.401,3.321,4.025,3.555,3.5
2024-02-28,3.401,3.7,4.28,3.45,3.401,3.43,3.487,3.446,3.359,3.4,3.442,3.426,3.35,4.015,3.43,3.5
2024-02-29,3.463,3.69,4.28,3.464,3.418,3.444,3.496,3.469,3.385,3.432,3.475,3.455,3.379,4.037,3.437,3.5
2024-03-04,3.366,3.68,4.28,3.466,3.406,3.416,3.469,3.438,3.36,3.403,3.434,3.433,3.366,4.008,3.42,3.5
2024-03-05,3.237,3.68,4.28,3.471,3.41,3.413,3.463,3.441,3.349,3.387,3.409,3.396,3.32,3.992,3.417,3.5
2024-03-06,3.477,3.68,4.28,3.468,3.396,3.381,3.447,3.42,3.325,3.362,3.381,3.38,3.307,3.962,3.419,3.5
2024-03-07,3.375,3.68,4.28,3.47,3.397,3.384,3.442,3.42,3.321,3.364,3.399,3.397,3.332,3.959,3.422,3.5
2024-03-08,3.546,3.68,4.28,3.46,3.37,3.335,3.407,3.382,3.271,3.306,3.334,3.343,3.279,3.91,3.591,3.5
2024-03-11,3.4,3.67,4.28,3.465,3.37,3.345,3.395,3.345,3.275,3.284,3.342,3.341,3.27,3.914,3.448,3.5
2024-03-12,3.421,3.66,4.28,3.47,3.379,3.35,3.361,3.357,3.273,3.284,3.335,3.324,3.25,3.917,3.336,3.5
2024-03-13,3.471,3.65,4.28,3.468,3.374,3.339,3.345,3.34,3.251,3.272,3.331,3.315,3.24,3.899,3.284,3.5
2024-03-14,3.486,3.64,4.28,3.475,3.38,3.357,3.349,3.363,3.273,3.302,3.354,3.35,3.265,3.922,3.27,3.5
2024-03-15,3.464,3.64,4.28,3.475,3.384,3.387,3.351,3.381,3.308,3.344,3.41,3.385,3.308,3.953,3.342,3.5
2024-03-18,3.441,3.64,4.28,3.473,3.38,3.42,3.357,3.413,3.348,3.382,3.435,3.407,3.325,3.993,3.348,3.5
2024-03-19,3.513,3.64,4.28,3.472,3.372,3.448,3.361,3.444,3.383,3.419,3.472,3.427,3.343,4.022,3.437,3.5
2024-03-20,3.533,3.64,4.28,3.456,3.351,3.415,3.346,3.429,3.371,3.399,3.451,3.408,3.324,4.006,3.55,3.5
2024-03-21,3.529,3.65,4.26,3.441,3.314,3.359,3.32,3.352,3.306,3.349,3.411,3.37,3.285,3.942,3.569,3.5
2024-03-22,3.476,3.65,4.26,3.445,3.316,3.352,3.321,3.335,3.284,3.317,3.362,3.339,3.264,3.918,3.491,3.5
2024-03-25,3.482,3.65,4.26,3.448,3.319,3.352,3.328,3.313,3.29,3.331,3.37,3.361,3.277,3.915,3.409,3.5
2024-03-26,3.472,3.64,4.25,3.453,3.337,3.362,3.34,3.335,3.301,3.34,3.397,3.385,3.294,3.923,3.341,3.5
2024-03-27,3.44,3.63,4.25,3.452,3.336,3.35,3.34,3.331,3.288,3.322,3.373,3.368,3.268,3.903,3.308,3.5
2024-03-28,3.502,3.64,4.24,3.46,3.346,3.354,3.356,3.333,3.293,3.324,3.377,3.367,3.277,3.903,3.435,3.5
2024-03-29,3.574,3.64,4.24,3.468,3.356,3.367,3.384,3.368,3.322,3.354,3.413,3.392,3.313,3.926,3.569,3.5
2024-04-01,3.501,3.63,4.24,3.459,3.338,3.347,3.373,3.337,3.291,3.326,3.381,3.356,3.281,3.896,3.481,3.5
2024-04-02,3.479,3.63,4.24,3.467,3.342,3.37,3.396,3.359,3.333,3.368,3.425,3.38,3.303,3.926,3.414,3.5
2024-04-03,3.445,3.62,4.24,3.465,3.336,3.373,3.401,3.369,3.341,3.381,3.452,3.394,3.309,3.927,3.402,3.5
2024-04-04,3.499,3.62,4.23,3.462,3.335,3.355,3.4,3.365,3.338,3.378,3.457,3.401,3.309,3.919,3.405,3.5
2024-04-05,3.526,3.58,4.23,3.455,3.326,3.337,3.392,3.356,3.329,3.368,3.433,3.384,3.295,3.902,3.51,3.5
2024-04-08,3.544,3.56,4.23,3.468,3.356,3.382,3.42,3.416,3.383,3.423,3.488,3.431,3.334,3.945,3.573,3.5
2024-04-09,3.461,3.57,4.23,3.47,3.362,3.393,3.422,3.432,3.391,3.436,3.503,3.436,3.338,3.953,3.573,3.5
2024-04-11,3.503,3.57,4.23,3.487,3.396,3.469,3.458,3.494,3.466,3.511,3.585,3.495,3.388,4.016,3.52,3.5
2024-04-12,3.5,3.56,4.22,3.464,3.369,3.417,3.431,3.445,3.403,3.454,3.538,3.454,3.359,3.961,3.465,3.5
2024-04-15,3.494,3.56,4.22,3.467,3.385,3.446,3.444,3.467,3.44,3.494,3.561,3.483,3.39,3.983,3.422,3.5
2024-04-16,3.42,3.56,4.22,3.472,3.399,3.473,3.455,3.49,3.469,3.532,3.618,3.522,3.426,4.01,3.33,3.5
2024-04-17,3.485,3.55,4.22,3.462,3.394,3.469,3.451,3.504,3.475,3.541,3.632,3.526,3.427,4.007,3.344,3.5
2024-04-18,3.519,3.55,4.22,3.444,3.374,3.434,3.42,3.448,3.427,3.491,3.562,3.474,3.376,3.96,3.435,3.5
2024-04-19,3.514,3.55,4.22,3.455,3.403,3.484,3.447,3.485,3.468,3.536,3.583,3.488,3.387,3.982,3.523,3.5
2024-04-22,3.533,3.56,4.22,3.471,3.433,3.522,3.473,3.528,3.512,3.585,3.65,3.544,3.433,4.019,3.52,3.5
2024-04-23,3.532,3.56,4.22,3.454,3.422,3.499,3.464,3.502,3.489,3.556,3.625,3.554,3.448,3.992,3.541,3.5
2024-04-24,3.519,3.56,4.22,3.459,3.432,3.498,3.472,3.509,3.509,3.579,3.645,3.563,3.465,4.004,3.505,3.5
2024-04-25,3.562,3.57,4.22,3.469,3.446,3.515,3.485,3.533,3.543,3.625,3.707,3.617,3.525,4.029,3.566,3.5
2024-04-26,3.581,3.57,4.22,3.46,3.438,3.499,3.476,3.522,3.531,3.602,3.694,3.614,3.526,4.012,3.608,3.5
2024-04-29,3.573,3.57,4.22,3.464,3.45,3.526,3.481,3.54,3.552,3.62,3.704,3.624,3.537,4.024,3.593,3.5
2024-04-30,3.655,3.57,4.22,3.457,3.442,3.517,3.47,3.518,3.529,3.586,3.656,3.572,3.49,3.995,3.655,3.5
2024-05-02,3.489,3.57,4.22,3.452,3.438,3.501,3.462,3.503,3.509,3.563,3.638,3.553,3.47,3.972,3.523,3.5
2024-05-03,3.475,3.58,4.22,3.453,3.437,3.503,3.46,3.507,3.5,3.549,3.614,3.525,3.431,3.958,3.341,3.5
2024-05-07,3.5,3.58,4.22,3.443,3.413,3.463,3.441,3.473,3.448,3.482,3.536,3.472,3.377,3.912,3.546,3.5
2024-05-08,3.485,3.58,4.22,3.449,3.398,3.458,3.444,3.473,3.439,3.473,3.53,3.461,3.372,3.901,3.546,3.5
2024-05-09,3.5,3.58,4.22,3.453,3.417,3.47,3.45,3.481,3.453,3.49,3.556,3.496,3.418,3.913,3.458,3.5
2024-05-10,3.546,3.58,4.22,3.449,3.396,3.453,3.447,3.471,3.44,3.478,3.538,3.474,3.393,3.894,3.553,3.5
2024-05-13,3.574,3.59,4.22,3.452,3.397,3.467,3.458,3.482,3.452,3.493,3.554,3.486,3.404,3.904,3.59,3.5
2024-05-14,3.563,3.6,4.22,3.451,3.388,3.465,3.46,3.478,3.454,3.489,3.546,3.474,3.39,3.9,3.587,3.5
2024-05-16,3.542,3.6,4.22,3.435,3.346,3.402,3.426,3.415,3.375,3.408,3.458,3.393,3.317,3.82,3.546,3.5
2024-05-17,3.534,3.6,4.22,3.44,3.354,3.401,3.424,3.421,3.379,3.413,3.454,3.394,3.32,3.825,3.548,3.5
2024-05-20,3.539,3.6,4.22,3.447,3.369,3.427,3.435,3.445,3.412,3.444,3.497,3.45,3.362,3.853,3.549,3.5
2024-05-21,3.531,3.6,4.22,3.446,3.371,3.43,3.434,3.442,3.411,3.441,3.491,3.429,3.338,3.853,3.539,3.5
2024-05-22,3.531,3.6,4.22,3.446,3.372,3.434,3.431,3.447,3.409,3.436,3.478,3.409,3.319,3.848,3.523,3.5
2024-05-23,3.556,3.6,4.22,3.443,3.364,3.421,3.42,3.435,3.402,3.421,3.472,3.414,3.322,3.84,3.55,3.5
2024-05-24,3.565,3.6,4.22,3.447,3.378,3.435,3.424,3.456,3.423,3.451,3.515,3.453,3.365,3.861,3.576,3.5
2024-05-27,3.555,3.61,4.22,3.444,3.374,3.422,3.417,3.448,3.413,3.439,3.498,3.443,3.362,3.851,3.567,3.5
2024-05-28,3.52,3.62,4.22,3.44,3.364,3.405,3.402,3.424,3.394,3.421,3.481,3.431,3.355,3.828,3.522,3.5
2024-05-29,3.523,3.61,4.22,3.446,3.38,3.428,3.411,3.444,3.425,3.465,3.536,3.475,3.394,3.855,3.521,3.5
2024-05-30,3.528,3.6,4.22,3.447,3.391,3.45,3.415,3.462,3.44,3.488,3.564,3.496,3.413,3.867,3.522,3.5
2024-05-31,3.58,3.61,4.22,3.448,3.393,3.451,3.41,3.462,3.452,3.502,3.578,3.508,3.429,3.871,3.585,3.5
2024-06-03,3.539,3.61,4.22,3.446,3.383,3.435,3.39,3.45,3.434,3.466,3.532,3.451,3.368,3.853,3.565,3.5
2024-06-04,3.483,3.6,4.22,3.44,3.371,3.399,3.363,3.411,3.39,3.412,3.47,3.396,3.318,3.81,3.53,3.5
2024-06-05,3.502,3.6,4.22,3.434,3.361,3.366,3.349,3.379,3.345,3.368,3.43,3.368,3.297,3.771,3.529,3.5
2024-06-07,3.587,3.6,4.22,3.435,3.353,3.339,3.334,3.342,3.308,3.329,3.385,3.328,3.26,3.736,3.601,3.5
2024-06-10,3.599,3.6,4.22,3.459,3.388,3.387,3.362,3.404,3.353,3.386,3.433,3.372,3.293,3.782,3.604,3.5
2024-06-11,3.591,3.6,4.22,3.449,3.376,3.377,3.349,3.398,3.341,3.369,3.425,3.363,3.28,3.775,3.601,3.5
2024-06-12,3.556,3.6,4.22,3.44,3.365,3.353,3.338,3.375,3.307,3.332,3.382,3.328,3.245,3.745,3.566,3.5
2024-06-13,3.531,3.6,4.22,3.439,3.358,3.334,3.33,3.347,3.277,3.296,3.345,3.294,3.223,3.718,3.566,3.5
2024-06-14,3.503,3.6,4.22,3.433,3.348,3.308,3.324,3.325,3.252,3.266,3.302,3.263,3.2,3.694,3.52,3.5
2024-06-17,3.503,3.6,4.22,3.429,3.327,3.275,3.315,3.283,3.212,3.23,3.283,3.254,3.19,3.662,3.494,3.5
2024-06-18,3.506,3.6,4.22,3.437,3.334,3.276,3.325,3.279,3.214,3.237,3.279,3.242,3.166,3.666,3.492,3.5
2024-06-19,3.505,3.6,4.22,3.429,3.315,3.236,3.314,3.243,3.162,3.188,3.231,3.194,3.119,3.62,3.493,3.5
2024-06-20,3.519,3.6,4.22,3.444,3.332,3.257,3.336,3.269,3.196,3.22,3.269,3.235,3.158,3.648,3.507,3.5
2024-06-21,3.56,3.6,4.22,3.442,3.331,3.237,3.33,3.246,3.176,3.199,3.255,3.236,3.163,3.637,3.586,3.5
2024-06-24,3.554,3.6,4.22,3.451,3.346,3.258,3.343,3.258,3.194,3.215,3.264,3.24,3.171,3.656,3.567,3.5
2024-06-25,3.575,3.6,4.22,3.452,3.347,3.259,3.346,3.26,3.201,3.217,3.271,3.245,3.18,3.662,3.586,3.5
2024-06-26,3.552,3.6,4.22,3.454,3.354,3.271,3.348,3.27,3.215,3.23,3.278,3.251,3.191,3.676,3.565,3.5
2024-06-27,3.56,3.6,4.2,3.455,3.357,3.283,3.348,3.281,3.22,3.241,3.3,3.277,3.219,3.684,3.564,3.5
2024-06-28,3.591,3.6,4.17,3.443,3.337,3.252,3.328,3.243,3.182,3.204,3.266,3.25,3.197,3.658,3.611,3.5
2024-07-01,3.512,3.6,4.17,3.453,3.345,3.266,3.309,3.263,3.21,3.24,3.312,3.274,3.207,3.681,3.48,3.5
2024-07-02,3.483,3.6,4.16,3.431,3.294,3.209,3.261,3.209,3.169,3.204,3.289,3.256,3.191,3.634,3.424,3.5
2024-07-03,3.504,3.58,4.16,3.421,3.278,3.207,3.254,3.199,3.16,3.188,3.274,3.239,3.175,3.624,3.43,3.5
2024-07-04,3.514,3.58,4.15,3.395,3.231,3.149,3.23,3.156,3.128,3.161,3.234,3.209,3.148,3.591,3.47,3.5
2024-07-05,3.538,3.57,4.14,3.378,3.194,3.139,3.216,3.161,3.115,3.159,3.227,3.196,3.127,3.582,3.567,3.5
2024-07-08,3.498,3.57,4.13,3.369,3.19,3.139,3.209,3.161,3.119,3.14,3.212,3.181,3.113,3.58,3.52,3.5
2024-07-09,3.44,3.56,4.12,3.357,3.179,3.137,3.201,3.159,3.114,3.132,3.191,3.169,3.103,3.572,3.489,3.5
2024-07-10,3.475,3.55,4.11,3.355,3.181,3.148,3.201,3.163,3.12,3.131,3.198,3.171,3.098,3.576,3.488,3.5
2024-07-11,3.528,3.55,4.1,3.367,3.207,3.2,3.216,3.209,3.163,3.178,3.234,3.197,3.118,3.614,3.503,3.5
2024-07-12,3.528,3.55,4.09,3.354,3.196,3.149,3.201,3.161,3.101,3.117,3.177,3.144,3.063,3.552,3.52,3.5
2024-07-15,3.509,3.54,4.08,3.357,3.196,3.133,3.192,3.137,3.076,3.103,3.177,3.148,3.069,3.538,3.501,3.5
2024-07-16,3.483,3.55,4.07,3.357,3.184,3.089,3.181,3.102,3.035,3.061,3.137,3.115,3.03,3.496,3.426,3.5
2024-07-17,3.517,3.54,4.07,3.365,3.191,3.102,3.193,3.105,3.05,3.072,3.139,3.1,3.024,3.509,3.473,3.5
2024-07-18,3.523,3.52,4.07,3.368,3.202,3.111,3.202,3.115,3.058,3.081,3.138,3.095,3.012,3.513,3.519,3.5
2024-07-19,3.564,3.52,4.07,3.376,3.224,3.126,3.216,3.144,3.074,3.099,3.156,3.111,3.026,3.525,3.583,3.5
2024-07-22,3.51,3.52,4.06,3.37,3.229,3.13,3.219,3.126,3.071,3.091,3.145,3.099,3.016,3.522,3.496,3.5
2024-07-23,3.55,3.52,4.05,3.37,3.234,3.129,3.229,3.139,3.084,3.11,3.171,3.116,3.031,3.533,3.565,3.5
2024-07-24,3.526,3.51,4.04,3.354,3.22,3.102,3.217,3.118,3.046,3.073,3.131,3.089,3.004,3.509,3.501,3.5
2024-07-25,3.557,3.51,4.02,3.349,3.196,3.076,3.203,3.103,3.024,3.059,3.128,3.088,3.004,3.484,3.565,3.5
2024-07-26,3.541,3.5,4,3.348,3.187,3.078,3.193,3.1,3.024,3.045,3.108,3.082,2.993,3.482,3.563,3.5
2024-07-29,3.505,3.5,3.97,3.335,3.152,3.04,3.156,3.057,2.978,2.99,3.046,3.03,2.942,3.434,3.452,3.5
2024-07-30,3.513,3.5,3.95,3.344,3.16,3.06,3.155,3.076,2.994,3.005,3.052,3.032,2.942,3.451,3.474,3.5
2024-07-31,3.53,3.5,3.92,3.345,3.156,3.067,3.152,3.086,3.004,3.023,3.064,3.044,2.948,3.459,3.519,3.5
2024-08-01,3.512,3.49,3.88,3.336,3.128,3.043,3.137,3.061,2.976,2.987,3.01,3.006,2.923,3.431,3.47,3.5
2024-08-02,3.542,3.48,3.85,3.332,3.1,3.004,3.124,3.041,2.939,2.948,2.976,2.972,2.88,3.394,3.537,3.5
2024-08-05,3.545,3.48,3.81,3.311,3.04,2.899,3.083,2.928,2.806,2.817,2.878,2.901,2.825,3.271,3.536,3.5
2024-08-06,3.535,3.47,3.78,3.321,3.083,2.999,3.112,3.05,2.935,2.953,2.993,2.993,2.913,3.398,3.568,3.5
2024-08-07,3.487,3.48,3.75,3.304,3.071,2.989,3.104,3.031,2.929,2.951,3.001,2.988,2.901,3.397,3.568,3.5
2024-08-08,3.531,3.47,3.73,3.293,3.061,2.97,3.093,3.016,2.911,2.934,2.997,2.987,2.899,3.38,3.542,3.5
2024-08-09,3.531,3.47,3.7,3.297,3.061,2.99,3.092,3.034,2.941,2.958,3.012,3.003,2.911,3.409,3.518,3.5
2024-08-12,3.534,3.46,3.69,3.294,3.051,2.997,3.084,3.034,2.946,2.954,3,2.99,2.9,3.421,3.523,3.5
2024-08-13,3.579,3.49,3.67,3.288,3.039,2.976,3.072,3.026,2.918,2.93,2.974,2.965,2.876,3.395,3.586,3.5
2024-08-14,3.561,3.49,3.65,3.274,3.019,2.953,3.049,3,2.888,2.899,2.945,2.93,2.835,3.37,3.564,3.5
2024-08-16,3.554,3.51,3.64,3.281,3.041,2.988,3.06,3.04,2.928,2.933,2.973,2.954,2.853,3.415,3.546,3.5
2024-08-19,3.538,3.51,3.63,3.272,3.032,2.991,3.055,3.035,2.927,2.942,2.985,2.966,2.864,3.424,3.546,3.5
2024-08-20,3.523,3.51,3.62,3.274,3.035,3.006,3.058,3.048,2.944,2.959,2.999,2.993,2.895,3.442,3.527,3.5
2024-08-21,3.536,3.52,3.62,3.268,3.022,3.004,3.052,3.044,2.94,2.96,2.997,2.998,2.904,3.439,3.546,3.5
2024-08-22,3.538,3.51,3.62,3.262,3.006,2.98,3.042,3.022,2.907,2.933,2.98,2.995,2.903,3.422,3.546,3.5
2024-08-23,3.523,3.51,3.62,3.266,3.023,2.991,3.05,3.037,2.92,2.953,3.005,3.012,2.925,3.439,3.519,3.5
2024-08-26,3.528,3.51,3.62,3.259,3.02,2.967,3.039,3.011,2.89,2.925,2.974,2.99,2.905,3.414,3.518,3.5
2024-08-27,3.509,3.52,3.62,3.271,3.05,3.008,3.055,3.055,2.94,2.995,3.073,3.064,2.977,3.465,3.501,3.5
2024-08-28,3.505,3.52,3.62,3.262,3.038,2.992,3.049,3.026,2.919,2.977,3.054,3.059,2.969,3.456,3.5,3.5
2024-08-29,3.503,3.52,3.62,3.26,3.048,3.013,3.059,3.057,2.939,3,3.075,3.078,2.987,3.484,3.454,3.5
2024-08-30,3.543,3.52,3.62,3.257,3.043,3.022,3.06,3.067,2.953,3.01,3.088,3.084,2.978,3.503,3.546,3.5
2024-09-02,3.521,3.52,3.62,3.256,3.043,3.051,3.063,3.091,2.989,3.049,3.121,3.118,3.002,3.542,3.519,3.5
2024-09-03,3.507,3.51,3.62,3.247,3.031,3.041,3.056,3.088,2.981,3.051,3.12,3.133,3.015,3.545,3.519,3.5
2024-09-04,3.521,3.51,3.62,3.234,2.998,2.991,3.028,3.039,2.931,2.996,3.052,3.086,2.973,3.497,3.501,3.5
2024-09-05,3.546,3.51,3.62,3.234,2.983,2.97,3.021,3.02,2.905,2.971,3.03,3.07,2.968,3.48,3.538,3.5
2024-09-06,3.555,3.51,3.62,3.229,2.979,2.947,3.014,3.008,2.881,2.932,2.99,3.015,2.925,3.46,3.584,3.5
2024-09-09,3.562,3.51,3.62,3.229,2.974,2.961,3.01,3.023,2.897,2.962,3.032,3.048,2.966,3.471,3.607,3.5
2024-09-10,3.42,3.51,3.62,3.212,2.959,2.953,2.991,2.956,2.877,2.906,3.01,2.926,2.919,3.451,3.552,3.5
2024-09-11,3.48,3.51,3.62,3.201,2.915,2.92,2.941,2.914,2.82,2.855,2.943,2.878,2.856,3.406,3.551,3.5
2024-09-12,3.578,3.51,3.62,3.204,2.912,2.96,2.941,2.947,2.866,2.897,2.97,2.862,2.867,3.449,3.583,3.5
2024-09-13,3.538,3.53,3.62,3.189,2.884,2.914,2.896,2.87,2.822,2.832,2.928,2.823,2.839,3.41,3.583,3.5
2024-09-19,3.517,3.53,3.62,3.191,2.887,2.921,2.898,2.882,2.843,2.867,2.979,2.913,2.869,3.432,3.542,3.5
2024-09-20,3.505,3.53,3.62,3.187,2.879,2.905,2.886,2.859,2.838,2.868,2.989,2.914,2.869,3.426,3.498,3.5
2024-09-23,3.499,3.53,3.62,3.184,2.879,2.92,2.886,2.872,2.864,2.904,3.022,2.94,2.899,3.449,3.481,3.5
2024-09-24,3.509,3.53,3.62,3.179,2.868,2.917,2.88,2.866,2.854,2.903,3.026,2.94,2.91,3.439,3.501,3.5
2024-09-25,3.509,3.53,3.62,3.168,2.85,2.88,2.865,2.822,2.812,2.873,2.997,2.924,2.89,3.401,3.502,3.5
2024-09-26,3.531,3.53,3.62,3.162,2.842,2.872,2.853,2.815,2.807,2.875,3.001,2.924,2.894,3.395,3.547,3.5
2024-09-27,3.535,3.53,3.62,3.164,2.855,2.877,2.845,2.83,2.826,2.889,3,2.907,2.885,3.409,3.564,3.5
2024-09-30,3.602,3.53,3.62,3.157,2.844,2.857,2.826,2.813,2.811,2.887,2.992,2.904,2.872,3.397,3.591,3.5
2024-10-02,3.51,3.52,3.62,3.151,2.835,2.833,2.809,2.798,2.78,2.843,2.932,2.841,2.812,3.37,3.499,3.5
2024-10-04,3.494,3.52,3.62,3.158,2.854,2.853,2.827,2.851,2.824,2.899,2.996,2.879,2.861,3.415,3.472,3.5
2024-10-07,3.473,3.51,3.62,3.171,2.89,2.962,2.861,2.98,2.96,3.018,3.101,2.969,2.942,3.546,3.532,3.5
2024-10-08,3.483,3.51,3.62,3.139,2.878,2.943,2.852,2.961,2.932,2.998,3.077,2.947,2.921,3.517,3.531,3.5
2024-10-10,3.517,3.5,3.62,3.13,2.883,2.957,2.866,2.982,2.962,3.014,3.088,2.937,2.908,3.542,3.517,3.5
2024-10-11,3.312,3.4,3.53,3.119,2.872,2.944,2.856,2.971,2.947,2.998,3.085,2.932,2.911,3.523,3.323,3.25
2024-10-14,3.306,3.4,3.53,3.105,2.861,2.928,2.857,2.962,2.938,2.997,3.087,2.938,2.929,3.509,3.318,3.25
2024-10-15,3.291,3.4,3.53,3.091,2.851,2.906,2.849,2.936,2.906,2.963,3.05,2.933,2.913,3.475,3.288,3.25
2024-10-16,3.282,3.4,3.53,3.081,2.845,2.882,2.842,2.907,2.88,2.924,3.008,2.903,2.884,3.452,3.287,3.25
2024-10-17,3.278,3.39,3.53,3.083,2.857,2.899,2.85,2.914,2.897,2.946,3.028,2.933,2.903,3.467,3.269,3.25
2024-10-18,3.278,3.39,3.53,3.087,2.874,2.915,2.862,2.93,2.908,2.971,3.072,2.972,2.933,3.48,3.278,3.25
2024-10-21,3.264,3.39,3.53,3.077,2.875,2.902,2.862,2.92,2.902,2.963,3.054,2.972,2.922,3.471,3.279,3.25
2024-10-22,3.266,3.4,3.54,3.077,2.877,2.925,2.879,2.945,2.943,3.014,3.13,3.024,2.969,3.512,3.269,3.25
2024-10-23,3.269,3.4,3.54,3.074,2.877,2.923,2.879,2.942,2.936,3.011,3.128,3.017,2.962,3.508,3.269,3.25
2024-10-24,3.276,3.4,3.54,3.05,2.84,2.884,2.853,2.902,2.891,2.956,3.074,2.981,2.929,3.46,3.278,3.25
2024-10-25,3.283,3.4,3.54,3.051,2.834,2.88,2.851,2.896,2.882,2.941,3.054,2.982,2.916,3.451,3.296,3.25
2024-10-28,3.277,3.41,3.54,3.065,2.859,2.926,2.873,2.938,2.932,3.008,3.117,3.018,2.961,3.503,3.287,3.25
2024-10-29,3.263,3.41,3.54,3.058,2.85,2.943,2.867,2.948,2.936,3.009,3.118,3.031,2.971,3.504,3.25,3.25
2024-10-30,3.265,3.43,3.54,3.055,2.848,2.95,2.87,2.956,2.937,3.002,3.105,3.022,2.952,3.502,3.226,3.25
2024-10-31,3.285,3.43,3.54,3.055,2.849,2.949,2.875,2.964,2.936,2.998,3.1,3.011,2.93,3.503,3.278,3.25
2024-11-01,3.232,3.43,3.54,3.052,2.844,2.948,2.875,2.961,2.939,2.995,3.09,3.012,2.923,3.507,3.222,3.25
2024-11-04,3.228,3.43,3.54,3.051,2.843,2.95,2.87,2.956,2.935,2.994,3.096,3.03,2.936,3.507,3.175,3.25
2024-11-05,3.192,3.44,3.54,3.049,2.838,2.94,2.858,2.939,2.918,2.971,3.073,2.999,2.911,3.491,3.26,3.25
2024-11-06,3.236,3.44,3.54,3.055,2.856,2.982,2.867,2.98,2.96,3.023,3.134,3.038,2.948,3.529,3.259,3.25
2024-11-07,3.258,3.43,3.54,3.049,2.844,2.951,2.858,2.951,2.922,2.978,3.098,3.014,2.924,3.492,3.261,3.25
2024-11-08,3.273,3.43,3.54,3.036,2.829,2.926,2.847,2.925,2.889,2.942,3.049,2.99,2.898,3.461,3.27,3.25
2024-11-11,3.277,3.43,3.54,3.046,2.836,2.943,2.858,2.943,2.901,2.948,3.038,2.98,2.888,3.471,3.289,3.25
2024-11-12,3.273,3.44,3.54,3.044,2.831,2.944,2.855,2.937,2.9,2.939,3.014,2.955,2.862,3.467,3.289,3.25
2024-11-13,3.276,3.44,3.55,3.052,2.845,2.979,2.875,2.973,2.939,2.984,3.067,2.982,2.896,3.501,3.289,3.25
2024-11-14,3.266,3.44,3.56,3.05,2.84,2.965,2.873,2.958,2.929,2.986,3.074,3,2.917,3.492,3.278,3.25
2024-11-15,3.264,3.44,3.56,3.06,2.859,2.977,2.893,2.976,2.941,2.991,3.084,3.005,2.923,3.506,3.278,3.25
2024-11-18,3.267,3.44,3.56,3.054,2.851,2.961,2.894,2.961,2.915,2.967,3.063,2.997,2.921,3.482,3.269,3.25
2024-11-19,3.262,3.44,3.56,3.05,2.842,2.941,2.89,2.946,2.889,2.937,3.036,2.976,2.908,3.457,3.269,3.25
2024-11-20,3.266,3.44,3.56,3.05,2.836,2.93,2.886,2.933,2.873,2.92,3.017,2.962,2.888,3.438,3.26,3.25
2024-11-21,3.271,3.44,3.56,3.045,2.817,2.892,2.872,2.892,2.829,2.883,2.978,2.895,2.857,3.396,3.28,3.25
2024-11-22,3.285,3.44,3.56,3.046,2.812,2.88,2.866,2.865,2.816,2.872,2.976,2.891,2.856,3.385,3.297,3.25
2024-11-25,3.29,3.44,3.56,3.043,2.801,2.845,2.853,2.828,2.773,2.824,2.92,2.866,2.818,3.342,3.297,3.25
2024-11-26,3.267,3.44,3.56,3.045,2.803,2.842,2.854,2.825,2.773,2.813,2.903,2.854,2.801,3.343,3.287,3.25
2024-11-27,3.263,3.44,3.56,3.044,2.8,2.817,2.846,2.8,2.741,2.783,2.88,2.831,2.778,3.316,3.267,3.25
2024-11-28,3.057,3.29,3.38,3.009,2.756,2.719,2.802,2.705,2.638,2.686,2.788,2.742,2.687,3.22,3.064,3
2024-11-29,3.065,3.29,3.39,2.979,2.711,2.693,2.779,2.674,2.607,2.65,2.751,2.693,2.63,3.194,3.055,3
2024-12-02,3.033,3.28,3.4,2.964,2.687,2.652,2.754,2.639,2.567,2.596,2.697,2.653,2.589,3.156,3.044,3
2024-12-03,3.02,3.28,3.41,2.969,2.684,2.658,2.754,2.649,2.585,2.606,2.713,2.648,2.579,3.169,3.017,3
2024-12-04,3.038,3.28,3.42,2.984,2.707,2.7,2.758,2.684,2.626,2.64,2.765,2.677,2.595,3.21,3.046,3
2024-12-05,3.011,3.28,3.42,2.977,2.698,2.676,2.739,2.657,2.603,2.62,2.738,2.654,2.573,3.194,2.997,3
2024-12-06,3.024,3.28,3.42,2.979,2.709,2.691,2.743,2.67,2.62,2.633,2.744,2.647,2.561,3.212,2.987,3
2024-12-09,3.022,3.28,3.42,2.962,2.682,2.653,2.723,2.635,2.579,2.579,2.677,2.583,2.486,3.173,3.015,3
2024-12-10,2.948,3.3,3.42,2.966,2.691,2.659,2.717,2.634,2.524,2.586,2.645,2.573,2.497,3.175,3.03,3
2024-12-11,2.984,3.33,3.43,2.968,2.695,2.669,2.712,2.641,2.536,2.617,2.692,2.601,2.53,3.188,3.03,3
2024-12-12,3.022,3.31,3.45,2.969,2.698,2.676,2.706,2.662,2.549,2.628,2.7,2.599,2.531,3.2,3.035,3
2024-12-13,3.019,3.32,3.47,2.966,2.692,2.66,2.694,2.664,2.541,2.623,2.676,2.562,2.489,3.197,3.035,3
2024-12-16,3.022,3.38,3.49,2.964,2.693,2.667,2.691,2.665,2.553,2.655,2.721,2.648,2.573,3.212,3.025,3
2024-12-17,3.011,3.38,3.5,2.975,2.712,2.712,2.704,2.715,2.621,2.731,2.79,2.722,2.654,3.279,3.016,3
2024-12-18,3.018,3.38,3.52,2.955,2.676,2.648,2.664,2.632,2.536,2.65,2.738,2.707,2.64,3.203,2.982,3
2024-12-19,3.034,3.39,3.54,2.971,2.699,2.704,2.685,2.699,2.603,2.736,2.814,2.755,2.69,3.275,3.016,3
2024-12-20,3.104,3.39,3.55,2.975,2.705,2.727,2.692,2.73,2.629,2.775,2.873,2.793,2.723,3.3,3.115,3
2024-12-23,3.103,3.39,3.56,2.968,2.697,2.735,2.689,2.735,2.616,2.757,2.844,2.764,2.696,3.292,3.113,3
2024-12-24,3.067,3.4,3.57,2.971,2.709,2.765,2.696,2.763,2.626,2.801,2.876,2.818,2.76,3.308,3.093,3
2024-12-26,3.16,3.4,3.58,2.973,2.717,2.793,2.7,2.792,2.648,2.809,2.904,2.844,2.773,3.33,3.095,3
2024-12-27,3.1,3.44,3.58,2.966,2.707,2.765,2.695,2.776,2.634,2.784,2.876,2.877,2.805,3.321,3.096,3
2024-12-30,3.06,3.44,3.58,2.962,2.701,2.752,2.688,2.765,2.597,2.763,2.855,2.876,2.794,3.285,3.094,3
2024-12-31,3.327,3.39,3.58,2.962,2.701,2.752,2.688,2.765,2.596,2.762,2.855,2.877,2.793,3.284,3.406,3
2025-01-02,3.029,3.26,3.54,2.951,2.657,2.667,2.659,2.681,2.507,2.681,2.749,2.768,2.692,3.197,3.065,3
2025-01-03,2.967,3.15,3.46,2.938,2.646,2.623,2.649,2.677,2.482,2.643,2.754,2.74,2.678,3.17,3.012,3
2025-01-06,3.032,3.1,3.45,2.853,2.654,2.646,2.653,2.699,2.524,2.685,2.817,2.764,2.707,3.202,3.036,3
2025-01-07,3,3.05,3.44,2.859,2.638,2.622,2.643,2.671,2.508,2.661,2.794,2.74,2.693,3.187,3.075,3
2025-01-08,3.003,3.04,3.43,2.86,2.631,2.606,2.635,2.65,2.505,2.652,2.796,2.725,2.686,3.182,3.074,3
2025-01-09,3.079,3,3.42,2.864,2.621,2.576,2.624,2.609,2.5,2.627,2.778,2.706,2.678,3.174,3.092,3
2025-01-10,3.081,3,3.4,2.879,2.637,2.614,2.636,2.65,2.561,2.684,2.837,2.729,2.708,3.22,3.093,3
2025-01-13,3.064,3,3.39,2.889,2.664,2.681,2.663,2.72,2.664,2.746,2.871,2.769,2.729,3.306,3.093,3
2025-01-14,2.99,3,3.35,2.886,2.648,2.659,2.65,2.709,2.646,2.736,2.841,2.728,2.684,3.292,3.024,3
2025-01-15,3.008,2.99,3.34,2.888,2.648,2.674,2.653,2.727,2.675,2.774,2.86,2.736,2.691,3.315,3.044,3
2025-01-16,3.071,2.99,3.32,2.879,2.619,2.625,2.631,2.678,2.626,2.723,2.802,2.717,2.671,3.276,3.111,3
2025-01-17,3.069,2.99,3.31,2.873,2.606,2.596,2.618,2.651,2.588,2.688,2.813,2.715,2.67,3.241,3.094,3
2025-01-20,3.109,2.99,3.28,2.874,2.621,2.624,2.628,2.662,2.623,2.715,2.868,2.741,2.684,3.268,3.121,3
2025-01-21,3.138,2.98,3.27,2.873,2.612,2.615,2.616,2.651,2.579,2.678,2.818,2.721,2.68,3.227,3.141,3
2025-01-22,3.106,3.03,3.27,2.874,2.625,2.634,2.624,2.646,2.577,2.69,2.827,2.734,2.682,3.227,3.105,3
2025-01-23,3.088,3.03,3.26,2.877,2.638,2.638,2.632,2.663,2.578,2.695,2.837,2.781,2.716,3.218,3.102,3
2025-01-24,3.091,3.03,3.25,2.872,2.639,2.62,2.627,2.655,2.57,2.704,2.859,2.798,2.736,3.21,3.177,3
2025-01-31,3.074,3.03,3.25,2.873,2.645,2.624,2.631,2.644,2.573,2.701,2.859,2.79,2.743,3.204,3.137,3
2025-02-03,2.988,3.02,3.25,2.87,2.655,2.625,2.644,2.663,2.572,2.689,2.835,2.769,2.722,3.196,3.062,3
2025-02-04,2.919,3,3.25,2.871,2.657,2.646,2.654,2.677,2.584,2.703,2.844,2.782,2.712,3.208,3.016,3
2025-02-05,2.98,3.01,3.25,2.872,2.652,2.643,2.659,2.668,2.578,2.684,2.818,2.748,2.67,3.198,3.015,3
2025-02-06,3.003,2.99,3.25,2.871,2.644,2.656,2.66,2.664,2.582,2.67,2.796,2.72,2.661,3.196,3.013,3
2025-02-07,3.024,2.99,3.25,2.877,2.659,2.693,2.672,2.713,2.635,2.719,2.836,2.739,2.672,3.242,3.012,3
2025-02-10,3.034,2.99,3.25,2.872,2.647,2.682,2.673,2.708,2.638,2.713,2.83,2.737,2.682,3.239,3.044,3
2025-02-11,3.021,2.99,3.25,2.871,2.639,2.686,2.673,2.7,2.633,2.715,2.849,2.751,2.682,3.228,3.034,3
2025-02-12,3.033,2.98,3.25,2.87,2.632,2.699,2.674,2.717,2.651,2.744,2.879,2.772,2.698,3.238,3.054,3
2025-02-13,3.054,2.98,3.25,2.869,2.623,2.68,2.672,2.693,2.631,2.732,2.872,2.775,2.716,3.227,3.073,3
2025-02-14,3.057,2.98,3.25,2.863,2.607,2.666,2.666,2.688,2.611,2.711,2.846,2.76,2.693,3.208,3.073,3
2025-02-17,3.017,2.97,3.25,2.865,2.605,2.678,2.668,2.702,2.623,2.729,2.869,2.774,2.7,3.215,3.073,3
2025-02-18,3.001,2.96,3.25,2.865,2.602,2.688,2.668,2.712,2.641,2.75,2.878,2.775,2.692,3.224,3.025,3
2025-02-19,2.953,2.95,3.25,2.862,2.601,2.683,2.66,2.698,2.63,2.745,2.873,2.769,2.686,3.214,3.021,3
2025-02-20,2.993,2.94,3.25,2.86,2.603,2.679,2.655,2.691,2.628,2.748,2.888,2.779,2.692,3.212,3.017,3
2025-02-21,2.985,2.88,3.21,2.86,2.598,2.659,2.648,2.674,2.618,2.73,2.856,2.76,2.678,3.2,3.025,3
2025-02-24,3.022,2.88,3.19,2.842,2.6,2.649,2.638,2.667,2.61,2.717,2.825,2.738,2.648,3.191,3.063,3
2025-02-25,2.837,2.85,3.12,2.847,2.6,2.638,2.63,2.661,2.596,2.698,2.797,2.734,2.643,3.178,2.89,2.75
2025-02-26,2.792,2.84,3.09,2.768,2.604,2.637,2.624,2.654,2.591,2.676,2.752,2.698,2.598,3.168,2.859,2.75
2025-02-27,2.805,2.85,3.07,2.762,2.618,2.643,2.623,2.664,2.592,2.68,2.754,2.689,2.582,3.172,2.831,2.75
2025-02-28,2.799,2.89,3.05,2.758,2.615,2.622,2.62,2.654,2.566,2.646,2.706,2.645,2.544,3.157,2.832,2.75
2025-03-04,2.691,2.85,3.03,2.738,2.616,2.622,2.615,2.653,2.541,2.629,2.703,2.653,2.556,3.132,2.779,2.75
2025-03-05,2.731,2.84,3.02,2.75,2.634,2.655,2.627,2.678,2.565,2.678,2.773,2.706,2.605,3.151,2.777,2.75
2025-03-06,2.773,2.84,3.02,2.762,2.651,2.667,2.639,2.7,2.594,2.704,2.806,2.723,2.61,3.174,2.787,2.75
2025-03-07,2.779,2.84,3.01,2.75,2.625,2.635,2.621,2.669,2.565,2.678,2.773,2.694,2.581,3.144,2.804,2.75
2025-03-10,2.777,2.84,3.01,2.749,2.629,2.653,2.63,2.677,2.596,2.658,2.801,2.705,2.596,3.166,2.804,2.75
2025-03-11,2.76,2.84,3,2.743,2.614,2.623,2.616,2.65,2.56,2.633,2.76,2.674,2.563,3.131,2.765,2.75
2025-03-12,2.763,2.84,3,2.736,2.613,2.615,2.615,2.633,2.55,2.619,2.763,2.676,2.566,3.127,2.746,2.75
2025-03-13,2.753,2.84,3,2.736,2.622,2.63,2.604,2.64,2.57,2.625,2.77,2.678,2.575,3.138,2.764,2.75
2025-03-14,2.758,2.84,3,2.741,2.632,2.644,2.61,2.67,2.596,2.64,2.813,2.693,2.59,3.161,2.754,2.75
2025-03-17,2.752,2.84,3,2.739,2.633,2.646,2.609,2.67,2.601,2.647,2.805,2.686,2.585,3.171,2.745,2.75
2025-03-18,2.756,2.84,3,2.739,2.63,2.642,2.602,2.665,2.598,2.644,2.788,2.669,2.568,3.168,2.744,2.75
2025-03-19,2.748,2.84,3,2.736,2.628,2.657,2.602,2.682,2.621,2.673,2.811,2.67,2.568,3.184,2.744,2.75
2025-03-20,2.766,2.84,3,2.732,2.615,2.65,2.59,2.655,2.598,2.658,2.792,2.655,2.548,3.168,2.755,2.75
2025-03-21,2.761,2.84,3,2.733,2.616,2.657,2.592,2.665,2.597,2.662,2.805,2.664,2.548,3.165,2.765,2.75
2025-03-24,2.752,2.84,3,2.658,2.624,2.662,2.603,2.678,2.604,2.687,2.816,2.694,2.569,3.171,2.745,2.75
2025-03-25,2.749,2.85,3,2.659,2.635,2.67,2.611,2.692,2.612,2.7,2.821,2.702,2.586,3.179,2.738,2.75
2025-03-26,2.733,2.85,3,2.662,2.639,2.681,2.615,2.691,2.618,2.713,2.839,2.722,2.613,3.187,2.727,2.75
2025-03-27,2.731,2.85,3,2.663,2.641,2.683,2.617,2.684,2.622,2.705,2.838,2.713,2.606,3.182,2.713,2.75
2025-03-28,2.732,2.84,3,2.663,2.644,2.684,2.621,2.694,2.629,2.71,2.842,2.718,2.616,3.184,2.697,2.75
2025-03-31,2.776,2.84,3,2.646,2.623,2.633,2.607,2.648,2.569,2.645,2.771,2.671,2.574,3.14,2.775,2.75
2025-04-01,2.741,2.84,2.99,2.664,2.631,2.649,2.622,2.654,2.581,2.659,2.787,2.695,2.598,3.153,2.719,2.75
2025-04-02,2.753,2.82,2.98,2.664,2.621,2.644,2.622,2.653,2.584,2.653,2.767,2.676,2.576,3.151,2.747,2.75
2025-04-03,2.766,2.81,2.96,2.649,2.555,2.57,2.592,2.608,2.529,2.606,2.738,2.653,2.559,3.101,2.756,2.75
2025-04-04,2.764,2.78,2.95,2.643,2.489,2.474,2.558,2.533,2.461,2.544,2.692,2.615,2.528,3.035,2.784,2.75
2025-04-07,2.782,2.76,2.94,2.596,2.447,2.413,2.525,2.466,2.405,2.491,2.648,2.57,2.473,2.986,2.813,2.75
2025-04-08,2.717,2.74,2.94,2.615,2.469,2.42,2.535,2.471,2.413,2.508,2.686,2.611,2.511,2.995,2.8,2.75
2025-04-09,2.742,2.74,2.94,2.619,2.46,2.438,2.536,2.481,2.434,2.54,2.732,2.652,2.554,3.01,2.799,2.75
2025-04-10,2.791,2.72,2.94,2.621,2.459,2.445,2.536,2.486,2.437,2.514,2.702,2.636,2.535,3.017,2.802,2.75
2025-04-11,2.783,2.72,2.94,2.621,2.442,2.413,2.513,2.459,2.411,2.51,2.696,2.645,2.544,2.996,2.802,2.75
2025-04-14,2.775,2.72,2.94,2.508,2.448,2.416,2.499,2.464,2.408,2.509,2.691,2.625,2.531,2.998,2.802,2.75
2025-04-15,2.756,2.72,2.94,2.505,2.442,2.402,2.492,2.444,2.399,2.499,2.664,2.597,2.501,2.984,2.791,2.75
2025-04-16,2.752,2.72,2.93,2.5,2.424,2.361,2.467,2.404,2.351,2.463,2.629,2.566,2.464,2.941,2.778,2.75
2025-04-17,2.782,2.71,2.93,2.503,2.432,2.399,2.467,2.428,2.385,2.483,2.645,2.579,2.49,2.968,2.792,2.75
2025-04-18,2.781,2.71,2.93,2.502,2.422,2.375,2.424,2.403,2.362,2.464,2.62,2.561,2.464,2.942,2.812,2.75
2025-04-21,2.777,2.71,2.93,2.498,2.413,2.356,2.416,2.379,2.331,2.441,2.602,2.551,2.454,2.918,2.801,2.75
2025-04-22,2.776,2.71,2.93,2.5,2.414,2.363,2.415,2.38,2.33,2.441,2.621,2.578,2.49,2.923,2.801,2.75
2025-04-23,2.776,2.74,2.93,2.501,2.413,2.371,2.412,2.383,2.337,2.437,2.598,2.569,2.483,2.927,2.801,2.75
2025-04-24,2.786,2.73,2.93,2.501,2.412,2.374,2.411,2.393,2.341,2.444,2.623,2.587,2.502,2.93,2.802,2.75
2025-04-25,2.782,2.72,2.93,2.5,2.394,2.344,2.394,2.356,2.305,2.403,2.576,2.555,2.472,2.901,2.804,2.75
2025-04-28,2.752,2.71,2.93,2.497,2.396,2.353,2.393,2.367,2.316,2.414,2.588,2.558,2.468,2.909,2.793,2.75
2025-04-29,2.767,2.71,2.93,2.497,2.392,2.347,2.39,2.355,2.31,2.419,2.603,2.576,2.495,2.903,2.764,2.75
2025-04-30,2.783,2.71,2.93,2.493,2.372,2.317,2.374,2.323,2.267,2.375,2.563,2.545,2.469,2.868,2.793,2.75
2025-05-02,2.75,2.71,2.93,2.495,2.376,2.321,2.374,2.329,2.282,2.394,2.593,2.554,2.474,2.872,2.81,2.75
2025-05-07,2.733,2.71,2.93,2.493,2.357,2.295,2.35,2.3,2.253,2.379,2.603,2.567,2.486,2.846,2.811,2.75
2025-05-08,2.758,2.7,2.93,2.499,2.361,2.314,2.346,2.32,2.281,2.395,2.622,2.598,2.516,2.867,2.762,2.75
2025-05-09,2.772,2.68,2.93,2.509,2.369,2.35,2.346,2.358,2.331,2.448,2.67,2.641,2.551,2.91,2.783,2.75
2025-05-12,2.784,2.66,2.93,2.508,2.368,2.352,2.341,2.355,2.33,2.451,2.685,2.661,2.575,2.91,2.812,2.75
2025-05-13,2.787,2.68,2.93,2.519,2.382,2.384,2.348,2.393,2.37,2.496,2.722,2.682,2.59,2.939,2.811,2.75
2025-05-14,2.779,2.67,2.93,2.519,2.348,2.365,2.319,2.369,2.351,2.482,2.718,2.683,2.582,2.924,2.812,2.75
2025-05-15,2.76,2.69,2.93,2.523,2.342,2.367,2.314,2.37,2.362,2.496,2.727,2.689,2.589,2.931,2.783,2.75
2025-05-16,2.769,2.7,2.93,2.519,2.316,2.332,2.288,2.337,2.319,2.445,2.676,2.665,2.569,2.896,2.782,2.75
2025-05-19,2.749,2.71,2.93,2.522,2.323,2.359,2.295,2.363,2.366,2.501,2.747,2.72,2.631,2.935,2.771,2.75
2025-05-20,2.749,2.68,2.93,2.518,2.302,2.341,2.281,2.34,2.33,2.467,2.713,2.688,2.599,2.907,2.767,2.75
2025-05-21,2.759,2.67,2.93,2.52,2.305,2.344,2.281,2.347,2.345,2.498,2.76,2.72,2.629,2.921,2.77,2.75
2025-05-22,2.751,2.67,2.93,2.52,2.293,2.328,2.28,2.341,2.336,2.493,2.755,2.722,2.632,2.917,2.762,2.75
2025-05-23,2.772,2.67,2.93,2.52,2.291,2.331,2.282,2.335,2.338,2.502,2.766,2.734,2.636,2.921,2.793,2.75
2025-05-26,2.77,2.67,2.93,2.517,2.286,2.336,2.28,2.33,2.348,2.504,2.766,2.732,2.631,2.926,2.812,2.75
2025-05-27,2.751,2.66,2.93,2.512,2.276,2.335,2.276,2.33,2.34,2.478,2.709,2.698,2.587,2.913,2.79,2.75
2025-05-28,2.736,2.63,2.93,2.509,2.266,2.319,2.27,2.323,2.314,2.467,2.706,2.686,2.575,2.893,2.74,2.75
2025-05-29,2.548,2.6,2.92,2.509,2.271,2.331,2.276,2.331,2.341,2.5,2.76,2.718,2.609,2.914,2.561,2.5
2025-05-30,2.582,2.59,2.79,2.509,2.274,2.329,2.276,2.343,2.347,2.521,2.786,2.733,2.629,2.917,2.591,2.5
2025-06-02,2.538,2.59,2.78,2.5,2.27,2.331,2.271,2.332,2.34,2.515,2.793,2.747,2.65,2.916,2.561,2.5
2025-06-04,2.517,2.58,2.77,2.507,2.298,2.382,2.293,2.378,2.414,2.602,2.894,2.865,2.781,2.982,2.513,2.5
2025-06-05,2.494,2.58,2.76,2.503,2.287,2.377,2.284,2.376,2.412,2.597,2.891,2.843,2.754,2.973,2.482,2.5
2025-06-09,2.523,2.57,2.75,2.493,2.278,2.37,2.278,2.377,2.405,2.57,2.867,2.837,2.749,2.96,2.562,2.5
2025-06-10,2.458,2.56,2.75,2.495,2.279,2.381,2.277,2.387,2.385,2.562,2.831,2.829,2.752,2.955,2.552,2.5
2025-06-11,2.484,2.57,2.75,2.497,2.285,2.401,2.283,2.404,2.419,2.581,2.837,2.829,2.746,2.974,2.552,2.5
2025-06-12,2.517,2.56,2.75,2.496,2.287,2.405,2.285,2.423,2.429,2.581,2.827,2.838,2.749,2.972,2.542,2.5
2025-06-13,2.543,2.56,2.75,2.498,2.3,2.441,2.292,2.466,2.462,2.597,2.819,2.81,2.722,2.997,2.561,2.5
2025-06-16,2.543,2.56,2.75,2.496,2.308,2.461,2.298,2.47,2.483,2.623,2.864,2.825,2.749,3.016,2.561,2.5
2025-06-17,2.528,2.56,2.74,2.486,2.293,2.432,2.279,2.445,2.448,2.612,2.868,2.812,2.736,2.986,2.543,2.5
2025-06-18,2.533,2.56,2.74,2.489,2.304,2.451,2.29,2.465,2.472,2.637,2.876,2.828,2.732,3,2.55,2.5
2025-06-19,2.529,2.56,2.74,2.488,2.307,2.462,2.295,2.483,2.475,2.64,2.874,2.839,2.743,3.005,2.523,2.5
2025-06-20,2.545,2.56,2.74,2.488,2.304,2.438,2.292,2.471,2.463,2.636,2.867,2.847,2.748,2.996,2.552,2.5
2025-06-23,2.53,2.57,2.74,2.453,2.322,2.479,2.307,2.503,2.498,2.662,2.873,2.86,2.762,3.019,2.543,2.5
2025-06-24,2.528,2.57,2.73,2.447,2.305,2.444,2.297,2.463,2.461,2.616,2.823,2.832,2.738,2.983,2.534,2.5
2025-06-25,2.522,2.57,2.73,2.447,2.305,2.448,2.298,2.463,2.46,2.619,2.82,2.82,2.728,2.981,2.533,2.5
2025-06-26,2.494,2.57,2.73,2.444,2.298,2.437,2.294,2.453,2.454,2.599,2.788,2.785,2.693,2.969,2.552,2.5
2025-06-27,2.466,2.57,2.73,2.443,2.3,2.435,2.304,2.464,2.453,2.585,2.785,2.813,2.726,2.967,2.533,2.5
2025-06-30,2.566,2.56,2.73,2.442,2.298,2.432,2.302,2.449,2.452,2.591,2.805,2.832,2.747,2.963,2.581,2.5
2025-07-01,2.499,2.54,2.73,2.441,2.296,2.43,2.301,2.443,2.454,2.581,2.784,2.79,2.696,2.959,2.524,2.5
2025-07-02,2.484,2.51,2.73,2.446,2.307,2.459,2.31,2.461,2.483,2.619,2.832,2.824,2.723,2.981,2.519,2.5
2025-07-03,2.496,2.51,2.73,2.438,2.294,2.4,2.302,2.426,2.449,2.595,2.814,2.807,2.712,2.952,2.484,2.5
2025-07-04,2.496,2.51,2.73,2.442,2.305,2.421,2.311,2.446,2.467,2.62,2.828,2.825,2.727,2.965,2.495,2.5
2025-07-07,2.5,2.51,2.73,2.443,2.307,2.424,2.313,2.453,2.482,2.637,2.84,2.845,2.749,2.973,2.494,2.5
2025-07-08,2.408,2.5,2.73,2.438,2.304,2.42,2.31,2.442,2.477,2.635,2.847,2.845,2.748,2.968,2.503,2.5
2025-07-09,2.447,2.51,2.73,2.431,2.296,2.419,2.309,2.435,2.478,2.636,2.854,2.843,2.744,2.967,2.503,2.5
2025-07-10,2.529,2.52,2.73,2.422,2.277,2.391,2.295,2.403,2.433,2.592,2.814,2.817,2.722,2.928,2.533,2.5
2025-07-11,2.509,2.52,2.73,2.425,2.286,2.404,2.303,2.421,2.448,2.604,2.823,2.81,2.717,2.938,2.503,2.5
2025-07-14,2.51,2.51,2.73,2.429,2.297,2.423,2.313,2.441,2.474,2.652,2.886,2.855,2.757,2.959,2.523,2.5
2025-07-15,2.478,2.51,2.73,2.426,2.294,2.416,2.308,2.431,2.463,2.644,2.877,2.846,2.744,2.953,2.492,2.5
2025-07-16,2.502,2.51,2.73,2.427,2.303,2.42,2.307,2.423,2.459,2.642,2.877,2.856,2.755,2.95,2.463,2.5
2025-07-17,2.5,2.51,2.73,2.431,2.314,2.444,2.317,2.438,2.479,2.663,2.905,2.881,2.783,2.968,2.465,2.5
2025-07-18,2.51,2.52,2.73,2.43,2.31,2.434,2.315,2.437,2.474,2.645,2.873,2.86,2.763,2.961,2.485,2.5
2025-07-21,2.491,2.51,2.73,2.415,2.303,2.416,2.311,2.417,2.456,2.628,2.855,2.855,2.757,2.948,2.483,2.5
2025-07-22,2.504,2.52,2.73,2.415,2.302,2.42,2.314,2.423,2.463,2.622,2.839,2.835,2.737,2.952,2.474,2.5
2025-07-23,2.502,2.51,2.73,2.414,2.3,2.417,2.314,2.419,2.458,2.615,2.83,2.833,2.738,2.95,2.485,2.5
2025-07-24,2.508,2.51,2.73,2.415,2.302,2.424,2.316,2.426,2.467,2.626,2.849,2.845,2.753,2.96,2.465,2.5
2025-07-25,2.515,2.51,2.73,2.415,2.302,2.426,2.318,2.423,2.485,2.637,2.855,2.844,2.752,2.974,2.496,2.5
2025-07-28,2.506,2.51,2.73,2.376,2.29,2.403,2.31,2.402,2.464,2.615,2.829,2.829,2.736,2.958,2.493,2.5
2025-07-29,2.5,2.51,2.73,2.363,2.279,2.394,2.3,2.387,2.46,2.613,2.823,2.83,2.737,2.952,2.493,2.5
2025-07-30,2.518,2.51,2.73,2.361,2.273,2.396,2.295,2.392,2.454,2.598,2.797,2.81,2.714,2.946,2.496,2.5
2025-07-31,2.514,2.51,2.73,2.363,2.276,2.405,2.297,2.401,2.46,2.588,2.785,2.811,2.707,2.952,2.533,2.5
2025-08-01,2.491,2.51,2.73,2.366,2.287,2.425,2.303,2.423,2.478,2.623,2.832,2.851,2.748,2.97,2.475,2.5
2025-08-04,2.507,2.5,2.73,2.356,2.249,2.379,2.266,2.364,2.421,2.569,2.778,2.803,2.709,2.917,2.485,2.5
2025-08-05,2.504,2.5,2.73,2.357,2.249,2.381,2.267,2.354,2.425,2.561,2.766,2.792,2.698,2.917,2.528,2.5
2025-08-06,2.493,2.5,2.73,2.359,2.25,2.389,2.269,2.36,2.43,2.569,2.779,2.8,2.713,2.918,2.529,2.5
2025-08-07,2.509,2.5,2.73,2.357,2.245,2.375,2.263,2.352,2.408,2.551,2.772,2.796,2.699,2.901,2.474,2.5
2025-08-08,2.532,2.5,2.73,2.358,2.246,2.385,2.263,2.351,2.409,2.554,2.776,2.792,2.697,2.902,2.534,2.5
2025-08-11,2.519,2.5,2.73,2.363,2.249,2.392,2.266,2.367,2.42,2.565,2.781,2.794,2.698,2.909,2.514,2.5
2025-08-12,2.523,2.5,2.73,2.366,2.25,2.398,2.27,2.378,2.431,2.582,2.801,2.818,2.72,2.917,2.524,2.5
2025-08-13,2.512,2.51,2.73,2.362,2.242,2.383,2.265,2.367,2.417,2.572,2.809,2.838,2.738,2.907,2.513,2.5
2025-08-14,2.516,2.5,2.73,2.361,2.236,2.373,2.261,2.36,2.404,2.556,2.787,2.821,2.726,2.896,2.504,2.5
2025-08-18,2.498,2.51,2.73,2.369,2.245,2.396,2.266,2.374,2.426,2.592,2.837,2.862,2.757,2.912,2.492,2.5
2025-08-19,2.472,2.52,2.73,2.369,2.246,2.398,2.268,2.381,2.444,2.613,2.858,2.874,2.772,2.924,2.461,2.5
2025-08-20,2.479,2.52,2.73,2.367,2.242,2.391,2.267,2.381,2.441,2.611,2.853,2.865,2.76,2.923,2.443,2.5
2025-08-21,2.499,2.52,2.73,2.366,2.241,2.387,2.266,2.377,2.438,2.605,2.845,2.856,2.75,2.921,2.447,2.5
2025-08-22,2.513,2.53,2.73,2.367,2.246,2.393,2.269,2.382,2.456,2.624,2.86,2.871,2.766,2.932,2.495,2.5
2025-08-25,2.515,2.53,2.73,2.362,2.238,2.378,2.258,2.36,2.434,2.602,2.852,2.864,2.768,2.915,2.495,2.5
2025-08-26,2.511,2.53,2.73,2.357,2.23,2.361,2.25,2.346,2.422,2.596,2.86,2.887,2.79,2.902,2.504,2.5
2025-08-27,2.505,2.53,2.73,2.352,2.224,2.351,2.24,2.334,2.402,2.569,2.825,2.863,2.763,2.887,2.494,2.5
2025-08-28,2.505,2.53,2.73,2.353,2.231,2.36,2.244,2.344,2.416,2.576,2.815,2.862,2.765,2.898,2.475,2.5
2025-08-29,2.521,2.53,2.73,2.355,2.237,2.37,2.248,2.354,2.426,2.583,2.815,2.856,2.753,2.906,2.523,2.5
2025-09-01,2.518,2.53,2.73,2.358,2.243,2.377,2.253,2.372,2.435,2.597,2.847,2.884,2.78,2.913,2.495,2.5
2025-09-02,2.515,2.53,2.73,2.359,2.249,2.385,2.258,2.38,2.45,2.619,2.87,2.903,2.796,2.924,2.505,2.5
2025-09-03,2.524,2.53,2.73,2.362,2.261,2.404,2.268,2.404,2.475,2.654,2.913,2.929,2.82,2.946,2.504,2.5
2025-09-04,2.534,2.56,2.73,2.361,2.261,2.408,2.269,2.409,2.472,2.643,2.883,2.906,2.798,2.943,2.524,2.5
2025-09-05,2.542,2.57,2.73,2.36,2.261,2.408,2.27,2.402,2.46,2.62,2.855,2.887,2.783,2.931,2.56,2.5
2025-09-08,2.519,2.56,2.73,2.36,2.261,2.408,2.269,2.4,2.448,2.608,2.848,2.875,2.773,2.918,2.524,2.5
2025-09-09,2.51,2.54,2.73,2.357,2.258,2.399,2.266,2.397,2.425,2.582,2.818,2.855,2.753,2.898,2.584,2.5
2025-09-10,2.495,2.55,2.73,2.355,2.257,2.399,2.275,2.418,2.43,2.566,2.833,2.822,2.75,2.902,2.584,2.5
2025-09-11,2.523,2.54,2.73,2.351,2.251,2.386,2.273,2.403,2.42,2.557,2.813,2.812,2.736,2.892,2.55,2.5
2025-09-12,2.522,2.54,2.73,2.353,2.257,2.397,2.277,2.408,2.431,2.564,2.813,2.805,2.731,2.901,2.532,2.5
2025-09-15,2.532,2.54,2.73,2.354,2.259,2.406,2.278,2.414,2.443,2.584,2.821,2.812,2.73,2.909,2.542,2.5
2025-09-16,2.506,2.56,2.73,2.348,2.25,2.383,2.266,2.394,2.417,2.565,2.804,2.794,2.707,2.885,2.522,2.5
2025-09-17,2.512,2.57,2.73,2.346,2.251,2.38,2.266,2.388,2.418,2.564,2.787,2.788,2.693,2.881,2.512,2.5
2025-09-18,2.524,2.56,2.73,2.344,2.249,2.373,2.262,2.37,2.403,2.544,2.756,2.758,2.667,2.868,2.514,2.5
2025-09-19,2.523,2.57,2.73,2.351,2.263,2.398,2.276,2.395,2.441,2.583,2.815,2.793,2.693,2.898,2.534,2.5
2025-09-22,2.541,2.56,2.73,2.354,2.27,2.41,2.283,2.409,2.459,2.606,2.833,2.804,2.703,2.912,2.552,2.5
2025-09-23,2.54,2.58,2.73,2.352,2.272,2.42,2.285,2.421,2.46,2.598,2.813,2.8,2.709,2.912,2.552,2.5
2025-09-24,2.53,2.58,2.73,2.356,2.283,2.442,2.291,2.437,2.489,2.629,2.848,2.825,2.734,2.935,2.533,2.5
2025-09-25,2.526,2.59,2.73,2.362,2.298,2.477,2.303,2.467,2.528,2.673,2.885,2.843,2.769,2.969,2.543,2.5
2025-09-26,2.523,2.58,2.73,2.37,2.318,2.506,2.318,2.499,2.562,2.716,2.943,2.879,2.812,3.001,2.534,2.5
2025-09-29,2.531,2.57,2.73,2.371,2.322,2.508,2.322,2.519,2.563,2.721,2.939,2.887,2.818,3.004,2.544,2.5
2025-09-30,2.575,2.57,2.73,2.371,2.316,2.515,2.325,2.525,2.582,2.734,2.951,2.916,2.841,3.022,2.572,2.5
2025-10-01,2.456,2.56,2.73,2.372,2.319,2.517,2.326,2.529,2.596,2.748,2.96,2.91,2.829,3.033,2.535,2.5
2025-10-02,2.483,2.55,2.73,2.365,2.309,2.499,2.314,2.518,2.581,2.729,2.959,2.911,2.821,3.019,2.534,2.5
2025-10-10,2.539,2.55,2.73,2.365,2.311,2.509,2.318,2.524,2.591,2.731,2.964,2.911,2.819,3.026,2.543,2.5
2025-10-13,2.536,2.54,2.73,2.355,2.295,2.487,2.303,2.492,2.554,2.677,2.904,2.861,2.767,2.995,2.542,2.5
2025-10-14,2.516,2.54,2.73,2.35,2.284,2.472,2.298,2.48,2.533,2.649,2.871,2.837,2.749,2.975,2.513,2.5
2025-10-15,2.522,2.54,2.73,2.348,2.285,2.465,2.295,2.473,2.52,2.64,2.856,2.826,2.744,2.966,2.496,2.5
2025-10-16,2.526,2.54,2.73,2.357,2.299,2.499,2.311,2.511,2.569,2.684,2.908,2.866,2.792,3.004,2.505,2.5
2025-10-17,2.514,2.54,2.73,2.352,2.29,2.478,2.304,2.493,2.555,2.666,2.885,2.845,2.776,2.99,2.513,2.5
2025-10-20,2.517,2.54,2.73,2.347,2.307,2.501,2.31,2.513,2.569,2.687,2.892,2.856,2.781,3.004,2.532,2.5
2025-10-21,2.517,2.54,2.73,2.35,2.32,2.524,2.321,2.541,2.6,2.711,2.904,2.87,2.79,3.024,2.513,2.5
2025-10-22,2.518,2.54,2.73,2.34,2.311,2.506,2.308,2.521,2.572,2.687,2.869,2.845,2.768,2.999,2.521,2.5
2025-10-23,2.511,2.54,2.73,2.345,2.326,2.535,2.324,2.556,2.605,2.721,2.912,2.887,2.804,3.027,2.522,2.5
2025-10-24,2.53,2.54,2.73,2.34,2.319,2.52,2.318,2.54,2.591,2.716,2.913,2.892,2.809,3.013,2.541,2.5
2025-10-27,2.528,2.54,2.73,2.342,2.334,2.553,2.33,2.556,2.62,2.756,2.959,2.937,2.85,3.036,2.542,2.5
2025-10-28,2.506,2.55,2.73,2.345,2.345,2.572,2.336,2.574,2.633,2.751,2.935,2.936,2.835,3.047,2.542,2.5
2025-10-29,2.512,2.55,2.73,2.354,2.368,2.614,2.372,2.605,2.677,2.798,2.984,2.977,2.882,3.085,2.494,2.5
2025-10-30,2.507,2.56,2.75,2.373,2.406,2.663,2.449,2.659,2.732,2.857,3.05,3.035,2.947,3.135,2.502,2.5
2025-10-31,2.511,2.55,2.76,2.372,2.401,2.65,2.438,2.636,2.716,2.855,3.061,3.068,2.985,3.122,2.531,2.5
2025-11-03,2.488,2.56,2.76,2.383,2.419,2.686,2.448,2.678,2.741,2.883,3.086,3.094,3.009,3.147,2.491,2.5
2025-11-04,2.43,2.57,2.76,2.382,2.42,2.681,2.446,2.669,2.729,2.879,3.082,3.104,3.025,3.136,2.499,2.5
2025-11-05,2.489,2.57,2.77,2.389,2.438,2.71,2.46,2.693,2.767,2.918,3.125,3.132,3.052,3.169,2.499,2.5
2025-11-06,2.518,2.58,2.78,2.406,2.471,2.76,2.505,2.752,2.834,2.993,3.203,3.19,3.121,3.232,2.495,2.5
2025-11-07,2.518,2.6,2.79,2.418,2.511,2.81,2.529,2.803,2.894,3.043,3.226,3.213,3.139,3.286,2.524,2.5
2025-11-10,2.52,2.6,2.8,2.42,2.504,2.794,2.523,2.795,2.865,3.035,3.23,3.228,3.14,3.261,2.532,2.5
2025-11-11,2.521,2.6,2.81,2.415,2.486,2.768,2.506,2.756,2.831,2.991,3.201,3.205,3.126,3.236,2.532,2.5
2025-11-12,2.51,2.61,2.84,2.444,2.545,2.852,2.54,2.837,2.923,3.088,3.282,3.275,3.2,3.331,2.512,2.5
2025-11-13,2.52,2.7,2.86,2.445,2.546,2.86,2.537,2.831,2.932,3.084,3.267,3.254,3.176,3.345,2.532,2.5
2025-11-14,2.513,2.72,2.89,2.453,2.558,2.882,2.537,2.828,2.944,3.126,3.317,3.316,3.242,3.365,2.522,2.5
2025-11-17,2.511,2.74,2.92,2.447,2.545,2.85,2.52,2.802,2.914,3.105,3.301,3.311,3.238,3.342,2.513,2.5
2025-11-18,2.497,2.74,2.94,2.438,2.525,2.81,2.486,2.754,2.872,3.068,3.268,3.283,3.214,3.309,2.511,2.5
2025-11-19,2.512,2.75,2.95,2.436,2.518,2.797,2.478,2.74,2.869,3.072,3.281,3.288,3.223,3.308,2.502,2.5
2025-11-20,2.514,2.76,2.96,2.437,2.521,2.81,2.475,2.738,2.908,3.115,3.325,3.322,3.257,3.34,2.513,2.5
2025-11-21,2.518,2.76,2.97,2.424,2.501,2.769,2.45,2.691,2.872,3.076,3.271,3.277,3.219,3.308,2.523,2.5
2025-11-24,2.519,2.76,2.98,2.424,2.51,2.783,2.458,2.714,2.904,3.107,3.289,3.282,3.217,3.338,2.524,2.5
2025-11-25,2.52,2.76,2.99,2.424,2.511,2.791,2.459,2.723,2.902,3.099,3.264,3.25,3.17,3.334,2.523,2.5
2025-11-26,2.533,2.76,2.99,2.423,2.508,2.805,2.457,2.734,2.895,3.084,3.251,3.238,3.164,3.328,2.542,2.5
2025-11-27,2.513,2.8,3.04,2.471,2.58,2.919,2.522,2.842,3.013,3.197,3.351,3.315,3.237,3.446,2.533,2.5
2025-11-28,2.514,2.8,3.07,2.468,2.573,2.897,2.517,2.835,2.991,3.176,3.344,3.313,3.22,3.428,2.532,2.5
2025-12-01,2.511,2.8,3.11,2.464,2.593,2.942,2.544,2.891,3.045,3.233,3.387,3.352,3.253,3.481,2.532,2.5
2025-12-02,2.507,2.8,3.14,2.458,2.582,2.925,2.535,2.87,3.022,3.211,3.346,3.345,3.254,3.463,2.514,2.5
2025-12-03,2.51,2.81,3.17,2.465,2.589,2.934,2.541,2.879,3.041,3.246,3.368,3.366,3.265,3.484,2.505,2.5
2025-12-04,2.522,2.81,3.2,2.46,2.577,2.901,2.524,2.85,3.025,3.229,3.376,3.356,3.258,3.474,2.516,2.5
2025-12-05,2.514,2.83,3.22,2.454,2.564,2.878,2.509,2.826,2.994,3.198,3.358,3.323,3.211,3.453,2.514,2.5
2025-12-08,2.52,2.83,3.23,2.435,2.581,2.906,2.521,2.847,3.034,3.239,3.401,3.34,3.217,3.492,2.534,2.5
2025-12-09,2.513,2.83,3.25,2.448,2.603,2.947,2.535,2.882,3.084,3.302,3.453,3.376,3.243,3.545,2.57,2.5
2025-12-10,2.485,2.83,3.26,2.452,2.608,2.96,2.544,2.901,3.095,3.336,3.371,3.383,3.269,3.574,2.569,2.5
2025-12-11,2.518,2.83,3.27,2.453,2.609,2.965,2.578,2.909,3.101,3.361,3.378,3.377,3.257,3.585,2.553,2.5
2025-12-12,2.533,2.83,3.28,2.451,2.598,2.933,2.582,2.909,3.093,3.35,3.409,3.342,3.228,3.582,2.552,2.5
2025-12-15,2.531,2.83,3.29,2.386,2.548,2.849,2.557,2.841,3,3.259,3.325,3.278,3.178,3.499,2.551,2.5
2025-12-16,2.518,2.84,3.3,2.39,2.55,2.861,2.555,2.831,2.999,3.244,3.313,3.265,3.179,3.507,2.532,2.5
2025-12-17,2.527,2.84,3.3,2.394,2.549,2.858,2.557,2.836,2.996,3.227,3.324,3.287,3.206,3.507,2.532,2.5
2025-12-18,2.529,2.84,3.3,2.388,2.523,2.823,2.545,2.803,2.967,3.196,3.312,3.322,3.238,3.484,2.532,2.5
2025-12-19,2.539,2.85,3.3,2.414,2.535,2.86,2.567,2.836,3.01,3.24,3.342,3.341,3.246,3.523,2.542,2.5
2025-12-22,2.555,2.85,3.3,2.404,2.526,2.842,2.558,2.823,2.999,3.245,3.359,3.337,3.249,3.513,2.562,2.5
2025-12-23,2.547,2.85,3.3,2.4,2.518,2.816,2.553,2.802,2.963,3.242,3.379,3.358,3.259,3.5,2.563,2.5
2025-12-24,2.543,2.86,3.3,2.398,2.51,2.802,2.554,2.776,2.939,3.211,3.345,3.336,3.239,3.475,2.553,2.5
2025-12-26,2.553,2.87,3.3,2.402,2.519,2.821,2.559,2.795,2.958,3.24,3.374,3.358,3.267,3.489,2.563,2.5
2025-12-29,2.522,2.87,3.3,2.398,2.508,2.818,2.55,2.778,2.939,3.226,3.354,3.329,3.233,3.47,2.563,2.5
2025-12-30,2.54,2.87,3.3,2.404,2.511,2.833,2.556,2.796,2.952,3.24,3.385,3.357,3.257,3.476,2.562,2.5
2025-12-31,2.625,2.81,3.3,2.404,2.511,2.834,2.556,2.796,2.953,3.24,3.385,3.357,3.258,3.476,2.687,2.5
2026-01-02,2.517,2.77,3.3,2.401,2.507,2.826,2.551,2.792,2.935,3.239,3.386,3.353,3.255,3.459,2.543,2.5
2026-01-05,2.51,2.76,3.3,2.415,2.518,2.842,2.552,2.831,2.933,3.249,3.396,3.373,3.274,3.457,2.522,2.5
2026-01-06,2.443,2.75,3.29,2.416,2.519,2.857,2.545,2.829,2.948,3.244,3.398,3.359,3.248,3.46,2.532,2.5
2026-01-07,2.497,2.72,3.28,2.406,2.501,2.825,2.523,2.811,2.91,3.185,3.354,3.325,3.224,3.423,2.532,2.5
2026-01-08,2.544,2.7,3.28,2.406,2.506,2.827,2.517,2.803,2.902,3.163,3.341,3.323,3.228,3.418,2.544,2.5
2026-01-09,2.567,2.7,3.23,2.412,2.521,2.855,2.521,2.822,2.942,3.192,3.386,3.36,3.254,3.445,2.571,2.5
2026-01-12,2.57,2.69,3.19,2.414,2.525,2.869,2.523,2.829,2.98,3.212,3.392,3.344,3.24,3.469,2.581,2.5
2026-01-13,2.559,2.69,3.15,2.416,2.528,2.877,2.526,2.841,3.003,3.242,3.412,3.373,3.275,3.486,2.58,2.5
2026-01-14,2.565,2.69,3.14,2.414,2.524,2.865,2.525,2.828,2.996,3.24,3.418,3.378,3.275,3.481,2.589,2.5
2026-01-15,2.535,2.68,3.14,2.449,2.565,2.928,2.558,2.896,3.09,3.324,3.493,3.441,3.334,3.565,2.567,2.5
2026-01-16,2.526,2.68,3.14,2.448,2.563,2.929,2.556,2.879,3.08,3.32,3.488,3.433,3.323,3.56,2.557,2.5
2026-01-19,2.53,2.68,3.13,2.442,2.58,2.958,2.58,2.91,3.13,3.389,3.565,3.493,3.386,3.599,2.548,2.5
2026-01-20,2.528,2.68,3.13,2.45,2.596,2.989,2.601,2.94,3.191,3.472,3.653,3.599,3.494,3.653,2.549,2.5
2026-01-21,2.538,2.68,3.13,2.442,2.581,2.951,2.598,2.9,3.138,3.43,3.602,3.575,3.472,3.624,2.559,2.5
2026-01-22,2.524,2.68,3.13,2.437,2.574,2.925,2.598,2.878,3.109,3.397,3.558,3.544,3.428,3.615,2.532,2.5
2026-01-23,2.54,2.69,3.13,2.443,2.592,2.967,2.615,2.91,3.137,3.42,3.59,3.586,3.47,3.644,2.57,2.5
2026-01-26,2.516,2.7,3.13,2.435,2.586,2.935,2.614,2.877,3.096,3.382,3.544,3.575,3.456,3.611,2.578,2.5
2026-01-27,2.514,2.71,3.13,2.438,2.589,2.94,2.647,2.885,3.094,3.377,3.53,3.551,3.443,3.607,2.547,2.5
2026-01-28,2.499,2.7,3.13,2.44,2.594,2.943,2.672,2.866,3.067,3.357,3.518,3.536,3.437,3.589,2.496,2.5
2026-01-29,2.523,2.72,3.13,2.45,2.61,2.983,2.684,2.906,3.106,3.395,3.557,3.571,3.482,3.626,2.513,2.5
2026-01-30,2.546,2.73,3.13,2.461,2.63,3.011,2.694,2.933,3.138,3.436,3.607,3.599,3.515,3.658,2.552,2.5
2026-02-02,2.547,2.74,3.13,2.472,2.643,3.019,2.706,2.945,3.152,3.448,3.603,3.603,3.522,3.668,2.56,2.5
2026-02-03,2.536,2.74,3.13,2.485,2.667,3.064,2.723,2.98,3.189,3.495,3.661,3.675,3.587,3.708,2.54,2.5
2026-02-04,2.526,2.75,3.13,2.491,2.68,3.108,2.728,2.996,3.212,3.533,3.712,3.709,3.627,3.731,2.54,2.5
2026-02-05,2.535,2.75,3.13,2.489,2.674,3.094,2.716,2.984,3.204,3.505,3.687,3.702,3.609,3.724,2.55,2.5
2026-02-06,2.514,2.78,3.13,2.495,2.685,3.126,2.716,3.006,3.233,3.521,3.71,3.716,3.612,3.755,2.55,2.5
2026-02-09,2.533,2.78,3.13,2.501,2.686,3.118,2.711,3.009,3.267,3.555,3.754,3.747,3.645,3.787,2.55,2.5
2026-02-10,2.506,2.78,3.13,2.495,2.671,3.082,2.69,2.946,3.224,3.494,3.681,3.706,3.611,3.759,2.58,2.5
2026-02-11,2.487,2.78,3.13,2.49,2.68,3.047,2.682,2.918,3.2,3.462,3.639,3.68,3.59,3.746,2.58,2.5
2026-02-12,2.546,2.78,3.13,2.485,2.669,3.007,2.671,2.888,3.154,3.423,3.618,3.653,3.569,3.716,2.551,2.5
2026-02-13,2.555,2.78,3.13,2.482,2.655,2.998,2.662,2.881,3.142,3.397,3.571,3.608,3.52,3.705,2.551,2.5
2026-02-19,2.551,2.78,3.13,2.486,2.66,3.022,2.665,2.905,3.178,3.426,3.588,3.62,3.535,3.735,2.541,2.5
2026-02-20,2.523,2.79,3.13,2.481,2.647,2.988,2.65,2.879,3.143,3.391,3.54,3.567,3.473,3.718,2.531,2.5
2026-02-23,2.543,2.8,3.13,2.486,2.652,2.99,2.653,2.89,3.154,3.405,3.578,3.6,3.51,3.725,2.531,2.5
2026-02-24,2.547,2.8,3.13,2.488,2.653,2.992,2.656,2.894,3.158,3.41,3.593,3.626,3.542,3.73,2.541,2.5
2026-02-25,2.56,2.8,3.13,2.488,2.646,2.968,2.652,2.873,3.124,3.38,3.556,3.599,3.52,3.705,2.552,2.5
2026-02-26,2.557,2.81,3.13,2.476,2.624,2.92,2.643,2.829,3.062,3.314,3.47,3.529,3.442,3.653,2.562,2.5
2026-02-27,2.602,2.81,3.13,2.476,2.617,2.907,2.644,2.818,3.041,3.278,3.446,3.508,3.421,3.637,2.56,2.5
2026-03-03,2.538,2.81,3.13,2.517,2.681,3.051,2.723,2.973,3.18,3.424,3.594,3.653,3.568,3.769,2.539,2.5
2026-03-04,2.51,2.81,3.13,2.522,2.693,3.083,2.732,3.001,3.223,3.477,3.632,3.65,3.555,3.8,2.511,2.5
2026-03-05,2.516,2.81,3.13,2.519,2.681,3.046,2.727,2.968,3.189,3.442,3.589,3.6,3.503,3.777,2.499,2.5
2026-03-06,2.507,2.81,3.13,2.528,2.694,3.072,2.742,2.992,3.227,3.472,3.616,3.618,3.518,3.815,2.49,2.5
2026-03-09,2.546,2.84,3.13,2.545,2.755,3.244,2.831,3.148,3.42,3.652,3.739,3.711,3.599,3.997,2.56,2.5
2026-03-10,2.486,2.83,3.13,2.526,2.713,3.102,2.816,3.161,3.283,3.508,3.629,3.633,3.507,3.874,2.566,2.5
2026-03-11,2.492,2.83,3.13,2.523,2.707,3.084,2.801,3.135,3.253,3.47,3.608,3.62,3.501,3.845,2.565,2.5
2026-03-12,2.545,2.83,3.13,2.527,2.713,3.101,2.806,3.152,3.271,3.496,3.649,3.66,3.555,3.866,2.56,2.5
2026-03-13,2.538,2.83,3.13,2.537,2.737,3.169,2.828,3.193,3.338,3.556,3.701,3.698,3.595,3.919,2.539,2.5
2026-03-16,2.528,2.82,3.13,2.529,2.72,3.144,2.818,3.165,3.3,3.556,3.68,3.687,3.583,3.887,2.529,2.5
2026-03-17,2.51,2.83,3.13,2.53,2.721,3.146,2.819,3.186,3.324,3.578,3.692,3.689,3.572,3.906,2.519,2.5
2026-03-18,2.521,2.83,3.13,2.521,2.7,3.107,2.81,3.141,3.261,3.511,3.606,3.624,3.501,3.855,2.499,2.5
2026-03-19,2.536,2.83,3.13,2.533,2.729,3.163,2.843,3.211,3.329,3.587,3.693,3.678,3.564,3.915,2.52,2.5
2026-03-20,2.525,2.81,3.13,2.553,2.761,3.259,2.894,3.3,3.41,3.621,3.736,3.698,3.586,3.991,2.521,2.5
2026-03-23,2.532,2.81,3.13,2.567,2.837,3.468,2.99,3.499,3.617,3.837,3.879,3.836,3.713,4.197,2.521,2.5
2026-03-24,2.541,2.81,3.13,2.549,2.819,3.432,2.964,3.432,3.523,3.755,3.835,3.819,3.698,4.121,2.532,2.5
2026-03-25,2.532,2.82,3.13,2.551,2.83,3.454,2.985,3.475,3.558,3.786,3.859,3.841,3.716,4.158,2.531,2.5
2026-03-26,2.528,2.82,3.13,2.551,2.83,3.45,2.987,3.453,3.552,3.801,3.865,3.88,3.762,4.156,2.531,2.5
2026-03-27,2.518,2.82,3.13,2.56,2.852,3.491,3.002,3.499,3.582,3.838,3.915,3.92,3.81,4.182,2.521,2.5
2026-03-30,2.514,2.82,3.13,2.548,2.844,3.454,3.01,3.47,3.542,3.796,3.891,3.902,3.79,4.157,2.512,2.5
2026-03-31,2.62,2.82,3.13,2.549,2.846,3.467,3.016,3.481,3.552,3.777,3.879,3.873,3.775,4.166,2.584,2.5
2026-04-01,2.527,2.82,3.13,2.522,2.769,3.312,2.96,3.326,3.37,3.567,3.689,3.68,3.609,4.011,2.541,2.5
2026-04-02,2.514,2.82,3.13,2.556,2.896,3.426,3,3.398,3.477,3.679,3.804,3.76,3.705,4.114,2.49,2.5
2026-04-03,2.492,2.82,3.13,2.55,2.899,3.397,2.992,3.362,3.448,3.622,3.747,3.694,3.63,4.093,2.49,2.5
2026-04-06,2.495,2.82,3.13,2.545,2.911,3.372,2.99,3.338,3.432,3.594,3.725,3.688,3.612,4.081,2.488,2.5
2026-04-07,2.409,2.82,3.12,2.548,2.925,3.38,2.996,3.338,3.451,3.622,3.754,3.729,3.64,4.107,2.473,2.5
2026-04-08,2.479,2.81,3.11,2.533,2.875,3.236,2.924,3.199,3.315,3.475,3.628,3.612,3.527,3.973,2.474,2.5
2026-04-09,2.54,2.82,3.11,2.539,2.873,3.245,2.925,3.213,3.338,3.49,3.66,3.646,3.569,3.999,2.503,2.5
2026-04-10,2.54,2.82,3.11,2.548,2.873,3.263,2.932,3.228,3.36,3.511,3.686,3.648,3.576,4.018,2.541,2.5
2026-04-13,2.537,2.82,3.11,2.539,2.881,3.282,2.942,3.248,3.382,3.554,3.715,3.682,3.604,4.043,2.54,2.5
2026-04-14,2.526,2.82,3.1,2.531,2.86,3.24,2.922,3.206,3.339,3.519,3.658,3.633,3.542,4.005,2.51,2.5
2026-04-15,2.516,2.81,3.1,2.53,2.854,3.233,2.919,3.199,3.328,3.516,3.655,3.621,3.529,3.995,2.49,2.5
2026-04-16,2.504,2.82,3.1,2.536,2.853,3.238,2.92,3.205,3.34,3.536,3.675,3.64,3.542,4.005,2.476,2.5
2026-04-17,2.515,2.82,3.09,2.558,2.864,3.257,2.935,3.237,3.371,3.58,3.717,3.673,3.58,4.037,2.511,2.5
2026-04-20,2.505,2.81,3.08,2.553,2.854,3.241,2.923,3.219,3.348,3.568,3.688,3.655,3.569,4.016,2.521,2.5
2026-04-21,2.51,2.82,3.08,2.553,2.844,3.237,2.917,3.206,3.33,3.541,3.655,3.619,3.535,3.994,2.52,2.5
2026-04-22,2.511,2.83,3.08,2.562,2.853,3.267,2.933,3.24,3.365,3.562,3.697,3.649,3.57,4.028,2.519,2.5
2026-04-23,2.539,2.83,3.08,2.584,2.879,3.359,2.975,3.339,3.458,3.652,3.791,3.725,3.647,4.107,2.522,2.5
2026-04-24,2.53,2.82,3.08,2.588,2.886,3.399,2.987,3.387,3.496,3.683,3.817,3.755,3.674,4.145,2.541,2.5
2026-04-27,2.531,2.82,3.08,2.54,2.873,3.398,2.986,3.381,3.492,3.676,3.82,3.764,3.683,4.147,2.55,2.5
2026-04-28,2.518,2.82,3.08,2.554,2.871,3.431,2.998,3.415,3.529,3.718,3.861,3.798,3.711,4.182,2.521,2.5
2026-04-29,2.513,2.82,3.08,2.554,2.861,3.428,2.996,3.405,3.525,3.706,3.843,3.774,3.693,4.185,2.511,2.5
2026-04-30,2.554,2.81,3.08,2.565,2.879,3.493,3.02,3.475,3.595,3.78,3.923,3.876,3.79,4.248,2.54,2.5
2026-05-04,2.487,2.81,3.08,2.567,2.89,3.516,3.024,3.519,3.615,3.797,3.932,3.906,3.815,4.268,2.546,2.5
2026-05-06,2.493,2.82,3.08,2.566,2.881,3.51,3.016,3.498,3.595,3.786,3.932,3.931,3.844,4.249,2.544,2.5
2026-05-07,2.546,2.82,3.08,2.558,2.849,3.452,2.997,3.452,3.546,3.737,3.888,3.895,3.817,4.199,2.529,2.5
2026-05-08,2.548,2.81,3.07,2.564,2.856,3.467,3.008,3.456,3.569,3.748,3.909,3.909,3.833,4.218,2.539,2.5
2026-05-11,2.561,2.81,3.07,2.571,2.865,3.496,3.022,3.485,3.598,3.777,3.95,3.939,3.85,4.245,2.55,2.5
2026-05-12,2.583,2.81,3.07,2.587,2.891,3.569,3.066,3.547,3.674,3.87,4.056,4.06,3.971,4.311,2.55,2.5
2026-05-13,2.524,2.81,3.07,2.581,2.886,3.531,3.068,3.507,3.635,3.853,4.044,4.05,3.968,4.273,2.519,2.5
2026-05-14,2.535,2.81,3.07,2.586,2.885,3.54,3.08,3.51,3.654,3.887,4.085,4.08,4.002,4.284,2.518,2.5
2026-05-15,2.527,2.81,3.07,2.61,2.92,3.63,3.138,3.605,3.766,4.016,4.217,4.215,4.131,4.391,2.519,2.5
2026-05-18,2.524,2.81,3.07,2.607,2.905,3.621,3.147,3.597,3.757,3.99,4.239,4.268,4.196,4.381,2.509,2.5
2026-05-19,2.514,2.81,3.07,2.607,2.896,3.627,3.153,3.597,3.751,3.972,4.21,4.262,4.204,4.377,2.506,2.5
2026-05-20,2.517,2.82,3.07,2.608,2.893,3.637,3.163,3.607,3.76,3.973,4.198,4.235,4.178,4.386,2.508,2.5
2026-05-21,2.525,2.81,3.07,2.606,2.884,3.634,3.165,3.602,3.753,3.985,4.174,4.219,4.174,4.381,2.52,2.5
2026-05-22,2.516,2.81,3.07,2.604,2.88,3.608,3.161,3.587,3.736,3.963,4.128,4.2,4.152,4.361,2.53,2.5
2026-05-26,2.538,2.84,3.07,2.598,2.871,3.557,3.144,3.527,3.664,3.901,4.073,4.147,4.11,4.295,2.54,2.5
2026-05-27,2.55,2.85,3.07,2.615,2.92,3.598,3.157,3.566,3.711,3.95,4.102,4.154,4.1,4.336,2.55,2.5
2026-05-28,2.535,2.85,3.07,2.628,2.956,3.645,3.177,3.615,3.766,3.992,4.147,4.188,4.124,4.384,2.538,2.5
2026-05-29,2.592,2.86,3.07,2.624,2.95,3.643,3.174,3.617,3.731,3.924,4.068,4.088,4.006,4.353,2.56,2.5
2026-06-01,2.536,2.86,3.07,2.64,2.989,3.702,3.197,3.689,3.79,3.996,4.174,4.204,4.133,4.41,2.539,2.5
2026-06-02,2.518,2.87,3.08,2.64,2.991,3.71,3.193,3.683,3.773,3.969,4.135,4.171,4.129,4.397,2.529,2.5
2026-06-04,2.514,2.87,3.08,2.662,3.037,3.804,3.23,3.774,3.858,4.078,4.229,4.261,4.207,4.48,2.519,2.5
2026-06-05,2.527,2.88,3.08,2.666,3.048,3.821,3.239,3.786,3.882,4.12,4.254,4.325,4.269,4.501,2.509,2.5
2026-06-08,2.528,2.92,3.09,2.685,3.087,3.887,3.263,3.842,3.94,4.19,4.348,4.407,4.348,4.565,2.51,2.5
2026-06-09,2.513,2.91,3.1,2.667,3.07,3.807,3.249,3.754,3.856,4.102,4.273,4.342,4.28,4.492,2.565,2.5
2026-06-10,2.483,2.94,3.11,2.671,3.069,3.787,3.25,3.731,3.881,4.07,4.273,4.367,4.322,4.499,2.573,2.5
2026-06-11,2.556,2.95,3.13,2.673,3.074,3.801,3.257,3.735,3.904,4.08,4.3,4.397,4.349,4.515,2.555,2.5
2026-06-12,2.538,2.92,3.14,2.658,3.04,3.706,3.239,3.668,3.808,3.971,4.195,4.298,4.232,4.433,2.55,2.5
2026-06-15,2.547,2.92,3.14,2.653,3.018,3.662,3.238,3.605,3.744,3.917,4.118,4.245,4.181,4.373,2.542,2.5
2026-06-16,2.53,2.92,3.14,2.651,3.004,3.632,3.263,3.573,3.717,3.905,4.11,4.253,4.209,4.348,2.539,2.5
2026-06-17,2.538,2.93,3.14,2.65,2.992,3.615,3.268,3.571,3.71,3.897,4.071,4.199,4.165,4.345,2.53,2.5
2026-06-18,2.534,2.92,3.14,2.656,3.005,3.649,3.283,3.608,3.75,3.949,4.118,4.232,4.204,4.381,2.53,2.5
2026-06-19,2.521,2.92,3.14,2.663,3.024,3.678,3.3,3.63,3.784,4.005,4.171,4.264,4.259,4.419,2.54,2.5
2026-06-22,2.538,2.92,3.14,2.67,3.031,3.694,3.31,3.67,3.81,4.044,4.195,4.293,4.303,4.442,2.55,2.5
2026-06-23,2.551,2.92,3.15,2.67,3.025,3.679,3.303,3.654,3.77,4.016,4.171,4.298,4.311,4.417,2.55,2.5
2026-06-24,2.545,2.92,3.16,2.677,3.031,3.686,3.306,3.674,3.772,4.014,4.171,4.316,4.341,4.428,2.54,2.5
2026-06-25,2.543,2.92,3.16,2.674,3.022,3.671,3.301,3.66,3.757,3.992,4.144,4.297,4.319,4.403,2.54,2.5
2026-06-26,2.55,2.92,3.16,2.668,3.012,3.645,3.294,3.648,3.722,3.946,4.117,4.301,4.335,4.38,2.55,2.5
2026-06-29,2.552,2.92,3.16,2.675,3.023,3.666,3.304,3.678,3.733,3.965,4.144,4.333,4.375,4.396,2.551,2.5
2026-06-30,2.65,2.92,3.16,2.673,3.022,3.644,3.298,3.651,3.703,3.925,4.091,4.27,4.351,4.375,2.603,2.5
2026-07-01,2.508,2.92,3.16,2.692,3.094,3.734,3.34,3.72,3.791,4.028,4.205,4.365,4.438,4.466,2.54,2.5
2026-07-02,2.429,2.92,3.16,2.689,3.272,3.733,3.335,3.687,3.747,3.981,4.183,4.336,4.382,4.431,2.506,2.5
2026-07-03,2.435,2.92,3.16,2.696,3.279,3.725,3.335,3.677,3.748,3.98,4.197,4.344,4.368,4.433,2.449,2.5
2026-07-06,2.438,2.92,3.16,2.704,3.287,3.723,3.337,3.678,3.776,3.991,4.203,4.375,4.4,4.459,2.444,2.5
2026-07-07,2.431,2.91,3.16,2.712,3.295,3.721,3.338,3.672,3.78,3.999,4.213,4.396,4.425,4.472,2.468,2.5
2026-07-08,2.426,2.91,3.16,2.712,3.293,3.714,3.341,3.659,3.775,3.999,4.245,4.431,4.46,4.473,2.467,2.5
2026-07-09,2.507,2.91,3.16,2.712,3.292,3.719,3.341,3.656,3.778,4.016,4.25,4.431,4.459,4.478,2.501,2.5
2026-07-10,2.538,2.9,3.16,2.72,3.287,3.708,3.339,3.641,3.768,4.008,4.23,4.413,4.438,4.466,2.543,2.5
2026-07-13,2.556,2.9,3.16,2.711,3.298,3.738,3.349,3.681,3.809,4.041,4.263,4.423,4.446,4.506,2.56,2.5
2026-07-14,2.561,2.9,3.16,2.731,3.331,3.8,3.375,3.763,3.887,4.128,4.333,4.492,4.491,4.582,2.574,2.5
2026-07-15,2.564,2.9,3.16,2.732,3.324,3.77,3.368,3.727,3.866,4.112,4.327,4.468,4.476,4.563,2.546,2.5
2026-07-16,2.74,2.91,3.17,2.734,3.305,3.736,3.364,3.693,3.848,4.099,4.297,4.453,4.468,4.544,2.749,2.75
2026-07-20,2.726,2.91,3.17,2.731,3.317,3.763,3.38,3.729,3.895,4.154,4.336,4.512,4.52,4.59,2.698,2.75
2026-07-21,2.688,2.91,3.17,2.738,3.301,3.712,3.373,3.692,3.867,4.12,4.328,4.541,4.564,4.571,2.679,2.75
2026-07-22,2.686,2.91,3.17,2.748,3.316,3.763,3.38,3.728,3.913,4.172,4.394,4.617,4.635,4.604,2.676,2.75
2026-07-23,2.675,2.91,3.17,2.75,3.319,3.766,3.381,3.746,3.917,4.164,4.392,4.616,4.628,4.609,2.668,2.75
2026-07-24,2.69,2.91,3.17,2.756,3.33,3.811,3.391,3.801,3.959,4.214,4.447,4.642,4.643,4.653,2.672,2.75
2026-07-27,2.713,2.92,3.17,2.742,3.307,3.732,3.375,3.723,3.865,4.117,4.333,4.561,4.567,4.576,2.682,2.75
2026-07-28,2.702,2.92,3.17,2.745,3.291,3.705,3.37,3.706,3.829,4.068,4.289,4.531,4.543,4.545,2.677,2.75
2026-07-29,2.744,2.92,3.17,2.747,3.275,3.682,3.365,3.69,3.8,4.037,4.257,4.485,4.515,4.512,2.674,2.75
2026-07-30,2.763,2.93,3.17,2.756,3.28,3.707,3.38,3.713,3.831,4.078,4.311,4.506,4.537,4.541,2.706,2.75
2026-07-31,2.815,2.95,3.17,2.765,3.261,3.66,3.365,3.65,3.758,4.015,4.261,4.463,4.507,4.478,2.781,2.75
2026-08-03,2.789,2.93,3.17,2.776,3.251,3.648,3.358,3.619,3.742,4.014,4.264,4.513,4.537,4.462,2.786,2.75
2026-08-04,2.741,2.93,3.17,2.777,3.252,3.648,3.357,3.603,3.74,4.004,4.26,4.526,4.557,4.458,2.774,2.75
2026-08-05,2.731,2.93,3.17,2.775,3.23,3.603,3.344,3.545,3.669,3.916,4.15,4.471,4.511,4.392,2.771,2.75
2026-08-06,2.769,2.93,3.17,2.787,3.248,3.632,3.368,3.587,3.742,3.957,4.195,4.483,4.516,4.445,2.754,2.75
2026-08-07,2.78,2.93,3.17,2.79,3.245,3.633,3.367,3.573,3.746,3.964,4.208,4.494,4.522,4.448,2.733,2.75
2026-08-10,2.778,2.93,3.17,2.794,3.252,3.65,3.384,3.601,3.778,3.994,4.239,4.555,4.585,4.476,2.771,2.75
2026-08-11,2.777,2.93,3.17,2.799,3.263,3.689,3.395,3.633,3.808,4.042,4.301,4.639,4.666,4.504,2.774,2.75
2026-08-12,2.781,2.94,3.17,2.8,3.264,3.676,3.397,3.627,3.791,4.025,4.294,4.651,4.685,4.496,2.785,2.75
2026-08-13,2.769,2.93,3.17,2.801,3.257,3.676,3.396,3.616,3.781,4.016,4.298,4.619,4.68,4.488,2.768,2.75
2026-08-14,2.776,2.94,3.17,2.743,3.262,3.697,3.402,3.639,3.796,4.047,4.313,4.558,4.669,4.492,2.746,2.75
2026-08-18,2.774,2.93,3.19,2.775,3.265,3.75,3.425,3.676,3.847,4.11,4.382,4.661,4.751,4.542,2.738,2.75
2026-08-19,2.767,2.94,3.19,2.791,3.247,3.705,3.396,3.643,3.798,4.068,4.337,4.63,4.721,4.497,2.737,2.75
2026-08-20,2.758,2.94,3.19,2.808,3.259,3.726,3.404,3.672,3.811,4.066,4.323,4.601,4.675,4.504,2.726,2.75
2026-08-21,2.76,2.95,3.19,2.812,3.274,3.753,3.416,3.709,3.854,4.111,4.376,4.664,4.703,4.542,2.727,2.75
2026-08-24,2.765,2.96,3.19,2.923,3.266,3.743,3.407,3.697,3.836,4.068,4.335,4.621,4.677,4.52,2.74,2.75
2026-08-25,2.771,2.95,3.19,2.917,3.268,3.726,3.409,3.693,3.83,4.039,4.32,4.576,4.632,4.516,2.74,2.75
2026-08-26,2.771,2.97,3.2,2.902,3.276,3.726,3.413,3.705,3.816,4.033,4.288,4.542,4.595,4.5,2.738,2.75
2026-08-27,,3.12,3.24,2.881,3.25,3.669,3.399,3.632,3.755,3.974,4.238,4.468,4.51,4.448,,3
