date,value
1995-01-03,14.25
1995-01-04,14.3
1995-01-05,14.42
1995-01-06,14.45
1995-01-07,14.45
1995-01-09,14.45
1995-01-10,14.47
1995-01-11,14.5
1995-01-12,14.67
1995-01-13,15
1995-01-14,15
1995-01-16,15.1
1995-01-17,15.1
1995-01-18,15.1
1995-01-19,15.1
1995-01-20,15.08
1995-01-21,15.08
1995-01-23,15.2
1995-01-24,15.2
1995-01-25,15.2
1995-01-26,15.2
1995-01-27,15.2
1995-01-28,15.2
1995-02-02,15.23
1995-02-03,15.23
1995-02-04,15.25
1995-02-06,15.25
1995-02-07,15.25
1995-02-08,15.25
1995-02-09,15.25
1995-02-10,15.3
1995-02-11,15.3
1995-02-13,15.32
1995-02-14,15.35
1995-02-15,15.35
1995-02-16,15.4
1995-02-17,15.4
1995-02-18,15.4
1995-02-20,15.4
1995-02-21,15.4
1995-02-22,15.3
1995-02-23,15.4
1995-02-24,15.4
1995-02-25,15.4
1995-02-27,15.4
1995-02-28,15.45
1995-03-02,15.5
1995-03-03,15.5
1995-03-04,15.5
1995-03-06,15.49
1995-03-07,15.45
1995-03-08,15.35
1995-03-09,15.3
1995-03-10,15.3
1995-03-11,15.3
1995-03-13,15.3
1995-03-14,15.3
1995-03-15,15.25
1995-03-16,15.2
1995-03-17,15.1
1995-03-18,15
1995-03-20,14.8
1995-03-21,14.8
1995-03-22,14.8
1995-03-23,14.6
1995-03-24,14.45
1995-03-25,14.45
1995-03-27,14.5
1995-03-28,14.5
1995-03-29,14.4
1995-03-30,14.2
1995-03-31,14.2
1995-04-01,14.2
1995-04-03,14.2
1995-04-04,14.28
1995-04-06,14.53
1995-04-07,14.65
1995-04-08,14.65
1995-04-10,14.75
1995-04-11,14.9
1995-04-12,14.98
1995-04-13,14.8
1995-04-14,14.6
1995-04-15,14.5
1995-04-17,14.5
1995-04-18,14.64
1995-04-19,14.65
1995-04-20,14.7
1995-04-21,14.85
1995-04-22,14.9
1995-04-24,14.85
1995-04-25,14.85
1995-04-26,14.85
1995-04-27,14.8
1995-04-28,14.7
1995-04-29,14.7
1995-05-02,14.8
1995-05-03,14.88
1995-05-04,14.84
1995-05-06,14.75
1995-05-08,14.8
1995-05-09,14.8
1995-05-10,14.82
1995-05-11,14.87
1995-05-12,14.91
1995-05-13,14.91
1995-05-15,14.97
1995-05-16,14.92
1995-05-17,14.9
1995-05-18,14.9
1995-05-19,14.89
1995-05-20,14.89
1995-05-22,14.9
1995-05-23,14.9
1995-05-24,14.95
1995-05-25,15
1995-05-26,15
1995-05-27,15
1995-05-29,15
1995-05-30,15
1995-05-31,14.97
1995-06-01,14.93
1995-06-02,14.87
1995-06-03,14.79
1995-06-05,14.7
1995-06-07,14.7
1995-06-08,14.7
1995-06-09,14.63
1995-06-10,14.58
1995-06-12,14.49
1995-06-13,14.53
1995-06-14,14.63
1995-06-15,14.73
1995-06-16,14.63
1995-06-17,14.63
1995-06-19,14.61
1995-06-20,14.64
1995-06-21,14.67
1995-06-22,14.7
1995-06-23,14.63
1995-06-24,14.62
1995-06-26,14.68
1995-06-28,14.68
1995-06-29,14.66
1995-06-30,14.66
1995-07-01,14.66
1995-07-03,14.56
1995-07-04,14.53
1995-07-05,14.48
1995-07-06,14.39
1995-07-07,14.32
1995-07-08,14.42
1995-07-10,14.36
1995-07-11,14.33
1995-07-12,14.15
1995-07-13,14.1
1995-07-14,14.05
1995-07-15,14.05
1995-07-18,13.9
1995-07-19,13.87
1995-07-20,13.93
1995-07-21,14.1
1995-07-22,14.1
1995-07-24,14.1
1995-07-25,14.03
1995-07-26,14.07
1995-07-27,14.03
1995-07-28,13.88
1995-07-29,13.83
1995-07-31,13.9
1995-08-01,13.9
1995-08-02,13.96
1995-08-03,13.9
1995-08-04,13.8
1995-08-05,13.75
1995-08-07,13.65
1995-08-08,13.48
1995-08-09,13.4
1995-08-10,13.44
1995-08-11,13.32
1995-08-12,13.3
1995-08-14,13.26
1995-08-16,13.05
1995-08-17,12.77
1995-08-18,12.43
1995-08-19,12.3
1995-08-21,12.58
1995-08-22,12.9
1995-08-23,13.03
1995-08-24,13.15
1995-08-25,13.1
1995-08-26,13.12
1995-08-28,13.1
1995-08-29,13.05
1995-08-30,13.07
1995-08-31,12.98
1995-09-01,12.98
1995-09-02,12.98
1995-09-04,12.88
1995-09-05,12.85
1995-09-06,12.98
1995-09-07,13.25
1995-09-11,13.11
1995-09-12,13.13
1995-09-13,13.17
1995-09-14,13.22
1995-09-15,13.24
1995-09-16,13.24
1995-09-18,13.13
1995-09-19,12.9
1995-09-20,12.7
1995-09-21,12.83
1995-09-22,12.8
1995-09-23,12.75
1995-09-25,12.73
1995-09-26,12.7
1995-09-27,12.65
1995-09-28,12.56
1995-09-29,12.62
1995-09-30,12.55
1995-10-02,12.4
1995-10-04,12.35
1995-10-05,12.35
1995-10-06,12.35
1995-10-07,12.34
1995-10-09,12.25
1995-10-10,12.13
1995-10-11,12.13
1995-10-12,12.13
1995-10-13,12.12
1995-10-14,12.14
1995-10-16,12.2
1995-10-17,12.22
1995-10-18,12.22
1995-10-19,12.18
1995-10-20,12.06
1995-10-21,12.03
1995-10-23,12.08
1995-10-24,12.1
1995-10-25,12.08
1995-10-26,12.05
1995-10-27,12.05
1995-10-28,12.05
1995-10-30,12.05
1995-10-31,12.03
1995-11-01,11.95
1995-11-02,11.93
1995-11-03,11.98
1995-11-04,12
1995-11-06,12.04
1995-11-07,12.01
1995-11-08,12.02
1995-11-09,12.05
1995-11-10,12.07
1995-11-11,12.07
1995-11-13,12.08
1995-11-14,12.08
1995-11-15,12.08
1995-11-16,12.08
1995-11-17,12.08
1995-11-18,12.08
1995-11-20,12.08
1995-11-21,12.06
1995-11-22,12.05
1995-11-23,12
1995-11-24,11.95
1995-11-25,11.91
1995-11-27,11.81
1995-11-28,11.77
1995-11-29,11.75
1995-11-30,11.66
1995-12-01,11.55
1995-12-02,11.52
1995-12-04,11.5
1995-12-05,11.55
1995-12-06,11.56
1995-12-07,11.62
1995-12-08,11.58
1995-12-09,11.58
1995-12-11,11.52
1995-12-12,11.53
1995-12-13,11.47
1995-12-14,11.38
1995-12-15,11.42
1995-12-16,11.42
1995-12-18,11.44
1995-12-19,11.57
1995-12-20,11.67
1995-12-21,11.88
1995-12-22,11.88
1995-12-23,11.83
1995-12-26,11.9
1995-12-27,11.95
1995-12-28,11.98
1995-12-29,11.93
1995-12-30,11.93
1996-01-03,11.88
1996-01-04,11.9
1996-01-05,11.94
1996-01-06,11.9
1996-01-08,11.9
1996-01-09,11.9
1996-01-10,11.91
1996-01-11,11.88
1996-01-12,11.9
1996-01-13,11.9
1996-01-15,11.93
1996-01-16,11.97
1996-01-17,12.05
1996-01-18,12.15
1996-01-19,12.15
1996-01-20,12.13
1996-01-22,12.05
1996-01-23,12.08
1996-01-24,12.1
1996-01-25,12.13
1996-01-26,12.1
1996-01-27,12.1
1996-01-29,12.09
1996-01-30,12.06
1996-01-31,12.04
1996-02-01,12.01
1996-02-02,12
1996-02-03,12.05
1996-02-05,12.07
1996-02-06,12
1996-02-07,11.93
1996-02-08,11.92
1996-02-09,11.91
1996-02-10,11.91
1996-02-12,11.83
1996-02-13,11.82
1996-02-14,11.84
1996-02-15,11.82
1996-02-16,11.79
1996-02-17,11.79
1996-02-21,11.78
1996-02-22,11.83
1996-02-23,11.83
1996-02-24,11.8
1996-02-26,11.8
1996-02-27,11.84
1996-02-28,11.86
1996-02-29,11.86
1996-03-02,11.86
1996-03-04,11.9
1996-03-05,11.93
1996-03-06,11.97
1996-03-07,11.95
1996-03-08,11.92
1996-03-09,11.91
1996-03-11,11.89
1996-03-12,11.87
1996-03-13,11.9
1996-03-14,11.88
1996-03-15,11.87
1996-03-16,11.86
1996-03-18,11.79
1996-03-19,11.76
1996-03-20,11.75
1996-03-21,11.65
1996-03-22,11.57
1996-03-23,11.55
1996-03-25,11.54
1996-03-26,11.62
1996-03-27,11.6
1996-03-28,11.55
1996-03-29,11.49
1996-03-30,11.44
1996-04-01,11.28
1996-04-02,11.27
1996-04-03,11.38
1996-04-04,11.4
1996-04-06,11.42
1996-04-08,11.33
1996-04-09,11.2
1996-04-10,11.23
1996-04-12,11.2
1996-04-13,11.1
1996-04-15,11
1996-04-16,10.9
1996-04-17,10.94
1996-04-18,10.96
1996-04-19,11.03
1996-04-20,11
1996-04-22,10.9
1996-04-23,10.78
1996-04-24,10.67
1996-04-25,10.53
1996-04-26,10.4
1996-04-27,10.48
1996-04-29,10.46
1996-04-30,10.44
1996-05-02,10.57
1996-05-03,10.74
1996-05-04,10.68
1996-05-06,10.9
1996-05-07,10.8
1996-05-08,10.83
1996-05-09,10.8
1996-05-10,10.78
1996-05-13,10.82
1996-05-14,10.9
1996-05-15,11.1
1996-05-16,11.21
1996-05-17,11.18
1996-05-18,11.13
1996-05-20,11.18
1996-05-21,11.18
1996-05-22,11.16
1996-05-23,11.11
1996-05-25,11.11
1996-05-27,11.25
1996-05-28,11.39
1996-05-29,11.43
1996-05-30,11.37
1996-05-31,11.36
1996-06-01,11.35
1996-06-03,11.35
1996-06-04,11.28
1996-06-05,11.2
1996-06-07,11.25
1996-06-08,11.3
1996-06-10,11.28
1996-06-11,11.28
1996-06-12,11.4
1996-06-13,11.5
1996-06-14,11.58
1996-06-15,11.58
1996-06-17,11.71
1996-06-18,11.71
1996-06-19,11.69
1996-06-20,11.65
1996-06-21,11.72
1996-06-22,11.72
1996-06-24,11.8
1996-06-25,11.8
1996-06-26,11.78
1996-06-27,11.79
1996-06-28,11.73
1996-06-29,11.7
1996-07-01,11.7
1996-07-02,11.75
1996-07-03,11.73
1996-07-04,11.75
1996-07-05,11.84
1996-07-06,11.9
1996-07-08,12
1996-07-09,11.98
1996-07-10,11.98
1996-07-11,11.88
1996-07-12,11.86
1996-07-13,11.83
1996-07-15,11.9
1996-07-16,11.92
1996-07-18,11.89
1996-07-19,11.89
1996-07-20,11.89
1996-07-22,11.92
1996-07-23,11.92
1996-07-24,11.95
1996-07-25,11.97
1996-07-26,12.02
1996-07-27,12.02
1996-07-29,12.02
1996-07-30,12.05
1996-07-31,12.1
1996-08-01,12.16
1996-08-02,12.15
1996-08-03,12.16
1996-08-05,12.23
1996-08-06,12.3
1996-08-07,12.32
1996-08-08,12.25
1996-08-09,12.2
1996-08-10,12.22
1996-08-12,12.3
1996-08-13,12.3
1996-08-14,12.34
1996-08-16,12.36
1996-08-17,12.36
1996-08-19,12.46
1996-08-20,12.49
1996-08-21,12.58
1996-08-22,12.58
1996-08-23,12.51
1996-08-24,12.49
1996-08-26,12.49
1996-08-27,12.52
1996-08-28,12.47
1996-08-29,12.36
1996-08-30,12.22
1996-08-31,12.14
1996-09-02,12.14
1996-09-03,12.18
1996-09-04,12.16
1996-09-05,12.15
1996-09-06,12.16
1996-09-07,12.15
1996-09-10,12.18
1996-09-11,12.18
1996-09-12,12.07
1996-09-13,11.98
1996-09-14,11.92
1996-09-16,11.95
1996-09-17,12.06
1996-09-18,12.11
1996-09-19,12.17
1996-09-20,12.2
1996-09-21,12.4
1996-09-23,12.4
1996-09-24,12.42
1996-09-25,12.4
1996-09-30,12.4
1996-10-01,12.35
1996-10-02,12.3
1996-10-04,12.38
1996-10-05,12.45
1996-10-07,12.42
1996-10-08,12.28
1996-10-09,11.98
1996-10-10,11.98
1996-10-11,11.95
1996-10-12,11.93
1996-10-14,11.86
1996-10-15,11.91
1996-10-16,11.98
1996-10-17,11.98
1996-10-18,11.98
1996-10-19,11.94
1996-10-21,11.94
1996-10-22,12.1
1996-10-23,12.13
1996-10-24,12.12
1996-10-25,12.06
1996-10-26,12.03
1996-10-28,11.98
1996-10-29,12.05
1996-10-30,12.08
1996-10-31,12.05
1996-11-01,12.08
1996-11-02,12.1
1996-11-04,12.15
1996-11-05,12.17
1996-11-06,12.16
1996-11-07,12.1
1996-11-08,12.1
1996-11-09,12.15
1996-11-11,12.12
1996-11-12,12.08
1996-11-13,12.04
1996-11-14,12
1996-11-15,12.04
1996-11-16,12.03
1996-11-18,12.03
1996-11-19,12.07
1996-11-20,12.15
1996-11-21,12.23
1996-11-22,12.3
1996-11-23,12.3
1996-11-25,12.48
1996-11-26,12.43
1996-11-27,12.33
1996-11-28,12.22
1996-11-29,12.3
1996-11-30,12.28
1996-12-02,12.3
1996-12-03,12.38
1996-12-04,12.43
1996-12-05,12.59
1996-12-06,12.65
1996-12-07,12.65
1996-12-09,12.52
1996-12-10,12.52
1996-12-11,12.57
1996-12-12,12.54
1996-12-13,12.5
1996-12-14,12.48
1996-12-16,12.48
1996-12-17,12.55
1996-12-18,12.6
1996-12-19,12.62
1996-12-20,12.6
1996-12-21,12.6
1996-12-23,12.58
1996-12-24,12.63
1996-12-26,12.7
1996-12-27,12.7
1996-12-28,12.7
1996-12-30,12.67
1996-12-31,12.6
1997-01-03,12.42
1997-01-04,12.42
1997-01-06,12.45
1997-01-07,12.45
1997-01-08,12.4
1997-01-09,12.25
1997-01-10,12.25
1997-01-11,12.3
1997-01-13,12.25
1997-01-14,12.23
1997-01-15,12.22
1997-01-16,12.08
1997-01-17,12.01
1997-01-18,11.95
1997-01-20,11.85
1997-01-21,12.02
1997-01-22,12.05
1997-01-23,12.02
1997-01-24,12.08
1997-01-25,12.06
1997-01-27,12.07
1997-01-28,12.02
1997-01-29,11.97
1997-01-30,11.97
1997-01-31,12
1997-02-01,12
1997-02-03,12
1997-02-04,12
1997-02-05,12
1997-02-06,12
1997-02-10,11.93
1997-02-11,11.9
1997-02-12,11.95
1997-02-13,12.02
1997-02-14,12.02
1997-02-15,12.02
1997-02-17,12.1
1997-02-18,12.25
1997-02-19,12.3
1997-02-20,12.32
1997-02-21,12.45
1997-02-22,12.44
1997-02-24,12.4
1997-02-25,12.37
1997-02-26,12.38
1997-02-27,12.38
1997-02-28,12.4
1997-03-03,12.43
1997-03-04,12.45
1997-03-05,12.44
1997-03-06,12.5
1997-03-07,12.53
1997-03-08,12.55
1997-03-10,12.7
1997-03-11,12.7
1997-03-12,12.7
1997-03-13,12.7
1997-03-14,12.65
1997-03-15,12.57
1997-03-17,12.65
1997-03-18,12.75
1997-03-19,12.85
1997-03-20,12.85
1997-03-21,12.88
1997-03-22,12.89
1997-03-24,13
1997-03-25,12.98
1997-03-26,12.85
1997-03-27,12.73
1997-03-28,12.68
1997-03-29,12.66
1997-03-31,12.5
1997-04-01,12.48
1997-04-02,12.5
1997-04-03,12.5
1997-04-07,12.55
1997-04-08,12.5
1997-04-09,12.47
1997-04-10,12.47
1997-04-11,12.45
1997-04-12,12.47
1997-04-14,12.47
1997-04-15,12.5
1997-04-16,12.55
1997-04-17,12.6
1997-04-18,12.53
1997-04-19,12.43
1997-04-21,12.43
1997-04-22,12.43
1997-04-23,12.5
1997-04-24,12.52
1997-04-25,12.52
1997-04-26,12.5
1997-04-28,12.5
1997-04-29,12.52
1997-04-30,12.5
1997-05-02,12.5
1997-05-03,12.5
1997-05-06,12.48
1997-05-07,12.48
1997-05-08,12.45
1997-05-09,12.33
1997-05-10,12.28
1997-05-12,12.28
1997-05-13,12.3
1997-05-15,12.25
1997-05-16,12.2
1997-05-17,12.17
1997-05-19,12.15
1997-05-20,12.2
1997-05-21,12.19
1997-05-22,12.17
1997-05-23,12.2
1997-05-24,12.19
1997-05-26,12.19
1997-05-27,12.13
1997-05-28,11.98
1997-05-29,11.86
1997-05-30,11.86
1997-05-31,11.9
1997-06-02,11.88
1997-06-03,11.85
1997-06-04,11.65
1997-06-05,11.52
1997-06-07,11.45
1997-06-09,11.38
1997-06-10,11.42
1997-06-11,11.53
1997-06-12,11.58
1997-06-13,11.5
1997-06-14,11.5
1997-06-16,11.5
1997-06-17,11.65
1997-06-18,11.65
1997-06-19,11.68
1997-06-20,11.65
1997-06-21,11.65
1997-06-23,11.75
1997-06-24,11.9
1997-06-25,11.9
1997-06-26,11.75
1997-06-27,11.72
1997-06-28,11.72
1997-06-30,11.75
1997-07-01,11.63
1997-07-02,11.59
1997-07-03,11.57
1997-07-04,11.7
1997-07-05,11.7
1997-07-07,11.75
1997-07-08,11.72
1997-07-09,11.72
1997-07-10,11.72
1997-07-11,11.75
1997-07-12,11.75
1997-07-14,11.87
1997-07-15,11.95
1997-07-16,12.05
1997-07-18,12.13
1997-07-19,12.13
1997-07-21,12.13
1997-07-22,12.16
1997-07-23,12.1
1997-07-24,11.92
1997-07-25,11.9
1997-07-26,11.9
1997-07-28,11.8
1997-07-29,11.87
1997-07-30,11.91
1997-07-31,11.9
1997-08-01,11.95
1997-08-02,11.95
1997-08-04,11.98
1997-08-05,11.92
1997-08-06,11.94
1997-08-07,11.94
1997-08-08,11.94
1997-08-09,11.94
1997-08-11,12
1997-08-12,12.1
1997-08-13,12.1
1997-08-14,12.15
1997-08-16,12.15
1997-08-18,12.25
1997-08-19,12.32
1997-08-20,12.31
1997-08-21,12.29
1997-08-22,12.27
1997-08-23,12.22
1997-08-25,12.15
1997-08-26,12.25
1997-08-27,12.23
1997-08-28,12.2
1997-08-29,12.16
1997-08-30,12.16
1997-09-01,12.25
1997-09-02,12.3
1997-09-03,12.3
1997-09-04,12.25
1997-09-05,12.18
1997-09-06,12.18
1997-09-08,12.2
1997-09-09,12.27
1997-09-10,12.35
1997-09-11,12.4
1997-09-12,12.35
1997-09-13,12.35
1997-09-18,12.32
1997-09-19,12.32
1997-09-20,12.32
1997-09-22,12.36
1997-09-23,12.4
1997-09-24,12.42
1997-09-25,12.5
1997-09-26,12.55
1997-09-27,12.55
1997-09-29,12.63
1997-09-30,12.6
1997-10-01,12.5
1997-10-02,12.52
1997-10-04,12.52
1997-10-06,12.5
1997-10-07,12.52
1997-10-08,12.55
1997-10-09,12.57
1997-10-10,12.6
1997-10-11,12.6
1997-10-13,12.6
1997-10-14,12.55
1997-10-15,12.52
1997-10-16,12.55
1997-10-17,12.5
1997-10-18,12.5
1997-10-20,12.5
1997-10-21,12.45
1997-10-22,12.35
1997-10-23,12.3
1997-10-24,12.42
1997-10-25,12.42
1997-10-27,12.6
1997-10-28,12.7
1997-10-29,12.63
1997-10-30,12.62
1997-10-31,12.6
1997-11-01,12.6
1997-11-03,12.6
1997-11-04,12.55
1997-11-05,12.58
1997-11-06,12.68
1997-11-07,12.8
1997-11-08,12.8
1997-11-10,12.9
1997-11-11,13
1997-11-12,13.15
1997-11-13,13.22
1997-11-14,13.3
1997-11-15,13.3
1997-11-17,13.4
1997-11-18,13.65
1997-11-19,14
1997-11-20,14.3
1997-11-21,14.5
1997-11-22,14.5
1997-11-24,16.05
1997-11-25,17.6
1997-11-26,18.55
1997-11-27,17.25
1997-11-28,15.64
1997-11-29,15.1
1997-12-01,17.5
1997-12-02,18.23
1997-12-03,18.74
1997-12-04,18.85
1997-12-05,19.19
1997-12-06,19.95
1997-12-08,22.95
1997-12-09,24.95
1997-12-10,25.48
1997-12-11,22.9
1997-12-12,24.68
1997-12-13,22.43
1997-12-15,20.78
1997-12-16,21.2
1997-12-17,23.31
1997-12-19,26.14
1997-12-20,27.15
1997-12-22,30
1997-12-23,31.11
1997-12-24,29
1997-12-26,27
1997-12-27,27
1997-12-29,29.49
1997-12-30,30.89
1997-12-31,28.98
1998-01-03,28.98
1998-01-05,25.53
1998-01-06,25
1998-01-07,25
1998-01-08,25
1998-01-09,24.45
1998-01-10,24.05
1998-01-12,22.51
1998-01-13,22.5
1998-01-14,23
1998-01-15,23.5
1998-01-16,23.5
1998-01-19,24.5
1998-01-20,24.5
1998-01-21,23.3
1998-01-22,22.8
1998-01-23,22
1998-01-26,21.2
1998-01-30,18.5
1998-02-02,19.5
1998-02-03,19.32
1998-02-04,18.11
1998-02-05,18.22
1998-02-06,18.42
1998-02-09,18.23
1998-02-10,18.81
1998-02-11,20
1998-02-12,20.26
1998-02-13,20
1998-02-16,20.5
1998-02-17,21.5
1998-02-18,21
1998-02-19,20.5
1998-02-20,20
1998-02-23,20
1998-02-24,20
1998-02-25,20.5
1998-02-26,20.5
1998-02-27,20.5
1998-03-02,19.84
1998-03-03,19
1998-03-04,19
1998-03-05,19
1998-03-06,19.5
1998-03-09,19.66
1998-03-10,19.5
1998-03-11,19.5
1998-03-12,19.5
1998-03-13,19.5
1998-03-16,19
1998-03-17,18.74
1998-03-18,18.5
1998-03-19,18.5
1998-03-20,18.5
1998-03-23,18.5
1998-03-24,18.5
1998-03-25,18.5
1998-03-26,18.5
1998-03-27,18.5
1998-03-30,18.5
1998-03-31,18.28
1998-04-01,18.14
1998-04-02,18.22
1998-04-03,18.3
1998-04-06,18.5
1998-04-07,18.5
1998-04-08,18.5
1998-04-09,18.27
1998-04-10,17.9
1998-04-13,17.5
1998-04-14,17.67
1998-04-15,17.8
1998-04-16,17.9
1998-04-17,17.9
1998-04-20,17.9
1998-04-21,18
1998-04-22,18.07
1998-04-23,18.2
1998-04-24,18.4
1998-04-27,18.4
1998-04-28,18.32
1998-04-29,18.11
1998-04-30,17.7
1998-05-04,17.65
1998-05-06,17.65
1998-05-07,17.7
1998-05-08,17.7
1998-05-11,17.7
1998-05-12,17.7
1998-05-13,17.8
1998-05-14,17.8
1998-05-15,18
1998-05-18,18.08
1998-05-19,18.1
1998-05-20,18.1
1998-05-21,18.1
1998-05-22,18.1
1998-05-25,18.03
1998-05-26,18.03
1998-05-27,17.97
1998-05-28,17.97
1998-05-29,17.82
1998-06-01,17.61
1998-06-02,17.61
1998-06-03,17.5
1998-06-05,17.5
1998-06-08,17.4
1998-06-10,16.81
1998-06-11,16.8
1998-06-12,16.8
1998-06-15,16.8
1998-06-16,17
1998-06-17,16.9
1998-06-18,16.65
1998-06-19,16
1998-06-22,16
1998-06-23,16
1998-06-24,16
1998-06-25,16
1998-06-29,16
1998-06-30,16
1998-07-01,15.5
1998-07-02,15
1998-07-03,14.5
1998-07-06,13.8
1998-07-07,13.7
1998-07-08,13.8
1998-07-09,14.1
1998-07-10,14.75
1998-07-13,14.85
1998-07-14,14.85
1998-07-15,14.5
1998-07-16,13.5
1998-07-20,12.84
1998-07-21,12.9
1998-07-22,12.9
1998-07-23,13
1998-07-24,12.95
1998-07-27,12.9
1998-07-28,12.8
1998-07-29,12.5
1998-07-30,12.4
1998-07-31,12.3
1998-08-03,11.9
1998-08-04,11.7
1998-08-05,11.7
1998-08-06,12.01
1998-08-07,12.23
1998-08-10,12.1
1998-08-11,12.1
1998-08-12,12.5
1998-08-13,12.6
1998-08-14,12.9
1998-08-17,12.9
1998-08-18,13.2
1998-08-19,13.2
1998-08-20,13
1998-08-21,12.8
1998-08-27,11.9
1998-08-28,11.9
1998-08-31,11.7
1998-09-01,11.94
1998-09-02,11.95
1998-09-03,12.2
1998-09-04,12.15
1998-09-07,12.15
1998-09-08,12.55
1998-09-09,12.66
1998-09-10,12.7
1998-09-11,13.1
1998-09-14,13.5
1998-09-15,13.3
1998-09-16,12.9
1998-09-17,12.5
1998-09-18,12.6
1998-09-21,12.56
1998-09-22,12.55
1998-09-23,12.5
1998-09-24,12.35
1998-09-25,12.4
1998-09-28,12.4
1998-09-29,12.25
1998-09-30,11.9
1998-10-01,11.4
1998-10-02,10.7
1998-10-07,10.65
1998-10-08,10.5
1998-10-09,10.3
1998-10-12,10.25
1998-10-13,10.25
1998-10-14,10.15
1998-10-15,9.55
1998-10-16,9.23
1998-10-19,9.7
1998-10-20,9.5
1998-10-21,9.5
1998-10-22,9.5
1998-10-23,9.71
1998-10-26,10
1998-10-27,10.03
1998-10-28,9.92
1998-10-29,10
1998-10-30,10
1998-11-02,9.68
1998-11-03,9.5
1998-11-04,9.5
1998-11-05,9.5
1998-11-06,9.5
1998-11-09,9.5
1998-11-10,9.5
1998-11-11,9.6
1998-11-12,9.91
1998-11-13,9.9
1998-11-16,9.9
1998-11-17,9.9
1998-11-18,9.9
1998-11-19,9.83
1998-11-20,9.71
1998-11-23,9.65
1998-11-24,9.55
1998-11-25,9.32
1998-11-26,9.25
1998-11-27,9.25
1998-11-30,9.25
1998-12-01,9.28
1998-12-02,9.3
1998-12-03,9.3
1998-12-04,9.09
1998-12-07,8.5
1998-12-08,8.5
1998-12-09,8.42
1998-12-10,8.13
1998-12-11,8
1998-12-14,7.8
1998-12-15,7.9
1998-12-16,8
1998-12-17,8
1998-12-18,8.09
1998-12-21,8.1
1998-12-22,8.1
1998-12-23,8.1
1998-12-24,8.1
1998-12-28,8
1998-12-29,8
1998-12-30,8
1998-12-31,8
1999-01-04,7.95
1999-01-05,7.73
1999-01-06,7.65
1999-01-07,7.3
1999-01-08,7.19
1999-01-09,7.19
1999-01-11,7.15
1999-01-12,7.26
1999-01-13,7.33
1999-01-14,7.82
1999-01-15,7.83
1999-01-16,7.83
1999-01-18,7.89
1999-01-19,8
1999-01-20,8
1999-01-21,8.39
1999-01-22,8.4
1999-01-23,8.4
1999-01-25,8.43
1999-01-26,8.48
1999-01-27,8.44
1999-01-28,8.3
1999-01-29,8.13
1999-01-30,8.13
1999-02-01,8.13
1999-02-02,8.1
1999-02-03,8.1
1999-02-04,8.1
1999-02-05,8.1
1999-02-08,8.14
1999-02-09,8.89
1999-02-10,8.83
1999-02-11,8.81
1999-02-12,8.79
1999-02-18,8.79
1999-02-19,8.79
1999-02-22,8.79
1999-02-23,8.8
1999-02-24,8.79
1999-02-25,8.73
1999-02-26,8.65
1999-03-02,8.48
1999-03-03,8.5
1999-03-04,8.58
1999-03-05,8.68
1999-03-08,8.65
1999-03-09,8.67
1999-03-10,8.69
1999-03-11,8.74
1999-03-12,8.75
1999-03-15,8.75
1999-03-16,8.75
1999-03-17,8.71
1999-03-18,8.72
1999-03-19,8.71
1999-03-22,8.66
1999-03-23,8.61
1999-03-24,8.54
1999-03-25,8.31
1999-03-26,8.2
1999-03-29,8.1
1999-03-30,8.1
1999-03-31,8.1
1999-04-01,7.98
1999-04-02,7.85
1999-04-06,7.75
1999-04-07,7.69
1999-04-08,7.56
1999-04-09,7.64
1999-04-12,7.64
1999-04-13,7.64
1999-04-14,7.65
1999-04-15,7.65
1999-04-16,7.62
1999-04-19,7.38
1999-04-20,7.23
1999-04-21,7.3
1999-04-22,7.3
1999-04-23,7.33
1999-04-26,7.35
1999-04-27,7.36
1999-04-28,7.4
1999-04-29,7.52
1999-04-30,7.74
1999-05-03,7.96
1999-05-04,7.91
1999-05-06,7.94
1999-05-07,8.03
1999-05-10,8.26
1999-05-11,8.29
1999-05-12,8.35
1999-05-13,8.44
1999-05-14,8.52
1999-05-17,8.48
1999-05-18,8.5
1999-05-19,8.5
1999-05-20,8.47
1999-05-21,8.47
1999-05-24,8.44
1999-05-25,8.37
1999-05-26,8.32
1999-05-27,8.34
1999-05-28,8.39
1999-05-31,8.37
1999-06-01,8.4
1999-06-02,8.36
1999-06-03,8.28
1999-06-04,8.07
1999-06-07,7.96
1999-06-08,8
1999-06-09,8.04
1999-06-10,7.99
1999-06-11,8.02
1999-06-14,8.04
1999-06-15,8.05
1999-06-16,8.04
1999-06-17,7.99
1999-06-18,8.02
1999-06-21,8.06
1999-06-22,8.06
1999-06-23,8.06
1999-06-24,8.06
1999-06-25,8.04
1999-06-28,8.01
1999-06-29,7.98
1999-06-30,7.96
1999-07-01,7.92
1999-07-02,7.85
1999-07-05,7.84
1999-07-06,7.85
1999-07-07,7.85
1999-07-08,7.9
1999-07-09,7.99
1999-07-12,8.24
1999-07-13,8.31
1999-07-14,8.3
1999-07-15,8.48
1999-07-16,8.63
1999-07-19,9.01
1999-07-20,8.94
1999-07-21,9.07
1999-07-22,9.08
1999-07-23,9.5
1999-07-26,9.26
1999-07-27,9.08
1999-07-28,9.06
1999-07-29,9.06
1999-07-30,9.22
1999-08-02,9.3
1999-08-03,9.32
1999-08-04,9.32
1999-08-05,9.46
1999-08-06,9.5
1999-08-09,9.73
1999-08-10,9.91
1999-08-11,9.87
1999-08-12,9.7
1999-08-13,9.86
1999-08-16,9.91
1999-08-17,9.87
1999-08-18,9.89
1999-08-19,9.96
1999-08-20,10.27
1999-08-23,10.26
1999-08-24,10.13
1999-08-25,10.11
1999-08-26,10.12
1999-08-27,10.14
1999-08-30,10.18
1999-08-31,10.26
1999-09-01,10.27
1999-09-02,10.33
1999-09-03,10.41
1999-09-06,10.41
1999-09-07,10.41
1999-09-08,10.42
1999-09-09,10.42
1999-09-10,10.41
1999-09-13,10.41
1999-09-14,10.43
1999-09-15,10.49
1999-09-16,10.59
1999-09-17,10.82
1999-09-20,10.82
1999-09-21,10.68
1999-09-22,10.58
1999-09-27,9.96
1999-09-28,9.94
1999-09-29,10.02
1999-09-30,9.95
1999-10-01,9.86
1999-10-04,9.45
1999-10-05,9.23
1999-10-06,9.26
1999-10-07,9.07
1999-10-08,9.05
1999-10-11,9.05
1999-10-12,9.04
1999-10-13,9.1
1999-10-14,9.17
1999-10-15,9.15
1999-10-18,9.15
1999-10-19,9.1
1999-10-20,8.9
1999-10-21,8.85
1999-10-22,8.85
1999-10-25,8.92
1999-10-26,8.93
1999-10-27,9.02
1999-10-28,8.93
1999-10-29,9.02
1999-11-01,9.02
1999-11-02,9.09
1999-11-03,9.12
1999-11-04,9.39
1999-11-05,9.57
1999-11-08,9.49
1999-11-09,9.5
1999-11-10,9.5
1999-11-11,9.45
1999-11-12,9.45
1999-11-15,9.45
1999-11-16,9.45
1999-11-17,9.52
1999-11-18,9.63
1999-11-19,9.67
1999-11-22,9.69
1999-11-23,9.93
1999-11-24,9.75
1999-11-25,9.7
1999-11-26,9.7
1999-11-29,9.7
1999-11-30,9.72
1999-12-01,9.77
1999-12-02,9.79
1999-12-03,9.75
1999-12-06,9.75
1999-12-07,9.75
1999-12-08,9.75
1999-12-09,9.75
1999-12-10,9.8
1999-12-13,9.8
1999-12-14,9.8
1999-12-15,9.8
1999-12-16,9.88
1999-12-17,9.87
1999-12-20,9.89
1999-12-21,10
1999-12-22,9.95
1999-12-23,9.95
1999-12-24,9.95
1999-12-27,9.95
1999-12-28,9.95
1999-12-29,9.95
1999-12-30,9.95
2000-01-04,9.95
2000-01-05,10.05
2000-01-06,10.13
2000-01-07,10.14
2000-01-08,10.16
2000-01-10,10.22
2000-01-11,10.29
2000-01-12,10.36
2000-01-13,10.42
2000-01-14,10.42
2000-01-15,10.42
2000-01-17,10.41
2000-01-18,10.42
2000-01-19,10.4
2000-01-20,10.28
2000-01-21,10.26
2000-01-22,10.26
2000-01-24,10.25
2000-01-25,10.26
2000-01-26,10.28
2000-01-27,10.24
2000-01-28,10.12
2000-01-29,10.12
2000-01-31,10.12
2000-02-01,10.15
2000-02-02,10.15
2000-02-03,10.1
2000-02-07,10.04
2000-02-08,10.06
2000-02-09,10.08
2000-02-10,10.07
2000-02-11,10.07
2000-02-12,10.07
2000-02-14,10
2000-02-15,9.93
2000-02-16,9.93
2000-02-17,9.96
2000-02-18,9.96
2000-02-19,9.96
2000-02-21,9.98
2000-02-22,9.97
2000-02-23,9.98
2000-02-24,9.97
2000-02-25,9.95
2000-02-26,9.95
2000-02-28,9.9
2000-02-29,9.9
2000-03-02,9.93
2000-03-03,9.95
2000-03-04,9.95
2000-03-06,9.96
2000-03-07,9.97
2000-03-08,9.99
2000-03-09,9.98
2000-03-10,9.98
2000-03-11,9.98
2000-03-13,9.98
2000-03-14,10
2000-03-15,10.03
2000-03-16,10.03
2000-03-17,10.03
2000-03-18,10.03
2000-03-20,10.03
2000-03-21,10.03
2000-03-22,10.03
2000-03-23,10.03
2000-03-24,10.02
2000-03-25,10.02
2000-03-27,10.02
2000-03-28,10.02
2000-03-29,10.01
2000-03-30,10.01
2000-03-31,9.98
2000-04-01,9.98
2000-04-03,9.97
2000-04-04,9.97
2000-04-06,9.96
2000-04-07,9.92
2000-04-08,9.92
2000-04-10,9.91
2000-04-11,9.95
2000-04-12,9.99
2000-04-14,10
2000-04-15,10
2000-04-17,10.04
2000-04-18,9.97
2000-04-19,9.95
2000-04-20,9.98
2000-04-21,9.98
2000-04-22,9.98
2000-04-24,9.97
2000-04-25,9.99
2000-04-26,10.01
2000-04-27,10.01
2000-04-28,9.94
2000-04-29,9.94
2000-05-02,9.92
2000-05-03,9.88
2000-05-04,9.85
2000-05-06,9.85
2000-05-08,9.84
2000-05-09,9.84
2000-05-10,9.85
2000-05-12,9.86
2000-05-13,9.86
2000-05-15,9.89
2000-05-16,9.89
2000-05-17,9.89
2000-05-18,9.91
2000-05-19,9.99
2000-05-20,9.99
2000-05-22,9.99
2000-05-23,10.05
2000-05-24,10
2000-05-25,9.95
2000-05-26,9.95
2000-05-27,9.95
2000-05-29,9.95
2000-05-30,9.91
2000-05-31,9.89
2000-06-01,9.83
2000-06-02,9.77
2000-06-03,9.77
2000-06-05,9.76
2000-06-07,9.75
2000-06-08,9.75
2000-06-09,9.76
2000-06-10,9.76
2000-06-12,9.76
2000-06-13,9.78
2000-06-14,9.78
2000-06-15,9.78
2000-06-16,9.78
2000-06-17,9.78
2000-06-19,9.77
2000-06-20,9.77
2000-06-21,9.75
2000-06-22,9.72
2000-06-23,9.69
2000-06-24,9.69
2000-06-26,9.66
2000-06-27,9.66
2000-06-28,9.61
2000-06-29,9.47
2000-06-30,9.37
2000-07-01,9.34
2000-07-03,9.27
2000-07-04,9.32
2000-07-05,9.25
2000-07-06,9.21
2000-07-07,9.12
2000-07-08,9.12
2000-07-10,9.15
2000-07-11,9.03
2000-07-12,9.05
2000-07-13,9.06
2000-07-14,9.04
2000-07-15,9.04
2000-07-18,8.98
2000-07-19,8.97
2000-07-20,9.03
2000-07-21,9.05
2000-07-22,9.05
2000-07-24,9.11
2000-07-25,9.22
2000-07-26,9.21
2000-07-27,9.2
2000-07-28,9.17
2000-07-29,9.17
2000-07-31,9.17
2000-08-01,9.16
2000-08-02,9.07
2000-08-03,9
2000-08-04,9.03
2000-08-05,9.03
2000-08-07,9.03
2000-08-08,8.98
2000-08-09,8.94
2000-08-10,8.89
2000-08-11,8.91
2000-08-12,8.91
2000-08-14,8.91
2000-08-16,8.92
2000-08-17,8.96
2000-08-18,9.03
2000-08-19,9.03
2000-08-21,9.03
2000-08-22,9.01
2000-08-23,9.01
2000-08-24,9.02
2000-08-25,9.04
2000-08-26,9.04
2000-08-28,9.02
2000-08-29,9
2000-08-30,8.95
2000-08-31,8.98
2000-09-01,8.98
2000-09-02,8.98
2000-09-04,8.92
2000-09-05,8.91
2000-09-06,8.9
2000-09-07,8.89
2000-09-08,8.91
2000-09-09,8.91
2000-09-14,8.94
2000-09-15,8.96
2000-09-16,8.96
2000-09-18,9.06
2000-09-19,9.06
2000-09-20,9.06
2000-09-21,9.07
2000-09-22,9.11
2000-09-23,9.11
2000-09-25,9.09
2000-09-26,9.07
2000-09-27,9.05
2000-09-28,9.05
2000-09-29,9.04
2000-09-30,9.04
2000-10-02,8.86
2000-10-04,8.85
2000-10-05,8.82
2000-10-06,8.78
2000-10-07,8.78
2000-10-09,8.74
2000-10-10,8.74
2000-10-11,8.77
2000-10-12,8.76
2000-10-13,8.81
2000-10-14,8.81
2000-10-16,8.77
2000-10-17,8.76
2000-10-18,8.75
2000-10-19,8.73
2000-10-20,8.69
2000-10-21,8.68
2000-10-23,8.68
2000-10-24,8.68
2000-10-25,8.66
2000-10-26,8.63
2000-10-27,8.57
2000-10-28,8.57
2000-10-30,8.57
2000-10-31,8.59
2000-11-01,8.57
2000-11-02,8.58
2000-11-03,8.59
2000-11-04,8.59
2000-11-06,8.6
2000-11-07,8.6
2000-11-08,8.55
2000-11-09,8.4
2000-11-10,8.29
2000-11-11,8.29
2000-11-13,8.26
2000-11-14,8.28
2000-11-15,8.32
2000-11-16,8.35
2000-11-17,8.34
2000-11-18,8.34
2000-11-20,8.37
2000-11-21,8.43
2000-11-22,8.4
2000-11-23,8.43
2000-11-24,8.42
2000-11-25,8.42
2000-11-27,8.38
2000-11-28,8.37
2000-11-29,8.37
2000-11-30,8.35
2000-12-01,8.22
2000-12-04,8.16
2000-12-05,8.12
2000-12-06,8.11
2000-12-07,8.12
2000-12-08,8.11
2000-12-11,8.11
2000-12-12,8.14
2000-12-13,8.14
2000-12-14,8.08
2000-12-15,8.09
2000-12-18,8.1
2000-12-19,8.1
2000-12-20,8.1
2000-12-21,8.1
2000-12-22,8.1
2000-12-26,8.1
2000-12-27,8.15
2000-12-28,8.14
2000-12-29,8.13
2001-01-02,8.12
2001-01-03,8.11
2001-01-04,7.97
2001-01-05,7.88
2001-01-08,7.86
2001-01-09,7.88
2001-01-10,7.88
2001-01-11,7.77
2001-01-12,7.79
2001-01-15,7.78
2001-01-16,7.73
2001-01-17,7.67
2001-01-18,7.66
2001-01-19,7.64
2001-01-22,7.64
2001-01-26,7.62
2001-01-29,7.56
2001-01-30,7.5
2001-01-31,7.38
2001-02-01,7.27
2001-02-02,7.08
2001-02-05,6.97
2001-02-06,6.89
2001-02-07,6.83
2001-02-08,6.83
2001-02-09,6.75
2001-02-12,6.58
2001-02-13,6.49
2001-02-14,6.49
2001-02-15,6.44
2001-02-16,6.51
2001-02-19,6.58
2001-02-20,6.58
2001-02-21,6.79
2001-02-22,6.86
2001-02-23,7.04
2001-02-26,6.99
2001-02-27,6.92
2001-02-28,6.77
2001-03-02,6.82
2001-03-05,6.82
2001-03-06,6.94
2001-03-07,7.13
2001-03-08,7.37
2001-03-09,7.17
2001-03-12,7.24
2001-03-13,7.23
2001-03-14,7.02
2001-03-15,6.96
2001-03-16,7.02
2001-03-19,7.06
2001-03-20,7.07
2001-03-21,7.17
2001-03-22,7.29
2001-03-23,7.21
2001-03-26,7.14
2001-03-27,7.17
2001-03-28,7.31
2001-03-29,7.51
2001-03-30,7.69
2001-04-02,7.95
2001-04-03,7.81
2001-04-04,8.03
2001-04-06,7.95
2001-04-09,7.89
2001-04-10,7.8
2001-04-11,7.75
2001-04-12,7.74
2001-04-13,7.74
2001-04-16,7.76
2001-04-17,7.74
2001-04-18,7.8
2001-04-19,7.81
2001-04-20,7.91
2001-04-23,8
2001-04-24,8
2001-04-25,8.04
2001-04-26,8.17
2001-04-27,8.11
2001-04-30,8.05
2001-05-02,7.87
2001-05-03,7.81
2001-05-04,7.79
2001-05-07,7.81
2001-05-08,7.78
2001-05-09,7.73
2001-05-10,7.74
2001-05-11,7.76
2001-05-14,7.79
2001-05-15,7.84
2001-05-16,7.83
2001-05-17,7.82
2001-05-18,7.79
2001-05-21,7.73
2001-05-22,7.72
2001-05-23,7.71
2001-05-24,7.61
2001-05-25,7.6
2001-05-28,7.47
2001-05-29,7.48
2001-05-30,7.36
2001-05-31,7.37
2001-06-01,7.35
2001-06-04,7.32
2001-06-05,7.42
2001-06-07,7.42
2001-06-08,7.3
2001-06-11,7.31
2001-06-12,7.33
2001-06-13,7.3
2001-06-14,7.27
2001-06-15,7.25
2001-06-18,7.33
2001-06-19,7.31
2001-06-20,7.19
2001-06-21,7.16
2001-06-22,7.13
2001-06-25,7.06
2001-06-26,7.09
2001-06-27,7.1
2001-06-28,7.08
2001-06-29,7.1
2001-07-02,7.14
2001-07-03,7.21
2001-07-04,7.19
2001-07-05,7.14
2001-07-06,7.11
2001-07-09,7.09
2001-07-10,7.09
2001-07-11,7.02
2001-07-12,7
2001-07-13,7.03
2001-07-16,7.03
2001-07-18,6.94
2001-07-19,6.86
2001-07-20,6.86
2001-07-23,6.9
2001-07-24,6.89
2001-07-25,6.89
2001-07-26,6.88
2001-07-27,6.9
2001-07-30,6.92
2001-07-31,6.89
2001-08-01,6.79
2001-08-02,6.78
2001-08-03,6.73
2001-08-06,6.72
2001-08-07,6.7
2001-08-08,6.67
2001-08-09,6.51
2001-08-10,6.42
2001-08-13,6.33
2001-08-14,6.44
2001-08-16,6.46
2001-08-17,6.39
2001-08-20,6.34
2001-08-21,6.35
2001-08-22,6.33
2001-08-23,6.42
2001-08-24,6.43
2001-08-27,6.51
2001-08-28,6.5
2001-08-29,6.42
2001-08-30,6.54
2001-08-31,6.55
2001-09-03,6.41
2001-09-04,6.39
2001-09-05,6.48
2001-09-06,6.53
2001-09-07,6.55
2001-09-10,6.58
2001-09-11,6.59
2001-09-12,6.48
2001-09-13,6.42
2001-09-14,6.35
2001-09-17,6.4
2001-09-18,6.34
2001-09-19,6.16
2001-09-20,6.17
2001-09-21,6.19
2001-09-24,6.15
2001-09-25,6.13
2001-09-26,6.12
2001-09-27,6.05
2001-09-28,5.95
2001-10-04,5.87
2001-10-05,5.91
2001-10-08,5.93
2001-10-09,5.92
2001-10-10,6.02
2001-10-11,6.34
2001-10-12,6.39
2001-10-15,6.29
2001-10-16,6.33
2001-10-17,6.4
2001-10-18,6.43
2001-10-19,6.38
2001-10-22,6.32
2001-10-23,6.37
2001-10-24,6.48
2001-10-25,6.54
2001-10-26,6.56
2001-10-29,6.57
2001-10-30,6.61
2001-10-31,6.59
2001-11-01,6.51
2001-11-02,6.46
2001-11-05,6.49
2001-11-06,6.45
2001-11-07,6.45
2001-11-08,6.45
2001-11-09,6.47
2001-11-12,6.5
2001-11-13,6.51
2001-11-14,6.7
2001-11-15,6.88
2001-11-16,6.93
2001-11-19,6.96
2001-11-20,6.88
2001-11-21,6.99
2001-11-22,7.16
2001-11-23,7.13
2001-11-26,7.2
2001-11-27,7.22
2001-11-28,7.04
2001-11-29,7.11
2001-11-30,6.99
2001-12-03,6.91
2001-12-04,7.01
2001-12-05,7.11
2001-12-06,7.35
2001-12-07,7.38
2001-12-10,7.42
2001-12-11,7.35
2001-12-12,7.31
2001-12-13,7.22
2001-12-14,7.09
2001-12-17,7.04
2001-12-18,6.93
2001-12-19,6.96
2001-12-20,7.01
2001-12-21,7.01
2001-12-24,7.01
2001-12-26,6.96
2001-12-27,6.99
2001-12-28,7.04
2001-12-31,7.04
2002-01-02,7.22
2002-01-03,7.23
2002-01-04,7.19
2002-01-07,7.15
2002-01-08,7.17
2002-01-09,7.18
2002-01-10,7.16
2002-01-11,7.03
2002-01-14,7.08
2002-01-15,7.03
2002-01-16,6.99
2002-01-17,6.96
2002-01-18,6.96
2002-01-21,6.96
2002-01-22,7.04
2002-01-23,7.04
2002-01-24,7.09
2002-01-25,7.06
2002-01-28,7.1
2002-01-29,7.07
2002-01-30,6.99
2002-01-31,6.97
2002-02-01,6.9
2002-02-04,6.91
2002-02-05,6.91
2002-02-06,6.92
2002-02-07,6.85
2002-02-08,6.89
2002-02-14,6.97
2002-02-15,6.96
2002-02-18,6.95
2002-02-19,6.93
2002-02-20,6.93
2002-02-21,6.9
2002-02-22,6.9
2002-02-25,6.86
2002-02-26,6.81
2002-02-27,6.81
2002-02-28,6.68
2002-03-04,6.85
2002-03-05,6.87
2002-03-06,6.95
2002-03-07,6.94
2002-03-08,6.98
2002-03-11,6.99
2002-03-12,7
2002-03-13,7.08
2002-03-14,7.08
2002-03-15,7.14
2002-03-18,7.1
2002-03-19,7.22
2002-03-20,7.17
2002-03-21,7.17
2002-03-22,7.15
2002-03-25,7.13
2002-03-26,7.17
2002-03-27,7.15
2002-03-28,7.08
2002-03-29,7.07
2002-04-01,7.14
2002-04-02,7.2
2002-04-03,7.22
2002-04-04,7.24
2002-04-08,7.24
2002-04-09,7.3
2002-04-10,7.24
2002-04-11,7.25
2002-04-12,7.2
2002-04-15,7.19
2002-04-16,7.24
2002-04-17,7.24
2002-04-18,7.22
2002-04-19,7.2
2002-04-22,7.22
2002-04-23,7.2
2002-04-24,7.18
2002-04-25,7.17
2002-04-26,7.14
2002-04-29,7.11
2002-04-30,7.11
2002-05-02,7.09
2002-05-03,7.06
2002-05-06,7.07
2002-05-07,7.12
2002-05-08,7.16
2002-05-09,7.18
2002-05-10,7.07
2002-05-13,7.03
2002-05-14,7.02
2002-05-15,7.1
2002-05-16,7.09
2002-05-17,7.1
2002-05-20,7.1
2002-05-21,7.06
2002-05-22,7.1
2002-05-23,7.08
2002-05-24,7.08
2002-05-27,7.08
2002-05-28,7.08
2002-05-29,7.03
2002-05-30,6.91
2002-05-31,6.9
2002-06-03,6.9
2002-06-04,6.85
2002-06-05,6.86
2002-06-07,6.83
2002-06-10,6.84
2002-06-11,6.87
2002-06-12,6.88
2002-06-14,6.88
2002-06-17,6.8
2002-06-18,6.77
2002-06-19,6.72
2002-06-20,6.72
2002-06-21,6.7
2002-06-24,6.67
2002-06-25,6.61
2002-06-26,6.45
2002-06-27,6.54
2002-06-28,6.59
2002-07-02,6.56
2002-07-03,6.58
2002-07-04,6.68
2002-07-05,6.76
2002-07-08,6.71
2002-07-09,6.77
2002-07-10,6.75
2002-07-11,6.66
2002-07-12,6.75
2002-07-15,6.71
2002-07-16,6.7
2002-07-18,6.71
2002-07-19,6.61
2002-07-22,6.39
2002-07-23,6.57
2002-07-24,6.47
2002-07-25,6.42
2002-07-26,6.31
2002-07-29,6.34
2002-07-30,6.44
2002-07-31,6.42
2002-08-01,6.35
2002-08-02,6.26
2002-08-05,6.12
2002-08-06,6.18
2002-08-07,6.16
2002-08-08,6.15
2002-08-09,6.14
2002-08-12,6.13
2002-08-13,6.13
2002-08-14,6.11
2002-08-16,6.14
2002-08-19,6.15
2002-08-20,6.2
2002-08-21,6.26
2002-08-22,6.28
2002-08-23,6.32
2002-08-26,6.41
2002-08-27,6.4
2002-08-28,6.39
2002-08-29,6.36
2002-08-30,6.23
2002-09-02,6.26
2002-09-03,6.17
2002-09-04,6.05
2002-09-05,6.02
2002-09-06,5.94
2002-09-09,5.95
2002-09-10,6.02
2002-09-11,6.17
2002-09-12,6.16
2002-09-13,6.04
2002-09-16,6.05
2002-09-17,6.2
2002-09-18,6.07
2002-09-19,6.08
2002-09-23,6.02
2002-09-24,6.01
2002-09-25,6.02
2002-09-26,6
2002-09-27,6
2002-09-30,6
2002-10-01,6.01
2002-10-02,6.01
2002-10-04,6.05
2002-10-07,6.03
2002-10-08,6.05
2002-10-09,6.02
2002-10-10,5.94
2002-10-11,5.94
2002-10-14,5.97
2002-10-15,5.99
2002-10-16,6.01
2002-10-17,6.09
2002-10-18,6.08
2002-10-21,6.04
2002-10-22,6.04
2002-10-23,6.05
2002-10-24,6.02
2002-10-25,6.01
2002-10-28,5.99
2002-10-29,5.97
2002-10-30,5.97
2002-10-31,5.95
2002-11-01,5.93
2002-11-04,5.97
2002-11-05,5.96
2002-11-06,5.97
2002-11-07,5.9
2002-11-08,5.86
2002-11-11,5.85
2002-11-12,5.81
2002-11-13,5.78
2002-11-14,5.79
2002-11-15,5.86
2002-11-18,5.84
2002-11-19,5.81
2002-11-20,5.84
2002-11-21,5.87
2002-11-22,5.9
2002-11-25,5.97
2002-11-26,5.95
2002-11-27,5.99
2002-11-28,6.01
2002-11-29,5.96
2002-12-02,6
2002-12-03,6.01
2002-12-04,5.98
2002-12-05,6
2002-12-06,6
2002-12-09,5.95
2002-12-10,5.95
2002-12-11,5.91
2002-12-12,5.9
2002-12-13,5.87
2002-12-16,5.87
2002-12-17,5.88
2002-12-18,5.87
2002-12-20,5.84
2002-12-23,5.82
2002-12-24,5.83
2002-12-26,5.78
2002-12-27,5.78
2002-12-30,5.71
2002-12-31,5.68
2003-01-02,5.64
2003-01-03,5.67
2003-01-06,5.67
2003-01-07,5.62
2003-01-08,5.57
2003-01-09,5.57
2003-01-10,5.54
2003-01-13,5.56
2003-01-14,5.51
2003-01-15,5.47
2003-01-16,5.45
2003-01-17,5.45
2003-01-20,5.45
2003-01-21,5.42
2003-01-22,5.39
2003-01-23,5.41
2003-01-24,5.41
2003-01-27,5.38
2003-01-28,5.33
2003-01-29,5.26
2003-01-30,5.29
2003-02-03,5.3
2003-02-04,5.27
2003-02-05,5.27
2003-02-06,5.21
2003-02-07,5.19
2003-02-10,5.19
2003-02-11,5.26
2003-02-12,5.32
2003-02-13,5.29
2003-02-14,5.29
2003-02-17,5.38
2003-02-18,5.37
2003-02-19,5.3
2003-02-20,5.31
2003-02-21,5.25
2003-02-24,5.24
2003-02-25,5.19
2003-02-26,5.14
2003-02-27,5.11
2003-02-28,5.14
2003-03-03,5.18
2003-03-04,5.15
2003-03-05,5.15
2003-03-06,5.15
2003-03-07,5.17
2003-03-10,5.2
2003-03-11,5.25
2003-03-12,5.85
2003-03-13,5.89
2003-03-14,5.76
2003-03-17,5.79
2003-03-18,5.7
2003-03-19,5.57
2003-03-20,5.53
2003-03-21,5.46
2003-03-24,5.46
2003-03-25,5.43
2003-03-26,5.37
2003-03-27,5.33
2003-03-28,5.4
2003-03-31,5.38
2003-04-01,5.38
2003-04-02,5.4
2003-04-03,5.37
2003-04-04,5.38
2003-04-07,5.42
2003-04-08,5.44
2003-04-09,5.47
2003-04-10,5.41
2003-04-11,5.37
2003-04-14,5.38
2003-04-15,5.38
2003-04-16,5.39
2003-04-17,5.39
2003-04-18,5.4
2003-04-21,5.42
2003-04-22,5.4
2003-04-23,5.39
2003-04-24,5.39
2003-04-25,5.38
2003-04-28,5.35
2003-04-29,5.35
2003-04-30,5.32
2003-05-02,5.3
2003-05-06,5.3
2003-05-07,5.29
2003-05-09,5.28
2003-05-12,5.31
2003-05-13,5.28
2003-05-14,5.24
2003-05-15,5.23
2003-05-16,5.23
2003-05-19,5.2
2003-05-20,5.26
2003-05-21,5.23
2003-05-22,5.29
2003-05-23,5.29
2003-05-26,5.31
2003-05-27,5.29
2003-05-28,5.26
2003-05-29,5.21
2003-05-30,5.21
2003-06-02,5.24
2003-06-03,5.22
2003-06-04,5.21
2003-06-05,5.2
2003-06-09,5.2
2003-06-10,5.18
2003-06-11,5.18
2003-06-12,5.21
2003-06-13,5.23
2003-06-16,5.19
2003-06-17,5.22
2003-06-18,5.21
2003-06-19,5.26
2003-06-20,5.35
2003-06-23,5.41
2003-06-24,5.37
2003-06-25,5.37
2003-06-26,5.4
2003-06-27,5.45
2003-06-30,5.45
2003-07-01,5.43
2003-07-02,5.38
2003-07-03,5.38
2003-07-04,5.5
2003-07-07,5.51
2003-07-08,5.55
2003-07-09,5.56
2003-07-10,5.57
2003-07-11,5.5
2003-07-14,5.56
2003-07-15,5.61
2003-07-16,5.77
2003-07-18,5.75
2003-07-21,5.72
2003-07-22,5.74
2003-07-23,5.71
2003-07-24,5.74
2003-07-25,5.76
2003-07-28,5.84
2003-07-29,5.94
2003-07-30,5.87
2003-07-31,5.87
2003-08-01,6.01
2003-08-04,5.94
2003-08-05,5.93
2003-08-06,5.92
2003-08-07,5.9
2003-08-08,5.86
2003-08-11,5.89
2003-08-12,5.91
2003-08-13,5.89
2003-08-14,5.94
2003-08-18,5.95
2003-08-19,5.93
2003-08-20,5.89
2003-08-21,5.89
2003-08-22,5.89
2003-08-25,5.83
2003-08-26,5.79
2003-08-27,5.75
2003-08-28,5.63
2003-08-29,5.6
2003-09-01,5.53
2003-09-02,5.53
2003-09-03,5.52
2003-09-04,5.46
2003-09-05,5.43
2003-09-08,5.32
2003-09-09,5.38
2003-09-15,5.26
2003-09-16,5.26
2003-09-17,5.18
2003-09-18,5.14
2003-09-19,5.08
2003-09-22,5.08
2003-09-23,5.03
2003-09-24,5.02
2003-09-25,5.12
2003-09-26,5.1
2003-09-29,5.05
2003-09-30,5.05
2003-10-01,4.95
2003-10-02,4.93
2003-10-06,5.01
2003-10-07,5.03
2003-10-08,5.06
2003-10-09,5.06
2003-10-10,5.1
2003-10-13,5.09
2003-10-14,5.14
2003-10-15,5.13
2003-10-16,5.22
2003-10-17,5.24
2003-10-20,5.31
2003-10-21,5.31
2003-10-22,5.31
2003-10-23,5.23
2003-10-24,5.31
2003-10-27,5.34
2003-10-28,5.35
2003-10-29,5.26
2003-10-30,5.35
2003-10-31,5.32
2003-11-03,5.38
2003-11-04,5.46
2003-11-05,5.49
2003-11-06,5.48
2003-11-07,5.55
2003-11-10,5.49
2003-11-11,5.49
2003-11-12,5.59
2003-11-13,5.68
2003-11-14,5.7
2003-11-17,5.63
2003-11-18,5.71
2003-11-19,5.62
2003-11-20,5.52
2003-11-21,5.45
2003-11-24,5.45
2003-11-25,5.45
2003-11-26,5.44
2003-11-27,5.49
2003-11-28,5.6
2003-12-01,5.71
2003-12-02,5.71
2003-12-03,5.76
2003-12-04,5.76
2003-12-05,5.7
2003-12-08,5.61
2003-12-09,5.64
2003-12-10,5.63
2003-12-11,5.56
2003-12-12,5.56
2003-12-15,5.67
2003-12-16,5.57
2003-12-17,5.57
2003-12-18,5.57
2003-12-19,5.55
2003-12-22,5.55
2003-12-23,5.55
2003-12-24,5.53
2003-12-26,5.5
2003-12-29,5.5
2003-12-30,5.57
2003-12-31,5.58
2004-01-02,5.56
2004-01-05,5.63
2004-01-06,5.63
2004-01-07,5.65
2004-01-08,5.7
2004-01-09,5.73
2004-01-12,5.65
2004-01-13,5.62
2004-01-14,5.61
2004-01-15,5.59
2004-01-16,5.62
2004-01-19,5.71
2004-01-20,5.72
2004-01-26,5.72
2004-01-27,5.7
2004-01-28,5.68
2004-01-29,5.73
2004-01-30,5.74
2004-02-02,5.75
2004-02-03,5.71
2004-02-04,5.7
2004-02-05,5.71
2004-02-06,5.75
2004-02-09,5.7
2004-02-10,5.68
2004-02-11,5.65
2004-02-12,5.61
2004-02-13,5.63
2004-02-16,5.63
2004-02-17,5.59
2004-02-18,5.55
2004-02-19,5.55
2004-02-20,5.55
2004-02-23,5.59
2004-02-24,5.56
2004-02-25,5.52
2004-02-26,5.54
2004-02-27,5.56
2004-03-02,5.53
2004-03-03,5.56
2004-03-04,5.55
2004-03-05,5.54
2004-03-08,5.45
2004-03-09,5.43
2004-03-10,5.43
2004-03-11,5.38
2004-03-12,5.35
2004-03-15,5.35
2004-03-16,5.38
2004-03-17,5.36
2004-03-18,5.33
2004-03-19,5.33
2004-03-22,5.29
2004-03-23,5.21
2004-03-24,5.21
2004-03-25,5.22
2004-03-26,5.31
2004-03-29,5.36
2004-03-30,5.33
2004-03-31,5.3
2004-04-01,5.22
2004-04-02,5.23
2004-04-06,5.42
2004-04-07,5.35
2004-04-08,5.34
2004-04-09,5.26
2004-04-12,5.3
2004-04-13,5.31
2004-04-14,5.4
2004-04-16,5.34
2004-04-19,5.33
2004-04-20,5.32
2004-04-21,5.36
2004-04-22,5.33
2004-04-23,5.27
2004-04-26,5.26
2004-04-27,5.24
2004-04-28,5.23
2004-04-29,5.21
2004-04-30,5.14
2004-05-03,5.19
2004-05-04,5.19
2004-05-06,5.13
2004-05-07,5.11
2004-05-10,5.11
2004-05-11,5.12
2004-05-12,5.1
2004-05-13,5.08
2004-05-14,5.08
2004-05-17,5.08
2004-05-18,5.09
2004-05-19,5.11
2004-05-20,5.11
2004-05-21,5.07
2004-05-24,5.05
2004-05-25,4.99
2004-05-27,4.96
2004-05-28,4.9
2004-05-31,4.91
2004-06-01,4.94
2004-06-02,4.93
2004-06-03,4.83
2004-06-04,4.83
2004-06-07,4.86
2004-06-08,4.88
2004-06-09,4.9
2004-06-10,4.87
2004-06-11,4.87
2004-06-14,4.94
2004-06-15,4.96
2004-06-16,4.9
2004-06-17,4.99
2004-06-18,5.01
2004-06-21,4.97
2004-06-22,4.94
2004-06-23,4.93
2004-06-24,4.92
2004-06-25,4.92
2004-06-28,4.89
2004-06-29,4.9
2004-06-30,4.84
2004-07-01,4.81
2004-07-02,4.83
2004-07-05,4.79
2004-07-06,4.79
2004-07-07,4.78
2004-07-08,4.81
2004-07-09,4.81
2004-07-12,4.83
2004-07-13,4.83
2004-07-14,4.8
2004-07-15,4.79
2004-07-16,4.79
2004-07-19,4.77
2004-07-20,4.77
2004-07-21,4.78
2004-07-22,4.78
2004-07-23,4.76
2004-07-26,4.73
2004-07-27,4.7
2004-07-28,4.68
2004-07-29,4.68
2004-07-30,4.65
2004-08-02,4.65
2004-08-03,4.64
2004-08-04,4.62
2004-08-05,4.65
2004-08-06,4.68
2004-08-09,4.64
2004-08-10,4.6
2004-08-11,4.6
2004-08-12,4.42
2004-08-13,4.3
2004-08-16,4.3
2004-08-17,4.26
2004-08-18,4.24
2004-08-19,4.22
2004-08-20,4.23
2004-08-23,4.28
2004-08-24,4.25
2004-08-25,4.2
2004-08-26,4.18
2004-08-27,4.15
2004-08-30,4.12
2004-08-31,4.11
2004-09-01,4.14
2004-09-02,4.16
2004-09-03,4.16
2004-09-06,4.17
2004-09-07,4.17
2004-09-08,4.14
2004-09-09,4.16
2004-09-10,4.14
2004-09-13,4.16
2004-09-14,4.13
2004-09-15,4.1
2004-09-16,4.08
2004-09-17,4.06
2004-09-20,4.04
2004-09-21,4.02
2004-09-22,4.02
2004-09-23,4.05
2004-09-24,4.05
2004-09-30,4.03
2004-10-01,4.01
2004-10-04,3.91
2004-10-05,3.89
2004-10-06,3.94
2004-10-07,4.1
2004-10-08,4.15
2004-10-11,4.11
2004-10-12,4.1
2004-10-13,4.08
2004-10-14,4.02
2004-10-15,4.02
2004-10-18,4.03
2004-10-19,4.03
2004-10-20,4.02
2004-10-21,4.01
2004-10-22,4
2004-10-25,3.98
2004-10-26,3.94
2004-10-27,3.94
2004-10-28,3.96
2004-10-29,3.91
2004-11-01,3.93
2004-11-02,3.96
2004-11-03,4.01
2004-11-04,3.99
2004-11-05,4.01
2004-11-08,3.95
2004-11-09,3.95
2004-11-10,4.01
2004-11-11,3.81
2004-11-12,3.81
2004-11-15,3.85
2004-11-16,3.82
2004-11-17,3.81
2004-11-18,3.84
2004-11-19,3.81
2004-11-22,3.81
2004-11-23,3.78
2004-11-24,3.78
2004-11-25,3.77
2004-11-26,3.76
2004-11-29,3.76
2004-11-30,3.76
2004-12-01,3.74
2004-12-02,3.75
2004-12-03,3.75
2004-12-06,3.74
2004-12-07,3.7
2004-12-08,3.71
2004-12-09,3.74
2004-12-10,3.76
2004-12-13,3.76
2004-12-14,3.73
2004-12-15,3.72
2004-12-16,3.71
2004-12-17,3.71
2004-12-20,3.72
2004-12-21,3.71
2004-12-22,3.72
2004-12-23,3.72
2004-12-24,3.72
2004-12-27,3.73
2004-12-28,3.74
2004-12-29,3.73
2004-12-30,3.73
2004-12-31,3.72
2005-01-03,3.82
2005-01-04,3.81
2005-01-05,3.8
2005-01-06,3.83
2005-01-07,3.83
2005-01-10,3.83
2005-01-11,3.92
2005-01-12,3.92
2005-01-13,4.05
2005-01-14,4.19
2005-01-17,4.23
2005-01-18,4.14
2005-01-19,4.14
2005-01-20,4.19
2005-01-21,4.39
2005-01-24,4.38
2005-01-25,4.35
2005-01-26,4.32
2005-01-27,4.31
2005-01-28,4.42
2005-01-31,4.53
2005-02-01,4.5
2005-02-02,4.5
2005-02-03,4.53
2005-02-04,4.61
2005-02-07,4.73
2005-02-11,4.9
2005-02-14,4.87
2005-02-15,4.75
2005-02-16,4.62
2005-02-17,4.67
2005-02-18,4.55
2005-02-21,4.6
2005-02-22,4.65
2005-02-23,4.64
2005-02-24,4.59
2005-02-25,4.53
2005-02-28,4.49
2005-03-02,4.55
2005-03-03,4.56
2005-03-04,4.63
2005-03-07,4.61
2005-03-08,4.57
2005-03-09,4.56
2005-03-10,4.5
2005-03-11,4.5
2005-03-14,4.47
2005-03-15,4.45
2005-03-16,4.43
2005-03-17,4.4
2005-03-18,4.37
2005-03-21,4.41
2005-03-22,4.4
2005-03-23,4.45
2005-03-24,4.52
2005-03-25,4.54
2005-03-28,4.5
2005-03-29,4.36
2005-03-30,4.33
2005-03-31,4.34
2005-04-01,4.33
2005-04-04,4.35
2005-04-06,4.36
2005-04-07,4.31
2005-04-08,4.3
2005-04-11,4.31
2005-04-12,4.35
2005-04-13,4.34
2005-04-14,4.32
2005-04-15,4.27
2005-04-18,4.25
2005-04-19,4.25
2005-04-20,4.23
2005-04-21,4.24
2005-04-22,4.24
2005-04-25,4.22
2005-04-26,4.23
2005-04-27,4.24
2005-04-28,4.23
2005-04-29,4.18
2005-05-02,4.19
2005-05-03,4.16
2005-05-04,4.17
2005-05-06,4.18
2005-05-09,4.19
2005-05-10,4.2
2005-05-11,4.2
2005-05-12,4.17
2005-05-13,4.13
2005-05-16,4.1
2005-05-17,4.1
2005-05-18,4.08
2005-05-19,4.07
2005-05-20,4.08
2005-05-23,4.1
2005-05-24,4.07
2005-05-25,4.05
2005-05-26,4.04
2005-05-27,4.11
2005-05-30,4.11
2005-05-31,4.08
2005-06-01,4.04
2005-06-02,4.02
2005-06-03,4.02
2005-06-07,4.06
2005-06-08,4.06
2005-06-09,4.06
2005-06-10,4.09
2005-06-13,4.2
2005-06-14,4.19
2005-06-15,4.28
2005-06-16,4.24
2005-06-17,4.24
2005-06-20,4.21
2005-06-21,4.23
2005-06-22,4.31
2005-06-23,4.31
2005-06-24,4.24
2005-06-27,4.19
2005-06-28,4.19
2005-06-29,4.28
2005-06-30,4.41
2005-07-01,4.34
2005-07-04,4.46
2005-07-05,4.43
2005-07-06,4.4
2005-07-07,4.41
2005-07-08,4.41
2005-07-11,4.44
2005-07-12,4.45
2005-07-13,4.57
2005-07-14,4.61
2005-07-15,4.61
2005-07-18,4.61
2005-07-19,4.64
2005-07-20,4.61
2005-07-21,4.52
2005-07-22,4.45
2005-07-25,4.47
2005-07-26,4.57
2005-07-27,4.58
2005-07-28,4.62
2005-07-29,4.63
2005-08-01,4.81
2005-08-02,4.76
2005-08-03,4.77
2005-08-04,4.78
2005-08-05,4.83
2005-08-08,4.82
2005-08-09,4.85
2005-08-10,4.79
2005-08-11,4.78
2005-08-12,4.73
2005-08-16,4.69
2005-08-17,4.7
2005-08-18,4.7
2005-08-19,4.66
2005-08-22,4.7
2005-08-23,4.82
2005-08-24,4.8
2005-08-25,4.82
2005-08-26,4.78
2005-08-29,4.73
2005-08-30,4.64
2005-08-31,4.59
2005-09-01,4.59
2005-09-02,4.57
2005-09-05,4.55
2005-09-06,4.59
2005-09-07,4.66
2005-09-08,4.89
2005-09-09,4.92
2005-09-12,4.88
2005-09-13,4.94
2005-09-14,4.94
2005-09-15,4.97
2005-09-16,5.07
2005-09-20,5.05
2005-09-21,5.01
2005-09-22,5.02
2005-09-23,5.1
2005-09-26,5.19
2005-09-27,5.19
2005-09-28,5.06
2005-09-29,5.04
2005-09-30,5
2005-10-04,5.16
2005-10-05,5.16
2005-10-06,5.05
2005-10-07,5.03
2005-10-10,5.07
2005-10-11,5.03
2005-10-12,5.07
2005-10-13,5.13
2005-10-14,5.18
2005-10-17,5.23
2005-10-18,5.23
2005-10-19,5.18
2005-10-20,5.18
2005-10-21,5.22
2005-10-24,5.29
2005-10-25,5.32
2005-10-26,5.34
2005-10-27,5.4
2005-10-28,5.36
2005-10-31,5.34
2005-11-01,5.31
2005-11-02,5.37
2005-11-03,5.43
2005-11-04,5.46
2005-11-07,5.5
2005-11-08,5.55
2005-11-09,5.53
2005-11-10,5.57
2005-11-11,5.56
2005-11-14,5.56
2005-11-15,5.63
2005-11-16,5.61
2005-11-17,5.59
2005-11-18,5.53
2005-11-21,5.56
2005-11-22,5.52
2005-11-23,5.47
2005-11-24,5.44
2005-11-25,5.44
2005-11-28,5.42
2005-11-29,5.45
2005-11-30,5.51
2005-12-01,5.56
2005-12-02,5.58
2005-12-05,5.68
2005-12-06,5.69
2005-12-07,5.67
2005-12-08,5.5
2005-12-09,5.42
2005-12-12,5.49
2005-12-13,5.47
2005-12-14,5.37
2005-12-15,5.4
2005-12-16,5.42
2005-12-19,5.38
2005-12-20,5.4
2005-12-21,5.44
2005-12-22,5.45
2005-12-23,5.47
2005-12-26,5.47
2005-12-27,5.49
2005-12-28,5.43
2005-12-29,5.52
2005-12-30,5.52
2006-01-02,5.61
2006-01-03,5.57
2006-01-04,5.51
2006-01-05,5.57
2006-01-06,5.56
2006-01-09,5.53
2006-01-10,5.57
2006-01-11,5.55
2006-01-12,5.48
2006-01-13,5.46
2006-01-16,5.52
2006-01-17,5.51
2006-01-18,5.46
2006-01-19,5.47
2006-01-20,5.46
2006-01-23,5.45
2006-01-24,5.49
2006-01-25,5.44
2006-01-26,5.42
2006-01-27,5.42
2006-01-31,5.42
2006-02-01,5.38
2006-02-02,5.39
2006-02-03,5.42
2006-02-06,5.4
2006-02-07,5.42
2006-02-08,5.42
2006-02-09,5.32
2006-02-10,5.32
2006-02-13,5.34
2006-02-14,5.3
2006-02-15,5.27
2006-02-16,5.28
2006-02-17,5.29
2006-02-20,5.3
2006-02-21,5.29
2006-02-22,5.28
2006-02-23,5.29
2006-02-24,5.29
2006-02-27,5.31
2006-02-28,5.34
2006-03-02,5.36
2006-03-03,5.37
2006-03-06,5.41
2006-03-07,5.46
2006-03-08,5.41
2006-03-09,5.33
2006-03-10,5.28
2006-03-13,5.33
2006-03-14,5.31
2006-03-15,5.28
2006-03-16,5.3
2006-03-17,5.26
2006-03-20,5.27
2006-03-21,5.27
2006-03-22,5.27
2006-03-23,5.26
2006-03-24,5.28
2006-03-27,5.28
2006-03-28,5.23
2006-03-29,5.21
2006-03-30,5.22
2006-03-31,5.25
2006-04-03,5.29
2006-04-04,5.31
2006-04-05,5.29
2006-04-06,5.27
2006-04-07,5.23
2006-04-10,5.26
2006-04-11,5.26
2006-04-12,5.27
2006-04-13,5.3
2006-04-14,5.33
2006-04-17,5.31
2006-04-18,5.31
2006-04-19,5.24
2006-04-20,5.24
2006-04-21,5.19
2006-04-24,5.15
2006-04-25,5.17
2006-04-26,5.14
2006-04-27,5.14
2006-04-28,5.08
2006-05-02,5.09
2006-05-03,5.11
2006-05-04,5.07
2006-05-08,5.07
2006-05-09,5.07
2006-05-10,5.08
2006-05-11,5.03
2006-05-12,5.03
2006-05-15,5.08
2006-05-16,5.07
2006-05-17,5.04
2006-05-18,5.02
2006-05-19,4.99
2006-05-22,5.01
2006-05-23,5.04
2006-05-24,5.03
2006-05-25,5.03
2006-05-26,5.04
2006-05-29,5.02
2006-05-30,5
2006-06-01,4.99
2006-06-02,5.02
2006-06-05,5.02
2006-06-07,5.05
2006-06-08,5.07
2006-06-09,5.09
2006-06-12,5.11
2006-06-13,5.11
2006-06-14,5.12
2006-06-15,5.16
2006-06-16,5.16
2006-06-19,5.21
2006-06-20,5.22
2006-06-21,5.22
2006-06-22,5.24
2006-06-23,5.31
2006-06-26,5.3
2006-06-27,5.31
2006-06-28,5.31
2006-06-29,5.28
2006-06-30,5.2
2006-07-03,5.2
2006-07-04,5.17
2006-07-05,5.14
2006-07-06,5.14
2006-07-07,5.21
2006-07-10,5.23
2006-07-11,5.2
2006-07-12,5.22
2006-07-13,5.21
2006-07-14,5.2
2006-07-18,5.17
2006-07-19,5.18
2006-07-20,5.16
2006-07-21,5.16
2006-07-24,5.17
2006-07-25,5.21
2006-07-26,5.2
2006-07-27,5.18
2006-07-28,5.18
2006-07-31,5.15
2006-08-01,5.11
2006-08-02,5.12
2006-08-03,5.11
2006-08-04,5.13
2006-08-07,5.11
2006-08-08,5.08
2006-08-09,5.07
2006-08-10,5.12
2006-08-11,5.07
2006-08-14,5.13
2006-08-16,5.13
2006-08-17,5.1
2006-08-18,5.09
2006-08-21,5.1
2006-08-22,5.09
2006-08-23,5.07
2006-08-24,5.09
2006-08-25,5.08
2006-08-28,5.08
2006-08-29,5.08
2006-08-30,5.09
2006-08-31,5.09
2006-09-01,5.06
2006-09-04,5.05
2006-09-05,5.07
2006-09-06,5.11
2006-09-07,5.05
2006-09-08,5.05
2006-09-11,5.06
2006-09-12,5.06
2006-09-13,5.04
2006-09-14,5.05
2006-09-15,5.04
2006-09-18,5.05
2006-09-19,5.05
2006-09-20,5
2006-09-21,4.99
2006-09-22,4.96
2006-09-25,4.97
2006-09-26,4.96
2006-09-27,4.95
2006-09-28,4.95
2006-09-29,4.89
2006-10-02,4.91
2006-10-04,4.89
2006-10-09,4.9
2006-10-10,4.9
2006-10-11,4.91
2006-10-12,4.91
2006-10-13,4.92
2006-10-16,4.93
2006-10-17,4.91
2006-10-18,4.91
2006-10-19,4.87
2006-10-20,4.87
2006-10-23,4.9
2006-10-24,4.97
2006-10-25,4.97
2006-10-26,4.95
2006-10-27,4.96
2006-10-30,5
2006-10-31,5.01
2006-11-01,4.97
2006-11-02,4.93
2006-11-03,4.93
2006-11-06,5.03
2006-11-07,5.04
2006-11-08,5.09
2006-11-09,5.02
2006-11-10,5
2006-11-13,5.02
2006-11-14,5.05
2006-11-15,5.03
2006-11-16,5.03
2006-11-17,5.04
2006-11-20,5.03
2006-11-21,5.07
2006-11-22,5.07
2006-11-23,5.1
2006-11-24,5.1
2006-11-27,5.11
2006-11-28,5.14
2006-11-29,5.16
2006-11-30,5.16
2006-12-01,5.15
2006-12-04,5.13
2006-12-05,5.11
2006-12-06,5.08
2006-12-07,5.07
2006-12-08,5.1
2006-12-11,5.14
2006-12-12,5.12
2006-12-13,5.12
2006-12-14,5.17
2006-12-15,5.17
2006-12-18,5.19
2006-12-19,5.19
2006-12-20,5.22
2006-12-21,5.21
2006-12-22,5.23
2006-12-26,5.31
2006-12-27,5.3
2006-12-28,5.29
2006-12-29,5.29
2007-01-02,5.3
2007-01-03,5.27
2007-01-04,5.28
2007-01-05,5.25
2007-01-08,5.25
2007-01-09,5.26
2007-01-10,5.26
2007-01-11,5.28
2007-01-12,5.32
2007-01-15,5.33
2007-01-16,5.33
2007-01-17,5.33
2007-01-18,5.34
2007-01-19,5.31
2007-01-22,5.32
2007-01-23,5.34
2007-01-24,5.38
2007-01-25,5.38
2007-01-26,5.42
2007-01-29,5.4
2007-01-30,5.39
2007-01-31,5.38
2007-02-01,5.33
2007-02-02,5.37
2007-02-05,5.37
2007-02-06,5.34
2007-02-07,5.31
2007-02-08,5.3
2007-02-09,5.3
2007-02-12,5.3
2007-02-13,5.31
2007-02-14,5.29
2007-02-15,5.24
2007-02-16,5.24
2007-02-20,5.27
2007-02-21,5.24
2007-02-22,5.23
2007-02-23,5.23
2007-02-26,5.22
2007-02-27,5.24
2007-02-28,5.24
2007-03-02,5.24
2007-03-05,5.19
2007-03-06,5.21
2007-03-07,5.18
2007-03-08,5.19
2007-03-09,5.19
2007-03-12,5.22
2007-03-13,5.24
2007-03-14,5.21
2007-03-15,5.22
2007-03-16,5.2
2007-03-19,5.21
2007-03-20,5.2
2007-03-21,5.2
2007-03-22,5.17
2007-03-23,5.17
2007-03-26,5.18
2007-03-27,5.18
2007-03-28,5.17
2007-03-29,5.18
2007-03-30,5.19
2007-04-02,5.21
2007-04-03,5.24
2007-04-04,5.25
2007-04-05,5.24
2007-04-06,5.25
2007-04-09,5.32
2007-04-10,5.32
2007-04-11,5.34
2007-04-12,5.35
2007-04-13,5.37
2007-04-16,5.38
2007-04-17,5.36
2007-04-18,5.33
2007-04-19,5.33
2007-04-20,5.41
2007-04-23,5.38
2007-04-24,5.38
2007-04-25,5.39
2007-04-26,5.41
2007-04-27,5.42
2007-04-30,5.44
2007-05-02,5.41
2007-05-03,5.39
2007-05-04,5.39
2007-05-07,5.41
2007-05-08,5.44
2007-05-09,5.46
2007-05-10,5.47
2007-05-11,5.46
2007-05-14,5.47
2007-05-15,5.47
2007-05-16,5.47
2007-05-17,5.51
2007-05-18,5.54
2007-05-21,5.54
2007-05-22,5.54
2007-05-23,5.54
2007-05-25,5.54
2007-05-28,5.54
2007-05-29,5.53
2007-05-30,5.56
2007-05-31,5.55
2007-06-01,5.53
2007-06-04,5.53
2007-06-05,5.54
2007-06-07,5.59
2007-06-08,5.66
2007-06-11,5.68
2007-06-12,5.69
2007-06-13,5.67
2007-06-14,5.66
2007-06-15,5.66
2007-06-18,5.65
2007-06-19,5.65
2007-06-20,5.67
2007-06-21,5.71
2007-06-22,5.68
2007-06-25,5.64
2007-06-26,5.66
2007-06-27,5.62
2007-06-28,5.62
2007-06-29,5.66
2007-07-02,5.68
2007-07-03,5.7
2007-07-04,5.73
2007-07-05,5.76
2007-07-06,5.75
2007-07-09,5.75
2007-07-10,5.75
2007-07-11,5.72
2007-07-12,5.77
2007-07-13,5.81
2007-07-16,5.82
2007-07-18,5.8
2007-07-19,5.8
2007-07-20,5.81
2007-07-23,5.78
2007-07-24,5.81
2007-07-25,5.76
2007-07-26,5.72
2007-07-27,5.66
2007-07-30,5.68
2007-07-31,5.64
2007-08-01,5.58
2007-08-02,5.61
2007-08-03,5.61
2007-08-06,5.61
2007-08-07,5.64
2007-08-08,5.67
2007-08-09,5.73
2007-08-10,5.68
2007-08-13,5.7
2007-08-14,5.71
2007-08-16,5.65
2007-08-17,5.64
2007-08-20,5.67
2007-08-21,5.67
2007-08-22,5.7
2007-08-23,5.73
2007-08-24,5.72
2007-08-27,5.76
2007-08-28,5.79
2007-08-29,5.81
2007-08-30,5.78
2007-08-31,5.85
2007-09-03,5.87
2007-09-04,5.86
2007-09-05,5.85
2007-09-06,5.85
2007-09-07,5.8
2007-09-10,5.76
2007-09-11,5.8
2007-09-12,5.78
2007-09-13,5.78
2007-09-14,5.82
2007-09-17,5.82
2007-09-18,5.82
2007-09-19,5.84
2007-09-20,5.89
2007-09-21,5.93
2007-09-27,5.97
2007-09-28,5.97
2007-10-01,5.98
2007-10-02,5.98
2007-10-04,5.96
2007-10-05,5.93
2007-10-08,5.97
2007-10-09,6
2007-10-10,6
2007-10-11,6.01
2007-10-12,6.02
2007-10-15,6.05
2007-10-16,6.03
2007-10-17,6
2007-10-18,6.02
2007-10-19,5.97
2007-10-22,5.91
2007-10-23,5.93
2007-10-24,5.91
2007-10-25,5.95
2007-10-26,5.96
2007-10-29,5.97
2007-10-30,6
2007-10-31,6.02
2007-11-01,6.05
2007-11-02,6.01
2007-11-05,6.02
2007-11-06,6.01
2007-11-07,5.98
2007-11-08,5.92
2007-11-09,5.94
2007-11-12,5.97
2007-11-13,5.97
2007-11-14,6.02
2007-11-15,6.04
2007-11-16,6.07
2007-11-19,6.15
2007-11-20,6.17
2007-11-21,6.29
2007-11-22,6.3
2007-11-23,6.27
2007-11-26,6.32
2007-11-27,6.36
2007-11-28,6.59
2007-11-29,6.7
2007-11-30,6.47
2007-12-03,6.46
2007-12-04,6.53
2007-12-05,6.7
2007-12-06,6.7
2007-12-07,6.81
2007-12-10,6.81
2007-12-11,6.81
2007-12-12,6.79
2007-12-13,6.71
2007-12-14,6.71
2007-12-17,6.73
2007-12-18,6.73
2007-12-20,6.72
2007-12-21,6.74
2007-12-24,6.78
2007-12-26,6.78
2007-12-27,6.77
2007-12-28,6.77
2007-12-31,6.77
2008-01-02,6.91
2008-01-03,6.92
2008-01-04,6.91
2008-01-07,6.91
2008-01-08,7.01
2008-01-09,7
2008-01-10,6.92
2008-01-11,6.75
2008-01-14,6.76
2008-01-15,6.67
2008-01-16,6.58
2008-01-17,6.67
2008-01-18,6.6
2008-01-21,6.57
2008-01-22,6.53
2008-01-23,6.3
2008-01-24,6.35
2008-01-25,6.45
2008-01-28,6.31
2008-01-29,6.32
2008-01-30,6.33
2008-01-31,6.28
2008-02-01,6.29
2008-02-04,6.4
2008-02-05,6.38
2008-02-11,6.36
2008-02-12,6.32
2008-02-13,6.25
2008-02-14,6.24
2008-02-15,6.26
2008-02-18,6.24
2008-02-19,6.27
2008-02-20,6.25
2008-02-21,6.32
2008-02-22,6.23
2008-02-25,6.26
2008-02-26,6.27
2008-02-27,6.25
2008-02-28,6.2
2008-02-29,6.14
2008-03-03,6.09
2008-03-04,6.1
2008-03-05,6.05
2008-03-06,6.06
2008-03-07,6.1
2008-03-10,6.16
2008-03-11,6.16
2008-03-12,6.16
2008-03-13,6.24
2008-03-14,6.21
2008-03-17,6.26
2008-03-18,6.06
2008-03-19,6.15
2008-03-20,6.1
2008-03-21,6.08
2008-03-24,6.18
2008-03-25,6.17
2008-03-26,6.17
2008-03-27,6.07
2008-03-28,6.07
2008-03-31,6.01
2008-04-01,6.04
2008-04-02,6.01
2008-04-03,6.05
2008-04-04,6.05
2008-04-07,6.03
2008-04-08,5.95
2008-04-10,5.83
2008-04-11,5.87
2008-04-14,5.88
2008-04-15,5.86
2008-04-16,5.86
2008-04-17,5.87
2008-04-18,5.9
2008-04-21,5.89
2008-04-22,5.85
2008-04-23,5.87
2008-04-24,5.85
2008-04-25,5.87
2008-04-28,5.85
2008-04-29,5.84
2008-04-30,5.82
2008-05-02,5.84
2008-05-06,5.86
2008-05-07,5.91
2008-05-08,6.14
2008-05-09,6.14
2008-05-13,6.22
2008-05-14,6.2
2008-05-15,6.19
2008-05-16,6.24
2008-05-19,6.39
2008-05-20,6.27
2008-05-21,6.33
2008-05-22,6.29
2008-05-23,6.34
2008-05-26,6.35
2008-05-27,6.3
2008-05-28,6.31
2008-05-29,6.38
2008-05-30,6.41
2008-06-02,6.5
2008-06-03,6.5
2008-06-04,6.49
2008-06-05,6.48
2008-06-09,6.65
2008-06-10,6.76
2008-06-11,6.71
2008-06-12,6.71
2008-06-13,6.71
2008-06-16,6.67
2008-06-17,6.63
2008-06-18,6.65
2008-06-19,6.63
2008-06-20,6.69
2008-06-23,6.85
2008-06-24,6.83
2008-06-25,6.8
2008-06-26,6.72
2008-06-27,6.75
2008-06-30,6.88
2008-07-01,6.85
2008-07-02,6.95
2008-07-03,7.04
2008-07-04,7.03
2008-07-07,7.03
2008-07-08,7
2008-07-09,6.96
2008-07-10,6.99
2008-07-11,7.14
2008-07-14,7.17
2008-07-15,7.14
2008-07-16,7.12
2008-07-17,7.02
2008-07-18,7
2008-07-21,7.1
2008-07-22,6.97
2008-07-23,6.92
2008-07-24,6.89
2008-07-25,6.86
2008-07-28,6.94
2008-07-29,6.9
2008-07-30,6.86
2008-07-31,6.91
2008-08-01,6.85
2008-08-04,6.95
2008-08-05,6.93
2008-08-06,6.9
2008-08-07,6.88
2008-08-08,6.92
2008-08-11,6.96
2008-08-12,7
2008-08-13,7
2008-08-14,7.09
2008-08-18,7.19
2008-08-19,7.17
2008-08-20,7.16
2008-08-21,7.16
2008-08-22,7.28
2008-08-25,7.37
2008-08-26,7.36
2008-08-27,7.35
2008-08-28,7.32
2008-08-29,7.34
2008-09-01,7.46
2008-09-02,7.55
2008-09-03,7.46
2008-09-04,7.41
2008-09-05,7.4
2008-09-08,7.37
2008-09-09,7.37
2008-09-10,7.34
2008-09-11,7.28
2008-09-12,7.25
2008-09-16,7.09
2008-09-17,7.18
2008-09-18,7.48
2008-09-19,7.4
2008-09-22,7.46
2008-09-23,7.49
2008-09-24,7.56
2008-09-25,7.66
2008-09-26,7.85
2008-09-29,7.92
2008-09-30,7.76
2008-10-01,7.81
2008-10-02,7.78
2008-10-06,7.87
2008-10-07,7.78
2008-10-08,7.86
2008-10-09,7.75
2008-10-10,7.82
2008-10-13,7.92
2008-10-14,7.94
2008-10-15,7.9
2008-10-16,8.06
2008-10-17,8.01
2008-10-20,8.06
2008-10-21,8.06
2008-10-22,7.97
2008-10-23,8.02
2008-10-24,8.1
2008-10-27,7.87
2008-10-28,8
2008-10-29,8.07
2008-10-30,8.05
2008-10-31,8.13
2008-11-03,8.33
2008-11-04,8.28
2008-11-05,8.21
2008-11-06,8.12
2008-11-07,8.23
2008-11-10,8.36
2008-11-11,8.37
2008-11-12,8.33
2008-11-13,8.63
2008-11-14,8.83
2008-11-17,8.7
2008-11-18,8.84
2008-11-19,8.68
2008-11-20,8.68
2008-11-21,8.61
2008-11-24,8.71
2008-11-25,8.8
2008-11-26,8.78
2008-11-27,8.86
2008-11-28,8.91
2008-12-01,8.91
2008-12-02,8.86
2008-12-03,8.8
2008-12-04,8.9
2008-12-05,8.8
2008-12-08,8.85
2008-12-09,8.81
2008-12-10,8.86
2008-12-11,8.62
2008-12-12,8.47
2008-12-15,8.32
2008-12-16,8.05
2008-12-17,7.98
2008-12-18,7.96
2008-12-19,7.98
2008-12-22,8.08
2008-12-23,8.1
2008-12-24,8.02
2008-12-26,7.97
2008-12-29,7.92
2008-12-30,7.72
2008-12-31,7.72
2009-01-02,7.73
2009-01-05,7.51
2009-01-06,7.46
2009-01-07,7.45
2009-01-08,7.25
2009-01-09,7.43
2009-01-12,7.46
2009-01-13,7.42
2009-01-14,7.25
2009-01-15,7.38
2009-01-16,7.39
2009-01-19,7.25
2009-01-20,7.29
2009-01-21,7.22
2009-01-22,7.22
2009-01-23,7.19
2009-01-28,7.14
2009-01-29,7.19
2009-01-30,7.29
2009-02-02,7.49
2009-02-03,7.57
2009-02-04,7.45
2009-02-05,7.48
2009-02-06,7.37
2009-02-09,7.29
2009-02-10,7.17
2009-02-11,7.07
2009-02-12,6.97
2009-02-13,6.85
2009-02-16,6.85
2009-02-17,7.05
2009-02-18,6.96
2009-02-19,6.89
2009-02-20,6.93
2009-02-23,6.86
2009-02-24,6.88
2009-02-25,6.92
2009-02-26,6.74
2009-02-27,6.6
2009-03-02,6.62
2009-03-03,6.48
2009-03-04,6.29
2009-03-05,6.28
2009-03-06,6.2
2009-03-09,6.21
2009-03-10,6.11
2009-03-11,6.15
2009-03-12,6.08
2009-03-13,6.16
2009-03-16,6.12
2009-03-17,6.01
2009-03-18,6.04
2009-03-19,5.91
2009-03-20,5.92
2009-03-23,5.94
2009-03-24,6.02
2009-03-25,6.02
2009-03-26,6.07
2009-03-27,6.07
2009-03-30,6.15
2009-03-31,6.13
2009-04-01,6.02
2009-04-02,5.99
2009-04-03,5.99
2009-04-06,6.01
2009-04-07,5.97
2009-04-08,5.91
2009-04-09,5.88
2009-04-10,5.87
2009-04-13,5.84
2009-04-14,5.74
2009-04-15,5.69
2009-04-16,5.7
2009-04-17,5.62
2009-04-20,5.59
2009-04-21,5.57
2009-04-22,5.59
2009-04-23,5.55
2009-04-24,5.37
2009-04-27,5.35
2009-04-28,5.21
2009-04-29,5.23
2009-04-30,5.29
2009-05-04,5.45
2009-05-06,5.45
2009-05-07,5.48
2009-05-08,5.46
2009-05-11,5.49
2009-05-12,5.35
2009-05-13,5.21
2009-05-14,5.07
2009-05-15,5.06
2009-05-18,5.01
2009-05-19,5.07
2009-05-20,5.06
2009-05-21,5.01
2009-05-22,5
2009-05-25,4.97
2009-05-26,4.95
2009-05-27,4.97
2009-05-28,5.01
2009-05-29,4.98
2009-06-01,4.96
2009-06-02,4.97
2009-06-03,4.94
2009-06-04,4.91
2009-06-05,4.9
2009-06-08,5.06
2009-06-09,5.11
2009-06-10,5.13
2009-06-11,5.32
2009-06-12,5.4
2009-06-15,5.38
2009-06-16,5.36
2009-06-17,5.35
2009-06-18,5.31
2009-06-19,5.29
2009-06-22,5.33
2009-06-23,5.29
2009-06-24,5.26
2009-06-25,5.37
2009-06-26,5.34
2009-06-29,5.32
2009-06-30,5.39
2009-07-01,5.35
2009-07-02,5.34
2009-07-03,5.32
2009-07-06,5.36
2009-07-07,5.42
2009-07-08,5.39
2009-07-09,5.33
2009-07-10,5.26
2009-07-13,5.3
2009-07-14,5.32
2009-07-15,5.36
2009-07-16,5.37
2009-07-17,5.48
2009-07-20,5.57
2009-07-21,5.56
2009-07-22,5.61
2009-07-23,5.58
2009-07-24,5.58
2009-07-27,5.59
2009-07-28,5.59
2009-07-29,5.6
2009-07-30,5.58
2009-07-31,5.68
2009-08-03,5.77
2009-08-04,5.75
2009-08-05,5.81
2009-08-06,5.86
2009-08-07,5.85
2009-08-10,5.86
2009-08-11,5.8
2009-08-12,5.81
2009-08-13,5.88
2009-08-14,5.94
2009-08-17,5.8
2009-08-18,5.81
2009-08-19,5.67
2009-08-20,5.68
2009-08-21,5.63
2009-08-24,5.67
2009-08-25,5.61
2009-08-26,5.59
2009-08-27,5.54
2009-08-28,5.58
2009-08-31,5.61
2009-09-01,5.61
2009-09-02,5.55
2009-09-03,5.53
2009-09-04,5.53
2009-09-07,5.54
2009-09-08,5.5
2009-09-09,5.48
2009-09-10,5.67
2009-09-11,5.65
2009-09-14,5.65
2009-09-15,5.63
2009-09-16,5.56
2009-09-17,5.56
2009-09-18,5.53
2009-09-21,5.58
2009-09-22,5.63
2009-09-23,5.61
2009-09-24,5.58
2009-09-25,5.56
2009-09-28,5.58
2009-09-29,5.6
2009-09-30,5.53
2009-10-01,5.51
2009-10-05,5.49
2009-10-06,5.59
2009-10-07,5.59
2009-10-08,5.61
2009-10-09,5.5
2009-10-12,5.53
2009-10-13,5.51
2009-10-14,5.51
2009-10-15,5.55
2009-10-16,5.67
2009-10-19,5.66
2009-10-20,5.67
2009-10-21,5.65
2009-10-22,5.67
2009-10-23,5.71
2009-10-26,5.74
2009-10-27,5.66
2009-10-28,5.64
2009-10-29,5.59
2009-10-30,5.58
2009-11-02,5.57
2009-11-03,5.56
2009-11-04,5.6
2009-11-05,5.58
2009-11-06,5.58
2009-11-09,5.59
2009-11-10,5.56
2009-11-11,5.52
2009-11-12,5.44
2009-11-13,5.39
2009-11-16,5.41
2009-11-17,5.35
2009-11-18,5.38
2009-11-19,5.35
2009-11-20,5.36
2009-11-23,5.4
2009-11-24,5.38
2009-11-25,5.35
2009-11-26,5.3
2009-11-27,5.17
2009-11-30,5.21
2009-12-01,5.16
2009-12-02,5.24
2009-12-03,5.23
2009-12-04,5.27
2009-12-07,5.35
2009-12-08,5.3
2009-12-09,5.27
2009-12-10,5.36
2009-12-11,5.33
2009-12-14,5.35
2009-12-15,5.28
2009-12-16,5.35
2009-12-17,5.35
2009-12-18,5.3
2009-12-21,5.3
2009-12-22,5.42
2009-12-23,5.39
2009-12-24,5.44
2009-12-28,5.48
2009-12-29,5.51
2009-12-30,5.53
2009-12-31,5.53
2010-01-04,5.56
2010-01-05,5.48
2010-01-06,5.54
2010-01-07,5.44
2010-01-08,5.47
2010-01-11,5.38
2010-01-12,5.36
2010-01-13,5.37
2010-01-14,5.35
2010-01-15,5.37
2010-01-18,5.41
2010-01-19,5.37
2010-01-20,5.37
2010-01-21,5.38
2010-01-22,5.35
2010-01-25,5.37
2010-01-26,5.32
2010-01-27,5.35
2010-01-28,5.43
2010-01-29,5.39
2010-02-01,5.42
2010-02-02,5.4
2010-02-03,5.4
2010-02-04,5.39
2010-02-05,5.36
2010-02-08,5.4
2010-02-09,5.4
2010-02-10,5.4
2010-02-11,5.31
2010-02-12,5.25
2010-02-16,5.25
2010-02-17,5.24
2010-02-18,5.24
2010-02-19,5.32
2010-02-22,5.34
2010-02-23,5.3
2010-02-24,5.28
2010-02-25,5.23
2010-02-26,5.24
2010-03-02,5.24
2010-03-03,5.22
2010-03-04,5.21
2010-03-05,5.22
2010-03-08,5.24
2010-03-09,5.22
2010-03-10,5.2
2010-03-11,5.09
2010-03-12,5.05
2010-03-15,5.05
2010-03-16,4.94
2010-03-17,4.88
2010-03-18,4.83
2010-03-19,4.84
2010-03-22,4.81
2010-03-23,4.92
2010-03-24,4.96
2010-03-25,4.85
2010-03-26,4.86
2010-03-29,4.91
2010-03-30,4.91
2010-03-31,4.89
2010-04-01,4.84
2010-04-02,4.84
2010-04-05,4.85
2010-04-06,4.84
2010-04-07,4.82
2010-04-08,4.74
2010-04-09,4.77
2010-04-12,4.85
2010-04-13,4.81
2010-04-14,4.84
2010-04-15,4.79
2010-04-16,4.73
2010-04-19,4.69
2010-04-20,4.66
2010-04-21,4.65
2010-04-22,4.62
2010-04-23,4.6
2010-04-26,4.58
2010-04-27,4.49
2010-04-28,4.44
2010-04-29,4.4
2010-04-30,4.41
2010-05-03,4.47
2010-05-04,4.48
2010-05-06,4.53
2010-05-07,4.44
2010-05-10,4.46
2010-05-11,4.39
2010-05-12,4.51
2010-05-13,4.53
2010-05-14,4.52
2010-05-17,4.53
2010-05-18,4.53
2010-05-19,4.53
2010-05-20,4.51
2010-05-24,4.43
2010-05-25,4.4
2010-05-26,4.44
2010-05-27,4.44
2010-05-28,4.46
2010-05-31,4.45
2010-06-01,4.46
2010-06-03,4.52
2010-06-04,4.56
2010-06-07,4.5
2010-06-08,4.51
2010-06-09,4.51
2010-06-10,4.54
2010-06-11,4.58
2010-06-14,4.61
2010-06-15,4.64
2010-06-16,4.63
2010-06-17,4.62
2010-06-18,4.64
2010-06-21,4.77
2010-06-22,4.79
2010-06-23,4.82
2010-06-24,4.8
2010-06-25,4.8
2010-06-28,4.84
2010-06-29,4.79
2010-06-30,4.77
2010-07-01,4.72
2010-07-02,4.74
2010-07-05,4.77
2010-07-06,4.75
2010-07-07,4.81
2010-07-08,4.85
2010-07-09,4.85
2010-07-12,4.88
2010-07-13,4.88
2010-07-14,4.9
2010-07-15,4.87
2010-07-16,4.86
2010-07-19,4.85
2010-07-20,4.85
2010-07-21,4.81
2010-07-22,4.76
2010-07-23,4.78
2010-07-26,4.8
2010-07-27,4.79
2010-07-28,4.79
2010-07-29,4.75
2010-07-30,4.75
2010-08-02,4.78
2010-08-03,4.79
2010-08-04,4.77
2010-08-05,4.8
2010-08-06,4.82
2010-08-09,4.84
2010-08-10,4.83
2010-08-11,4.76
2010-08-12,4.7
2010-08-13,4.68
2010-08-16,4.69
2010-08-17,4.71
2010-08-18,4.65
2010-08-19,4.62
2010-08-20,4.58
2010-08-23,4.59
2010-08-24,4.55
2010-08-25,4.55
2010-08-26,4.53
2010-08-27,4.54
2010-08-30,4.55
2010-08-31,4.53
2010-09-01,4.6
2010-09-02,4.55
2010-09-03,4.59
2010-09-06,4.63
2010-09-07,4.58
2010-09-08,4.57
2010-09-09,4.32
2010-09-10,4.36
2010-09-13,4.37
2010-09-14,4.34
2010-09-15,4.37
2010-09-16,4.32
2010-09-17,4.36
2010-09-20,4.4
2010-09-24,4.33
2010-09-27,4.3
2010-09-28,4.29
2010-09-29,4.27
2010-09-30,4.26
2010-10-01,4.2
2010-10-04,4.24
2010-10-05,4.23
2010-10-06,4.25
2010-10-07,4.25
2010-10-08,4.22
2010-10-11,4.23
2010-10-12,4.2
2010-10-13,4.22
2010-10-14,4.04
2010-10-15,4.01
2010-10-18,4.02
2010-10-19,4.04
2010-10-20,4.08
2010-10-21,4.1
2010-10-22,4.05
2010-10-25,4.09
2010-10-26,4.05
2010-10-27,4.08
2010-10-28,4.01
2010-10-29,4.03
2010-11-01,4.12
2010-11-02,4.16
2010-11-03,4.18
2010-11-04,4.25
2010-11-05,4.35
2010-11-08,4.32
2010-11-09,4.34
2010-11-10,4.29
2010-11-11,4.27
2010-11-12,4.25
2010-11-15,4.26
2010-11-16,4.14
2010-11-17,4.15
2010-11-18,4.14
2010-11-19,4.13
2010-11-22,4.17
2010-11-23,4.21
2010-11-24,4.15
2010-11-25,4.12
2010-11-26,4.12
2010-11-29,4.05
2010-11-30,4.03
2010-12-01,4.05
2010-12-02,4.04
2010-12-03,4.01
2010-12-06,4
2010-12-07,4.01
2010-12-08,4.12
2010-12-09,4.12
2010-12-10,4.11
2010-12-13,4.19
2010-12-14,4.21
2010-12-15,4.32
2010-12-16,4.26
2010-12-17,4.27
2010-12-20,4.26
2010-12-21,4.17
2010-12-22,4.13
2010-12-23,4.15
2010-12-24,4.17
2010-12-27,4.24
2010-12-28,4.26
2010-12-29,4.26
2010-12-30,4.27
2010-12-31,4.27
2011-01-03,4.32
2011-01-04,4.32
2011-01-05,4.32
2011-01-06,4.39
2011-01-07,4.39
2011-01-10,4.38
2011-01-11,4.4
2011-01-12,4.35
2011-01-13,4.46
2011-01-14,4.51
2011-01-17,4.53
2011-01-18,4.49
2011-01-19,4.6
2011-01-20,4.62
2011-01-21,4.63
2011-01-24,4.68
2011-01-25,4.69
2011-01-26,4.67
2011-01-27,4.66
2011-01-28,4.67
2011-01-31,4.75
2011-02-01,4.76
2011-02-07,4.86
2011-02-08,4.82
2011-02-09,4.77
2011-02-10,4.74
2011-02-11,4.73
2011-02-14,4.75
2011-02-15,4.73
2011-02-16,4.71
2011-02-17,4.74
2011-02-18,4.73
2011-02-21,4.74
2011-02-22,4.67
2011-02-23,4.67
2011-02-24,4.6
2011-02-25,4.63
2011-02-28,4.63
2011-03-02,4.63
2011-03-03,4.71
2011-03-04,4.72
2011-03-07,4.71
2011-03-08,4.68
2011-03-09,4.63
2011-03-10,4.52
2011-03-11,4.5
2011-03-14,4.45
2011-03-15,4.4
2011-03-16,4.46
2011-03-17,4.48
2011-03-18,4.48
2011-03-21,4.52
2011-03-22,4.5
2011-03-23,4.46
2011-03-24,4.46
2011-03-25,4.49
2011-03-28,4.5
2011-03-29,4.49
2011-03-30,4.52
2011-03-31,4.51
2011-04-01,4.47
2011-04-04,4.47
2011-04-05,4.48
2011-04-06,4.49
2011-04-07,4.48
2011-04-08,4.55
2011-04-11,4.56
2011-04-12,4.51
2011-04-13,4.52
2011-04-14,4.52
2011-04-15,4.52
2011-04-18,4.51
2011-04-19,4.51
2011-04-20,4.54
2011-04-21,4.57
2011-04-22,4.59
2011-04-25,4.62
2011-04-26,4.61
2011-04-27,4.61
2011-04-28,4.58
2011-04-29,4.56
2011-05-02,4.56
2011-05-03,4.56
2011-05-04,4.56
2011-05-06,4.52
2011-05-09,4.52
2011-05-11,4.5
2011-05-12,4.46
2011-05-13,4.45
2011-05-16,4.41
2011-05-17,4.43
2011-05-18,4.43
2011-05-19,4.43
2011-05-20,4.43
2011-05-23,4.39
2011-05-24,4.39
2011-05-25,4.38
2011-05-26,4.41
2011-05-27,4.4
2011-05-30,4.33
2011-05-31,4.33
2011-06-01,4.38
2011-06-02,4.32
2011-06-03,4.32
2011-06-07,4.29
2011-06-08,4.29
2011-06-09,4.32
2011-06-10,4.39
2011-06-13,4.4
2011-06-14,4.43
2011-06-15,4.42
2011-06-16,4.36
2011-06-17,4.42
2011-06-20,4.41
2011-06-21,4.42
2011-06-22,4.42
2011-06-23,4.42
2011-06-24,4.45
2011-06-27,4.46
2011-06-28,4.46
2011-06-29,4.5
2011-06-30,4.49
2011-07-01,4.5
2011-07-04,4.51
2011-07-05,4.49
2011-07-06,4.51
2011-07-07,4.51
2011-07-08,4.56
2011-07-11,4.52
2011-07-12,4.42
2011-07-13,4.42
2011-07-14,4.42
2011-07-15,4.4
2011-07-18,4.4
2011-07-19,4.41
2011-07-20,4.44
2011-07-21,4.44
2011-07-22,4.48
2011-07-25,4.51
2011-07-26,4.53
2011-07-27,4.52
2011-07-28,4.5
2011-07-29,4.54
2011-08-01,4.59
2011-08-02,4.56
2011-08-03,4.51
2011-08-04,4.46
2011-08-05,4.32
2011-08-08,4.31
2011-08-09,4.29
2011-08-10,4.18
2011-08-11,4.24
2011-08-12,4.22
2011-08-16,4.23
2011-08-17,4.27
2011-08-18,4.29
2011-08-19,4.22
2011-08-22,4.22
2011-08-23,4.25
2011-08-24,4.19
2011-08-25,4.19
2011-08-26,4.21
2011-08-29,4.24
2011-08-30,4.22
2011-08-31,4.23
2011-09-01,4.2
2011-09-02,4.2
2011-09-05,4.13
2011-09-06,4.13
2011-09-07,4.24
2011-09-08,4.18
2011-09-09,4.15
2011-09-14,4.1
2011-09-15,4.17
2011-09-16,4.2
2011-09-19,4.31
2011-09-20,4.29
2011-09-21,4.3
2011-09-22,4.29
2011-09-23,4.25
2011-09-26,4.31
2011-09-27,4.27
2011-09-28,4.34
2011-09-29,4.36
2011-09-30,4.36
2011-10-04,4.28
2011-10-05,4.26
2011-10-06,4.25
2011-10-07,4.25
2011-10-10,4.3
2011-10-11,4.3
2011-10-12,4.24
2011-10-13,4.22
2011-10-14,4.23
2011-10-17,4.28
2011-10-18,4.27
2011-10-19,4.27
2011-10-20,4.26
2011-10-21,4.31
2011-10-24,4.36
2011-10-25,4.36
2011-10-26,4.33
2011-10-27,4.36
2011-10-28,4.38
2011-10-31,4.35
2011-11-01,4.32
2011-11-02,4.31
2011-11-03,4.27
2011-11-04,4.27
2011-11-07,4.25
2011-11-08,4.24
2011-11-09,4.23
2011-11-10,4.18
2011-11-11,4.23
2011-11-14,4.25
2011-11-15,4.22
2011-11-16,4.2
2011-11-17,4.23
2011-11-18,4.21
2011-11-21,4.22
2011-11-22,4.24
2011-11-23,4.21
2011-11-24,4.23
2011-11-25,4.26
2011-11-28,4.28
2011-11-29,4.27
2011-11-30,4.22
2011-12-01,4.23
2011-12-02,4.23
2011-12-05,4.23
2011-12-06,4.23
2011-12-07,4.22
2011-12-08,4.24
2011-12-09,4.24
2011-12-12,4.25
2011-12-13,4.24
2011-12-14,4.23
2011-12-15,4.22
2011-12-16,4.22
2011-12-19,4.31
2011-12-20,4.27
2011-12-21,4.25
2011-12-22,4.25
2011-12-23,4.26
2011-12-26,4.27
2011-12-27,4.27
2011-12-28,4.27
2011-12-29,4.21
2011-12-30,4.21
2012-01-02,4.21
2012-01-03,4.22
2012-01-04,4.22
2012-01-05,4.21
2012-01-06,4.22
2012-01-09,4.25
2012-01-10,4.25
2012-01-11,4.25
2012-01-12,4.25
2012-01-13,4.24
2012-01-16,4.22
2012-01-17,4.24
2012-01-18,4.24
2012-01-19,4.25
2012-01-20,4.27
2012-01-25,4.29
2012-01-26,4.27
2012-01-27,4.25
2012-01-30,4.23
2012-01-31,4.24
2012-02-01,4.23
2012-02-02,4.24
2012-02-03,4.24
2012-02-06,4.25
2012-02-07,4.24
2012-02-08,4.26
2012-02-09,4.26
2012-02-10,4.25
2012-02-13,4.27
2012-02-14,4.25
2012-02-15,4.26
2012-02-16,4.24
2012-02-17,4.25
2012-02-20,4.27
2012-02-21,4.27
2012-02-22,4.27
2012-02-23,4.25
2012-02-24,4.26
2012-02-27,4.25
2012-02-28,4.23
2012-02-29,4.26
2012-03-02,4.29
2012-03-05,4.32
2012-03-06,4.31
2012-03-07,4.31
2012-03-08,4.29
2012-03-09,4.3
2012-03-12,4.28
2012-03-13,4.28
2012-03-14,4.32
2012-03-15,4.37
2012-03-16,4.39
2012-03-19,4.41
2012-03-20,4.4
2012-03-21,4.43
2012-03-22,4.43
2012-03-23,4.44
2012-03-26,4.42
2012-03-27,4.43
2012-03-28,4.39
2012-03-29,4.37
2012-03-30,4.35
2012-04-02,4.38
2012-04-03,4.36
2012-04-04,4.35
2012-04-05,4.34
2012-04-06,4.31
2012-04-09,4.27
2012-04-10,4.27
2012-04-12,4.27
2012-04-13,4.26
2012-04-16,4.23
2012-04-17,4.22
2012-04-18,4.23
2012-04-19,4.22
2012-04-20,4.2
2012-04-23,4.2
2012-04-24,4.2
2012-04-25,4.21
2012-04-26,4.2
2012-04-27,4.16
2012-04-30,4.14
2012-05-02,4.14
2012-05-03,4.11
2012-05-04,4.09
2012-05-07,4.04
2012-05-08,4.05
2012-05-09,4.03
2012-05-10,4.04
2012-05-11,4
2012-05-14,4.01
2012-05-15,4
2012-05-16,3.99
2012-05-17,4
2012-05-18,3.97
2012-05-21,3.98
2012-05-22,3.97
2012-05-23,3.96
2012-05-24,3.95
2012-05-25,3.95
2012-05-29,3.96
2012-05-30,3.95
2012-05-31,3.92
2012-06-01,3.9
2012-06-04,3.86
2012-06-05,3.88
2012-06-07,3.89
2012-06-08,3.84
2012-06-11,3.91
2012-06-12,3.87
2012-06-13,3.88
2012-06-14,3.86
2012-06-15,3.85
2012-06-18,3.88
2012-06-19,3.86
2012-06-20,3.88
2012-06-21,3.88
2012-06-22,3.86
2012-06-25,3.86
2012-06-26,3.86
2012-06-27,3.84
2012-06-28,3.84
2012-06-29,3.87
2012-07-02,3.87
2012-07-03,3.86
2012-07-04,3.85
2012-07-05,3.84
2012-07-06,3.8
2012-07-09,3.78
2012-07-10,3.79
2012-07-11,3.77
2012-07-12,3.56
2012-07-13,3.54
2012-07-16,3.54
2012-07-17,3.51
2012-07-18,3.48
2012-07-19,3.5
2012-07-20,3.47
2012-07-23,3.41
2012-07-24,3.43
2012-07-25,3.37
2012-07-26,3.4
2012-07-27,3.45
2012-07-30,3.44
2012-07-31,3.44
2012-08-01,3.42
2012-08-02,3.38
2012-08-03,3.35
2012-08-06,3.36
2012-08-07,3.36
2012-08-08,3.35
2012-08-09,3.41
2012-08-10,3.38
2012-08-13,3.41
2012-08-14,3.46
2012-08-16,3.54
2012-08-17,3.52
2012-08-20,3.54
2012-08-21,3.47
2012-08-22,3.47
2012-08-23,3.43
2012-08-24,3.37
2012-08-27,3.34
2012-08-28,3.33
2012-08-29,3.3
2012-08-30,3.29
2012-08-31,3.27
2012-09-03,3.25
2012-09-04,3.27
2012-09-05,3.24
2012-09-06,3.25
2012-09-07,3.32
2012-09-10,3.3
2012-09-11,3.27
2012-09-12,3.29
2012-09-13,3.37
2012-09-14,3.36
2012-09-17,3.4
2012-09-18,3.36
2012-09-19,3.38
2012-09-20,3.32
2012-09-21,3.34
2012-09-24,3.32
2012-09-25,3.31
2012-09-26,3.3
2012-09-27,3.32
2012-09-28,3.3
2012-10-02,3.27
2012-10-04,3.26
2012-10-05,3.27
2012-10-08,3.28
2012-10-09,3.28
2012-10-10,3.23
2012-10-11,3.26
2012-10-12,3.28
2012-10-15,3.27
2012-10-16,3.29
2012-10-17,3.32
2012-10-18,3.35
2012-10-19,3.33
2012-10-22,3.36
2012-10-23,3.33
2012-10-24,3.32
2012-10-25,3.32
2012-10-26,3.29
2012-10-29,3.3
2012-10-30,3.3
2012-10-31,3.29
2012-11-01,3.29
2012-11-02,3.3
2012-11-05,3.32
2012-11-06,3.3
2012-11-07,3.3
2012-11-08,3.28
2012-11-09,3.31
2012-11-12,3.31
2012-11-13,3.3
2012-11-14,3.31
2012-11-15,3.31
2012-11-16,3.3
2012-11-19,3.32
2012-11-20,3.33
2012-11-21,3.33
2012-11-22,3.35
2012-11-23,3.37
2012-11-26,3.35
2012-11-27,3.37
2012-11-28,3.36
2012-11-29,3.36
2012-11-30,3.37
2012-12-03,3.36
2012-12-04,3.31
2012-12-05,3.32
2012-12-06,3.28
2012-12-07,3.25
2012-12-10,3.27
2012-12-11,3.27
2012-12-12,3.27
2012-12-13,3.3
2012-12-14,3.31
2012-12-17,3.31
2012-12-18,3.33
2012-12-20,3.32
2012-12-21,3.3
2012-12-24,3.32
2012-12-26,3.33
2012-12-27,3.31
2012-12-28,3.29
2012-12-31,3.29
2013-01-02,3.3
2013-01-03,3.25
2013-01-04,3.23
2013-01-07,3.25
2013-01-08,3.23
2013-01-09,3.23
2013-01-10,3.19
2013-01-11,3.25
2013-01-14,3.25
2013-01-15,3.21
2013-01-16,3.21
2013-01-17,3.19
2013-01-18,3.2
2013-01-21,3.19
2013-01-22,3.17
2013-01-23,3.15
2013-01-24,3.13
2013-01-25,3.12
2013-01-28,3.13
2013-01-29,3.13
2013-01-30,3.15
2013-01-31,3.13
2013-02-01,3.13
2013-02-04,3.12
2013-02-05,3.11
2013-02-06,3.08
2013-02-07,3.08
2013-02-08,3.07
2013-02-12,3.06
2013-02-13,3.08
2013-02-14,3.08
2013-02-15,3.07
2013-02-18,3.06
2013-02-19,3.03
2013-02-20,3.05
2013-02-21,3.02
2013-02-22,3.03
2013-02-25,3.03
2013-02-26,3
2013-02-27,2.98
2013-02-28,2.99
2013-03-04,2.98
2013-03-05,2.97
2013-03-06,2.99
2013-03-07,3.01
2013-03-08,3.01
2013-03-11,3.01
2013-03-12,2.96
2013-03-13,2.96
2013-03-14,2.96
2013-03-15,2.95
2013-03-18,2.93
2013-03-19,2.93
2013-03-20,2.94
2013-03-21,2.94
2013-03-22,2.92
2013-03-25,2.92
2013-03-26,2.92
2013-03-27,2.92
2013-03-28,2.8
2013-03-29,2.88
2013-04-01,2.85
2013-04-02,2.84
2013-04-03,2.84
2013-04-04,2.85
2013-04-05,2.81
2013-04-08,2.84
2013-04-09,2.86
2013-04-10,2.85
2013-04-11,3
2013-04-12,3.03
2013-04-15,3.02
2013-04-16,2.96
2013-04-17,2.96
2013-04-18,2.93
2013-04-19,2.95
2013-04-22,2.96
2013-04-23,2.95
2013-04-24,2.96
2013-04-25,2.91
2013-04-26,2.87
2013-04-29,2.88
2013-04-30,2.85
2013-05-02,2.81
2013-05-03,2.83
2013-05-06,2.92
2013-05-07,2.9
2013-05-08,2.91
2013-05-09,2.91
2013-05-10,2.92
2013-05-13,2.93
2013-05-14,2.92
2013-05-15,2.92
2013-05-16,2.93
2013-05-20,2.97
2013-05-21,2.97
2013-05-22,2.98
2013-05-23,2.98
2013-05-24,2.99
2013-05-27,2.98
2013-05-28,3.01
2013-05-29,3.12
2013-05-30,3.11
2013-05-31,3.14
2013-06-03,3.13
2013-06-04,3.14
2013-06-05,3.17
2013-06-07,3.12
2013-06-10,3.15
2013-06-11,3.17
2013-06-12,3.24
2013-06-13,3.19
2013-06-14,3.13
2013-06-17,3.18
2013-06-18,3.13
2013-06-19,3.18
2013-06-20,3.32
2013-06-21,3.4
2013-06-24,3.48
2013-06-25,3.38
2013-06-26,3.36
2013-06-27,3.37
2013-06-28,3.31
2013-07-01,3.44
2013-07-02,3.39
2013-07-03,3.4
2013-07-04,3.39
2013-07-05,3.41
2013-07-08,3.46
2013-07-09,3.45
2013-07-10,3.4
2013-07-11,3.3
2013-07-12,3.33
2013-07-15,3.36
2013-07-16,3.36
2013-07-17,3.37
2013-07-18,3.33
2013-07-19,3.33
2013-07-22,3.34
2013-07-23,3.36
2013-07-24,3.37
2013-07-25,3.41
2013-07-26,3.39
2013-07-29,3.34
2013-07-30,3.35
2013-07-31,3.36
2013-08-01,3.35
2013-08-02,3.39
2013-08-05,3.34
2013-08-06,3.34
2013-08-07,3.36
2013-08-08,3.33
2013-08-09,3.31
2013-08-12,3.3
2013-08-13,3.32
2013-08-14,3.36
2013-08-16,3.35
2013-08-19,3.37
2013-08-20,3.32
2013-08-21,3.34
2013-08-22,3.36
2013-08-23,3.33
2013-08-26,3.31
2013-08-27,3.31
2013-08-28,3.3
2013-08-29,3.28
2013-08-30,3.25
2013-09-02,3.29
2013-09-03,3.3
2013-09-04,3.31
2013-09-05,3.37
2013-09-06,3.37
2013-09-09,3.33
2013-09-10,3.36
2013-09-11,3.33
2013-09-12,3.31
2013-09-13,3.33
2013-09-16,3.27
2013-09-17,3.25
2013-09-23,3.21
2013-09-24,3.23
2013-09-25,3.25
2013-09-26,3.27
2013-09-27,3.25
2013-09-30,3.24
2013-10-01,3.26
2013-10-02,3.24
2013-10-04,3.24
2013-10-07,3.25
2013-10-08,3.26
2013-10-10,3.28
2013-10-11,3.27
2013-10-14,3.29
2013-10-15,3.29
2013-10-16,3.28
2013-10-17,3.26
2013-10-18,3.24
2013-10-21,3.26
2013-10-22,3.25
2013-10-23,3.21
2013-10-24,3.22
2013-10-25,3.22
2013-10-28,3.248
2013-10-29,3.227
2013-10-30,3.219
2013-10-31,3.244
2013-11-01,3.27
2013-11-04,3.295
2013-11-05,3.319
2013-11-06,3.319
2013-11-07,3.331
2013-11-08,3.318
2013-11-11,3.387
2013-11-12,3.393
2013-11-13,3.374
2013-11-14,3.372
2013-11-15,3.372
2013-11-18,3.368
2013-11-19,3.386
2013-11-20,3.388
2013-11-21,3.406
2013-11-22,3.376
2013-11-25,3.394
2013-11-26,3.384
2013-11-27,3.392
2013-11-28,3.406
2013-11-29,3.427
2013-12-02,3.454
2013-12-03,3.452
2013-12-04,3.437
2013-12-05,3.438
2013-12-06,3.427
2013-12-09,3.4
2013-12-10,3.401
2013-12-11,3.418
2013-12-12,3.416
2013-12-13,3.372
2013-12-16,3.332
2013-12-17,3.3
2013-12-18,3.324
2013-12-19,3.321
2013-12-20,3.307
2013-12-23,3.306
2013-12-24,3.31
2013-12-26,3.309
2013-12-27,3.261
2013-12-30,3.286
2013-12-31,3.286
2014-01-02,3.339
2014-01-03,3.346
2014-01-06,3.288
2014-01-07,3.288
2014-01-08,3.282
2014-01-09,3.322
2014-01-10,3.342
2014-01-13,3.321
2014-01-14,3.338
2014-01-15,3.339
2014-01-16,3.32
2014-01-17,3.322
2014-01-20,3.331
2014-01-21,3.335
2014-01-22,3.345
2014-01-23,3.328
2014-01-24,3.288
2014-01-27,3.31
2014-01-28,3.299
2014-01-29,3.302
2014-02-03,3.303
2014-02-04,3.273
2014-02-05,3.278
2014-02-06,3.274
2014-02-07,3.281
2014-02-10,3.271
2014-02-11,3.266
2014-02-12,3.267
2014-02-13,3.263
2014-02-14,3.267
2014-02-17,3.277
2014-02-18,3.286
2014-02-19,3.279
2014-02-20,3.28
2014-02-21,3.303
2014-02-24,3.298
2014-02-25,3.288
2014-02-26,3.288
2014-02-27,3.276
2014-02-28,3.279
2014-03-03,3.322
2014-03-04,3.34
2014-03-05,3.326
2014-03-06,3.326
2014-03-07,3.325
2014-03-10,3.313
2014-03-11,3.31
2014-03-12,3.294
2014-03-13,3.294
2014-03-14,3.256
2014-03-17,3.277
2014-03-18,3.27
2014-03-19,3.26
2014-03-20,3.295
2014-03-21,3.312
2014-03-24,3.317
2014-03-25,3.308
2014-03-26,3.312
2014-03-27,3.308
2014-03-28,3.299
2014-03-31,3.3
2014-04-01,3.302
2014-04-02,3.309
2014-04-03,3.31
2014-04-04,3.313
2014-04-07,3.299
2014-04-08,3.303
2014-04-09,3.284
2014-04-10,3.291
2014-04-11,3.288
2014-04-14,3.302
2014-04-15,3.307
2014-04-16,3.317
2014-04-17,3.3
2014-04-18,3.31
2014-04-21,3.314
2014-04-22,3.308
2014-04-23,3.309
2014-04-24,3.309
2014-04-25,3.3
2014-04-28,3.3
2014-04-29,3.299
2014-04-30,3.298
2014-05-02,3.288
2014-05-07,3.278
2014-05-08,3.276
2014-05-09,3.262
2014-05-12,3.272
2014-05-13,3.284
2014-05-14,3.278
2014-05-15,3.254
2014-05-16,3.26
2014-05-19,3.261
2014-05-20,3.269
2014-05-21,3.267
2014-05-22,3.275
2014-05-23,3.258
2014-05-26,3.255
2014-05-27,3.255
2014-05-28,3.244
2014-05-29,3.231
2014-05-30,3.24
2014-06-02,3.25
2014-06-03,3.256
2014-06-05,3.257
2014-06-09,3.258
2014-06-10,3.234
2014-06-11,3.24
2014-06-12,3.208
2014-06-13,3.161
2014-06-16,3.145
2014-06-17,3.152
2014-06-18,3.15
2014-06-19,3.112
2014-06-20,3.092
2014-06-23,3.117
2014-06-24,3.111
2014-06-25,3.117
2014-06-26,3.125
2014-06-27,3.112
2014-06-30,3.1
2014-07-01,3.082
2014-07-02,3
2014-07-03,3.013
2014-07-04,3.022
2014-07-07,3.025
2014-07-08,3.056
2014-07-09,3.021
2014-07-10,3
2014-07-11,2.998
2014-07-14,3.006
2014-07-15,3.001
2014-07-16,2.992
2014-07-17,2.927
2014-07-18,2.933
2014-07-21,2.936
2014-07-22,2.928
2014-07-23,2.883
2014-07-24,2.911
2014-07-25,2.907
2014-07-28,2.915
2014-07-29,2.925
2014-07-30,2.918
2014-07-31,2.92
2014-08-01,2.944
2014-08-04,2.945
2014-08-05,2.919
2014-08-06,2.935
2014-08-07,2.925
2014-08-08,2.898
2014-08-11,2.906
2014-08-12,2.914
2014-08-13,2.91
2014-08-14,2.929
2014-08-18,2.947
2014-08-19,2.957
2014-08-20,2.956
2014-08-21,2.959
2014-08-22,2.956
2014-08-25,2.939
2014-08-26,2.91
2014-08-27,2.898
2014-08-28,2.898
2014-08-29,2.884
2014-09-01,2.885
2014-09-02,2.881
2014-09-03,2.901
2014-09-04,2.905
2014-09-05,2.876
2014-09-11,2.867
2014-09-12,2.79
2014-09-15,2.791
2014-09-16,2.76
2014-09-17,2.759
2014-09-18,2.754
2014-09-19,2.757
2014-09-22,2.738
2014-09-23,2.733
2014-09-24,2.721
2014-09-25,2.715
2014-09-26,2.705
2014-09-29,2.707
2014-09-30,2.68
2014-10-01,2.61
2014-10-02,2.627
2014-10-06,2.635
2014-10-07,2.652
2014-10-08,2.654
2014-10-10,2.627
2014-10-13,2.623
2014-10-14,2.642
2014-10-15,2.641
2014-10-16,2.604
2014-10-17,2.597
2014-10-20,2.61
2014-10-21,2.593
2014-10-22,2.587
2014-10-23,2.565
2014-10-24,2.549
2014-10-27,2.557
2014-10-28,2.554
2014-10-29,2.546
2014-10-30,2.532
2014-10-31,2.487
2014-11-03,2.474
2014-11-04,2.451
2014-11-05,2.45
2014-11-06,2.433
2014-11-07,2.442
2014-11-10,2.462
2014-11-11,2.494
2014-11-12,2.522
2014-11-13,2.529
2014-11-14,2.521
2014-11-17,2.509
2014-11-18,2.497
2014-11-19,2.495
2014-11-20,2.475
2014-11-21,2.479
2014-11-24,2.438
2014-11-25,2.421
2014-11-26,2.411
2014-11-27,2.424
2014-11-28,2.392
2014-12-01,2.389
2014-12-02,2.397
2014-12-03,2.439
2014-12-04,2.471
2014-12-05,2.472
2014-12-08,2.512
2014-12-09,2.48
2014-12-10,2.489
2014-12-11,2.447
2014-12-12,2.44
2014-12-15,2.453
2014-12-16,2.449
2014-12-17,2.484
2014-12-18,2.498
2014-12-19,2.494
2014-12-22,2.472
2014-12-23,2.474
2014-12-24,2.467
2014-12-26,2.475
2014-12-29,2.455
2014-12-30,2.433
2014-12-31,2.434
2015-01-02,2.464
2015-01-05,2.446
2015-01-06,2.408
2015-01-07,2.408
2015-01-08,2.403
2015-01-09,2.391
2015-01-12,2.339
2015-01-13,2.343
2015-01-14,2.296
2015-01-15,2.362
2015-01-16,2.33
2015-01-19,2.359
2015-01-20,2.346
2015-01-21,2.361
2015-01-22,2.377
2015-01-23,2.333
2015-01-26,2.322
2015-01-27,2.325
2015-01-28,2.303
2015-01-29,2.296
2015-01-30,2.274
2015-02-02,2.28
2015-02-03,2.241
2015-02-04,2.258
2015-02-05,2.266
2015-02-06,2.251
2015-02-09,2.264
2015-02-10,2.321
2015-02-11,2.318
2015-02-12,2.34
2015-02-13,2.321
2015-02-16,2.356
2015-02-17,2.323
2015-02-23,2.332
2015-02-24,2.334
2015-02-25,2.307
2015-02-26,2.302
2015-02-27,2.291
2015-03-02,2.263
2015-03-03,2.258
2015-03-04,2.25
2015-03-05,2.246
2015-03-06,2.214
2015-03-09,2.202
2015-03-10,2.206
2015-03-11,2.166
2015-03-12,2.154
2015-03-13,2.129
2015-03-16,2.115
2015-03-17,2.126
2015-03-18,2.114
2015-03-19,2.083
2015-03-20,2.062
2015-03-23,2.058
2015-03-24,2.055
2015-03-25,2.045
2015-03-26,2.043
2015-03-27,2.03
2015-03-30,2.011
2015-03-31,1.992
2015-04-01,1.99
2015-04-02,1.988
2015-04-03,1.98
2015-04-06,1.971
2015-04-07,1.975
2015-04-08,1.978
2015-04-09,1.951
2015-04-10,1.963
2015-04-13,1.975
2015-04-14,1.978
2015-04-15,1.972
2015-04-16,1.976
2015-04-17,1.944
2015-04-20,1.948
2015-04-21,1.958
2015-04-22,1.959
2015-04-23,1.983
2015-04-24,2.008
2015-04-27,2.019
2015-04-28,2.062
2015-04-29,2.079
2015-04-30,2.08
2015-05-04,2.131
2015-05-06,2.193
2015-05-07,2.189
2015-05-08,2.109
2015-05-11,2.103
2015-05-12,2.177
2015-05-13,2.107
2015-05-14,2.098
2015-05-15,2.121
2015-05-18,2.129
2015-05-19,2.142
2015-05-20,2.119
2015-05-21,2.122
2015-05-22,2.114
2015-05-26,2.095
2015-05-27,2.062
2015-05-28,2.054
2015-05-29,2.006
2015-06-01,2.008
2015-06-02,1.991
2015-06-03,2.018
2015-06-04,2.027
2015-06-05,2
2015-06-08,1.993
2015-06-09,1.99
2015-06-10,2.011
2015-06-11,2.035
2015-06-12,2.003
2015-06-15,2
2015-06-16,2.001
2015-06-17,2.03
2015-06-18,2.013
2015-06-19,1.998
2015-06-22,2.015
2015-06-23,2.02
2015-06-24,2.028
2015-06-25,2.031
2015-06-26,2.03
2015-06-29,2.009
2015-06-30,2.007
2015-07-01,2.019
2015-07-02,2.042
2015-07-03,2.037
2015-07-06,2.033
2015-07-07,2.031
2015-07-08,2.015
2015-07-09,2.017
2015-07-10,2.023
2015-07-13,2.021
2015-07-14,2.017
2015-07-15,2.015
2015-07-16,2.012
2015-07-17,2.008
2015-07-20,2.002
2015-07-21,2
2015-07-22,1.983
2015-07-23,1.955
2015-07-24,1.945
2015-07-27,1.942
2015-07-28,1.969
2015-07-29,1.959
2015-07-30,1.979
2015-07-31,2.01
2015-08-03,2
2015-08-04,2.01
2015-08-05,2.026
2015-08-06,2.019
2015-08-07,2.017
2015-08-10,1.996
2015-08-11,1.977
2015-08-12,1.945
2015-08-13,1.971
2015-08-17,1.968
2015-08-18,1.96
2015-08-19,1.974
2015-08-20,1.962
2015-08-21,1.959
2015-08-24,1.947
2015-08-25,1.963
2015-08-26,1.975
2015-08-27,1.965
2015-08-28,1.978
2015-08-31,1.994
2015-09-01,1.989
2015-09-02,1.965
2015-09-03,1.949
2015-09-04,1.925
2015-09-07,1.93
2015-09-08,1.947
2015-09-09,1.962
2015-09-10,1.94
2015-09-11,1.949
2015-09-14,1.964
2015-09-15,1.952
2015-09-16,1.97
2015-09-17,1.982
2015-09-18,1.94
2015-09-21,1.925
2015-09-22,1.931
2015-09-23,1.928
2015-09-24,1.942
2015-09-25,1.93
2015-09-30,1.893
2015-10-01,1.922
2015-10-02,1.911
2015-10-05,1.904
2015-10-06,1.919
2015-10-07,1.942
2015-10-08,1.943
2015-10-12,1.976
2015-10-13,1.968
2015-10-14,1.98
2015-10-15,1.955
2015-10-16,1.956
2015-10-19,1.96
2015-10-20,1.977
2015-10-21,1.985
2015-10-22,1.992
2015-10-23,1.991
2015-10-26,1.989
2015-10-27,1.976
2015-10-28,1.975
2015-10-29,1.988
2015-10-30,2.003
2015-11-02,2.006
2015-11-03,2.019
2015-11-04,2.032
2015-11-05,2.047
2015-11-06,2.083
2015-11-09,2.157
2015-11-10,2.137
2015-11-11,2.157
2015-11-12,2.151
2015-11-13,2.145
2015-11-16,2.119
2015-11-17,2.129
2015-11-18,2.123
2015-11-19,2.109
2015-11-20,2.134
2015-11-23,2.137
2015-11-24,2.145
2015-11-25,2.147
2015-11-26,2.157
2015-11-27,2.179
2015-11-30,2.168
2015-12-01,2.162
2015-12-02,2.156
2015-12-03,2.15
2015-12-04,2.178
2015-12-07,2.182
2015-12-08,2.167
2015-12-09,2.166
2015-12-10,2.155
2015-12-11,2.162
2015-12-14,2.154
2015-12-15,2.156
2015-12-16,2.172
2015-12-17,2.153
2015-12-18,2.128
2015-12-21,2.102
2015-12-22,2.119
2015-12-23,2.115
2015-12-24,2.112
2015-12-28,2.121
2015-12-29,2.106
2015-12-30,2.113
2015-12-31,2.113
2016-01-04,2.093
2016-01-05,2.103
2016-01-06,2.099
2016-01-07,2.097
2016-01-08,2.121
2016-01-11,2.094
2016-01-12,2.097
2016-01-13,2.094
2016-01-14,2.106
2016-01-15,2.106
2016-01-18,2.107
2016-01-19,2.108
2016-01-20,2.083
2016-01-21,2.077
2016-01-22,2.087
2016-01-25,2.088
2016-01-26,2.067
2016-01-27,2.072
2016-01-28,2.085
2016-01-29,2.038
2016-02-01,2
2016-02-02,1.993
2016-02-03,1.968
2016-02-04,1.964
2016-02-05,1.975
2016-02-11,1.915
2016-02-12,1.94
2016-02-15,1.955
2016-02-16,1.909
2016-02-17,1.915
2016-02-18,1.93
2016-02-19,1.944
2016-02-22,1.959
2016-02-23,1.96
2016-02-24,1.95
2016-02-25,1.948
2016-02-26,1.938
2016-02-29,1.939
2016-03-02,1.953
2016-03-03,1.986
2016-03-04,2.001
2016-03-07,1.983
2016-03-08,1.966
2016-03-09,1.955
2016-03-10,1.977
2016-03-11,2.027
2016-03-14,2.014
2016-03-15,2.014
2016-03-16,2.023
2016-03-17,1.994
2016-03-18,1.981
2016-03-21,1.974
2016-03-22,1.99
2016-03-23,1.992
2016-03-24,1.981
2016-03-25,1.972
2016-03-28,1.962
2016-03-29,1.934
2016-03-30,1.934
2016-03-31,1.932
2016-04-01,1.932
2016-04-04,1.923
2016-04-05,1.93
2016-04-06,1.934
2016-04-07,1.943
2016-04-08,1.938
2016-04-11,1.938
2016-04-12,1.938
2016-04-14,1.972
2016-04-15,1.965
2016-04-18,1.975
2016-04-19,1.969
2016-04-20,1.941
2016-04-21,1.951
2016-04-22,1.944
2016-04-25,1.929
2016-04-26,1.924
2016-04-27,1.923
2016-04-28,1.914
2016-04-29,1.915
2016-05-02,1.925
2016-05-03,1.909
2016-05-04,1.895
2016-05-09,1.879
2016-05-10,1.877
2016-05-11,1.875
2016-05-12,1.878
2016-05-13,1.892
2016-05-16,1.894
2016-05-17,1.905
2016-05-18,1.92
2016-05-19,1.941
2016-05-20,1.925
2016-05-23,1.924
2016-05-24,1.904
2016-05-25,1.917
2016-05-26,1.92
2016-05-27,1.92
2016-05-30,1.951
2016-05-31,1.949
2016-06-01,1.89
2016-06-02,1.894
2016-06-03,1.876
2016-06-07,1.855
2016-06-08,1.833
2016-06-09,1.8
2016-06-10,1.79
2016-06-13,1.78
2016-06-14,1.803
2016-06-15,1.8
2016-06-16,1.779
2016-06-17,1.793
2016-06-20,1.817
2016-06-21,1.803
2016-06-22,1.815
2016-06-23,1.797
2016-06-24,1.7
2016-06-27,1.68
2016-06-28,1.688
2016-06-29,1.677
2016-06-30,1.689
2016-07-01,1.653
2016-07-04,1.662
2016-07-05,1.657
2016-07-06,1.643
2016-07-07,1.645
2016-07-08,1.648
2016-07-11,1.644
2016-07-12,1.649
2016-07-13,1.646
2016-07-14,1.64
2016-07-15,1.652
2016-07-18,1.661
2016-07-19,1.657
2016-07-20,1.654
2016-07-21,1.665
2016-07-22,1.655
2016-07-25,1.655
2016-07-26,1.65
2016-07-27,1.649
2016-07-28,1.63
2016-07-29,1.642
2016-08-01,1.637
2016-08-02,1.638
2016-08-03,1.658
2016-08-04,1.651
2016-08-05,1.64
2016-08-08,1.658
2016-08-09,1.656
2016-08-10,1.628
2016-08-11,1.632
2016-08-12,1.638
2016-08-16,1.628
2016-08-17,1.641
2016-08-18,1.633
2016-08-19,1.635
2016-08-22,1.638
2016-08-23,1.632
2016-08-24,1.632
2016-08-25,1.637
2016-08-26,1.64
2016-08-29,1.668
2016-08-30,1.671
2016-08-31,1.694
2016-09-01,1.713
2016-09-02,1.708
2016-09-05,1.693
2016-09-06,1.687
2016-09-07,1.666
2016-09-08,1.675
2016-09-09,1.706
2016-09-12,1.735
2016-09-13,1.733
2016-09-19,1.734
2016-09-20,1.728
2016-09-21,1.722
2016-09-22,1.696
2016-09-23,1.7
2016-09-26,1.706
2016-09-27,1.706
2016-09-28,1.704
2016-09-29,1.701
2016-09-30,1.669
2016-10-04,1.694
2016-10-05,1.727
2016-10-06,1.732
2016-10-07,1.737
2016-10-10,1.75
2016-10-11,1.783
2016-10-12,1.774
2016-10-13,1.749
2016-10-14,1.75
2016-10-17,1.78
2016-10-18,1.78
2016-10-19,1.78
2016-10-20,1.781
2016-10-21,1.804
2016-10-24,1.808
2016-10-25,1.824
2016-10-26,1.829
2016-10-27,1.835
2016-10-28,1.856
2016-10-31,1.852
2016-11-01,1.868
2016-11-02,1.854
2016-11-03,1.85
2016-11-04,1.852
2016-11-07,1.848
2016-11-08,1.844
2016-11-09,1.823
2016-11-10,1.884
2016-11-11,1.924
2016-11-14,2.013
2016-11-15,2.025
2016-11-16,2.074
2016-11-17,2.097
2016-11-18,2.132
2016-11-21,2.132
2016-11-22,2.141
2016-11-23,2.172
2016-11-24,2.215
2016-11-25,2.219
2016-11-28,2.18
2016-11-29,2.152
2016-11-30,2.152
2016-12-01,2.175
2016-12-02,2.194
2016-12-05,2.177
2016-12-06,2.189
2016-12-07,2.188
2016-12-08,2.167
2016-12-09,2.187
2016-12-12,2.197
2016-12-13,2.153
2016-12-14,2.125
2016-12-15,2.169
2016-12-16,2.159
2016-12-19,2.164
2016-12-20,2.172
2016-12-21,2.156
2016-12-22,2.14
2016-12-23,2.149
2016-12-26,2.155
2016-12-27,2.147
2016-12-28,2.135
2016-12-29,2.128
2016-12-30,2.128
2017-01-02,2.12
2017-01-03,2.097
2017-01-04,2.095
2017-01-05,2.072
2017-01-06,2.086
2017-01-09,2.115
2017-01-10,2.098
2017-01-11,2.105
2017-01-12,2.075
2017-01-13,2.089
2017-01-16,2.092
2017-01-17,2.083
2017-01-18,2.102
2017-01-19,2.135
2017-01-20,2.117
2017-01-23,2.104
2017-01-24,2.093
2017-01-25,2.111
2017-01-26,2.151
2017-01-31,2.14
2017-02-01,2.151
2017-02-02,2.139
2017-02-03,2.149
2017-02-06,2.126
2017-02-07,2.105
2017-02-08,2.112
2017-02-09,2.109
2017-02-10,2.127
2017-02-13,2.123
2017-02-14,2.113
2017-02-15,2.126
2017-02-16,2.121
2017-02-17,2.121
2017-02-20,2.135
2017-02-21,2.137
2017-02-22,2.155
2017-02-23,2.141
2017-02-24,2.133
2017-02-27,2.129
2017-02-28,2.138
2017-03-02,2.18
2017-03-03,2.182
2017-03-06,2.217
2017-03-07,2.257
2017-03-08,2.256
2017-03-09,2.265
2017-03-10,2.258
2017-03-13,2.248
2017-03-14,2.244
2017-03-15,2.247
2017-03-16,2.196
2017-03-17,2.187
2017-03-20,2.188
2017-03-21,2.187
2017-03-22,2.179
2017-03-23,2.184
2017-03-24,2.199
2017-03-27,2.174
2017-03-28,2.18
2017-03-29,2.179
2017-03-30,2.186
2017-03-31,2.183
2017-04-03,2.184
2017-04-04,2.161
2017-04-05,2.169
2017-04-06,2.192
2017-04-07,2.198
2017-04-10,2.234
2017-04-11,2.205
2017-04-12,2.199
2017-04-13,2.187
2017-04-14,2.19
2017-04-17,2.187
2017-04-18,2.191
2017-04-19,2.185
2017-04-20,2.191
2017-04-21,2.202
2017-04-24,2.22
2017-04-25,2.203
2017-04-26,2.207
2017-04-27,2.199
2017-04-28,2.2
2017-05-02,2.216
2017-05-04,2.206
2017-05-08,2.231
2017-05-10,2.256
2017-05-11,2.252
2017-05-12,2.237
2017-05-15,2.237
2017-05-16,2.24
2017-05-17,2.207
2017-05-18,2.207
2017-05-19,2.195
2017-05-22,2.211
2017-05-23,2.202
2017-05-24,2.216
2017-05-25,2.207
2017-05-26,2.204
2017-05-29,2.202
2017-05-30,2.189
2017-05-31,2.193
2017-06-01,2.179
2017-06-02,2.166
2017-06-05,2.158
2017-06-07,2.157
2017-06-08,2.173
2017-06-09,2.17
2017-06-12,2.225
2017-06-13,2.194
2017-06-14,2.213
2017-06-15,2.212
2017-06-16,2.227
2017-06-19,2.216
2017-06-20,2.218
2017-06-21,2.225
2017-06-22,2.235
2017-06-23,2.223
2017-06-26,2.222
2017-06-27,2.218
2017-06-28,2.246
2017-06-29,2.241
2017-06-30,2.24
2017-07-03,2.256
2017-07-04,2.28
2017-07-05,2.285
2017-07-06,2.29
2017-07-07,2.318
2017-07-10,2.295
2017-07-11,2.3
2017-07-12,2.299
2017-07-13,2.28
2017-07-14,2.285
2017-07-17,2.292
2017-07-18,2.285
2017-07-19,2.285
2017-07-20,2.279
2017-07-21,2.262
2017-07-24,2.259
2017-07-25,2.248
2017-07-26,2.264
2017-07-27,2.25
2017-07-28,2.257
2017-07-31,2.26
2017-08-01,2.271
2017-08-02,2.27
2017-08-03,2.276
2017-08-04,2.279
2017-08-07,2.307
2017-08-08,2.331
2017-08-09,2.363
2017-08-10,2.353
2017-08-11,2.338
2017-08-14,2.338
2017-08-16,2.359
2017-08-17,2.34
2017-08-18,2.323
2017-08-21,2.325
2017-08-22,2.341
2017-08-23,2.336
2017-08-24,2.339
2017-08-25,2.306
2017-08-28,2.308
2017-08-29,2.322
2017-08-30,2.307
2017-08-31,2.304
2017-09-01,2.302
2017-09-04,2.335
2017-09-05,2.333
2017-09-06,2.324
2017-09-07,2.326
2017-09-08,2.301
2017-09-11,2.303
2017-09-12,2.301
2017-09-13,2.291
2017-09-14,2.291
2017-09-15,2.29
2017-09-18,2.294
2017-09-19,2.326
2017-09-20,2.322
2017-09-21,2.329
2017-09-22,2.322
2017-09-25,2.334
2017-09-26,2.375
2017-09-27,2.426
2017-09-28,2.431
2017-09-29,2.429
2017-10-10,2.476
2017-10-11,2.469
2017-10-12,2.443
2017-10-13,2.46
2017-10-16,2.473
2017-10-17,2.489
2017-10-18,2.477
2017-10-19,2.55
2017-10-20,2.63
2017-10-23,2.584
2017-10-24,2.61
2017-10-25,2.648
2017-10-26,2.729
2017-10-27,2.716
2017-10-30,2.697
2017-10-31,2.728
2017-11-01,2.705
2017-11-02,2.688
2017-11-03,2.694
2017-11-06,2.711
2017-11-07,2.695
2017-11-08,2.709
2017-11-09,2.709
2017-11-10,2.72
2017-11-13,2.742
2017-11-14,2.771
2017-11-15,2.739
2017-11-16,2.735
2017-11-17,2.732
2017-11-20,2.713
2017-11-21,2.714
2017-11-22,2.724
2017-11-23,2.696
2017-11-24,2.722
2017-11-27,2.706
2017-11-28,2.676
2017-11-29,2.668
2017-11-30,2.631
2017-12-01,2.637
2017-12-04,2.635
2017-12-05,2.663
2017-12-06,2.637
2017-12-07,2.645
2017-12-08,2.645
2017-12-11,2.64
2017-12-12,2.628
2017-12-13,2.628
2017-12-14,2.628
2017-12-15,2.625
2017-12-18,2.636
2017-12-19,2.643
2017-12-20,2.638
2017-12-21,2.643
2017-12-22,2.678
2017-12-26,2.678
2017-12-27,2.693
2017-12-28,2.678
2017-12-29,2.678
2018-01-02,2.662
2018-01-03,2.664
2018-01-04,2.676
2018-01-05,2.644
2018-01-08,2.671
2018-01-09,2.684
2018-01-10,2.707
2018-01-11,2.69
2018-01-12,2.707
2018-01-15,2.75
2018-01-16,2.745
2018-01-17,2.745
2018-01-18,2.701
2018-01-19,2.701
2018-01-22,2.731
2018-01-23,2.725
2018-01-24,2.731
2018-01-25,2.748
2018-01-26,2.757
2018-01-29,2.81
2018-01-30,2.833
2018-01-31,2.809
2018-02-01,2.789
2018-02-02,2.786
2018-02-05,2.817
2018-02-06,2.788
2018-02-07,2.779
2018-02-08,2.802
2018-02-09,2.808
2018-02-12,2.835
2018-02-13,2.816
2018-02-14,2.807
2018-02-19,2.841
2018-02-20,2.852
2018-02-21,2.845
2018-02-22,2.842
2018-02-23,2.831
2018-02-26,2.813
2018-02-27,2.809
2018-02-28,2.817
2018-03-02,2.84
2018-03-05,2.853
2018-03-06,2.858
2018-03-07,2.845
2018-03-08,2.837
2018-03-09,2.846
2018-03-12,2.857
2018-03-13,2.853
2018-03-14,2.833
2018-03-15,2.827
2018-03-16,2.835
2018-03-19,2.838
2018-03-20,2.848
2018-03-21,2.85
2018-03-22,2.823
2018-03-23,2.797
2018-03-26,2.815
2018-03-27,2.807
2018-03-28,2.796
2018-03-29,2.799
2018-03-30,2.795
2018-04-02,2.802
2018-04-03,2.785
2018-04-04,2.764
2018-04-05,2.777
2018-04-06,2.763
2018-04-09,2.774
2018-04-10,2.785
2018-04-11,2.77
2018-04-12,2.762
2018-04-13,2.764
2018-04-16,2.777
2018-04-17,2.785
2018-04-18,2.795
2018-04-19,2.798
2018-04-20,2.806
2018-04-23,2.837
2018-04-24,2.83
2018-04-25,2.849
2018-04-26,2.835
2018-04-27,2.806
2018-04-30,2.819
2018-05-02,2.839
2018-05-03,2.847
2018-05-04,2.876
2018-05-08,2.901
2018-05-09,2.904
2018-05-10,2.881
2018-05-11,2.891
2018-05-14,2.909
2018-05-15,2.912
2018-05-16,2.892
2018-05-17,2.872
2018-05-18,2.844
2018-05-21,2.863
2018-05-23,2.85
2018-05-24,2.818
2018-05-25,2.823
2018-05-28,2.829
2018-05-29,2.813
2018-05-30,2.817
2018-05-31,2.816
2018-06-01,2.814
2018-06-04,2.834
2018-06-05,2.827
2018-06-07,2.842
2018-06-08,2.818
2018-06-11,2.833
2018-06-12,2.833
2018-06-14,2.846
2018-06-15,2.815
2018-06-18,2.807
2018-06-19,2.795
2018-06-20,2.797
2018-06-21,2.786
2018-06-22,2.788
2018-06-25,2.784
2018-06-26,2.788
2018-06-27,2.767
2018-06-28,2.762
2018-06-29,2.766
2018-07-02,2.766
2018-07-03,2.781
2018-07-04,2.761
2018-07-05,2.742
2018-07-06,2.749
2018-07-09,2.755
2018-07-10,2.745
2018-07-11,2.708
2018-07-12,2.744
2018-07-13,2.755
2018-07-16,2.741
2018-07-17,2.746
2018-07-18,2.74
2018-07-19,2.744
2018-07-20,2.732
2018-07-23,2.735
2018-07-24,2.748
2018-07-25,2.739
2018-07-26,2.732
2018-07-27,2.771
2018-07-30,2.786
2018-07-31,2.781
2018-08-01,2.78
2018-08-02,2.77
2018-08-03,2.765
2018-08-06,2.755
2018-08-07,2.743
2018-08-08,2.732
2018-08-09,2.714
2018-08-10,2.703
2018-08-13,2.711
2018-08-14,2.721
2018-08-16,2.707
2018-08-17,2.659
2018-08-20,2.65
2018-08-21,2.592
2018-08-22,2.626
2018-08-23,2.625
2018-08-24,2.624
2018-08-27,2.581
2018-08-28,2.546
2018-08-29,2.507
2018-08-30,2.5
2018-08-31,2.416
2018-09-03,2.404
2018-09-04,2.386
2018-09-05,2.358
2018-09-06,2.366
2018-09-07,2.365
2018-09-10,2.367
2018-09-11,2.373
2018-09-12,2.343
2018-09-13,2.37
2018-09-14,2.406
2018-09-17,2.413
2018-09-18,2.422
2018-09-19,2.438
2018-09-20,2.476
2018-09-21,2.463
2018-09-27,2.45
2018-09-28,2.449
2018-10-01,2.464
2018-10-02,2.46
2018-10-04,2.506
2018-10-05,2.522
2018-10-08,2.528
2018-10-10,2.497
2018-10-11,2.455
2018-10-12,2.486
2018-10-15,2.485
2018-10-16,2.482
2018-10-17,2.463
2018-10-18,2.423
2018-10-19,2.432
2018-10-22,2.451
2018-10-23,2.432
2018-10-24,2.445
2018-10-25,2.426
2018-10-26,2.413
2018-10-29,2.344
2018-10-30,2.384
2018-10-31,2.393
2018-11-01,2.394
2018-11-02,2.431
2018-11-05,2.432
2018-11-06,2.436
2018-11-07,2.419
2018-11-08,2.42
2018-11-09,2.416
2018-11-12,2.406
2018-11-13,2.402
2018-11-14,2.39
2018-11-15,2.409
2018-11-16,2.411
2018-11-19,2.405
2018-11-20,2.405
2018-11-21,2.409
2018-11-22,2.406
2018-11-23,2.388
2018-11-26,2.388
2018-11-27,2.38
2018-11-28,2.388
2018-11-29,2.36
2018-11-30,2.367
2018-12-03,2.388
2018-12-04,2.382
2018-12-05,2.372
2018-12-06,2.319
2018-12-07,2.313
2018-12-10,2.293
2018-12-11,2.284
2018-12-12,2.292
2018-12-13,2.288
2018-12-14,2.277
2018-12-17,2.283
2018-12-18,2.282
2018-12-19,2.272
2018-12-20,2.283
2018-12-21,2.31
2018-12-24,2.313
2018-12-26,2.279
2018-12-27,2.282
2018-12-28,2.287
2018-12-31,2.287
2019-01-02,2.27
2019-01-03,2.265
2019-01-04,2.259
2019-01-07,2.268
2019-01-08,2.269
2019-01-09,2.27
2019-01-10,2.259
2019-01-11,2.262
2019-01-14,2.257
2019-01-15,2.258
2019-01-16,2.258
2019-01-17,2.255
2019-01-18,2.267
2019-01-21,2.271
2019-01-22,2.255
2019-01-23,2.256
2019-01-24,2.261
2019-01-25,2.261
2019-01-28,2.267
2019-01-29,2.269
2019-01-30,2.272
2019-01-31,2.256
2019-02-01,2.251
2019-02-07,2.249
2019-02-08,2.234
2019-02-11,2.229
2019-02-12,2.242
2019-02-13,2.247
2019-02-14,2.242
2019-02-15,2.231
2019-02-18,2.251
2019-02-19,2.249
2019-02-20,2.252
2019-02-21,2.258
2019-02-22,2.26
2019-02-25,2.265
2019-02-26,2.261
2019-02-27,2.254
2019-02-28,2.261
2019-03-04,2.281
2019-03-05,2.283
2019-03-06,2.278
2019-03-07,2.269
2019-03-08,2.255
2019-03-11,2.261
2019-03-12,2.262
2019-03-13,2.248
2019-03-14,2.246
2019-03-15,2.256
2019-03-18,2.264
2019-03-19,2.262
2019-03-20,2.265
2019-03-21,2.247
2019-03-22,2.254
2019-03-25,2.225
2019-03-26,2.217
2019-03-27,2.187
2019-03-28,2.151
2019-03-29,2.163
2019-04-01,2.197
2019-04-02,2.178
2019-04-03,2.193
2019-04-04,2.194
2019-04-05,2.207
2019-04-08,2.196
2019-04-09,2.197
2019-04-10,2.201
2019-04-11,2.202
2019-04-12,2.204
2019-04-15,2.23
2019-04-16,2.234
2019-04-17,2.249
2019-04-18,2.215
2019-04-19,2.228
2019-04-22,2.241
2019-04-23,2.238
2019-04-24,2.219
2019-04-25,2.195
2019-04-26,2.191
2019-04-29,2.184
2019-04-30,2.171
2019-05-02,2.201
2019-05-03,2.204
2019-05-07,2.189
2019-05-08,2.184
2019-05-09,2.176
2019-05-10,2.187
2019-05-13,2.186
2019-05-14,2.177
2019-05-15,2.175
2019-05-16,2.146
2019-05-17,2.145
2019-05-20,2.157
2019-05-21,2.142
2019-05-22,2.144
2019-05-23,2.131
2019-05-24,2.126
2019-05-27,2.131
2019-05-28,2.13
2019-05-29,2.103
2019-05-30,2.11
2019-05-31,2.075
2019-06-03,2.074
2019-06-04,2.07
2019-06-05,2.05
2019-06-07,2.047
2019-06-10,2.048
2019-06-11,2.053
2019-06-12,1.999
2019-06-13,2.002
2019-06-14,1.989
2019-06-17,2.005
2019-06-18,2.007
2019-06-19,1.995
2019-06-20,1.939
2019-06-21,1.949
2019-06-24,1.949
2019-06-25,1.971
2019-06-26,1.982
2019-06-27,1.984
2019-06-28,1.967
2019-07-01,1.974
2019-07-02,1.958
2019-07-03,1.925
2019-07-04,1.915
2019-07-05,1.923
2019-07-08,1.922
2019-07-09,1.923
2019-07-10,1.938
2019-07-11,1.92
2019-07-12,1.927
2019-07-15,1.937
2019-07-16,1.934
2019-07-17,1.903
2019-07-18,1.85
2019-07-19,1.832
2019-07-22,1.837
2019-07-23,1.843
2019-07-24,1.83
2019-07-25,1.809
2019-07-26,1.817
2019-07-29,1.817
2019-07-30,1.812
2019-07-31,1.803
2019-08-01,1.822
2019-08-02,1.773
2019-08-05,1.693
2019-08-06,1.688
2019-08-07,1.678
2019-08-08,1.691
2019-08-09,1.707
2019-08-12,1.706
2019-08-13,1.678
2019-08-14,1.678
2019-08-16,1.626
2019-08-19,1.628
2019-08-20,1.636
2019-08-21,1.685
2019-08-22,1.658
2019-08-23,1.691
2019-08-26,1.648
2019-08-27,1.695
2019-08-28,1.701
2019-08-29,1.691
2019-08-30,1.693
2019-09-02,1.74
2019-09-03,1.734
2019-09-04,1.741
2019-09-05,1.76
2019-09-06,1.769
2019-09-09,1.742
2019-09-10,1.748
2019-09-11,1.764
2019-09-16,1.85
2019-09-17,1.822
2019-09-18,1.816
2019-09-19,1.835
2019-09-20,1.836
2019-09-23,1.837
2019-09-24,1.829
2019-09-25,1.807
2019-09-26,1.806
2019-09-27,1.806
2019-09-30,1.8
2019-10-01,1.824
2019-10-02,1.806
2019-10-04,1.717
2019-10-07,1.738
2019-10-08,1.766
2019-10-10,1.779
2019-10-11,1.785
2019-10-14,1.787
2019-10-15,1.791
2019-10-16,1.827
2019-10-17,1.879
2019-10-18,1.88
2019-10-21,1.912
2019-10-22,1.885
2019-10-23,1.894
2019-10-24,1.905
2019-10-25,1.943
2019-10-28,2.018
2019-10-29,1.994
2019-10-30,1.981
2019-10-31,1.973
2019-11-01,1.976
2019-11-04,2.053
2019-11-05,2.026
2019-11-06,2.033
2019-11-07,2.048
2019-11-08,2.023
2019-11-11,2.011
2019-11-12,2.064
2019-11-13,2.015
2019-11-14,2.016
2019-11-15,2.019
2019-11-18,2.023
2019-11-19,1.995
2019-11-20,1.965
2019-11-21,1.978
2019-11-22,1.972
2019-11-25,1.988
2019-11-26,1.989
2019-11-27,1.975
2019-11-28,1.957
2019-11-29,1.922
2019-12-02,1.957
2019-12-03,1.986
2019-12-04,1.939
2019-12-05,1.957
2019-12-06,1.969
2019-12-09,1.955
2019-12-10,1.949
2019-12-11,1.942
2019-12-12,1.942
2019-12-13,1.962
2019-12-16,1.935
2019-12-17,1.93
2019-12-18,1.927
2019-12-19,1.949
2019-12-20,1.959
2019-12-23,1.951
2019-12-24,1.945
2019-12-26,1.941
2019-12-27,1.944
2019-12-30,1.937
2019-12-31,1.937
2020-01-02,1.907
2020-01-03,1.858
2020-01-06,1.861
2020-01-07,1.911
2020-01-08,1.939
2020-01-09,1.983
2020-01-10,1.991
2020-01-13,1.989
2020-01-14,1.968
2020-01-15,1.972
2020-01-16,2.001
2020-01-17,2.01
2020-01-20,2.034
2020-01-21,1.986
2020-01-22,2.016
2020-01-23,2.006
2020-01-28,1.94
2020-01-29,1.922
2020-01-30,1.897
2020-01-31,1.899
2020-02-03,1.884
2020-02-04,1.923
2020-02-05,1.901
2020-02-06,1.904
2020-02-07,1.874
2020-02-10,1.886
2020-02-11,1.888
2020-02-12,1.89
2020-02-13,1.873
2020-02-14,1.913
2020-02-17,1.906
2020-02-18,1.863
2020-02-19,1.875
2020-02-20,1.833
2020-02-21,1.782
2020-02-24,1.74
2020-02-25,1.765
2020-02-26,1.734
2020-02-27,1.79
2020-02-28,1.707
2020-03-02,1.728
2020-03-03,1.718
2020-03-04,1.644
2020-03-05,1.666
2020-03-06,1.692
2020-03-09,1.657
2020-03-10,1.708
2020-03-11,1.712
2020-03-12,1.707
2020-03-13,1.81
2020-03-16,1.765
2020-03-17,1.74
2020-03-18,1.77
2020-03-19,1.947
2020-03-20,1.945
2020-03-23,2.01
2020-03-24,2.006
2020-03-25,2.025
2020-03-26,2.035
2020-03-27,2.039
2020-03-30,2.074
2020-03-31,2.077
2020-04-01,2.099
2020-04-02,2.093
2020-04-03,2.1
2020-04-06,2.1
2020-04-07,2.1
2020-04-08,2.097
2020-04-09,2.093
2020-04-10,2.092
2020-04-13,2.12
2020-04-14,2.126
2020-04-16,2.123
2020-04-17,2.148
2020-04-20,2.153
2020-04-21,2.188
2020-04-22,2.203
2020-04-23,2.203
2020-04-24,2.201
2020-04-27,2.215
2020-04-28,2.224
2020-04-29,2.218
2020-05-04,2.203
2020-05-06,2.202
2020-05-07,2.198
2020-05-08,2.182
2020-05-11,2.198
2020-05-12,2.173
2020-05-13,2.155
2020-05-14,2.17
2020-05-15,2.176
2020-05-18,2.188
2020-05-19,2.185
2020-05-20,2.181
2020-05-21,2.177
2020-05-22,2.165
2020-05-25,2.152
2020-05-26,2.176
2020-05-27,2.196
2020-05-28,2.157
2020-05-29,2.158
2020-06-01,2.164
2020-06-02,2.182
2020-06-03,2.199
2020-06-04,2.217
2020-06-05,2.224
2020-06-08,2.227
2020-06-09,2.204
2020-06-10,2.205
2020-06-11,2.204
2020-06-12,2.21
2020-06-15,2.229
2020-06-16,2.225
2020-06-17,2.244
2020-06-18,2.225
2020-06-19,2.23
2020-06-22,2.232
2020-06-23,2.224
2020-06-24,2.221
2020-06-25,2.22
2020-06-26,2.22
2020-06-29,2.246
2020-06-30,2.25
2020-07-01,2.251
2020-07-02,2.235
2020-07-03,2.239
2020-07-06,2.249
2020-07-07,2.236
2020-07-08,2.232
2020-07-09,2.235
2020-07-10,2.237
2020-07-13,2.249
2020-07-14,2.246
2020-07-15,2.241
2020-07-16,2.227
2020-07-17,2.214
2020-07-20,2.205
2020-07-21,2.216
2020-07-22,2.209
2020-07-23,2.194
2020-07-24,2.189
2020-07-27,2.188
2020-07-28,2.194
2020-07-29,2.19
2020-07-30,2.181
2020-07-31,2.177
2020-08-03,2.177
2020-08-04,2.179
2020-08-05,2.168
2020-08-06,2.172
2020-08-07,2.174
2020-08-10,2.191
2020-08-11,2.183
2020-08-12,2.192
2020-08-13,2.184
2020-08-14,2.195
2020-08-18,2.182
2020-08-19,2.177
2020-08-20,2.183
2020-08-21,2.204
2020-08-24,2.185
2020-08-25,2.188
2020-08-26,2.197
2020-08-27,2.212
2020-08-28,2.24
2020-08-31,2.264
2020-09-01,2.291
2020-09-02,2.261
2020-09-03,2.261
2020-09-04,2.268
2020-09-07,2.287
2020-09-08,2.269
2020-09-09,2.244
2020-09-10,2.243
2020-09-11,2.251
2020-09-14,2.247
2020-09-15,2.238
2020-09-16,2.233
2020-09-17,2.236
2020-09-18,2.232
2020-09-21,2.232
2020-09-22,2.228
2020-09-23,2.217
2020-09-24,2.2
2020-09-25,2.2
2020-09-28,2.192
2020-09-29,2.193
2020-10-05,2.221
2020-10-06,2.242
2020-10-07,2.244
2020-10-08,2.241
2020-10-12,2.251
2020-10-13,2.248
2020-10-14,2.237
2020-10-15,2.22
2020-10-16,2.23
2020-10-19,2.229
2020-10-20,2.241
2020-10-21,2.259
2020-10-22,2.246
2020-10-23,2.235
2020-10-26,2.231
2020-10-27,2.239
2020-10-28,2.232
2020-10-29,2.24
2020-10-30,2.247
2020-11-02,2.273
2020-11-03,2.276
2020-11-04,2.257
2020-11-05,2.237
2020-11-06,2.249
2020-11-09,2.254
2020-11-10,2.269
2020-11-11,2.274
2020-11-12,2.256
2020-11-13,2.253
2020-11-16,2.254
2020-11-17,2.25
2020-11-18,2.239
2020-11-19,2.237
2020-11-20,2.234
2020-11-23,2.219
2020-11-24,2.224
2020-11-25,2.233
2020-11-26,2.24
2020-11-27,2.232
2020-11-30,2.235
2020-12-01,2.232
2020-12-02,2.233
2020-12-03,2.226
2020-12-04,2.22
2020-12-07,2.215
2020-12-08,2.211
2020-12-09,2.214
2020-12-10,2.212
2020-12-11,2.215
2020-12-14,2.216
2020-12-15,2.215
2020-12-16,2.221
2020-12-17,2.229
2020-12-18,2.208
2020-12-21,2.201
2020-12-22,2.19
2020-12-23,2.179
2020-12-24,2.196
2020-12-28,2.196
2020-12-29,2.202
2020-12-30,2.208
2020-12-31,2.208
2021-01-04,2.192
2021-01-05,2.173
2021-01-06,2.176
2021-01-07,2.177
2021-01-08,2.178
2021-01-11,2.161
2021-01-12,2.161
2021-01-13,2.158
2021-01-14,2.155
2021-01-15,2.144
2021-01-18,2.137
2021-01-19,2.132
2021-01-20,2.129
2021-01-21,2.122
2021-01-22,2.124
2021-01-25,2.124
2021-01-26,2.122
2021-01-27,2.103
2021-01-28,2.097
2021-01-29,2.092
2021-02-01,2.09
2021-02-02,2.069
2021-02-03,2.064
2021-02-04,2.065
2021-02-05,2.061
2021-02-08,2.07
2021-02-09,2.054
2021-02-10,2.055
2021-02-15,2.056
2021-02-16,2.041
2021-02-17,2.043
2021-02-18,2.039
2021-02-19,2.043
2021-02-22,2.059
2021-02-23,2.054
2021-02-24,2.032
2021-02-25,2.035
2021-02-26,2.054
2021-03-02,2.054
2021-03-03,2.051
2021-03-04,2.058
2021-03-05,2.08
2021-03-08,2.117
2021-03-09,2.159
2021-03-10,2.134
2021-03-11,2.123
2021-03-12,2.149
2021-03-15,2.153
2021-03-16,2.114
2021-03-17,2.115
2021-03-18,2.083
2021-03-19,2.092
2021-03-22,2.079
2021-03-23,2.076
2021-03-24,2.059
2021-03-25,2.045
2021-03-26,2.059
2021-03-29,2.059
2021-03-30,2.078
2021-03-31,2.06
2021-04-01,2.063
2021-04-02,2.067
2021-04-05,2.095
2021-04-06,2.078
2021-04-07,2.073
2021-04-08,2.051
2021-04-09,2.056
2021-04-12,2.031
2021-04-13,2.029
2021-04-14,2.003
2021-04-15,2.027
2021-04-16,2.029
2021-04-19,1.914
2021-04-20,1.918
2021-04-21,1.899
2021-04-22,1.896
2021-04-23,1.907
2021-04-26,1.903
2021-04-27,1.885
2021-04-28,1.89
2021-04-29,1.9
2021-04-30,1.914
2021-05-03,1.917
2021-05-04,1.92
2021-05-06,1.9
2021-05-07,1.9
2021-05-10,1.899
2021-05-11,1.892
2021-05-12,1.888
2021-05-13,1.888
2021-05-14,1.882
2021-05-17,1.872
2021-05-18,1.865
2021-05-20,1.869
2021-05-21,1.861
2021-05-24,1.876
2021-05-25,1.89
2021-05-26,1.902
2021-05-27,1.867
2021-05-28,1.899
2021-05-31,1.945
2021-06-01,1.929
2021-06-02,1.924
2021-06-03,1.911
2021-06-04,1.931
2021-06-07,1.911
2021-06-08,1.891
2021-06-09,1.866
2021-06-10,1.88
2021-06-11,1.872
2021-06-14,1.881
2021-06-15,1.896
2021-06-16,1.879
2021-06-17,1.9
2021-06-18,1.888
2021-06-21,1.906
2021-06-22,1.889
2021-06-23,1.893
2021-06-24,1.929
2021-06-25,1.969
2021-06-28,1.993
2021-06-29,1.977
2021-06-30,1.966
2021-07-01,1.975
2021-07-02,1.984
2021-07-05,1.962
2021-07-06,1.964
2021-07-07,1.915
2021-07-08,1.865
2021-07-09,1.874
2021-07-12,1.877
2021-07-13,1.896
2021-07-14,1.869
2021-07-15,1.938
2021-07-16,1.908
2021-07-19,1.908
2021-07-20,1.864
2021-07-21,1.835
2021-07-22,1.843
2021-07-23,1.841
2021-07-26,1.821
2021-07-27,1.83
2021-07-28,1.853
2021-07-29,1.862
2021-07-30,1.847
2021-08-02,1.858
2021-08-03,1.863
2021-08-04,1.841
2021-08-05,1.836
2021-08-06,1.855
2021-08-09,1.859
2021-08-10,1.855
2021-08-11,1.845
2021-08-12,1.84
2021-08-13,1.834
2021-08-17,1.83
2021-08-18,1.817
2021-08-19,1.79
2021-08-20,1.794
2021-08-23,1.82
2021-08-24,1.862
2021-08-25,1.863
2021-08-26,1.836
2021-08-27,1.842
2021-08-30,1.832
2021-08-31,1.829
2021-09-01,1.848
2021-09-02,1.855
2021-09-03,1.865
2021-09-06,1.881
2021-09-07,1.888
2021-09-08,1.908
2021-09-09,1.921
2021-09-10,1.936
2021-09-13,1.962
2021-09-14,1.975
2021-09-15,1.942
2021-09-16,1.958
2021-09-17,1.978
2021-09-23,1.996
2021-09-24,2.017
2021-09-27,2.015
2021-09-28,2.061
2021-09-29,2.057
2021-09-30,2.049
2021-10-01,2.087
2021-10-05,2.101
2021-10-06,2.171
2021-10-07,2.158
2021-10-08,2.156
2021-10-12,2.262
2021-10-13,2.27
2021-10-14,2.261
2021-10-15,2.249
2021-10-18,2.333
2021-10-19,2.325
2021-10-20,2.318
2021-10-21,2.31
2021-10-22,2.362
2021-10-25,2.387
2021-10-26,2.423
2021-10-27,2.506
2021-10-28,2.487
2021-10-29,2.573
2021-11-01,2.58
2021-11-02,2.542
2021-11-03,2.539
2021-11-04,2.544
2021-11-05,2.468
2021-11-08,2.438
2021-11-09,2.403
2021-11-10,2.417
2021-11-11,2.453
2021-11-12,2.499
2021-11-15,2.457
2021-11-16,2.505
2021-11-17,2.517
2021-11-18,2.501
2021-11-19,2.513
2021-11-22,2.563
2021-11-23,2.582
2021-11-24,2.569
2021-11-25,2.499
2021-11-26,2.433
2021-11-29,2.418
2021-11-30,2.373
2021-12-01,2.385
2021-12-02,2.406
2021-12-03,2.464
2021-12-06,2.436
2021-12-07,2.446
2021-12-08,2.409
2021-12-09,2.385
2021-12-10,2.399
2021-12-13,2.402
2021-12-14,2.402
2021-12-15,2.43
2021-12-16,2.398
2021-12-17,2.398
2021-12-20,2.372
2021-12-21,2.355
2021-12-22,2.392
2021-12-23,2.441
2021-12-24,2.438
2021-12-27,2.411
2021-12-28,2.417
2021-12-29,2.409
2021-12-30,2.417
2021-12-31,2.415
2022-01-03,2.46
2022-01-04,2.474
2022-01-05,2.506
2022-01-06,2.59
2022-01-07,2.593
2022-01-10,2.624
2022-01-11,2.611
2022-01-12,2.576
2022-01-13,2.537
2022-01-14,2.6
2022-01-17,2.699
2022-01-18,2.685
2022-01-19,2.645
2022-01-20,2.684
2022-01-21,2.693
2022-01-24,2.675
2022-01-25,2.725
2022-01-26,2.713
2022-01-27,2.781
2022-01-28,2.765
2022-02-03,2.733
2022-02-04,2.771
2022-02-07,2.815
2022-02-08,2.867
2022-02-09,2.857
2022-02-10,2.85
2022-02-11,2.921
2022-02-14,2.926
2022-02-15,2.928
2022-02-16,2.913
2022-02-17,2.895
2022-02-18,2.916
2022-02-21,2.949
2022-02-22,2.916
2022-02-23,2.913
2022-02-24,2.83
2022-02-25,2.854
2022-02-28,2.855
2022-03-02,2.813
2022-03-03,2.835
2022-03-04,2.848
2022-03-07,2.922
2022-03-08,2.931
2022-03-10,2.933
2022-03-11,2.92
2022-03-14,2.947
2022-03-15,2.965
2022-03-16,2.948
2022-03-17,2.902
2022-03-18,2.911
2022-03-21,2.944
2022-03-22,3.045
2022-03-23,3.073
2022-03-24,3.104
2022-03-25,3.163
2022-03-28,3.394
2022-03-29,3.361
2022-03-30,3.291
2022-03-31,3.34
2022-04-01,3.458
2022-04-04,3.499
2022-04-05,3.542
2022-04-06,3.592
2022-04-07,3.562
2022-04-08,3.636
2022-04-11,3.813
2022-04-12,3.774
2022-04-13,3.688
2022-04-14,3.583
2022-04-15,3.64
2022-04-18,3.689
2022-04-19,3.671
2022-04-20,3.662
2022-04-21,3.647
2022-04-22,3.688
2022-04-25,3.602
2022-04-26,3.584
2022-04-27,3.595
2022-04-28,3.636
2022-04-29,3.68
2022-05-02,3.794
2022-05-03,3.855
2022-05-04,3.887
2022-05-06,3.873
2022-05-09,3.8
2022-05-10,3.783
2022-05-11,3.691
2022-05-12,3.657
2022-05-13,3.673
2022-05-16,3.781
2022-05-17,3.784
2022-05-18,3.832
2022-05-19,3.821
2022-05-20,3.784
2022-05-23,3.796
2022-05-24,3.742
2022-05-25,3.72
2022-05-26,3.733
2022-05-27,3.728
2022-05-30,3.724
2022-05-31,3.807
2022-06-02,3.897
2022-06-03,3.896
2022-06-07,4.001
2022-06-08,3.982
2022-06-09,3.958
2022-06-10,3.996
2022-06-13,4.222
2022-06-14,4.27
2022-06-15,4.371
2022-06-16,4.437
2022-06-17,4.468
2022-06-20,4.414
2022-06-21,4.402
2022-06-22,4.275
2022-06-23,4.363
2022-06-24,4.297
2022-06-27,4.344
2022-06-28,4.339
2022-06-29,4.359
2022-06-30,4.361
2022-07-01,4.257
2022-07-04,4.247
2022-07-05,4.128
2022-07-06,4.086
2022-07-07,4.113
2022-07-08,4.186
2022-07-11,4.198
2022-07-12,4.158
2022-07-13,4.094
2022-07-14,4.139
2022-07-15,4.091
2022-07-18,4.104
2022-07-19,4.092
2022-07-20,4.197
2022-07-21,4.202
2022-07-22,4.135
2022-07-25,4.082
2022-07-26,4.063
2022-07-27,4.033
2022-07-28,4.082
2022-07-29,3.969
2022-08-01,4.043
2022-08-02,3.983
2022-08-03,4.045
2022-08-04,4.091
2022-08-05,4.056
2022-08-08,4.113
2022-08-09,4.119
2022-08-10,4.133
2022-08-11,4.111
2022-08-12,4.159
2022-08-16,4.057
2022-08-17,4.076
2022-08-18,4.114
2022-08-19,4.186
2022-08-22,4.235
2022-08-23,4.27
2022-08-24,4.298
2022-08-25,4.507
2022-08-26,4.499
2022-08-29,4.621
2022-08-30,4.618
2022-08-31,4.658
2022-09-01,4.747
2022-09-02,4.655
2022-09-05,4.596
2022-09-06,4.662
2022-09-07,4.668
2022-09-08,4.541
2022-09-13,4.525
2022-09-14,4.579
2022-09-15,4.759
2022-09-16,4.758
2022-09-19,4.751
2022-09-20,4.806
2022-09-21,4.843
2022-09-22,5.092
2022-09-23,5.189
2022-09-26,5.528
2022-09-27,5.308
2022-09-28,5.342
2022-09-29,5.378
2022-09-30,5.28
2022-10-04,5.175
2022-10-05,5.242
2022-10-06,5.231
2022-10-07,5.358
2022-10-11,5.436
2022-10-12,5.21
2022-10-13,5.31
2022-10-14,5.32
2022-10-17,5.373
2022-10-18,5.408
2022-10-19,5.533
2022-10-20,5.588
2022-10-21,5.736
2022-10-24,5.592
2022-10-25,5.528
2022-10-26,5.553
2022-10-27,5.62
2022-10-28,5.487
2022-10-31,5.58
2022-11-01,5.486
2022-11-02,5.533
2022-11-03,5.616
2022-11-04,5.591
2022-11-07,5.662
2022-11-08,5.642
2022-11-09,5.594
2022-11-10,5.551
2022-11-11,5.361
2022-11-14,5.42
2022-11-15,5.346
2022-11-16,5.416
2022-11-17,5.427
2022-11-18,5.429
2022-11-21,5.492
2022-11-22,5.516
2022-11-23,5.536
2022-11-24,5.402
2022-11-25,5.376
2022-11-28,5.405
2022-11-29,5.468
2022-11-30,5.445
2022-12-01,5.422
2022-12-02,5.386
2022-12-05,5.37
2022-12-06,5.387
2022-12-07,5.411
2022-12-08,5.412
2022-12-09,5.391
2022-12-12,5.383
2022-12-13,5.374
2022-12-14,5.272
2022-12-15,5.263
2022-12-16,5.227
2022-12-19,5.217
2022-12-20,5.333
2022-12-21,5.272
2022-12-22,5.192
2022-12-23,5.215
2022-12-26,5.235
2022-12-27,5.219
2022-12-28,5.203
2022-12-29,5.238
2022-12-30,5.231
2023-01-02,5.262
2023-01-03,5.131
2023-01-04,5.078
2023-01-05,5.06
2023-01-06,5.062
2023-01-09,4.93
2023-01-10,4.887
2023-01-11,4.784
2023-01-12,4.73
2023-01-13,4.62
2023-01-16,4.661
2023-01-17,4.677
2023-01-18,4.56
2023-01-19,4.403
2023-01-20,4.453
2023-01-25,4.4
2023-01-26,4.361
2023-01-27,4.364
2023-01-30,4.31
2023-01-31,4.344
2023-02-01,4.268
2023-02-02,4.177
2023-02-03,4.081
2023-02-06,4.237
2023-02-07,4.244
2023-02-08,4.244
2023-02-09,4.254
2023-02-10,4.231
2023-02-13,4.252
2023-02-14,4.207
2023-02-15,4.255
2023-02-16,4.239
2023-02-17,4.345
2023-02-20,4.369
2023-02-21,4.324
2023-02-22,4.342
2023-02-23,4.311
2023-02-24,4.255
2023-02-27,4.366
2023-02-28,4.484
2023-03-02,4.558
2023-03-03,4.471
2023-03-06,4.458
2023-03-07,4.41
2023-03-08,4.534
2023-03-09,4.54
2023-03-10,4.396
2023-03-13,4.149
2023-03-14,4.085
2023-03-15,4.169
2023-03-16,4.098
2023-03-17,4.11
2023-03-20,3.986
2023-03-21,4.016
2023-03-22,4.014
2023-03-23,3.97
2023-03-24,3.928
2023-03-27,3.989
2023-03-28,4.029
2023-03-29,4.027
2023-03-30,4.035
2023-03-31,4.074
2023-04-03,4.139
2023-04-04,4.081
2023-04-05,4.072
2023-04-06,4.022
2023-04-07,4.049
2023-04-10,4.004
2023-04-11,4.041
2023-04-12,4.042
2023-04-13,4.009
2023-04-14,4.022
2023-04-17,4.092
2023-04-18,4.101
2023-04-19,4.146
2023-04-20,4.146
2023-04-21,4.083
2023-04-24,4.051
2023-04-25,4.076
2023-04-26,4.069
2023-04-27,4.094
2023-04-28,4.105
2023-05-02,4.14
2023-05-03,4.094
2023-05-04,4.03
2023-05-08,4.079
2023-05-09,4.069
2023-05-10,4.086
2023-05-11,4.032
2023-05-12,4.035
2023-05-15,4.089
2023-05-16,4.056
2023-05-17,4.084
2023-05-18,4.123
2023-05-19,4.148
2023-05-22,4.127
2023-05-23,4.181
2023-05-24,4.183
2023-05-25,4.28
2023-05-26,4.328
2023-05-30,4.359
2023-05-31,4.262
2023-06-01,4.285
2023-06-02,4.244
2023-06-05,4.307
2023-06-07,4.273
2023-06-08,4.344
2023-06-09,4.309
2023-06-12,4.302
2023-06-13,4.297
2023-06-14,4.356
2023-06-15,4.437
2023-06-16,4.395
2023-06-19,4.39
2023-06-20,4.38
2023-06-21,4.378
2023-06-22,4.4
2023-06-23,4.419
2023-06-26,4.375
2023-06-27,4.348
2023-06-28,4.365
2023-06-29,4.391
2023-06-30,4.473
2023-07-03,4.421
2023-07-04,4.429
2023-07-05,4.425
2023-07-06,4.475
2023-07-07,4.534
2023-07-10,4.594
2023-07-11,4.502
2023-07-12,4.512
2023-07-13,4.408
2023-07-14,4.42
2023-07-17,4.414
2023-07-18,4.398
2023-07-19,4.341
2023-07-20,4.379
2023-07-21,4.399
2023-07-24,4.41
2023-07-25,4.435
2023-07-26,4.413
2023-07-27,4.374
2023-07-28,4.423
2023-07-31,4.467
2023-08-01,4.435
2023-08-02,4.466
2023-08-03,4.496
2023-08-04,4.519
2023-08-07,4.468
2023-08-08,4.424
2023-08-09,4.448
2023-08-10,4.464
2023-08-11,4.475
2023-08-14,4.52
2023-08-16,4.488
2023-08-17,4.561
2023-08-18,4.501
2023-08-21,4.563
2023-08-22,4.569
2023-08-23,4.536
2023-08-24,4.524
2023-08-25,4.554
2023-08-28,4.524
2023-08-29,4.503
2023-08-30,4.496
2023-08-31,4.473
2023-09-01,4.447
2023-09-04,4.498
2023-09-05,4.527
2023-09-06,4.521
2023-09-07,4.599
2023-09-08,4.552
2023-09-11,4.622
2023-09-12,4.621
2023-09-13,4.617
2023-09-14,4.596
2023-09-15,4.608
2023-09-18,4.648
2023-09-19,4.641
2023-09-20,4.645
2023-09-21,4.689
2023-09-22,4.65
2023-09-25,4.64
2023-09-26,4.654
2023-09-27,4.658
2023-10-04,4.871
2023-10-05,4.855
2023-10-06,4.796
2023-10-10,4.777
2023-10-11,4.735
2023-10-12,4.719
2023-10-13,4.748
2023-10-16,4.769
2023-10-17,4.787
2023-10-18,4.83
2023-10-19,4.872
2023-10-20,4.838
2023-10-23,4.861
2023-10-24,4.81
2023-10-25,4.844
2023-10-26,4.906
2023-10-27,4.884
2023-10-30,4.905
2023-10-31,4.908
2023-11-01,4.9
2023-11-02,4.811
2023-11-03,4.789
2023-11-06,4.721
2023-11-07,4.731
2023-11-08,4.715
2023-11-09,4.695
2023-11-10,4.711
2023-11-13,4.727
2023-11-14,4.704
2023-11-15,4.591
2023-11-16,4.541
2023-11-17,4.504
2023-11-20,4.469
2023-11-21,4.436
2023-11-22,4.45
2023-11-23,4.418
2023-11-24,4.443
2023-11-27,4.448
2023-11-28,4.397
2023-11-29,4.297
2023-11-30,4.319
2023-12-01,4.309
2023-12-04,4.252
2023-12-05,4.197
2023-12-06,4.17
2023-12-07,4.211
2023-12-08,4.167
2023-12-11,4.196
2023-12-12,4.171
2023-12-13,4.186
2023-12-14,3.98
2023-12-15,4.01
2023-12-18,4.005
2023-12-19,4.022
2023-12-20,3.975
2023-12-21,3.975
2023-12-22,3.972
2023-12-26,3.962
2023-12-27,3.958
2023-12-28,3.898
2023-12-29,3.898
2024-01-02,3.98
2024-01-03,4.017
2024-01-04,3.977
2024-01-05,4.032
2024-01-08,4.045
2024-01-09,4.004
2024-01-10,4.017
2024-01-11,3.976
2024-01-12,3.953
2024-01-15,3.939
2024-01-16,3.982
2024-01-17,4.025
2024-01-18,4.034
2024-01-19,4.058
2024-01-22,4.03
2024-01-23,4.041
2024-01-24,4.051
2024-01-25,4.061
2024-01-26,4.01
2024-01-29,4.051
2024-01-30,4.009
2024-01-31,4.002
2024-02-01,4.001
2024-02-02,3.982
2024-02-05,4.047
2024-02-06,4.028
2024-02-07,4.019
2024-02-08,4.034
2024-02-13,4.074
2024-02-14,4.141
2024-02-15,4.117
2024-02-16,4.115
2024-02-19,4.102
2024-02-20,4.105
2024-02-21,4.09
2024-02-22,4.023
2024-02-23,4.045
2024-02-26,4.005
2024-02-27,4.025
2024-02-28,4.015
2024-02-29,4.037
2024-03-04,4.008
2024-03-05,3.992
2024-03-06,3.962
2024-03-07,3.959
2024-03-08,3.91
2024-03-11,3.914
2024-03-12,3.917
2024-03-13,3.899
2024-03-14,3.922
2024-03-15,3.953
2024-03-18,3.993
2024-03-19,4.022
2024-03-20,4.006
2024-03-21,3.942
2024-03-22,3.918
2024-03-25,3.915
2024-03-26,3.923
2024-03-27,3.903
2024-03-28,3.903
2024-03-29,3.926
2024-04-01,3.896
2024-04-02,3.926
2024-04-03,3.927
2024-04-04,3.919
2024-04-05,3.902
2024-04-08,3.945
2024-04-09,3.953
2024-04-11,4.016
2024-04-12,3.961
2024-04-15,3.983
2024-04-16,4.01
2024-04-17,4.007
2024-04-18,3.96
2024-04-19,3.982
2024-04-22,4.019
2024-04-23,3.992
2024-04-24,4.004
2024-04-25,4.029
2024-04-26,4.012
2024-04-29,4.024
2024-04-30,3.995
2024-05-02,3.972
2024-05-03,3.958
2024-05-07,3.912
2024-05-08,3.901
2024-05-09,3.913
2024-05-10,3.894
2024-05-13,3.904
2024-05-14,3.9
2024-05-16,3.82
2024-05-17,3.825
2024-05-20,3.853
2024-05-21,3.853
2024-05-22,3.848
2024-05-23,3.84
2024-05-24,3.861
2024-05-27,3.851
2024-05-28,3.828
2024-05-29,3.855
2024-05-30,3.867
2024-05-31,3.871
2024-06-03,3.853
2024-06-04,3.81
2024-06-05,3.771
2024-06-07,3.736
2024-06-10,3.782
2024-06-11,3.775
2024-06-12,3.745
2024-06-13,3.718
2024-06-14,3.694
2024-06-17,3.662
2024-06-18,3.666
2024-06-19,3.62
2024-06-20,3.648
2024-06-21,3.637
2024-06-24,3.656
2024-06-25,3.662
2024-06-26,3.676
2024-06-27,3.684
2024-06-28,3.658
2024-07-01,3.681
2024-07-02,3.634
2024-07-03,3.624
2024-07-04,3.591
2024-07-05,3.582
2024-07-08,3.58
2024-07-09,3.572
2024-07-10,3.576
2024-07-11,3.614
2024-07-12,3.552
2024-07-15,3.538
2024-07-16,3.496
2024-07-17,3.509
2024-07-18,3.513
2024-07-19,3.525
2024-07-22,3.522
2024-07-23,3.533
2024-07-24,3.509
2024-07-25,3.484
2024-07-26,3.482
2024-07-29,3.434
2024-07-30,3.451
2024-07-31,3.459
2024-08-01,3.431
2024-08-02,3.394
2024-08-05,3.271
2024-08-06,3.398
2024-08-07,3.397
2024-08-08,3.38
2024-08-09,3.409
2024-08-12,3.421
2024-08-13,3.395
2024-08-14,3.37
2024-08-16,3.415
2024-08-19,3.424
2024-08-20,3.442
2024-08-21,3.439
2024-08-22,3.422
2024-08-23,3.439
2024-08-26,3.414
2024-08-27,3.465
2024-08-28,3.456
2024-08-29,3.484
2024-08-30,3.503
2024-09-02,3.542
2024-09-03,3.545
2024-09-04,3.497
2024-09-05,3.48
2024-09-06,3.46
2024-09-09,3.471
2024-09-10,3.451
2024-09-11,3.406
2024-09-12,3.449
2024-09-13,3.41
2024-09-19,3.432
2024-09-20,3.426
2024-09-23,3.449
2024-09-24,3.439
2024-09-25,3.401
2024-09-26,3.395
2024-09-27,3.409
2024-09-30,3.397
2024-10-02,3.37
2024-10-04,3.415
2024-10-07,3.546
2024-10-08,3.517
2024-10-10,3.542
2024-10-11,3.523
2024-10-14,3.509
2024-10-15,3.475
2024-10-16,3.452
2024-10-17,3.467
2024-10-18,3.48
2024-10-21,3.471
2024-10-22,3.512
2024-10-23,3.508
2024-10-24,3.46
2024-10-25,3.451
2024-10-28,3.503
2024-10-29,3.504
2024-10-30,3.502
2024-10-31,3.503
2024-11-01,3.507
2024-11-04,3.507
2024-11-05,3.491
2024-11-06,3.529
2024-11-07,3.492
2024-11-08,3.461
2024-11-11,3.471
2024-11-12,3.467
2024-11-13,3.501
2024-11-14,3.492
2024-11-15,3.506
2024-11-18,3.482
2024-11-19,3.457
2024-11-20,3.438
2024-11-21,3.396
2024-11-22,3.385
2024-11-25,3.342
2024-11-26,3.343
2024-11-27,3.316
2024-11-28,3.22
2024-11-29,3.194
2024-12-02,3.156
2024-12-03,3.169
2024-12-04,3.21
2024-12-05,3.194
2024-12-06,3.212
2024-12-09,3.173
2024-12-10,3.175
2024-12-11,3.188
2024-12-12,3.2
2024-12-13,3.197
2024-12-16,3.212
2024-12-17,3.279
2024-12-18,3.203
2024-12-19,3.275
2024-12-20,3.3
2024-12-23,3.292
2024-12-24,3.308
2024-12-26,3.33
2024-12-27,3.321
2024-12-30,3.285
2024-12-31,3.284
2025-01-02,3.197
2025-01-03,3.17
2025-01-06,3.202
2025-01-07,3.187
2025-01-08,3.182
2025-01-09,3.174
2025-01-10,3.22
2025-01-13,3.306
2025-01-14,3.292
2025-01-15,3.315
2025-01-16,3.276
2025-01-17,3.241
2025-01-20,3.268
2025-01-21,3.227
2025-01-22,3.227
2025-01-23,3.218
2025-01-24,3.21
2025-01-31,3.204
2025-02-03,3.196
2025-02-04,3.208
2025-02-05,3.198
2025-02-06,3.196
2025-02-07,3.242
2025-02-10,3.239
2025-02-11,3.228
2025-02-12,3.238
2025-02-13,3.227
2025-02-14,3.208
2025-02-17,3.215
2025-02-18,3.224
2025-02-19,3.214
2025-02-20,3.212
2025-02-21,3.2
2025-02-24,3.191
2025-02-25,3.178
2025-02-26,3.168
2025-02-27,3.172
2025-02-28,3.157
2025-03-04,3.132
2025-03-05,3.151
2025-03-06,3.174
2025-03-07,3.144
2025-03-10,3.166
2025-03-11,3.131
2025-03-12,3.127
2025-03-13,3.138
2025-03-14,3.161
2025-03-17,3.171
2025-03-18,3.168
2025-03-19,3.184
2025-03-20,3.168
2025-03-21,3.165
2025-03-24,3.171
2025-03-25,3.179
2025-03-26,3.187
2025-03-27,3.182
2025-03-28,3.184
2025-03-31,3.14
2025-04-01,3.153
2025-04-02,3.151
2025-04-03,3.101
2025-04-04,3.035
2025-04-07,2.986
2025-04-08,2.995
2025-04-09,3.01
2025-04-10,3.017
2025-04-11,2.996
2025-04-14,2.998
2025-04-15,2.984
2025-04-16,2.941
2025-04-17,2.968
2025-04-18,2.942
2025-04-21,2.918
2025-04-22,2.923
2025-04-23,2.927
2025-04-24,2.93
2025-04-25,2.901
2025-04-28,2.909
2025-04-29,2.903
2025-04-30,2.868
2025-05-02,2.872
2025-05-07,2.846
2025-05-08,2.867
2025-05-09,2.91
2025-05-12,2.91
2025-05-13,2.939
2025-05-14,2.924
2025-05-15,2.931
2025-05-16,2.896
2025-05-19,2.935
2025-05-20,2.907
2025-05-21,2.921
2025-05-22,2.917
2025-05-23,2.921
2025-05-26,2.926
2025-05-27,2.913
2025-05-28,2.893
2025-05-29,2.914
2025-05-30,2.917
2025-06-02,2.916
2025-06-04,2.982
2025-06-05,2.973
2025-06-09,2.96
2025-06-10,2.955
2025-06-11,2.974
2025-06-12,2.972
2025-06-13,2.997
2025-06-16,3.016
2025-06-17,2.986
2025-06-18,3
2025-06-19,3.005
2025-06-20,2.996
2025-06-23,3.019
2025-06-24,2.983
2025-06-25,2.981
2025-06-26,2.969
2025-06-27,2.967
2025-06-30,2.963
2025-07-01,2.959
2025-07-02,2.981
2025-07-03,2.952
2025-07-04,2.965
2025-07-07,2.973
2025-07-08,2.968
2025-07-09,2.967
2025-07-10,2.928
2025-07-11,2.938
2025-07-14,2.959
2025-07-15,2.953
2025-07-16,2.95
2025-07-17,2.968
2025-07-18,2.961
2025-07-21,2.948
2025-07-22,2.952
2025-07-23,2.95
2025-07-24,2.96
2025-07-25,2.974
2025-07-28,2.958
2025-07-29,2.952
2025-07-30,2.946
2025-07-31,2.952
2025-08-01,2.97
2025-08-04,2.917
2025-08-05,2.917
2025-08-06,2.918
2025-08-07,2.901
2025-08-08,2.902
2025-08-11,2.909
2025-08-12,2.917
2025-08-13,2.907
2025-08-14,2.896
2025-08-18,2.912
2025-08-19,2.924
2025-08-20,2.923
2025-08-21,2.921
2025-08-22,2.932
2025-08-25,2.915
2025-08-26,2.902
2025-08-27,2.887
2025-08-28,2.898
2025-08-29,2.906
2025-09-01,2.913
2025-09-02,2.924
2025-09-03,2.946
2025-09-04,2.943
2025-09-05,2.931
2025-09-08,2.918
2025-09-09,2.898
2025-09-10,2.902
2025-09-11,2.892
2025-09-12,2.901
2025-09-15,2.909
2025-09-16,2.885
2025-09-17,2.881
2025-09-18,2.868
2025-09-19,2.898
2025-09-22,2.912
2025-09-23,2.912
2025-09-24,2.935
2025-09-25,2.969
2025-09-26,3.001
2025-09-29,3.004
2025-09-30,3.022
2025-10-01,3.033
2025-10-02,3.019
2025-10-10,3.026
2025-10-13,2.995
2025-10-14,2.975
2025-10-15,2.966
2025-10-16,3.004
2025-10-17,2.99
2025-10-20,3.004
2025-10-21,3.024
2025-10-22,2.999
2025-10-23,3.027
2025-10-24,3.013
2025-10-27,3.036
2025-10-28,3.047
2025-10-29,3.085
2025-10-30,3.135
2025-10-31,3.122
2025-11-03,3.147
2025-11-04,3.136
2025-11-05,3.169
2025-11-06,3.232
2025-11-07,3.286
2025-11-10,3.261
2025-11-11,3.236
2025-11-12,3.331
2025-11-13,3.345
2025-11-14,3.365
2025-11-17,3.342
2025-11-18,3.309
2025-11-19,3.308
2025-11-20,3.34
2025-11-21,3.308
2025-11-24,3.338
2025-11-25,3.334
2025-11-26,3.328
2025-11-27,3.446
2025-11-28,3.428
2025-12-01,3.481
2025-12-02,3.463
2025-12-03,3.484
2025-12-04,3.474
2025-12-05,3.453
2025-12-08,3.492
2025-12-09,3.545
2025-12-10,3.574
2025-12-11,3.585
2025-12-12,3.582
2025-12-15,3.499
2025-12-16,3.507
2025-12-17,3.507
2025-12-18,3.484
2025-12-19,3.523
2025-12-22,3.513
2025-12-23,3.5
2025-12-24,3.475
2025-12-26,3.489
2025-12-29,3.47
2025-12-30,3.476
2025-12-31,3.476
2026-01-02,3.459
2026-01-05,3.457
2026-01-06,3.46
2026-01-07,3.423
2026-01-08,3.418
2026-01-09,3.445
2026-01-12,3.469
2026-01-13,3.486
2026-01-14,3.481
2026-01-15,3.565
2026-01-16,3.56
2026-01-19,3.599
2026-01-20,3.653
2026-01-21,3.624
2026-01-22,3.615
2026-01-23,3.644
2026-01-26,3.611
2026-01-27,3.607
2026-01-28,3.589
2026-01-29,3.626
2026-01-30,3.658
2026-02-02,3.668
2026-02-03,3.708
2026-02-04,3.731
2026-02-05,3.724
2026-02-06,3.755
2026-02-09,3.787
2026-02-10,3.759
2026-02-11,3.746
2026-02-12,3.716
2026-02-13,3.705
2026-02-19,3.735
2026-02-20,3.718
2026-02-23,3.725
2026-02-24,3.73
2026-02-25,3.705
2026-02-26,3.653
2026-02-27,3.637
2026-03-03,3.769
2026-03-04,3.8
2026-03-05,3.777
2026-03-06,3.815
2026-03-09,3.997
2026-03-10,3.874
2026-03-11,3.845
2026-03-12,3.866
2026-03-13,3.919
2026-03-16,3.887
2026-03-17,3.906
2026-03-18,3.855
2026-03-19,3.915
2026-03-20,3.991
2026-03-23,4.197
2026-03-24,4.121
2026-03-25,4.158
2026-03-26,4.156
2026-03-27,4.182
2026-03-30,4.157
2026-03-31,4.166
2026-04-01,4.011
2026-04-02,4.114
2026-04-03,4.093
2026-04-06,4.081
2026-04-07,4.107
2026-04-08,3.973
2026-04-09,3.999
2026-04-10,4.018
2026-04-13,4.043
2026-04-14,4.005
2026-04-15,3.995
2026-04-16,4.005
2026-04-17,4.037
2026-04-20,4.016
2026-04-21,3.994
2026-04-22,4.028
2026-04-23,4.107
2026-04-24,4.145
2026-04-27,4.147
2026-04-28,4.182
2026-04-29,4.185
2026-04-30,4.248
2026-05-04,4.268
2026-05-06,4.249
2026-05-07,4.199
2026-05-08,4.218
2026-05-11,4.245
2026-05-12,4.311
2026-05-13,4.273
2026-05-14,4.284
2026-05-15,4.391
2026-05-18,4.381
2026-05-19,4.377
2026-05-20,4.386
2026-05-21,4.381
2026-05-22,4.361
2026-05-26,4.295
2026-05-27,4.336
2026-05-28,4.384
2026-05-29,4.353
2026-06-01,4.41
2026-06-02,4.397
2026-06-04,4.48
2026-06-05,4.501
2026-06-08,4.565
2026-06-09,4.492
2026-06-10,4.499
2026-06-11,4.515
2026-06-12,4.433
2026-06-15,4.373
2026-06-16,4.348
2026-06-17,4.345
2026-06-18,4.381
2026-06-19,4.419
2026-06-22,4.442
2026-06-23,4.417
2026-06-24,4.428
2026-06-25,4.403
2026-06-26,4.38
2026-06-29,4.396
2026-06-30,4.375
2026-07-01,4.466
2026-07-02,4.431
2026-07-03,4.433
2026-07-06,4.459
2026-07-07,4.472
2026-07-08,4.473
2026-07-09,4.478
2026-07-10,4.466
2026-07-13,4.506
2026-07-14,4.582
2026-07-15,4.563
2026-07-16,4.544
2026-07-20,4.59
2026-07-21,4.571
2026-07-22,4.604
2026-07-23,4.609
2026-07-24,4.653
2026-07-27,4.576
2026-07-28,4.545
2026-07-29,4.512
2026-07-30,4.541
2026-07-31,4.478
2026-08-03,4.462
2026-08-04,4.458
2026-08-05,4.392
2026-08-06,4.445
2026-08-07,4.448
2026-08-10,4.476
2026-08-11,4.504
2026-08-12,4.496
2026-08-13,4.488
2026-08-14,4.492
2026-08-18,4.542
2026-08-19,4.497
2026-08-20,4.504
2026-08-21,4.542
2026-08-24,4.52
2026-08-25,4.516
2026-08-26,4.5
2026-08-27,4.448
