date,value
1995-01-03,15.37
1995-01-04,15.37
1995-01-05,15.37
1995-01-06,15.37
1995-01-07,15.37
1995-01-09,15.58
1995-01-10,15.58
1995-01-11,15.69
1995-01-12,16.12
1995-01-13,16.56
1995-01-14,16.56
1995-01-16,17.21
1995-01-17,16.66
1995-01-18,16.66
1995-01-19,16.66
1995-01-20,16.88
1995-01-21,16.88
1995-01-23,17.1
1995-01-24,17.75
1995-01-25,18.3
1995-01-26,18.41
1995-01-27,18.41
1995-01-28,18.41
1995-02-02,18.52
1995-02-03,18.52
1995-02-04,18.52
1995-02-06,18.3
1995-02-07,18.3
1995-02-08,18.52
1995-02-09,18.52
1995-02-10,18.19
1995-02-11,18.19
1995-02-13,18.19
1995-02-14,18.08
1995-02-15,18.08
1995-02-16,18.08
1995-02-17,17.97
1995-02-18,17.97
1995-02-20,17.86
1995-02-21,17.75
1995-02-22,17.75
1995-02-23,17.75
1995-02-24,17.53
1995-02-25,17.53
1995-02-27,17.64
1995-02-28,17.64
1995-03-02,17.64
1995-03-03,17.53
1995-03-04,17.53
1995-03-06,17.43
1995-03-07,17.1
1995-03-08,16.66
1995-03-09,16.34
1995-03-10,16.23
1995-03-11,16.23
1995-03-13,16.12
1995-03-14,16.01
1995-03-15,16.01
1995-03-16,16.01
1995-03-17,15.8
1995-03-18,15.8
1995-03-20,15.37
1995-03-21,15.26
1995-03-22,15.26
1995-03-23,15.26
1995-03-24,15.26
1995-03-25,15.26
1995-03-27,15.26
1995-03-28,15.26
1995-03-29,15.26
1995-03-30,15.04
1995-03-31,14.94
1995-04-01,14.94
1995-04-03,14.72
1995-04-04,14.51
1995-04-06,14.61
1995-04-07,14.72
1995-04-08,14.72
1995-04-10,15.04
1995-04-11,15.26
1995-04-12,15.58
1995-04-13,15.26
1995-04-14,14.94
1995-04-15,14.72
1995-04-17,14.72
1995-04-18,14.83
1995-04-19,14.94
1995-04-20,15.04
1995-04-21,15.04
1995-04-22,15.04
1995-04-24,15.04
1995-04-25,15.1
1995-04-26,15.15
1995-04-27,15.15
1995-04-28,15.04
1995-04-29,15.04
1995-05-02,15.04
1995-05-03,15.04
1995-05-04,15.15
1995-05-06,15.15
1995-05-08,15.15
1995-05-09,15.15
1995-05-10,15.26
1995-05-11,15.37
1995-05-12,15.37
1995-05-13,15.37
1995-05-15,15.58
1995-05-16,15.58
1995-05-17,15.47
1995-05-18,15.37
1995-05-19,15.37
1995-05-20,15.37
1995-05-22,15.37
1995-05-23,15.47
1995-05-24,15.47
1995-05-25,15.47
1995-05-26,15.69
1995-05-27,15.69
1995-05-29,15.69
1995-05-30,15.53
1995-05-31,15.53
1995-06-01,15.37
1995-06-02,15.26
1995-06-03,15.26
1995-06-05,15.15
1995-06-07,15.04
1995-06-08,15.04
1995-06-09,14.99
1995-06-10,14.99
1995-06-12,14.83
1995-06-13,14.83
1995-06-14,14.94
1995-06-15,15.04
1995-06-16,15.04
1995-06-17,15.04
1995-06-19,14.94
1995-06-20,14.99
1995-06-21,15.04
1995-06-22,15.15
1995-06-23,15.21
1995-06-24,15.21
1995-06-26,15.31
1995-06-28,15.37
1995-06-29,15.47
1995-06-30,15.37
1995-07-01,15.37
1995-07-03,15.15
1995-07-04,15.04
1995-07-05,14.83
1995-07-06,14.83
1995-07-07,14.83
1995-07-08,14.83
1995-07-10,14.83
1995-07-11,14.83
1995-07-12,14.83
1995-07-13,14.72
1995-07-14,14.61
1995-07-15,14.61
1995-07-18,14.51
1995-07-19,14.29
1995-07-20,14.29
1995-07-21,14.29
1995-07-22,14.4
1995-07-24,14.45
1995-07-25,14.51
1995-07-26,14.51
1995-07-27,14.51
1995-07-28,14.29
1995-07-29,14.29
1995-07-31,14.18
1995-08-01,14.18
1995-08-02,14.13
1995-08-03,14.08
1995-08-04,13.97
1995-08-05,13.97
1995-08-07,14.08
1995-08-08,14.08
1995-08-09,14.02
1995-08-10,13.97
1995-08-11,13.97
1995-08-12,13.97
1995-08-14,13.92
1995-08-16,13.86
1995-08-17,13.7
1995-08-18,13.65
1995-08-19,13.65
1995-08-21,13.33
1995-08-22,13.54
1995-08-23,13.6
1995-08-24,13.65
1995-08-25,13.76
1995-08-26,13.76
1995-08-28,13.76
1995-08-29,13.7
1995-08-30,13.65
1995-08-31,13.6
1995-09-01,13.44
1995-09-02,13.44
1995-09-04,13.38
1995-09-05,13.33
1995-09-06,13.33
1995-09-07,13.65
1995-09-11,13.65
1995-09-12,13.7
1995-09-13,13.7
1995-09-14,13.7
1995-09-15,13.6
1995-09-16,13.54
1995-09-18,13.44
1995-09-19,13.44
1995-09-20,13.38
1995-09-21,13.33
1995-09-22,13.33
1995-09-23,13.33
1995-09-25,13.33
1995-09-26,13.22
1995-09-27,13.17
1995-09-28,13.12
1995-09-29,13.12
1995-09-30,13.12
1995-10-02,13.01
1995-10-04,12.9
1995-10-05,12.9
1995-10-06,12.9
1995-10-07,12.9
1995-10-09,12.85
1995-10-10,12.8
1995-10-11,12.74
1995-10-12,12.64
1995-10-13,12.58
1995-10-14,12.58
1995-10-16,12.58
1995-10-17,12.58
1995-10-18,12.53
1995-10-19,12.42
1995-10-20,12.37
1995-10-21,12.37
1995-10-23,12.32
1995-10-24,12.32
1995-10-25,12.37
1995-10-26,12.32
1995-10-27,12.32
1995-10-28,12.32
1995-10-30,12.21
1995-10-31,12.16
1995-11-01,12.16
1995-11-02,12.05
1995-11-03,12
1995-11-04,12
1995-11-06,12
1995-11-07,12
1995-11-08,12.05
1995-11-09,12.05
1995-11-10,12.05
1995-11-11,12.05
1995-11-13,12.05
1995-11-14,12.05
1995-11-15,12.05
1995-11-16,12.1
1995-11-17,12.1
1995-11-18,12.1
1995-11-20,12.1
1995-11-21,12.1
1995-11-22,12.15
1995-11-23,12.15
1995-11-24,12.15
1995-11-25,12.15
1995-11-27,12.1
1995-11-28,12.1
1995-11-29,12.1
1995-11-30,12.05
1995-12-01,12
1995-12-02,12
1995-12-04,11.95
1995-12-05,11.79
1995-12-06,11.79
1995-12-07,11.79
1995-12-08,11.79
1995-12-09,11.79
1995-12-11,11.79
1995-12-12,11.79
1995-12-13,11.79
1995-12-14,11.73
1995-12-15,11.73
1995-12-16,11.73
1995-12-18,11.73
1995-12-19,11.79
1995-12-20,11.8
1995-12-21,11.81
1995-12-22,11.84
1995-12-23,11.84
1995-12-26,11.89
1995-12-27,12.05
1995-12-28,12.16
1995-12-29,12.26
1995-12-30,12.3
1996-01-03,12.3
1996-01-04,11.92
1996-01-05,11.84
1996-01-06,11.84
1996-01-08,11.73
1996-01-09,11.68
1996-01-10,11.68
1996-01-11,11.63
1996-01-12,11.63
1996-01-13,11.63
1996-01-15,11.63
1996-01-16,11.73
1996-01-17,11.89
1996-01-18,11.95
1996-01-19,12.1
1996-01-20,12.1
1996-01-22,12.1
1996-01-23,12
1996-01-24,11.89
1996-01-25,11.89
1996-01-26,11.89
1996-01-27,11.94
1996-01-29,12
1996-01-30,11.95
1996-01-31,11.95
1996-02-01,11.89
1996-02-02,11.84
1996-02-03,11.84
1996-02-05,11.84
1996-02-06,11.79
1996-02-07,11.79
1996-02-08,11.79
1996-02-09,11.79
1996-02-10,11.79
1996-02-12,11.79
1996-02-13,11.84
1996-02-14,11.84
1996-02-15,11.84
1996-02-16,11.89
1996-02-17,11.89
1996-02-21,11.84
1996-02-22,11.84
1996-02-23,11.84
1996-02-24,11.84
1996-02-26,11.79
1996-02-27,11.79
1996-02-28,11.79
1996-02-29,11.79
1996-03-02,11.79
1996-03-04,11.73
1996-03-05,11.73
1996-03-06,11.73
1996-03-07,11.73
1996-03-08,11.73
1996-03-09,11.73
1996-03-11,11.73
1996-03-12,11.73
1996-03-13,11.73
1996-03-14,11.71
1996-03-15,11.71
1996-03-16,11.71
1996-03-18,11.68
1996-03-19,11.63
1996-03-20,11.63
1996-03-21,11.63
1996-03-22,11.63
1996-03-23,11.63
1996-03-25,11.63
1996-03-26,11.63
1996-03-27,11.63
1996-03-28,11.57
1996-03-29,11.52
1996-03-30,11.52
1996-04-01,11.47
1996-04-02,11.36
1996-04-03,11.31
1996-04-04,11.31
1996-04-06,11.31
1996-04-08,11.26
1996-04-09,11.15
1996-04-10,11.05
1996-04-12,11.05
1996-04-13,11.05
1996-04-15,10.89
1996-04-16,10.57
1996-04-17,10.47
1996-04-18,10.41
1996-04-19,10.36
1996-04-20,10.36
1996-04-22,10.36
1996-04-23,10.26
1996-04-24,10.2
1996-04-25,10.09
1996-04-26,10.15
1996-04-27,10.2
1996-04-29,10.36
1996-04-30,10.36
1996-05-02,10.26
1996-05-03,10.26
1996-05-04,10.26
1996-05-06,10.36
1996-05-07,10.36
1996-05-08,10.47
1996-05-09,10.47
1996-05-10,10.41
1996-05-13,10.41
1996-05-14,10.41
1996-05-15,10.57
1996-05-16,10.99
1996-05-17,10.99
1996-05-18,10.99
1996-05-20,11.1
1996-05-21,11.2
1996-05-22,11.31
1996-05-23,11.36
1996-05-25,11.36
1996-05-27,11.63
1996-05-28,12.26
1996-05-29,12.48
1996-05-30,12.48
1996-05-31,12.37
1996-06-01,12.32
1996-06-03,12.26
1996-06-04,12
1996-06-05,11.84
1996-06-07,11.68
1996-06-08,11.68
1996-06-10,11.68
1996-06-11,11.79
1996-06-12,12.05
1996-06-13,12.32
1996-06-14,12.58
1996-06-15,12.58
1996-06-17,13.12
1996-06-18,13.22
1996-06-19,13
1996-06-20,12.8
1996-06-21,12.8
1996-06-22,12.8
1996-06-24,13.12
1996-06-25,13.28
1996-06-26,13.12
1996-06-27,13.12
1996-06-28,13.06
1996-06-29,13.06
1996-07-01,13.06
1996-07-02,12.9
1996-07-03,12.9
1996-07-04,12.9
1996-07-05,12.96
1996-07-06,12.96
1996-07-08,13.12
1996-07-09,13.22
1996-07-10,13.22
1996-07-11,13.22
1996-07-12,13.12
1996-07-13,13.06
1996-07-15,13.01
1996-07-16,13
1996-07-18,13
1996-07-19,13.06
1996-07-20,13.12
1996-07-22,13.22
1996-07-23,13.28
1996-07-24,13.33
1996-07-25,13.44
1996-07-26,13.65
1996-07-27,13.65
1996-07-29,13.7
1996-07-30,13.86
1996-07-31,13.97
1996-08-01,14.08
1996-08-02,14.08
1996-08-03,14.08
1996-08-05,14.18
1996-08-06,14.51
1996-08-07,14.51
1996-08-08,14.51
1996-08-09,14.51
1996-08-10,14.51
1996-08-12,14.61
1996-08-13,14.77
1996-08-14,15.26
1996-08-16,16.01
1996-08-17,16.45
1996-08-19,17.21
1996-08-20,17.21
1996-08-21,17.1
1996-08-22,16.99
1996-08-23,16.66
1996-08-24,16.45
1996-08-26,16.77
1996-08-27,17.1
1996-08-28,16.99
1996-08-29,16.88
1996-08-30,16.45
1996-08-31,16.45
1996-09-02,15.91
1996-09-03,15.26
1996-09-04,14.51
1996-09-05,13.97
1996-09-06,14.08
1996-09-07,14.08
1996-09-10,15.04
1996-09-11,15.15
1996-09-12,14.18
1996-09-13,14.08
1996-09-14,14.08
1996-09-16,14.08
1996-09-17,14.18
1996-09-18,14.29
1996-09-19,14.51
1996-09-20,14.72
1996-09-21,14.72
1996-09-23,15.37
1996-09-24,15.37
1996-09-25,15.37
1996-09-30,15.26
1996-10-01,14.94
1996-10-02,14.51
1996-10-04,14.18
1996-10-05,14.18
1996-10-07,14.4
1996-10-08,14.51
1996-10-09,14.29
1996-10-10,14.18
1996-10-11,14.18
1996-10-12,14.18
1996-10-14,14.08
1996-10-15,14.29
1996-10-16,14.72
1996-10-17,15.04
1996-10-18,15.04
1996-10-19,14.83
1996-10-21,14.83
1996-10-22,14.83
1996-10-23,15.04
1996-10-24,15.15
1996-10-25,15.15
1996-10-26,15.04
1996-10-28,15.04
1996-10-29,14.72
1996-10-30,14.72
1996-10-31,14.61
1996-11-01,14.61
1996-11-02,14.4
1996-11-04,14.4
1996-11-05,14.4
1996-11-06,14.51
1996-11-07,14.61
1996-11-08,14.61
1996-11-09,14.61
1996-11-11,14.61
1996-11-12,14.51
1996-11-13,14.4
1996-11-14,14.29
1996-11-15,14.29
1996-11-16,14.29
1996-11-18,14.4
1996-11-19,14.61
1996-11-20,14.72
1996-11-21,15.04
1996-11-22,14.94
1996-11-23,14.94
1996-11-25,14.94
1996-11-26,14.94
1996-11-27,14.83
1996-11-28,14.61
1996-11-29,14.4
1996-11-30,14.4
1996-12-02,14.29
1996-12-03,14.4
1996-12-04,14.51
1996-12-05,14.72
1996-12-06,15.04
1996-12-07,14.72
1996-12-09,14.61
1996-12-10,14.51
1996-12-11,14.51
1996-12-12,14.29
1996-12-13,14.18
1996-12-14,14.18
1996-12-16,14.18
1996-12-17,14.29
1996-12-18,14.4
1996-12-19,14.4
1996-12-20,14.51
1996-12-21,14.51
1996-12-23,14.4
1996-12-24,14.4
1996-12-26,14.4
1996-12-27,14.4
1996-12-28,14.4
1996-12-30,14.4
1996-12-31,14.4
1997-01-03,13.97
1997-01-04,13.86
1997-01-06,13.54
1997-01-07,13.54
1997-01-08,13.54
1997-01-09,13.22
1997-01-10,13.12
1997-01-11,13.01
1997-01-13,13.12
1997-01-14,13.12
1997-01-15,13.22
1997-01-16,13.22
1997-01-17,13.01
1997-01-18,13.01
1997-01-20,12.8
1997-01-21,12.8
1997-01-22,12.9
1997-01-23,13.01
1997-01-24,13.12
1997-01-25,13.12
1997-01-27,13.22
1997-01-28,13.12
1997-01-29,13.01
1997-01-30,13.01
1997-01-31,12.9
1997-02-01,12.9
1997-02-03,12.8
1997-02-04,12.69
1997-02-05,12.75
1997-02-06,12.8
1997-02-10,12.8
1997-02-11,12.8
1997-02-12,12.75
1997-02-13,12.75
1997-02-14,12.69
1997-02-15,12.69
1997-02-17,12.69
1997-02-18,12.69
1997-02-19,12.8
1997-02-20,12.9
1997-02-21,13.01
1997-02-22,13.01
1997-02-24,13.01
1997-02-25,13.12
1997-02-26,13.07
1997-02-27,13.07
1997-02-28,13.01
1997-03-03,13.01
1997-03-04,13.01
1997-03-05,12.96
1997-03-06,12.96
1997-03-07,13.07
1997-03-08,13.07
1997-03-10,13.07
1997-03-11,13.39
1997-03-12,13.76
1997-03-13,13.86
1997-03-14,13.86
1997-03-15,13.86
1997-03-17,13.86
1997-03-18,13.92
1997-03-19,14.19
1997-03-20,14.4
1997-03-21,14.61
1997-03-22,14.61
1997-03-24,14.94
1997-03-25,15.05
1997-03-26,14.83
1997-03-27,14.51
1997-03-28,14.4
1997-03-29,14.4
1997-03-31,14.08
1997-04-01,13.54
1997-04-02,13.54
1997-04-03,13.54
1997-04-07,13.54
1997-04-08,13.6
1997-04-09,13.65
1997-04-10,13.54
1997-04-11,13.44
1997-04-12,13.44
1997-04-14,13.33
1997-04-15,13.44
1997-04-16,13.44
1997-04-17,13.65
1997-04-18,13.65
1997-04-19,13.65
1997-04-21,13.54
1997-04-22,13.54
1997-04-23,13.54
1997-04-24,13.54
1997-04-25,13.59
1997-04-26,13.59
1997-04-28,13.59
1997-04-29,13.59
1997-04-30,13.59
1997-05-02,13.59
1997-05-03,13.59
1997-05-06,13.54
1997-05-07,13.49
1997-05-08,13.54
1997-05-09,13.49
1997-05-10,13.49
1997-05-12,13.33
1997-05-13,13.22
1997-05-15,13.17
1997-05-16,13.12
1997-05-17,13.12
1997-05-19,12.96
1997-05-20,12.9
1997-05-21,12.96
1997-05-22,12.96
1997-05-23,12.9
1997-05-24,12.9
1997-05-26,12.9
1997-05-27,12.9
1997-05-28,12.75
1997-05-29,12.69
1997-05-30,12.58
1997-05-31,12.58
1997-06-02,12.53
1997-06-03,12.47
1997-06-04,12.32
1997-06-05,12.16
1997-06-07,12.16
1997-06-09,11.84
1997-06-10,11.63
1997-06-11,11.63
1997-06-12,11.63
1997-06-13,11.63
1997-06-14,11.63
1997-06-16,11.68
1997-06-17,11.84
1997-06-18,11.95
1997-06-19,12
1997-06-20,11.95
1997-06-21,11.95
1997-06-23,11.95
1997-06-24,12
1997-06-25,12.11
1997-06-26,12.16
1997-06-27,12.11
1997-06-28,12.05
1997-06-30,12.05
1997-07-01,11.95
1997-07-02,11.89
1997-07-03,11.73
1997-07-04,11.84
1997-07-05,11.84
1997-07-07,11.79
1997-07-08,11.84
1997-07-09,11.79
1997-07-10,11.79
1997-07-11,11.84
1997-07-12,11.84
1997-07-14,11.84
1997-07-15,11.95
1997-07-16,12.26
1997-07-18,12.37
1997-07-19,12.37
1997-07-21,12.58
1997-07-22,12.58
1997-07-23,12.74
1997-07-24,12.69
1997-07-25,12.58
1997-07-26,12.58
1997-07-28,12.58
1997-07-29,12.48
1997-07-30,12.48
1997-07-31,12.48
1997-08-01,12.48
1997-08-02,12.48
1997-08-04,12.53
1997-08-05,12.48
1997-08-06,12.48
1997-08-07,12.53
1997-08-08,12.53
1997-08-09,12.53
1997-08-11,12.58
1997-08-12,12.8
1997-08-13,12.9
1997-08-14,13.06
1997-08-16,13.06
1997-08-18,13.65
1997-08-19,13.86
1997-08-20,14.19
1997-08-21,14.08
1997-08-22,13.97
1997-08-23,13.97
1997-08-25,13.86
1997-08-26,14.08
1997-08-27,14.08
1997-08-28,13.86
1997-08-29,13.86
1997-08-30,13.86
1997-09-01,13.86
1997-09-02,13.86
1997-09-03,13.86
1997-09-04,13.86
1997-09-05,13.76
1997-09-06,13.76
1997-09-08,13.65
1997-09-09,13.59
1997-09-10,13.7
1997-09-11,13.86
1997-09-12,13.86
1997-09-13,13.86
1997-09-18,13.76
1997-09-19,13.76
1997-09-20,13.76
1997-09-22,13.76
1997-09-23,13.76
1997-09-24,13.86
1997-09-25,13.97
1997-09-26,14.19
1997-09-27,14.19
1997-09-29,14.4
1997-09-30,14.4
1997-10-01,14.29
1997-10-02,14.29
1997-10-04,14.29
1997-10-06,14.29
1997-10-07,14.29
1997-10-08,14.34
1997-10-09,14.34
1997-10-10,14.4
1997-10-11,14.4
1997-10-13,14.4
1997-10-14,14.29
1997-10-15,14.29
1997-10-16,14.19
1997-10-17,14.19
1997-10-18,14.19
1997-10-20,14.14
1997-10-21,14.08
1997-10-22,14.08
1997-10-23,13.97
1997-10-24,13.97
1997-10-25,13.97
1997-10-27,14.19
1997-10-28,14.34
1997-10-29,14.29
1997-10-30,14.4
1997-10-31,14.4
1997-11-01,14.4
1997-11-03,14.4
1997-11-04,14.34
1997-11-05,14.34
1997-11-06,14.45
1997-11-07,14.45
1997-11-08,14.4
1997-11-10,14.51
1997-11-11,14.67
1997-11-12,14.94
1997-11-13,15.48
1997-11-14,16.12
1997-11-15,16.12
1997-11-17,16.88
1997-11-18,17.75
1997-11-19,18.3
1997-11-20,18.3
1997-11-21,17.97
1997-11-22,17.97
1997-11-24,18.52
1997-11-25,21.05
1997-11-26,23.28
1997-11-27,22.16
1997-11-28,19.95
1997-11-29,17.75
1997-12-01,19.4
1997-12-02,23.28
1997-12-03,23.4
1997-12-04,23.67
1997-12-05,26.67
1997-12-06,26.67
1997-12-08,26.67
1997-12-09,26.67
1997-12-10,26.67
1997-12-11,26.67
1997-12-12,26.67
1997-12-13,26.67
1997-12-15,26.67
1997-12-16,26.67
1997-12-17,26.67
1997-12-19,26.67
1997-12-20,26.67
1997-12-22,30.1
1997-12-23,38.36
1997-12-24,38.36
1997-12-26,33.6
1997-12-27,33.6
1997-12-29,39.56
1997-12-30,40.77
1997-12-31,40.77
1998-01-03,40.77
1998-01-05,38.36
1998-01-06,37.16
1998-01-07,33.6
1998-01-08,32.43
1998-01-09,31.37
1998-01-10,31.37
1998-01-12,28.95
1998-01-13,25.53
1998-01-14,26.67
1998-01-15,26.67
1998-01-16,27.81
1998-01-19,27.81
1998-01-20,27.81
1998-01-21,26.1
1998-01-22,26.1
1998-01-23,24.97
1998-01-26,24.97
1998-01-30,22.16
1998-02-02,22.16
1998-02-03,22.16
1998-02-04,21.61
1998-02-05,21.05
1998-02-06,21.05
1998-02-09,20.5
1998-02-10,21.05
1998-02-11,23.28
1998-02-12,25.53
1998-02-13,25.53
1998-02-16,27.24
1998-02-17,27.24
1998-02-18,27.24
1998-02-19,26.67
1998-02-20,26.1
1998-02-23,24.97
1998-02-24,24.97
1998-02-25,25.53
1998-02-26,26.1
1998-02-27,26.1
1998-03-02,24.97
1998-03-03,24.97
1998-03-04,24.97
1998-03-05,24.97
1998-03-06,25.53
1998-03-09,25.53
1998-03-10,25.53
1998-03-11,25.53
1998-03-12,25.53
1998-03-13,25.53
1998-03-16,25.53
1998-03-17,24.44
1998-03-18,24.4
1998-03-19,24.4
1998-03-20,24.4
1998-03-23,24.4
1998-03-24,23.84
1998-03-25,23.84
1998-03-26,23.84
1998-03-27,23.84
1998-03-30,23.84
1998-03-31,23.28
1998-04-01,23.28
1998-04-02,23.28
1998-04-03,23.28
1998-04-06,23.28
1998-04-07,23.28
1998-04-08,23.28
1998-04-09,23.28
1998-04-10,22.72
1998-04-13,21.27
1998-04-14,20.5
1998-04-15,20.5
1998-04-16,20.5
1998-04-17,20.5
1998-04-20,20.5
1998-04-21,20.5
1998-04-22,20.83
1998-04-23,21.05
1998-04-24,21.61
1998-04-27,21.61
1998-04-28,21.05
1998-04-29,20.28
1998-04-30,19.95
1998-05-04,19.73
1998-05-06,19.4
1998-05-07,19.4
1998-05-08,19.4
1998-05-11,18.96
1998-05-12,19.4
1998-05-13,19.4
1998-05-14,19.73
1998-05-15,19.95
1998-05-18,19.95
1998-05-19,20.06
1998-05-20,20.06
1998-05-21,19.84
1998-05-22,19.84
1998-05-25,19.62
1998-05-26,19.4
1998-05-27,19.4
1998-05-28,19.4
1998-05-29,19.4
1998-06-01,19.18
1998-06-02,19.18
1998-06-03,19.13
1998-06-05,19.13
1998-06-08,19.07
1998-06-10,18.74
1998-06-11,18.41
1998-06-12,17.86
1998-06-15,17.49
1998-06-16,17.39
1998-06-17,17.39
1998-06-18,17.22
1998-06-19,17.18
1998-06-22,17.12
1998-06-23,17.1
1998-06-24,17.04
1998-06-25,16.99
1998-06-29,16.99
1998-06-30,16.99
1998-07-01,16.99
1998-07-02,16.66
1998-07-03,15.94
1998-07-06,14.51
1998-07-07,14.51
1998-07-08,14.29
1998-07-09,14.33
1998-07-10,14.51
1998-07-13,14.51
1998-07-14,14.51
1998-07-15,14.51
1998-07-16,14.34
1998-07-20,13.48
1998-07-21,13.44
1998-07-22,13.44
1998-07-23,13.44
1998-07-24,13.44
1998-07-27,13.44
1998-07-28,13.31
1998-07-29,13.12
1998-07-30,12.9
1998-07-31,12.78
1998-08-03,12.18
1998-08-04,11.79
1998-08-05,11.55
1998-08-06,11.47
1998-08-07,11.44
1998-08-10,11.52
1998-08-11,11.52
1998-08-12,11.63
1998-08-13,11.63
1998-08-14,11.63
1998-08-17,11.63
1998-08-18,11.84
1998-08-19,11.95
1998-08-20,11.91
1998-08-21,11.84
1998-08-27,11.15
1998-08-28,11.08
1998-08-31,10.91
1998-09-01,10.93
1998-09-02,10.9
1998-09-03,11.02
1998-09-04,10.99
1998-09-07,10.99
1998-09-08,10.99
1998-09-09,10.99
1998-09-10,10.99
1998-09-11,11.1
1998-09-14,11.19
1998-09-15,11.18
1998-09-16,11.08
1998-09-17,11.06
1998-09-18,11.05
1998-09-21,11.05
1998-09-22,11.05
1998-09-23,11.05
1998-09-24,11
1998-09-25,10.99
1998-09-28,10.99
1998-09-29,10.89
1998-09-30,10.78
1998-10-01,10.39
1998-10-02,10.05
1998-10-07,9.91
1998-10-08,9.54
1998-10-09,9.24
1998-10-12,8.92
1998-10-13,8.69
1998-10-14,8.52
1998-10-15,8.01
1998-10-16,7.77
1998-10-19,7.85
1998-10-20,7.85
1998-10-21,7.85
1998-10-22,7.85
1998-10-23,7.85
1998-10-26,8.03
1998-10-27,8.06
1998-10-28,8.06
1998-10-29,8.06
1998-10-30,8.06
1998-11-02,8.06
1998-11-03,8.06
1998-11-04,8.06
1998-11-05,8.06
1998-11-06,8.06
1998-11-09,8.06
1998-11-10,8.06
1998-11-11,8.06
1998-11-12,8.06
1998-11-13,8.06
1998-11-16,8.06
1998-11-17,8.06
1998-11-18,8.06
1998-11-19,8.06
1998-11-20,8.06
1998-11-23,8.06
1998-11-24,8.06
1998-11-25,8.06
1998-11-26,8.06
1998-11-27,8.06
1998-11-30,8.06
1998-12-01,8.06
1998-12-02,8.06
1998-12-03,8.06
1998-12-04,8.06
1998-12-07,8.06
1998-12-08,8.06
1998-12-09,8.06
1998-12-10,8.06
1998-12-11,8.06
1998-12-14,8.06
1998-12-15,8.06
1998-12-16,8.06
1998-12-17,8.06
1998-12-18,8.06
1998-12-21,8.06
1998-12-22,8.06
1998-12-23,8.06
1998-12-24,8.06
1998-12-28,8.06
1998-12-29,8.06
1998-12-30,8.06
1998-12-31,8.06
1999-01-04,8.06
1999-01-05,7.93
1999-01-06,7.8
1999-01-07,7.73
1999-01-08,7.68
1999-01-09,7.67
1999-01-11,7.59
1999-01-12,7.56
1999-01-13,7.41
1999-01-14,7.35
1999-01-15,7.31
1999-01-16,7.3
1999-01-18,7.31
1999-01-19,7.28
1999-01-20,7.27
1999-01-21,7.3
1999-01-22,7.28
1999-01-23,7.28
1999-01-25,7.28
1999-01-26,7.28
1999-01-27,7.29
1999-01-28,7.28
1999-01-29,7.25
1999-01-30,7.25
1999-02-01,7.25
1999-02-02,7.23
1999-02-03,7.22
1999-02-04,7.21
1999-02-05,7.21
1999-02-08,7.21
1999-02-09,7.23
1999-02-10,7.23
1999-02-11,7.23
1999-02-12,7.19
1999-02-18,7.19
1999-02-19,7.17
1999-02-22,7.18
1999-02-23,7.18
1999-02-24,7.16
1999-02-25,7.11
1999-02-26,7.05
1999-03-02,7.02
1999-03-03,7.02
1999-03-04,7.02
1999-03-05,7.06
1999-03-08,7.06
1999-03-09,7.06
1999-03-10,7.06
1999-03-11,7.07
1999-03-12,7.07
1999-03-15,7.07
1999-03-16,7.07
1999-03-17,7.05
1999-03-18,7.06
1999-03-19,7.06
1999-03-22,7.04
1999-03-23,7.04
1999-03-24,7.02
1999-03-25,7.02
1999-03-26,7.02
1999-03-29,7.02
1999-03-30,7.02
1999-03-31,7.02
1999-04-01,7.02
1999-04-02,7
1999-04-06,6.98
1999-04-07,6.98
1999-04-08,6.93
1999-04-09,6.93
1999-04-12,6.93
1999-04-13,6.93
1999-04-14,6.48
1999-04-15,6.39
1999-04-16,6.36
1999-04-19,6.32
1999-04-20,6.27
1999-04-21,6.23
1999-04-22,6.21
1999-04-23,6.14
1999-04-26,6.12
1999-04-27,6.1
1999-04-28,6.05
1999-04-29,6.07
1999-04-30,6.11
1999-05-03,6.13
1999-05-04,6.13
1999-05-06,6.16
1999-05-07,6.18
1999-05-10,6.19
1999-05-11,6.19
1999-05-12,6.19
1999-05-13,6.23
1999-05-14,6.34
1999-05-17,6.33
1999-05-18,6.34
1999-05-19,6.33
1999-05-20,6.35
1999-05-21,6.36
1999-05-24,6.45
1999-05-25,6.44
1999-05-26,6.44
1999-05-27,6.45
1999-05-28,6.46
1999-05-31,6.45
1999-06-01,6.45
1999-06-02,6.45
1999-06-03,6.44
1999-06-04,6.43
1999-06-07,6.4
1999-06-08,6.4
1999-06-09,6.4
1999-06-10,6.4
1999-06-11,6.4
1999-06-14,6.4
1999-06-15,6.4
1999-06-16,6.4
1999-06-17,6.4
1999-06-18,6.4
1999-06-21,6.46
1999-06-22,6.47
1999-06-23,6.49
1999-06-24,6.5
1999-06-25,6.5
1999-06-28,6.5
1999-06-29,6.5
1999-06-30,6.5
1999-07-01,6.5
1999-07-02,6.48
1999-07-05,6.48
1999-07-06,6.49
1999-07-07,6.49
1999-07-08,6.5
1999-07-09,6.5
1999-07-12,6.52
1999-07-13,6.58
1999-07-14,6.59
1999-07-15,6.61
1999-07-16,6.79
1999-07-19,6.98
1999-07-20,7.01
1999-07-21,7.1
1999-07-22,7.12
1999-07-23,7.51
1999-07-26,7.65
1999-07-27,7.64
1999-07-28,7.64
1999-07-29,7.64
1999-07-30,7.69
1999-08-02,7.74
1999-08-03,7.75
1999-08-04,7.76
1999-08-05,7.79
1999-08-06,7.84
1999-08-09,7.85
1999-08-10,7.94
1999-08-11,7.99
1999-08-12,8.02
1999-08-13,8.07
1999-08-16,8.14
1999-08-17,8.16
1999-08-18,8.17
1999-08-19,8.23
1999-08-20,8.28
1999-08-23,8.32
1999-08-24,8.33
1999-08-25,8.36
1999-08-26,8.37
1999-08-27,8.38
1999-08-30,8.38
1999-08-31,8.4
1999-09-01,8.41
1999-09-02,8.44
1999-09-03,8.4
1999-09-06,8.36
1999-09-07,8.34
1999-09-08,8.31
1999-09-09,8.17
1999-09-10,8.06
1999-09-13,7.99
1999-09-14,7.95
1999-09-15,7.99
1999-09-16,8.04
1999-09-17,8.15
1999-09-20,8.15
1999-09-21,8.15
1999-09-22,8.14
1999-09-27,8.09
1999-09-28,8.03
1999-09-29,8.04
1999-09-30,8.03
1999-10-01,8.03
1999-10-04,8.02
1999-10-05,8.01
1999-10-06,8
1999-10-07,8
1999-10-08,7.97
1999-10-11,7.93
1999-10-12,7.89
1999-10-13,7.88
1999-10-14,7.85
1999-10-15,7.84
1999-10-18,7.75
1999-10-19,7.72
1999-10-20,7.61
1999-10-21,7.54
1999-10-22,7.54
1999-10-25,7.49
1999-10-26,7.45
1999-10-27,7.42
1999-10-28,7.4
1999-10-29,7.39
1999-11-01,7.38
1999-11-02,7.39
1999-11-03,7.4
1999-11-04,7.41
1999-11-05,7.42
1999-11-08,7.42
1999-11-09,7.44
1999-11-10,7.45
1999-11-11,7.44
1999-11-12,7.42
1999-11-15,7.4
1999-11-16,7.37
1999-11-17,7.37
1999-11-18,7.37
1999-11-19,7.38
1999-11-22,7.38
1999-11-23,7.39
1999-11-24,7.41
1999-11-25,7.41
1999-11-26,7.42
1999-11-29,7.4
1999-11-30,7.39
1999-12-01,7.4
1999-12-02,7.4
1999-12-03,7.41
1999-12-06,7.41
1999-12-07,7.44
1999-12-08,7.44
1999-12-09,7.44
1999-12-10,7.44
1999-12-13,7.44
1999-12-14,7.44
1999-12-15,7.46
1999-12-16,7.55
1999-12-17,7.59
1999-12-20,7.62
1999-12-21,7.8
1999-12-22,7.78
1999-12-23,7.85
1999-12-24,7.89
1999-12-27,7.94
1999-12-28,7.99
1999-12-29,7.99
1999-12-30,8.01
2000-01-04,7.99
2000-01-05,8
2000-01-06,7.99
2000-01-07,7.98
2000-01-08,7.98
2000-01-10,7.95
2000-01-11,7.95
2000-01-12,7.93
2000-01-13,7.9
2000-01-14,7.85
2000-01-15,7.85
2000-01-17,7.76
2000-01-18,7.75
2000-01-19,7.72
2000-01-20,7.64
2000-01-21,7.62
2000-01-22,7.61
2000-01-24,7.61
2000-01-25,7.59
2000-01-26,7.59
2000-01-27,7.59
2000-01-28,7.58
2000-01-29,7.58
2000-01-31,7.59
2000-02-01,7.6
2000-02-02,7.62
2000-02-03,7.61
2000-02-07,7.59
2000-02-08,7.59
2000-02-09,7.59
2000-02-10,7.59
2000-02-11,7.58
2000-02-12,7.59
2000-02-14,7.59
2000-02-15,7.58
2000-02-16,7.58
2000-02-17,7.57
2000-02-18,7.55
2000-02-19,7.55
2000-02-21,7.55
2000-02-22,7.54
2000-02-23,7.53
2000-02-24,7.51
2000-02-25,7.49
2000-02-26,7.49
2000-02-28,7.48
2000-02-29,7.47
2000-03-02,7.46
2000-03-03,7.46
2000-03-04,7.45
2000-03-06,7.45
2000-03-07,7.44
2000-03-08,7.45
2000-03-09,7.44
2000-03-10,7.44
2000-03-11,7.44
2000-03-13,7.44
2000-03-14,7.44
2000-03-15,7.44
2000-03-16,7.44
2000-03-17,7.44
2000-03-18,7.44
2000-03-20,7.44
2000-03-21,7.41
2000-03-22,7.41
2000-03-23,7.41
2000-03-24,7.4
2000-03-25,7.4
2000-03-27,7.4
2000-03-28,7.4
2000-03-29,7.4
2000-03-30,7.41
2000-03-31,7.41
2000-04-01,7.41
2000-04-03,7.41
2000-04-04,7.41
2000-04-06,7.41
2000-04-07,7.41
2000-04-08,7.41
2000-04-10,7.41
2000-04-11,7.41
2000-04-12,7.41
2000-04-14,7.44
2000-04-15,7.44
2000-04-17,7.48
2000-04-18,7.48
2000-04-19,7.49
2000-04-20,7.49
2000-04-21,7.49
2000-04-22,7.49
2000-04-24,7.49
2000-04-25,7.49
2000-04-26,7.5
2000-04-27,7.5
2000-04-28,7.51
2000-04-29,7.51
2000-05-02,7.51
2000-05-03,7.51
2000-05-04,7.5
2000-05-06,7.51
2000-05-08,7.51
2000-05-09,7.51
2000-05-10,7.51
2000-05-12,7.51
2000-05-13,7.51
2000-05-15,7.51
2000-05-16,7.51
2000-05-17,7.51
2000-05-18,7.51
2000-05-19,7.52
2000-05-20,7.52
2000-05-22,7.52
2000-05-23,7.54
2000-05-24,7.56
2000-05-25,7.56
2000-05-26,7.56
2000-05-27,7.56
2000-05-29,7.57
2000-05-30,7.59
2000-05-31,7.6
2000-06-01,7.6
2000-06-02,7.6
2000-06-03,7.6
2000-06-05,7.6
2000-06-07,7.6
2000-06-08,7.6
2000-06-09,7.6
2000-06-10,7.6
2000-06-12,7.6
2000-06-13,7.6
2000-06-14,7.6
2000-06-15,7.61
2000-06-16,7.61
2000-06-17,7.61
2000-06-19,7.61
2000-06-20,7.61
2000-06-21,7.61
2000-06-22,7.61
2000-06-23,7.61
2000-06-24,7.61
2000-06-26,7.61
2000-06-27,7.61
2000-06-28,7.61
2000-06-29,7.61
2000-06-30,7.61
2000-07-01,7.61
2000-07-03,7.6
2000-07-04,7.6
2000-07-05,7.6
2000-07-06,7.6
2000-07-07,7.6
2000-07-08,7.6
2000-07-10,7.6
2000-07-11,7.6
2000-07-12,7.6
2000-07-13,7.59
2000-07-14,7.59
2000-07-15,7.59
2000-07-18,7.59
2000-07-19,7.58
2000-07-20,7.58
2000-07-21,7.58
2000-07-22,7.58
2000-07-24,7.58
2000-07-25,7.57
2000-07-26,7.56
2000-07-27,7.55
2000-07-28,7.54
2000-07-29,7.54
2000-07-31,7.52
2000-08-01,7.51
2000-08-02,7.5
2000-08-03,7.5
2000-08-04,7.49
2000-08-05,7.49
2000-08-07,7.48
2000-08-08,7.47
2000-08-09,7.37
2000-08-10,7.33
2000-08-11,7.32
2000-08-12,7.32
2000-08-14,7.29
2000-08-16,7.28
2000-08-17,7.26
2000-08-18,7.27
2000-08-19,7.26
2000-08-21,7.25
2000-08-22,7.25
2000-08-23,7.25
2000-08-24,7.25
2000-08-25,7.25
2000-08-26,7.25
2000-08-28,7.25
2000-08-29,7.25
2000-08-30,7.24
2000-08-31,7.24
2000-09-01,7.24
2000-09-02,7.24
2000-09-04,7.24
2000-09-05,7.24
2000-09-06,7.24
2000-09-07,7.24
2000-09-08,7.24
2000-09-09,7.24
2000-09-14,7.24
2000-09-15,7.24
2000-09-16,7.24
2000-09-18,7.24
2000-09-19,7.24
2000-09-20,7.24
2000-09-21,7.24
2000-09-22,7.24
2000-09-23,7.25
2000-09-25,7.24
2000-09-26,7.24
2000-09-27,7.24
2000-09-28,7.24
2000-09-29,7.24
2000-09-30,7.24
2000-10-02,7.24
2000-10-04,7.24
2000-10-05,7.24
2000-10-06,7.24
2000-10-07,7.24
2000-10-09,7.24
2000-10-10,7.24
2000-10-11,7.24
2000-10-12,7.24
2000-10-13,7.24
2000-10-14,7.24
2000-10-16,7.24
2000-10-17,7.24
2000-10-18,7.24
2000-10-19,7.24
2000-10-20,7.24
2000-10-21,7.24
2000-10-23,7.24
2000-10-24,7.24
2000-10-25,7.24
2000-10-26,7.24
2000-10-27,7.24
2000-10-28,7.24
2000-10-30,7.24
2000-10-31,7.24
2000-11-01,7.24
2000-11-02,7.24
2000-11-03,7.24
2000-11-04,7.24
2000-11-06,7.24
2000-11-07,7.24
2000-11-08,7.24
2000-11-09,7.24
2000-11-10,7.24
2000-11-11,7.24
2000-11-13,7.24
2000-11-14,7.24
2000-11-15,7.24
2000-11-16,7.25
2000-11-17,7.25
2000-11-18,7.25
2000-11-20,7.25
2000-11-21,7.25
2000-11-22,7.25
2000-11-23,7.25
2000-11-24,7.26
2000-11-25,7.25
2000-11-27,7.26
2000-11-28,7.26
2000-11-29,7.26
2000-11-30,7.26
2000-12-01,7.26
2000-12-04,7.26
2000-12-05,7.26
2000-12-06,7.26
2000-12-07,7.26
2000-12-08,7.26
2000-12-11,7.26
2000-12-12,7.26
2000-12-13,7.26
2000-12-14,7.26
2000-12-15,7.26
2000-12-18,7.26
2000-12-19,7.26
2000-12-20,7.26
2000-12-21,7.26
2000-12-22,7.26
2000-12-26,7.26
2000-12-27,7.26
2000-12-28,7.26
2000-12-29,7.26
2001-01-02,7.26
2001-01-03,7.26
2001-01-04,7.24
2001-01-05,7.18
2001-01-08,7.11
2001-01-09,7.06
2001-01-10,7.03
2001-01-11,7
2001-01-12,6.98
2001-01-15,6.95
2001-01-16,6.92
2001-01-17,6.91
2001-01-18,6.9
2001-01-19,6.89
2001-01-22,6.88
2001-01-26,6.84
2001-01-29,6.76
2001-01-30,6.7
2001-01-31,6.66
2001-02-01,6.63
2001-02-02,6.61
2001-02-05,6.59
2001-02-06,6.56
2001-02-07,6.55
2001-02-08,6.47
2001-02-09,6.39
2001-02-12,6.32
2001-02-13,6.19
2001-02-14,6.15
2001-02-15,6.12
2001-02-16,6.1
2001-02-19,6.07
2001-02-20,6.05
2001-02-21,6.05
2001-02-22,6.06
2001-02-23,6.11
2001-02-26,6.19
2001-02-27,6.21
2001-02-28,6.2
2001-03-02,6.19
2001-03-05,6.18
2001-03-06,6.18
2001-03-07,6.19
2001-03-08,6.2
2001-03-09,6.19
2001-03-12,6.2
2001-03-13,6.21
2001-03-14,6.2
2001-03-15,6.18
2001-03-16,6.15
2001-03-19,6.12
2001-03-20,6.12
2001-03-21,6.1
2001-03-22,6.09
2001-03-23,6.09
2001-03-26,6.08
2001-03-27,6.06
2001-03-28,6.05
2001-03-29,6.04
2001-03-30,6.06
2001-04-02,6.09
2001-04-03,6.12
2001-04-04,6.14
2001-04-06,6.14
2001-04-09,6.14
2001-04-10,6.14
2001-04-11,6.14
2001-04-12,6.14
2001-04-13,6.14
2001-04-16,6.14
2001-04-17,6.14
2001-04-18,6.14
2001-04-19,6.14
2001-04-20,6.14
2001-04-23,6.14
2001-04-24,6.14
2001-04-25,6.14
2001-04-26,6.14
2001-04-27,6.17
2001-04-30,6.19
2001-05-02,6.19
2001-05-03,6.19
2001-05-04,6.19
2001-05-07,6.19
2001-05-08,6.19
2001-05-09,6.19
2001-05-10,6.19
2001-05-11,6.19
2001-05-14,6.18
2001-05-15,6.18
2001-05-16,6.17
2001-05-17,6.16
2001-05-18,6.15
2001-05-21,6.12
2001-05-22,6.12
2001-05-23,6.1
2001-05-24,6.09
2001-05-25,6.09
2001-05-28,6.05
2001-05-29,6.02
2001-05-30,6.01
2001-05-31,5.98
2001-06-01,5.97
2001-06-04,5.95
2001-06-05,5.91
2001-06-07,5.9
2001-06-08,5.86
2001-06-11,5.84
2001-06-12,5.82
2001-06-13,5.79
2001-06-14,5.76
2001-06-15,5.74
2001-06-18,5.73
2001-06-19,5.73
2001-06-20,5.73
2001-06-21,5.73
2001-06-22,5.73
2001-06-25,5.72
2001-06-26,5.71
2001-06-27,5.7
2001-06-28,5.7
2001-06-29,5.7
2001-07-02,5.69
2001-07-03,5.69
2001-07-04,5.68
2001-07-05,5.68
2001-07-06,5.65
2001-07-09,5.61
2001-07-10,5.58
2001-07-11,5.56
2001-07-12,5.54
2001-07-13,5.53
2001-07-16,5.51
2001-07-18,5.49
2001-07-19,5.47
2001-07-20,5.45
2001-07-23,5.4
2001-07-24,5.38
2001-07-25,5.36
2001-07-26,5.34
2001-07-27,5.33
2001-07-30,5.3
2001-07-31,5.3
2001-08-01,5.28
2001-08-02,5.27
2001-08-03,5.26
2001-08-06,5.25
2001-08-07,5.24
2001-08-08,5.23
2001-08-09,5.19
2001-08-10,5.07
2001-08-13,5.03
2001-08-14,5.01
2001-08-16,4.98
2001-08-17,4.97
2001-08-20,4.96
2001-08-21,4.96
2001-08-22,4.96
2001-08-23,4.96
2001-08-24,4.96
2001-08-27,4.96
2001-08-28,4.96
2001-08-29,4.96
2001-08-30,4.96
2001-08-31,4.96
2001-09-03,4.96
2001-09-04,4.96
2001-09-05,4.96
2001-09-06,4.96
2001-09-07,4.96
2001-09-10,4.96
2001-09-11,4.97
2001-09-12,4.97
2001-09-13,4.97
2001-09-14,4.97
2001-09-17,4.97
2001-09-18,4.97
2001-09-19,4.69
2001-09-20,4.69
2001-09-21,4.67
2001-09-24,4.68
2001-09-25,4.68
2001-09-26,4.68
2001-09-27,4.67
2001-09-28,4.67
2001-10-04,4.63
2001-10-05,4.58
2001-10-08,4.57
2001-10-09,4.55
2001-10-10,4.55
2001-10-11,4.56
2001-10-12,4.58
2001-10-15,4.59
2001-10-16,4.58
2001-10-17,4.58
2001-10-18,4.59
2001-10-19,4.59
2001-10-22,4.59
2001-10-23,4.58
2001-10-24,4.58
2001-10-25,4.58
2001-10-26,4.58
2001-10-29,4.58
2001-10-30,4.58
2001-10-31,4.59
2001-11-01,4.59
2001-11-02,4.59
2001-11-05,4.59
2001-11-06,4.59
2001-11-07,4.59
2001-11-08,4.59
2001-11-09,4.59
2001-11-12,4.59
2001-11-13,4.59
2001-11-14,4.6
2001-11-15,4.64
2001-11-16,4.68
2001-11-19,4.69
2001-11-20,4.7
2001-11-21,4.73
2001-11-22,4.77
2001-11-23,4.82
2001-11-26,4.89
2001-11-27,4.96
2001-11-28,4.96
2001-11-29,4.97
2001-11-30,4.97
2001-12-03,4.97
2001-12-04,4.96
2001-12-05,4.96
2001-12-06,4.99
2001-12-07,5
2001-12-10,5.05
2001-12-11,5.05
2001-12-12,5.06
2001-12-13,5.06
2001-12-14,5.06
2001-12-17,5.06
2001-12-18,5.06
2001-12-19,5.06
2001-12-20,5.06
2001-12-21,5.06
2001-12-24,5.06
2001-12-26,5.06
2001-12-27,5.06
2001-12-28,5.07
2001-12-31,5.07
2002-01-02,5.09
2002-01-03,5.1
2002-01-04,5.1
2002-01-07,5.1
2002-01-08,5.08
2002-01-09,5.07
2002-01-10,5.05
2002-01-11,5.05
2002-01-14,5
2002-01-15,4.96
2002-01-16,4.94
2002-01-17,4.92
2002-01-18,4.9
2002-01-21,4.88
2002-01-22,4.88
2002-01-23,4.86
2002-01-24,4.85
2002-01-25,4.85
2002-01-28,4.83
2002-01-29,4.82
2002-01-30,4.81
2002-01-31,4.8
2002-02-01,4.79
2002-02-04,4.77
2002-02-05,4.76
2002-02-06,4.74
2002-02-07,4.73
2002-02-08,4.7
2002-02-14,4.7
2002-02-15,4.68
2002-02-18,4.66
2002-02-19,4.65
2002-02-20,4.65
2002-02-21,4.64
2002-02-22,4.64
2002-02-25,4.63
2002-02-26,4.62
2002-02-27,4.61
2002-02-28,4.6
2002-03-04,4.61
2002-03-05,4.6
2002-03-06,4.61
2002-03-07,4.61
2002-03-08,4.65
2002-03-11,4.67
2002-03-12,4.68
2002-03-13,4.73
2002-03-14,4.76
2002-03-15,4.8
2002-03-18,4.83
2002-03-19,4.93
2002-03-20,4.96
2002-03-21,5.03
2002-03-22,5.04
2002-03-25,5.04
2002-03-26,5.05
2002-03-27,5.05
2002-03-28,5
2002-03-29,4.98
2002-04-01,4.94
2002-04-02,4.93
2002-04-03,4.94
2002-04-04,4.93
2002-04-08,4.93
2002-04-09,4.93
2002-04-10,4.93
2002-04-11,4.92
2002-04-12,4.92
2002-04-15,4.92
2002-04-16,4.92
2002-04-17,4.91
2002-04-18,4.91
2002-04-19,4.9
2002-04-22,4.9
2002-04-23,4.89
2002-04-24,4.88
2002-04-25,4.87
2002-04-26,4.86
2002-04-29,4.86
2002-04-30,4.86
2002-05-02,4.85
2002-05-03,4.82
2002-05-06,4.8
2002-05-07,4.83
2002-05-08,4.9
2002-05-09,4.94
2002-05-10,4.93
2002-05-13,4.94
2002-05-14,4.94
2002-05-15,4.96
2002-05-16,4.96
2002-05-17,4.96
2002-05-20,4.97
2002-05-21,4.99
2002-05-22,4.99
2002-05-23,4.97
2002-05-24,4.96
2002-05-27,4.96
2002-05-28,4.95
2002-05-29,4.95
2002-05-30,4.95
2002-05-31,4.94
2002-06-03,4.93
2002-06-04,4.93
2002-06-05,4.93
2002-06-07,4.93
2002-06-10,4.93
2002-06-11,4.93
2002-06-12,4.93
2002-06-14,4.94
2002-06-17,4.94
2002-06-18,4.94
2002-06-19,4.95
2002-06-20,4.96
2002-06-21,4.97
2002-06-24,4.98
2002-06-25,4.98
2002-06-26,4.99
2002-06-27,5
2002-06-28,5.03
2002-07-02,5.03
2002-07-03,5.03
2002-07-04,5.03
2002-07-05,5.04
2002-07-08,5.04
2002-07-09,5.05
2002-07-10,5.05
2002-07-11,5.05
2002-07-12,5.04
2002-07-15,5.04
2002-07-16,5.04
2002-07-18,5.04
2002-07-19,5.04
2002-07-22,5.03
2002-07-23,5.01
2002-07-24,4.99
2002-07-25,4.98
2002-07-26,4.96
2002-07-29,4.96
2002-07-30,4.96
2002-07-31,4.95
2002-08-01,4.94
2002-08-02,4.94
2002-08-05,4.92
2002-08-06,4.92
2002-08-07,4.92
2002-08-08,4.91
2002-08-09,4.9
2002-08-12,4.89
2002-08-13,4.89
2002-08-14,4.88
2002-08-16,4.88
2002-08-19,4.88
2002-08-20,4.88
2002-08-21,4.88
2002-08-22,4.88
2002-08-23,4.88
2002-08-26,4.88
2002-08-27,4.88
2002-08-28,4.89
2002-08-29,4.89
2002-08-30,4.89
2002-09-02,4.9
2002-09-03,4.9
2002-09-04,4.9
2002-09-05,4.9
2002-09-06,4.9
2002-09-09,4.9
2002-09-10,4.9
2002-09-11,4.9
2002-09-12,4.9
2002-09-13,4.9
2002-09-16,4.9
2002-09-17,4.91
2002-09-18,4.92
2002-09-19,4.92
2002-09-23,4.92
2002-09-24,4.92
2002-09-25,4.92
2002-09-26,4.93
2002-09-27,4.94
2002-09-30,4.95
2002-10-01,4.96
2002-10-02,4.96
2002-10-04,4.96
2002-10-07,4.96
2002-10-08,4.96
2002-10-09,4.96
2002-10-10,4.96
2002-10-11,4.97
2002-10-14,4.98
2002-10-15,5
2002-10-16,5.01
2002-10-17,5.01
2002-10-18,5.02
2002-10-21,5.03
2002-10-22,5.03
2002-10-23,5.03
2002-10-24,5.03
2002-10-25,5.03
2002-10-28,5.04
2002-10-29,5.05
2002-10-30,5.06
2002-10-31,5.07
2002-11-01,5.07
2002-11-04,5.07
2002-11-05,5.07
2002-11-06,5.07
2002-11-07,5.07
2002-11-08,5.06
2002-11-11,5.06
2002-11-12,5.05
2002-11-13,5.05
2002-11-14,5.04
2002-11-15,5.04
2002-11-18,5.04
2002-11-19,5.03
2002-11-20,5.03
2002-11-21,5.03
2002-11-22,5.03
2002-11-25,5.03
2002-11-26,5.03
2002-11-27,5.03
2002-11-28,5.03
2002-11-29,5.03
2002-12-02,5.03
2002-12-03,5.03
2002-12-04,5.03
2002-12-05,5.03
2002-12-06,5.03
2002-12-09,5.03
2002-12-10,5.03
2002-12-11,5.03
2002-12-12,5.03
2002-12-13,5.02
2002-12-16,5.02
2002-12-17,5.02
2002-12-18,5.02
2002-12-20,5.02
2002-12-23,5.03
2002-12-24,5.03
2002-12-26,5.03
2002-12-27,5.03
2002-12-30,5.03
2002-12-31,5.03
2003-01-02,5.03
2003-01-03,5.03
2003-01-06,5.02
2003-01-07,5.02
2003-01-08,5
2003-01-09,4.99
2003-01-10,4.96
2003-01-13,4.95
2003-01-14,4.9
2003-01-15,4.87
2003-01-16,4.82
2003-01-17,4.77
2003-01-20,4.75
2003-01-21,4.71
2003-01-22,4.7
2003-01-23,4.68
2003-01-24,4.68
2003-01-27,4.68
2003-01-28,4.68
2003-01-29,4.68
2003-01-30,4.68
2003-02-03,4.68
2003-02-04,4.68
2003-02-05,4.68
2003-02-06,4.66
2003-02-07,4.66
2003-02-10,4.66
2003-02-11,4.66
2003-02-12,4.66
2003-02-13,4.66
2003-02-14,4.66
2003-02-17,4.66
2003-02-18,4.66
2003-02-19,4.65
2003-02-20,4.65
2003-02-21,4.65
2003-02-24,4.65
2003-02-25,4.65
2003-02-26,4.65
2003-02-27,4.65
2003-02-28,4.64
2003-03-03,4.64
2003-03-04,4.64
2003-03-05,4.64
2003-03-06,4.64
2003-03-07,4.64
2003-03-10,4.64
2003-03-11,4.65
2003-03-12,4.82
2003-03-13,5.29
2003-03-14,5.28
2003-03-17,5.28
2003-03-18,5.29
2003-03-19,5.29
2003-03-20,5.29
2003-03-21,5.28
2003-03-24,5.28
2003-03-25,5.27
2003-03-26,5.27
2003-03-27,5.27
2003-03-28,5.27
2003-03-31,5.27
2003-04-01,5.27
2003-04-02,5.27
2003-04-03,5.27
2003-04-04,5.27
2003-04-07,5.27
2003-04-08,5.27
2003-04-09,5.27
2003-04-10,5.27
2003-04-11,5.26
2003-04-14,5.25
2003-04-15,5.25
2003-04-16,5.24
2003-04-17,5.24
2003-04-18,5.24
2003-04-21,5.24
2003-04-22,5.24
2003-04-23,5.23
2003-04-24,5.23
2003-04-25,5.23
2003-04-28,5.22
2003-04-29,5.21
2003-04-30,5.21
2003-05-02,5.17
2003-05-06,5.16
2003-05-07,5.15
2003-05-09,5.13
2003-05-12,5.12
2003-05-13,5.09
2003-05-14,5.07
2003-05-15,5.06
2003-05-16,5.05
2003-05-19,5.04
2003-05-20,5.04
2003-05-21,5.03
2003-05-22,5.02
2003-05-23,5.02
2003-05-26,5.02
2003-05-27,4.93
2003-05-28,4.88
2003-05-29,4.82
2003-05-30,4.79
2003-06-02,4.76
2003-06-03,4.75
2003-06-04,4.74
2003-06-05,4.73
2003-06-09,4.71
2003-06-10,4.7
2003-06-11,4.69
2003-06-12,4.69
2003-06-13,4.69
2003-06-16,4.68
2003-06-17,4.68
2003-06-18,4.67
2003-06-19,4.67
2003-06-20,4.67
2003-06-23,4.67
2003-06-24,4.67
2003-06-25,4.67
2003-06-26,4.67
2003-06-27,4.67
2003-06-30,4.67
2003-07-01,4.67
2003-07-02,4.67
2003-07-03,4.68
2003-07-04,4.69
2003-07-07,4.69
2003-07-08,4.69
2003-07-09,4.69
2003-07-10,4.65
2003-07-11,4.64
2003-07-14,4.55
2003-07-15,4.51
2003-07-16,4.51
2003-07-18,4.49
2003-07-21,4.46
2003-07-22,4.45
2003-07-23,4.42
2003-07-24,4.42
2003-07-25,4.41
2003-07-28,4.4
2003-07-29,4.39
2003-07-30,4.38
2003-07-31,4.37
2003-08-01,4.37
2003-08-04,4.36
2003-08-05,4.36
2003-08-06,4.36
2003-08-07,4.36
2003-08-08,4.34
2003-08-11,4.33
2003-08-12,4.31
2003-08-13,4.31
2003-08-14,4.3
2003-08-18,4.29
2003-08-19,4.28
2003-08-20,4.21
2003-08-21,4.19
2003-08-22,4.18
2003-08-25,4.16
2003-08-26,4.14
2003-08-27,4.14
2003-08-28,4.14
2003-08-29,4.14
2003-09-01,4.14
2003-09-02,4.13
2003-09-03,4.13
2003-09-04,4.13
2003-09-05,4.13
2003-09-08,4.12
2003-09-09,4.12
2003-09-15,4.11
2003-09-16,4.11
2003-09-17,4.11
2003-09-18,4.11
2003-09-19,4.11
2003-09-22,4.11
2003-09-23,4.1
2003-09-24,4.1
2003-09-25,4.11
2003-09-26,4.11
2003-09-29,4.11
2003-09-30,4.11
2003-10-01,4.11
2003-10-02,4.11
2003-10-06,4.11
2003-10-07,4.11
2003-10-08,4.11
2003-10-09,4.11
2003-10-10,4.1
2003-10-13,4.1
2003-10-14,4.1
2003-10-15,4.1
2003-10-16,4.1
2003-10-17,4.1
2003-10-20,4.11
2003-10-21,4.11
2003-10-22,4.11
2003-10-23,4.11
2003-10-24,4.11
2003-10-27,4.12
2003-10-28,4.12
2003-10-29,4.13
2003-10-30,4.14
2003-10-31,4.15
2003-11-03,4.16
2003-11-04,4.19
2003-11-05,4.24
2003-11-06,4.26
2003-11-07,4.28
2003-11-10,4.29
2003-11-11,4.29
2003-11-12,4.3
2003-11-13,4.33
2003-11-14,4.33
2003-11-17,4.35
2003-11-18,4.36
2003-11-19,4.38
2003-11-20,4.4
2003-11-21,4.4
2003-11-24,4.42
2003-11-25,4.44
2003-11-26,4.45
2003-11-27,4.45
2003-11-28,4.25
2003-12-01,4.46
2003-12-02,4.47
2003-12-03,4.48
2003-12-04,4.48
2003-12-05,4.48
2003-12-08,4.48
2003-12-09,4.49
2003-12-10,4.49
2003-12-11,4.49
2003-12-12,4.49
2003-12-15,4.5
2003-12-16,4.5
2003-12-17,4.5
2003-12-18,4.53
2003-12-19,4.53
2003-12-22,4.54
2003-12-23,4.54
2003-12-24,4.54
2003-12-26,4.54
2003-12-29,4.55
2003-12-30,4.55
2003-12-31,4.55
2004-01-02,4.55
2004-01-05,4.55
2004-01-06,4.55
2004-01-07,4.55
2004-01-08,4.55
2004-01-09,4.55
2004-01-12,4.55
2004-01-13,4.55
2004-01-14,4.55
2004-01-15,4.55
2004-01-16,4.54
2004-01-19,4.52
2004-01-20,4.51
2004-01-26,4.51
2004-01-27,4.51
2004-01-28,4.5
2004-01-29,4.49
2004-01-30,4.48
2004-02-02,4.48
2004-02-03,4.47
2004-02-04,4.46
2004-02-05,4.45
2004-02-06,4.45
2004-02-09,4.41
2004-02-10,4.4
2004-02-11,4.38
2004-02-12,4.36
2004-02-13,4.36
2004-02-16,4.33
2004-02-17,4.32
2004-02-18,4.3
2004-02-19,4.29
2004-02-20,4.29
2004-02-23,4.28
2004-02-24,4.28
2004-02-25,4.28
2004-02-26,4.26
2004-02-27,4.26
2004-03-02,4.26
2004-03-03,4.26
2004-03-04,4.26
2004-03-05,4.25
2004-03-08,4.2
2004-03-09,4.19
2004-03-10,4.18
2004-03-11,4.17
2004-03-12,4.17
2004-03-15,4.15
2004-03-16,4.15
2004-03-17,4.14
2004-03-18,4.14
2004-03-19,4.14
2004-03-22,4.14
2004-03-23,4.13
2004-03-24,4.13
2004-03-25,4.12
2004-03-26,4.12
2004-03-29,4.12
2004-03-30,4.12
2004-03-31,4.12
2004-04-01,4.12
2004-04-02,4.12
2004-04-06,4.14
2004-04-07,4.14
2004-04-08,4.14
2004-04-09,4.14
2004-04-12,4.14
2004-04-13,4.14
2004-04-14,4.14
2004-04-16,4.14
2004-04-19,4.14
2004-04-20,4.14
2004-04-21,4.14
2004-04-22,4.14
2004-04-23,4.14
2004-04-26,4.13
2004-04-27,4.13
2004-04-28,4.13
2004-04-29,4.13
2004-04-30,4.13
2004-05-03,4.13
2004-05-04,4.13
2004-05-06,4.13
2004-05-07,4.13
2004-05-10,4.13
2004-05-11,4.13
2004-05-12,4.12
2004-05-13,4.11
2004-05-14,4.1
2004-05-17,4.1
2004-05-18,4.1
2004-05-19,4.1
2004-05-20,4.06
2004-05-21,4.04
2004-05-24,4.04
2004-05-25,4.04
2004-05-27,4.04
2004-05-28,4.04
2004-05-31,4.04
2004-06-01,4.04
2004-06-02,4.04
2004-06-03,4.02
2004-06-04,4.02
2004-06-07,4.02
2004-06-08,4.02
2004-06-09,4.02
2004-06-10,4.02
2004-06-11,4.02
2004-06-14,4.02
2004-06-15,4.02
2004-06-16,4.02
2004-06-17,4.02
2004-06-18,4.02
2004-06-21,4.02
2004-06-22,4.02
2004-06-23,4.02
2004-06-24,4.02
2004-06-25,4.02
2004-06-28,4.02
2004-06-29,4.02
2004-06-30,4.02
2004-07-01,4.02
2004-07-02,4.02
2004-07-05,4.02
2004-07-06,4.02
2004-07-07,4.02
2004-07-08,4.02
2004-07-09,4.02
2004-07-12,4.02
2004-07-13,4.02
2004-07-14,4.02
2004-07-15,4.02
2004-07-16,4.02
2004-07-19,4.02
2004-07-20,4.02
2004-07-21,4.02
2004-07-22,4.02
2004-07-23,4.02
2004-07-26,4.02
2004-07-27,4.02
2004-07-28,4.02
2004-07-29,4.02
2004-07-30,4.02
2004-08-02,4.02
2004-08-03,4.02
2004-08-04,4.02
2004-08-05,4.02
2004-08-06,4.02
2004-08-09,4.02
2004-08-10,4.02
2004-08-11,4.02
2004-08-12,3.85
2004-08-13,3.8
2004-08-16,3.78
2004-08-17,3.75
2004-08-18,3.74
2004-08-19,3.73
2004-08-20,3.73
2004-08-23,3.73
2004-08-24,3.73
2004-08-25,3.73
2004-08-26,3.73
2004-08-27,3.72
2004-08-30,3.7
2004-08-31,3.69
2004-09-01,3.69
2004-09-02,3.69
2004-09-03,3.69
2004-09-06,3.7
2004-09-07,3.7
2004-09-08,3.69
2004-09-09,3.69
2004-09-10,3.69
2004-09-13,3.69
2004-09-14,3.69
2004-09-15,3.69
2004-09-16,3.69
2004-09-17,3.69
2004-09-20,3.69
2004-09-21,3.69
2004-09-22,3.69
2004-09-23,3.69
2004-09-24,3.69
2004-09-30,3.69
2004-10-01,3.69
2004-10-04,3.68
2004-10-05,3.65
2004-10-06,3.64
2004-10-07,3.67
2004-10-08,3.68
2004-10-11,3.67
2004-10-12,3.67
2004-10-13,3.67
2004-10-14,3.67
2004-10-15,3.67
2004-10-18,3.67
2004-10-19,3.67
2004-10-20,3.67
2004-10-21,3.67
2004-10-22,3.67
2004-10-25,3.66
2004-10-26,3.66
2004-10-27,3.66
2004-10-28,3.66
2004-10-29,3.66
2004-11-01,3.66
2004-11-02,3.66
2004-11-03,3.67
2004-11-04,3.66
2004-11-05,3.66
2004-11-08,3.66
2004-11-09,3.66
2004-11-10,3.66
2004-11-11,3.54
2004-11-12,3.51
2004-11-15,3.51
2004-11-16,3.51
2004-11-17,3.51
2004-11-18,3.51
2004-11-19,3.51
2004-11-22,3.51
2004-11-23,3.51
2004-11-24,3.51
2004-11-25,3.51
2004-11-26,3.51
2004-11-29,3.51
2004-11-30,3.51
2004-12-01,3.51
2004-12-02,3.51
2004-12-03,3.51
2004-12-06,3.51
2004-12-07,3.51
2004-12-08,3.51
2004-12-09,3.51
2004-12-10,3.51
2004-12-13,3.51
2004-12-14,3.51
2004-12-15,3.51
2004-12-16,3.51
2004-12-17,3.51
2004-12-20,3.51
2004-12-21,3.53
2004-12-22,3.53
2004-12-23,3.53
2004-12-24,3.53
2004-12-27,3.53
2004-12-28,3.59
2004-12-29,3.6
2004-12-30,3.61
2004-12-31,3.61
2005-01-03,3.6
2005-01-04,3.6
2005-01-05,3.6
2005-01-06,3.6
2005-01-07,3.6
2005-01-10,3.6
2005-01-11,3.6
2005-01-12,3.6
2005-01-13,3.6
2005-01-14,3.61
2005-01-17,3.62
2005-01-18,3.62
2005-01-19,3.63
2005-01-20,3.64
2005-01-21,3.64
2005-01-24,3.66
2005-01-25,3.69
2005-01-26,3.7
2005-01-27,3.71
2005-01-28,3.71
2005-01-31,3.73
2005-02-01,3.74
2005-02-02,3.74
2005-02-03,3.74
2005-02-04,3.75
2005-02-07,3.75
2005-02-11,3.78
2005-02-14,3.78
2005-02-15,3.78
2005-02-16,3.77
2005-02-17,3.77
2005-02-18,3.77
2005-02-21,3.75
2005-02-22,3.75
2005-02-23,3.75
2005-02-24,3.75
2005-02-25,3.75
2005-02-28,3.75
2005-03-02,3.75
2005-03-03,3.75
2005-03-04,3.74
2005-03-07,3.74
2005-03-08,3.74
2005-03-09,3.74
2005-03-10,3.73
2005-03-11,3.73
2005-03-14,3.73
2005-03-15,3.73
2005-03-16,3.73
2005-03-17,3.73
2005-03-18,3.73
2005-03-21,3.73
2005-03-22,3.73
2005-03-23,3.73
2005-03-24,3.73
2005-03-25,3.73
2005-03-28,3.73
2005-03-29,3.73
2005-03-30,3.73
2005-03-31,3.73
2005-04-01,3.73
2005-04-04,3.73
2005-04-06,3.73
2005-04-07,3.73
2005-04-08,3.72
2005-04-11,3.72
2005-04-12,3.71
2005-04-13,3.71
2005-04-14,3.71
2005-04-15,3.7
2005-04-18,3.69
2005-04-19,3.68
2005-04-20,3.68
2005-04-21,3.68
2005-04-22,3.68
2005-04-25,3.67
2005-04-26,3.67
2005-04-27,3.67
2005-04-28,3.66
2005-04-29,3.65
2005-05-02,3.65
2005-05-03,3.65
2005-05-04,3.65
2005-05-06,3.65
2005-05-09,3.66
2005-05-10,3.66
2005-05-11,3.66
2005-05-12,3.66
2005-05-13,3.65
2005-05-16,3.64
2005-05-17,3.64
2005-05-18,3.63
2005-05-19,3.63
2005-05-20,3.63
2005-05-23,3.63
2005-05-24,3.62
2005-05-25,3.62
2005-05-26,3.62
2005-05-27,3.63
2005-05-30,3.63
2005-05-31,3.63
2005-06-01,3.63
2005-06-02,3.62
2005-06-03,3.62
2005-06-07,3.63
2005-06-08,3.62
2005-06-09,3.62
2005-06-10,3.62
2005-06-13,3.63
2005-06-14,3.64
2005-06-15,3.65
2005-06-16,3.65
2005-06-17,3.65
2005-06-20,3.64
2005-06-21,3.64
2005-06-22,3.64
2005-06-23,3.64
2005-06-24,3.64
2005-06-27,3.64
2005-06-28,3.64
2005-06-29,3.65
2005-06-30,3.66
2005-07-01,3.65
2005-07-04,3.66
2005-07-05,3.66
2005-07-06,3.66
2005-07-07,3.66
2005-07-08,3.66
2005-07-11,3.66
2005-07-12,3.65
2005-07-13,3.65
2005-07-14,3.65
2005-07-15,3.64
2005-07-18,3.63
2005-07-19,3.63
2005-07-20,3.63
2005-07-21,3.62
2005-07-22,3.62
2005-07-25,3.62
2005-07-26,3.62
2005-07-27,3.62
2005-07-28,3.62
2005-07-29,3.62
2005-08-01,3.62
2005-08-02,3.62
2005-08-03,3.62
2005-08-04,3.62
2005-08-05,3.62
2005-08-08,3.62
2005-08-09,3.62
2005-08-10,3.62
2005-08-11,3.63
2005-08-12,3.63
2005-08-16,3.62
2005-08-17,3.62
2005-08-18,3.62
2005-08-19,3.62
2005-08-22,3.62
2005-08-23,3.63
2005-08-24,3.63
2005-08-25,3.63
2005-08-26,3.63
2005-08-29,3.63
2005-08-30,3.63
2005-08-31,3.63
2005-09-01,3.63
2005-09-02,3.63
2005-09-05,3.63
2005-09-06,3.63
2005-09-07,3.63
2005-09-08,3.65
2005-09-09,3.67
2005-09-12,3.68
2005-09-13,3.68
2005-09-14,3.7
2005-09-15,3.73
2005-09-16,3.79
2005-09-20,3.89
2005-09-21,3.91
2005-09-22,3.94
2005-09-23,3.99
2005-09-26,4.04
2005-09-27,4.08
2005-09-28,4.11
2005-09-29,4.1
2005-09-30,4.1
2005-10-04,4.13
2005-10-05,4.14
2005-10-06,4.13
2005-10-07,4.13
2005-10-10,4.14
2005-10-11,4.14
2005-10-12,4.14
2005-10-13,4.12
2005-10-14,4.12
2005-10-17,4.11
2005-10-18,4.11
2005-10-19,4.1
2005-10-20,4.1
2005-10-21,4.1
2005-10-24,4.09
2005-10-25,4.1
2005-10-26,4.1
2005-10-27,4.11
2005-10-28,4.11
2005-10-31,4.1
2005-11-01,4.11
2005-11-02,4.1
2005-11-03,4.11
2005-11-04,4.11
2005-11-07,4.11
2005-11-08,4.11
2005-11-09,4.11
2005-11-10,4.11
2005-11-11,4.11
2005-11-14,4.11
2005-11-15,4.12
2005-11-16,4.13
2005-11-17,4.13
2005-11-18,4.13
2005-11-21,4.13
2005-11-22,4.13
2005-11-23,4.13
2005-11-24,4.13
2005-11-25,4.12
2005-11-28,4.12
2005-11-29,4.12
2005-11-30,4.12
2005-12-01,4.12
2005-12-02,4.12
2005-12-05,4.13
2005-12-06,4.14
2005-12-07,4.14
2005-12-08,4.25
2005-12-09,4.29
2005-12-12,4.29
2005-12-13,4.29
2005-12-14,4.29
2005-12-15,4.3
2005-12-16,4.3
2005-12-19,4.3
2005-12-20,4.3
2005-12-21,4.3
2005-12-22,4.3
2005-12-23,4.31
2005-12-26,4.31
2005-12-27,4.31
2005-12-28,4.31
2005-12-29,4.32
2005-12-30,4.32
2006-01-02,4.33
2006-01-03,4.34
2006-01-04,4.34
2006-01-05,4.36
2006-01-06,4.37
2006-01-09,4.38
2006-01-10,4.39
2006-01-11,4.4
2006-01-12,4.41
2006-01-13,4.41
2006-01-16,4.41
2006-01-17,4.41
2006-01-18,4.41
2006-01-19,4.41
2006-01-20,4.41
2006-01-23,4.41
2006-01-24,4.41
2006-01-25,4.41
2006-01-26,4.42
2006-01-27,4.42
2006-01-31,4.43
2006-02-01,4.44
2006-02-02,4.45
2006-02-03,4.45
2006-02-06,4.45
2006-02-07,4.45
2006-02-08,4.45
2006-02-09,4.45
2006-02-10,4.45
2006-02-13,4.46
2006-02-14,4.46
2006-02-15,4.46
2006-02-16,4.46
2006-02-17,4.46
2006-02-20,4.46
2006-02-21,4.46
2006-02-22,4.46
2006-02-23,4.46
2006-02-24,4.46
2006-02-27,4.46
2006-02-28,4.46
2006-03-02,4.46
2006-03-03,4.46
2006-03-06,4.46
2006-03-07,4.46
2006-03-08,4.46
2006-03-09,4.46
2006-03-10,4.46
2006-03-13,4.46
2006-03-14,4.46
2006-03-15,4.46
2006-03-16,4.45
2006-03-17,4.44
2006-03-20,4.44
2006-03-21,4.44
2006-03-22,4.44
2006-03-23,4.44
2006-03-24,4.44
2006-03-27,4.44
2006-03-28,4.44
2006-03-29,4.44
2006-03-30,4.45
2006-03-31,4.45
2006-04-03,4.45
2006-04-04,4.46
2006-04-05,4.46
2006-04-06,4.47
2006-04-07,4.47
2006-04-10,4.47
2006-04-11,4.47
2006-04-12,4.47
2006-04-13,4.48
2006-04-14,4.49
2006-04-17,4.49
2006-04-18,4.5
2006-04-19,4.5
2006-04-20,4.5
2006-04-21,4.5
2006-04-24,4.5
2006-04-25,4.5
2006-04-26,4.5
2006-04-27,4.5
2006-04-28,4.5
2006-05-02,4.5
2006-05-03,4.5
2006-05-04,4.5
2006-05-08,4.5
2006-05-09,4.5
2006-05-10,4.5
2006-05-11,4.5
2006-05-12,4.5
2006-05-15,4.5
2006-05-16,4.5
2006-05-17,4.5
2006-05-18,4.5
2006-05-19,4.5
2006-05-22,4.5
2006-05-23,4.5
2006-05-24,4.5
2006-05-25,4.5
2006-05-26,4.5
2006-05-29,4.5
2006-05-30,4.5
2006-06-01,4.5
2006-06-02,4.5
2006-06-05,4.5
2006-06-07,4.5
2006-06-08,4.55
2006-06-09,4.56
2006-06-12,4.56
2006-06-13,4.56
2006-06-14,4.57
2006-06-15,4.58
2006-06-16,4.6
2006-06-19,4.61
2006-06-20,4.64
2006-06-21,4.67
2006-06-22,4.68
2006-06-23,4.71
2006-06-26,4.74
2006-06-27,4.76
2006-06-28,4.79
2006-06-29,4.8
2006-06-30,4.81
2006-07-03,4.81
2006-07-04,4.81
2006-07-05,4.81
2006-07-06,4.81
2006-07-07,4.81
2006-07-10,4.81
2006-07-11,4.81
2006-07-12,4.81
2006-07-13,4.81
2006-07-14,4.81
2006-07-18,4.81
2006-07-19,4.81
2006-07-20,4.81
2006-07-21,4.81
2006-07-24,4.81
2006-07-25,4.81
2006-07-26,4.81
2006-07-27,4.81
2006-07-28,4.81
2006-07-31,4.81
2006-08-01,4.81
2006-08-02,4.81
2006-08-03,4.81
2006-08-04,4.81
2006-08-07,4.81
2006-08-08,4.81
2006-08-09,4.81
2006-08-10,4.9
2006-08-11,4.9
2006-08-14,4.9
2006-08-16,4.9
2006-08-17,4.9
2006-08-18,4.9
2006-08-21,4.9
2006-08-22,4.9
2006-08-23,4.89
2006-08-24,4.89
2006-08-25,4.89
2006-08-28,4.89
2006-08-29,4.87
2006-08-30,4.87
2006-08-31,4.84
2006-09-01,4.83
2006-09-04,4.83
2006-09-05,4.81
2006-09-06,4.81
2006-09-07,4.81
2006-09-08,4.8
2006-09-11,4.78
2006-09-12,4.78
2006-09-13,4.78
2006-09-14,4.78
2006-09-15,4.77
2006-09-18,4.77
2006-09-19,4.77
2006-09-20,4.77
2006-09-21,4.77
2006-09-22,4.77
2006-09-25,4.77
2006-09-26,4.77
2006-09-27,4.77
2006-09-28,4.77
2006-09-29,4.77
2006-10-02,4.76
2006-10-04,4.76
2006-10-09,4.76
2006-10-10,4.76
2006-10-11,4.76
2006-10-12,4.76
2006-10-13,4.75
2006-10-16,4.75
2006-10-17,4.75
2006-10-18,4.75
2006-10-19,4.75
2006-10-20,4.75
2006-10-23,4.75
2006-10-24,4.75
2006-10-25,4.75
2006-10-26,4.75
2006-10-27,4.75
2006-10-30,4.75
2006-10-31,4.75
2006-11-01,4.75
2006-11-02,4.75
2006-11-03,4.75
2006-11-06,4.75
2006-11-07,4.75
2006-11-08,4.75
2006-11-09,4.75
2006-11-10,4.75
2006-11-13,4.75
2006-11-14,4.75
2006-11-15,4.75
2006-11-16,4.75
2006-11-17,4.75
2006-11-20,4.75
2006-11-21,4.75
2006-11-22,4.75
2006-11-23,4.76
2006-11-24,4.76
2006-11-27,4.76
2006-11-28,4.76
2006-11-29,4.77
2006-11-30,4.78
2006-12-01,4.81
2006-12-04,4.82
2006-12-05,4.82
2006-12-06,4.83
2006-12-07,4.84
2006-12-08,4.84
2006-12-11,4.84
2006-12-12,4.85
2006-12-13,4.86
2006-12-14,4.87
2006-12-15,4.88
2006-12-18,4.89
2006-12-19,4.89
2006-12-20,4.91
2006-12-21,4.96
2006-12-22,4.98
2006-12-26,5.01
2006-12-27,5.02
2006-12-28,5.02
2006-12-29,5.03
2007-01-02,5.04
2007-01-03,5.04
2007-01-04,5.04
2007-01-05,5.04
2007-01-08,5.04
2007-01-09,5.04
2007-01-10,5.04
2007-01-11,5.04
2007-01-12,5.05
2007-01-15,5.06
2007-01-16,5.07
2007-01-17,5.08
2007-01-18,5.09
2007-01-19,5.09
2007-01-22,5.09
2007-01-23,5.09
2007-01-24,5.09
2007-01-25,5.09
2007-01-26,5.1
2007-01-29,5.11
2007-01-30,5.11
2007-01-31,5.11
2007-02-01,5.11
2007-02-02,5.11
2007-02-05,5.11
2007-02-06,5.11
2007-02-07,5.11
2007-02-08,5.11
2007-02-09,5.11
2007-02-12,5.11
2007-02-13,5.11
2007-02-14,5.11
2007-02-15,5.11
2007-02-16,5.11
2007-02-20,5.11
2007-02-21,5.11
2007-02-22,5.11
2007-02-23,5.11
2007-02-26,5.11
2007-02-27,5.11
2007-02-28,5.11
2007-03-02,5.11
2007-03-05,5.11
2007-03-06,5.11
2007-03-07,5.11
2007-03-08,5.11
2007-03-09,5.11
2007-03-12,5.11
2007-03-13,5.11
2007-03-14,5.11
2007-03-15,5.11
2007-03-16,5.11
2007-03-19,5.11
2007-03-20,5.11
2007-03-21,5.11
2007-03-22,5.11
2007-03-23,5.11
2007-03-26,5.11
2007-03-27,5.11
2007-03-28,5.11
2007-03-29,5.11
2007-03-30,5.11
2007-04-02,5.11
2007-04-03,5.11
2007-04-04,5.11
2007-04-05,5.11
2007-04-06,5.11
2007-04-09,5.11
2007-04-10,5.11
2007-04-11,5.11
2007-04-12,5.11
2007-04-13,5.11
2007-04-16,5.11
2007-04-17,5.11
2007-04-18,5.11
2007-04-19,5.11
2007-04-20,5.11
2007-04-23,5.11
2007-04-24,5.12
2007-04-25,5.13
2007-04-26,5.15
2007-04-27,5.16
2007-04-30,5.18
2007-05-02,5.19
2007-05-03,5.2
2007-05-04,5.21
2007-05-07,5.21
2007-05-08,5.21
2007-05-09,5.21
2007-05-10,5.21
2007-05-11,5.21
2007-05-14,5.22
2007-05-15,5.23
2007-05-16,5.24
2007-05-17,5.25
2007-05-18,5.25
2007-05-21,5.25
2007-05-22,5.25
2007-05-23,5.25
2007-05-25,5.25
2007-05-28,5.25
2007-05-29,5.25
2007-05-30,5.25
2007-05-31,5.25
2007-06-01,5.25
2007-06-04,5.25
2007-06-05,5.25
2007-06-07,5.25
2007-06-08,5.25
2007-06-11,5.25
2007-06-12,5.25
2007-06-13,5.25
2007-06-14,5.25
2007-06-15,5.25
2007-06-18,5.25
2007-06-19,5.25
2007-06-20,5.25
2007-06-21,5.25
2007-06-22,5.25
2007-06-25,5.25
2007-06-26,5.25
2007-06-27,5.24
2007-06-28,5.24
2007-06-29,5.24
2007-07-02,5.24
2007-07-03,5.24
2007-07-04,5.24
2007-07-05,5.23
2007-07-06,5.22
2007-07-09,5.22
2007-07-10,5.22
2007-07-11,5.22
2007-07-12,5.26
2007-07-13,5.27
2007-07-16,5.27
2007-07-18,5.27
2007-07-19,5.27
2007-07-20,5.27
2007-07-23,5.27
2007-07-24,5.27
2007-07-25,5.28
2007-07-26,5.29
2007-07-27,5.29
2007-07-30,5.29
2007-07-31,5.29
2007-08-01,5.3
2007-08-02,5.3
2007-08-03,5.3
2007-08-06,5.3
2007-08-07,5.3
2007-08-08,5.3
2007-08-09,5.4
2007-08-10,5.41
2007-08-13,5.42
2007-08-14,5.43
2007-08-16,5.44
2007-08-17,5.44
2007-08-20,5.45
2007-08-21,5.46
2007-08-22,5.46
2007-08-23,5.47
2007-08-24,5.47
2007-08-27,5.48
2007-08-28,5.49
2007-08-29,5.5
2007-08-30,5.5
2007-08-31,5.51
2007-09-03,5.53
2007-09-04,5.54
2007-09-05,5.55
2007-09-06,5.56
2007-09-07,5.56
2007-09-10,5.58
2007-09-11,5.6
2007-09-12,5.61
2007-09-13,5.61
2007-09-14,5.62
2007-09-17,5.62
2007-09-18,5.64
2007-09-19,5.65
2007-09-20,5.66
2007-09-21,5.67
2007-09-27,5.68
2007-09-28,5.69
2007-10-01,5.7
2007-10-02,5.7
2007-10-04,5.7
2007-10-05,5.7
2007-10-08,5.7
2007-10-09,5.7
2007-10-10,5.7
2007-10-11,5.7
2007-10-12,5.7
2007-10-15,5.7
2007-10-16,5.7
2007-10-17,5.7
2007-10-18,5.7
2007-10-19,5.7
2007-10-22,5.7
2007-10-23,5.7
2007-10-24,5.7
2007-10-25,5.7
2007-10-26,5.7
2007-10-29,5.71
2007-10-30,5.71
2007-10-31,5.71
2007-11-01,5.71
2007-11-02,5.71
2007-11-05,5.71
2007-11-06,5.71
2007-11-07,5.71
2007-11-08,5.71
2007-11-09,5.71
2007-11-12,5.72
2007-11-13,5.72
2007-11-14,5.72
2007-11-15,5.72
2007-11-16,5.73
2007-11-19,5.74
2007-11-20,5.76
2007-11-21,5.77
2007-11-22,5.77
2007-11-23,5.78
2007-11-26,5.83
2007-11-27,5.87
2007-11-28,5.91
2007-11-29,5.95
2007-11-30,5.99
2007-12-03,6
2007-12-04,6.02
2007-12-05,6.06
2007-12-06,6.08
2007-12-07,6.08
2007-12-10,6.11
2007-12-11,6.15
2007-12-12,6.18
2007-12-13,6.23
2007-12-14,6.26
2007-12-17,6.29
2007-12-18,6.33
2007-12-20,6.36
2007-12-21,6.36
2007-12-24,6.38
2007-12-26,6.44
2007-12-27,6.47
2007-12-28,6.5
2007-12-31,6.52
2008-01-02,6.53
2008-01-03,6.56
2008-01-04,6.57
2008-01-07,6.57
2008-01-08,6.59
2008-01-09,6.6
2008-01-10,6.62
2008-01-11,6.62
2008-01-14,6.62
2008-01-15,6.62
2008-01-16,6.63
2008-01-17,6.63
2008-01-18,6.62
2008-01-21,6.6
2008-01-22,6.59
2008-01-23,6.56
2008-01-24,6.51
2008-01-25,6.48
2008-01-28,6.44
2008-01-29,6.41
2008-01-30,6.35
2008-01-31,6.26
2008-02-01,6.17
2008-02-04,6.13
2008-02-05,6.11
2008-02-11,6.03
2008-02-12,5.97
2008-02-13,5.93
2008-02-14,5.9
2008-02-15,5.85
2008-02-18,5.81
2008-02-19,5.76
2008-02-20,5.72
2008-02-21,5.68
2008-02-22,5.67
2008-02-25,5.63
2008-02-26,5.61
2008-02-27,5.6
2008-02-28,5.59
2008-02-29,5.59
2008-03-03,5.58
2008-03-04,5.58
2008-03-05,5.58
2008-03-06,5.58
2008-03-07,5.58
2008-03-10,5.58
2008-03-11,5.58
2008-03-12,5.58
2008-03-13,5.58
2008-03-14,5.59
2008-03-17,5.6
2008-03-18,5.63
2008-03-19,5.64
2008-03-20,5.64
2008-03-21,5.64
2008-03-24,5.65
2008-03-25,5.66
2008-03-26,5.69
2008-03-27,5.72
2008-03-28,5.74
2008-03-31,5.77
2008-04-01,5.79
2008-04-02,5.81
2008-04-03,5.82
2008-04-04,5.83
2008-04-07,5.83
2008-04-08,5.83
2008-04-10,5.83
2008-04-11,5.83
2008-04-14,5.83
2008-04-15,5.83
2008-04-16,5.83
2008-04-17,5.83
2008-04-18,5.83
2008-04-21,5.83
2008-04-22,5.83
2008-04-23,5.83
2008-04-24,5.83
2008-04-25,5.83
2008-04-28,5.84
2008-04-29,5.84
2008-04-30,5.84
2008-05-02,5.84
2008-05-06,5.84
2008-05-07,5.84
2008-05-08,5.85
2008-05-09,5.86
2008-05-13,5.86
2008-05-14,5.86
2008-05-15,5.86
2008-05-16,5.86
2008-05-19,5.87
2008-05-20,5.85
2008-05-21,5.85
2008-05-22,5.84
2008-05-23,5.84
2008-05-26,5.84
2008-05-27,5.84
2008-05-28,5.84
2008-05-29,5.84
2008-05-30,5.84
2008-06-02,5.84
2008-06-03,5.84
2008-06-04,5.84
2008-06-05,5.84
2008-06-09,5.84
2008-06-10,5.84
2008-06-11,5.84
2008-06-12,5.84
2008-06-13,5.84
2008-06-16,5.84
2008-06-17,5.84
2008-06-18,5.84
2008-06-19,5.84
2008-06-20,5.84
2008-06-23,5.84
2008-06-24,5.84
2008-06-25,5.84
2008-06-26,5.84
2008-06-27,5.84
2008-06-30,5.84
2008-07-01,5.84
2008-07-02,5.84
2008-07-03,5.84
2008-07-04,5.84
2008-07-07,5.84
2008-07-08,5.85
2008-07-09,5.85
2008-07-10,5.87
2008-07-11,5.9
2008-07-14,5.92
2008-07-15,5.93
2008-07-16,5.95
2008-07-17,5.97
2008-07-18,5.99
2008-07-21,6
2008-07-22,6.01
2008-07-23,6.01
2008-07-24,6.03
2008-07-25,6.04
2008-07-28,6.05
2008-07-29,6.07
2008-07-30,6.08
2008-07-31,6.09
2008-08-01,6.09
2008-08-04,6.1
2008-08-05,6.1
2008-08-06,6.1
2008-08-07,6.12
2008-08-08,6.12
2008-08-11,6.13
2008-08-12,6.14
2008-08-13,6.14
2008-08-14,6.15
2008-08-18,6.15
2008-08-19,6.15
2008-08-20,6.16
2008-08-21,6.17
2008-08-22,6.18
2008-08-25,6.19
2008-08-26,6.19
2008-08-27,6.19
2008-08-28,6.19
2008-08-29,6.19
2008-09-01,6.19
2008-09-02,6.19
2008-09-03,6.21
2008-09-04,6.24
2008-09-05,6.27
2008-09-08,6.29
2008-09-09,6.3
2008-09-10,6.31
2008-09-11,6.31
2008-09-12,6.32
2008-09-16,6.33
2008-09-17,6.34
2008-09-18,6.39
2008-09-19,6.42
2008-09-22,6.45
2008-09-23,6.48
2008-09-24,6.51
2008-09-25,6.58
2008-09-26,6.62
2008-09-29,6.65
2008-09-30,6.67
2008-10-01,6.69
2008-10-02,6.71
2008-10-06,6.72
2008-10-07,6.75
2008-10-08,6.76
2008-10-09,6.77
2008-10-10,6.81
2008-10-13,6.87
2008-10-14,6.92
2008-10-15,7
2008-10-16,7.09
2008-10-17,7.18
2008-10-20,7.24
2008-10-21,7.27
2008-10-22,7.29
2008-10-23,7.31
2008-10-24,7.34
2008-10-27,7.34
2008-10-28,7.35
2008-10-29,7.36
2008-10-30,7.37
2008-10-31,7.38
2008-11-03,7.38
2008-11-04,7.39
2008-11-05,7.39
2008-11-06,7.39
2008-11-07,7.37
2008-11-10,7.37
2008-11-11,7.37
2008-11-12,7.37
2008-11-13,7.37
2008-11-14,7.36
2008-11-17,7.36
2008-11-18,7.36
2008-11-19,7.36
2008-11-20,7.35
2008-11-21,7.33
2008-11-24,7.31
2008-11-25,7.29
2008-11-26,7.28
2008-11-27,7.27
2008-11-28,7.25
2008-12-01,7.23
2008-12-02,7.24
2008-12-03,7.25
2008-12-04,7.25
2008-12-05,7.25
2008-12-08,7.25
2008-12-09,7.25
2008-12-10,7.25
2008-12-11,7.16
2008-12-12,7.08
2008-12-15,6.99
2008-12-16,6.91
2008-12-17,6.82
2008-12-18,6.77
2008-12-19,6.72
2008-12-22,6.67
2008-12-23,6.64
2008-12-24,6.6
2008-12-26,6.57
2008-12-29,6.53
2008-12-30,6.5
2008-12-31,6.49
2009-01-02,6.46
2009-01-05,6.42
2009-01-06,6.37
2009-01-07,6.34
2009-01-08,6.17
2009-01-09,6.02
2009-01-12,5.74
2009-01-13,5.44
2009-01-14,5.24
2009-01-15,5.06
2009-01-16,4.9
2009-01-19,4.69
2009-01-20,4.48
2009-01-21,4.38
2009-01-22,4.28
2009-01-23,4.2
2009-01-28,4.13
2009-01-29,4.02
2009-01-30,3.99
2009-02-02,3.98
2009-02-03,3.95
2009-02-04,3.91
2009-02-05,3.88
2009-02-06,3.86
2009-02-09,3.84
2009-02-10,3.8
2009-02-11,3.78
2009-02-12,3.56
2009-02-13,3.44
2009-02-16,3.39
2009-02-17,3.37
2009-02-18,3.35
2009-02-19,3.34
2009-02-20,3.32
2009-02-23,3.27
2009-02-24,3.26
2009-02-25,3.25
2009-02-26,3.23
2009-02-27,3.19
2009-03-02,3.17
2009-03-03,3.16
2009-03-04,3.16
2009-03-05,3.16
2009-03-06,3.15
2009-03-09,3.14
2009-03-10,3.14
2009-03-11,3.14
2009-03-12,3.13
2009-03-13,3.13
2009-03-16,3.13
2009-03-17,3.13
2009-03-18,3.13
2009-03-19,3.13
2009-03-20,3.13
2009-03-23,3.13
2009-03-24,3.12
2009-03-25,3.12
2009-03-26,3.12
2009-03-27,3.12
2009-03-30,3.12
2009-03-31,3.12
2009-04-01,3.12
2009-04-02,3.12
2009-04-03,3.12
2009-04-06,3.12
2009-04-07,3.12
2009-04-08,3.12
2009-04-09,3.11
2009-04-10,3.11
2009-04-13,3.1
2009-04-14,3.09
2009-04-15,3.08
2009-04-16,3.07
2009-04-17,3.06
2009-04-20,3.05
2009-04-21,3.05
2009-04-22,3.05
2009-04-23,3.05
2009-04-24,3.05
2009-04-27,3.05
2009-04-28,3.05
2009-04-29,3.04
2009-04-30,3.04
2009-05-04,3.04
2009-05-06,3.04
2009-05-07,3.04
2009-05-08,3.04
2009-05-11,3.04
2009-05-12,3.04
2009-05-13,3.04
2009-05-14,3.04
2009-05-15,3.04
2009-05-18,3.04
2009-05-19,3.04
2009-05-20,3.04
2009-05-21,3.04
2009-05-22,3.04
2009-05-25,3.04
2009-05-26,3.02
2009-05-27,3.01
2009-05-28,3
2009-05-29,2.99
2009-06-01,2.97
2009-06-02,2.96
2009-06-03,2.94
2009-06-04,2.94
2009-06-05,2.94
2009-06-08,2.92
2009-06-09,2.91
2009-06-10,2.9
2009-06-11,2.9
2009-06-12,2.89
2009-06-15,2.87
2009-06-16,2.87
2009-06-17,2.87
2009-06-18,2.86
2009-06-19,2.85
2009-06-22,2.85
2009-06-23,2.85
2009-06-24,2.85
2009-06-25,2.84
2009-06-26,2.83
2009-06-29,2.81
2009-06-30,2.8
2009-07-01,2.8
2009-07-02,2.79
2009-07-03,2.77
2009-07-06,2.78
2009-07-07,2.78
2009-07-08,2.78
2009-07-09,2.77
2009-07-10,2.77
2009-07-13,2.77
2009-07-14,2.77
2009-07-15,2.77
2009-07-16,2.77
2009-07-17,2.77
2009-07-20,2.77
2009-07-21,2.76
2009-07-22,2.76
2009-07-23,2.75
2009-07-24,2.75
2009-07-27,2.74
2009-07-28,2.74
2009-07-29,2.74
2009-07-30,2.74
2009-07-31,2.74
2009-08-03,2.74
2009-08-04,2.74
2009-08-05,2.74
2009-08-06,2.74
2009-08-07,2.74
2009-08-10,2.75
2009-08-11,2.75
2009-08-12,2.75
2009-08-13,2.75
2009-08-14,2.75
2009-08-17,2.76
2009-08-18,2.76
2009-08-19,2.77
2009-08-20,2.79
2009-08-21,2.8
2009-08-24,2.81
2009-08-25,2.82
2009-08-26,2.82
2009-08-27,2.83
2009-08-28,2.83
2009-08-31,2.84
2009-09-01,2.84
2009-09-02,2.84
2009-09-03,2.84
2009-09-04,2.84
2009-09-07,2.84
2009-09-08,2.84
2009-09-09,2.84
2009-09-10,2.84
2009-09-11,2.84
2009-09-14,2.84
2009-09-15,2.84
2009-09-16,2.84
2009-09-17,2.85
2009-09-18,2.85
2009-09-21,2.86
2009-09-22,2.86
2009-09-23,2.86
2009-09-24,2.87
2009-09-25,2.88
2009-09-28,2.89
2009-09-29,2.91
2009-09-30,2.92
2009-10-01,2.93
2009-10-05,2.94
2009-10-06,2.94
2009-10-07,2.94
2009-10-08,2.96
2009-10-09,2.97
2009-10-12,2.98
2009-10-13,2.98
2009-10-14,2.98
2009-10-15,2.98
2009-10-16,2.98
2009-10-19,2.98
2009-10-20,2.98
2009-10-21,2.98
2009-10-22,2.98
2009-10-23,2.98
2009-10-26,2.98
2009-10-27,2.98
2009-10-28,2.98
2009-10-29,2.98
2009-10-30,2.98
2009-11-02,2.98
2009-11-03,2.98
2009-11-04,2.98
2009-11-05,2.98
2009-11-06,2.98
2009-11-09,2.98
2009-11-10,2.98
2009-11-11,2.98
2009-11-12,2.98
2009-11-13,2.98
2009-11-16,2.98
2009-11-17,2.97
2009-11-18,2.97
2009-11-19,2.96
2009-11-20,2.96
2009-11-23,2.96
2009-11-24,2.96
2009-11-25,2.96
2009-11-26,2.96
2009-11-27,2.96
2009-11-30,2.96
2009-12-01,2.96
2009-12-02,2.96
2009-12-03,2.96
2009-12-04,2.96
2009-12-07,2.96
2009-12-08,2.96
2009-12-09,2.96
2009-12-10,2.96
2009-12-11,2.97
2009-12-14,2.97
2009-12-15,2.97
2009-12-16,2.98
2009-12-17,2.98
2009-12-18,2.99
2009-12-21,3.01
2009-12-22,3.03
2009-12-23,3.04
2009-12-24,3.06
2009-12-28,3.07
2009-12-29,3.08
2009-12-30,3.09
2009-12-31,3.09
2010-01-04,3.1
2010-01-05,3.11
2010-01-06,3.11
2010-01-07,3.12
2010-01-08,3.12
2010-01-11,3.12
2010-01-12,3.12
2010-01-13,3.12
2010-01-14,3.12
2010-01-15,3.12
2010-01-18,3.12
2010-01-19,3.12
2010-01-20,3.12
2010-01-21,3.12
2010-01-22,3.12
2010-01-25,3.12
2010-01-26,3.12
2010-01-27,3.12
2010-01-28,3.12
2010-01-29,3.12
2010-02-01,3.12
2010-02-02,3.12
2010-02-03,3.12
2010-02-04,3.12
2010-02-05,3.12
2010-02-08,3.12
2010-02-09,3.12
2010-02-10,3.12
2010-02-11,3.12
2010-02-12,3.12
2010-02-16,3.12
2010-02-17,3.12
2010-02-18,3.12
2010-02-19,3.12
2010-02-22,3.12
2010-02-23,3.12
2010-02-24,3.11
2010-02-25,3.11
2010-02-26,3.11
2010-03-02,3.11
2010-03-03,3.11
2010-03-04,3.11
2010-03-05,3.11
2010-03-08,3.11
2010-03-09,3.11
2010-03-10,3.11
2010-03-11,3.11
2010-03-12,3.1
2010-03-15,3.1
2010-03-16,3.09
2010-03-17,3.08
2010-03-18,3.07
2010-03-19,3.07
2010-03-22,3.06
2010-03-23,3.05
2010-03-24,3.03
2010-03-25,3.02
2010-03-26,3.01
2010-03-29,2.98
2010-03-30,2.95
2010-03-31,2.92
2010-04-01,2.91
2010-04-02,2.9
2010-04-05,2.88
2010-04-06,2.85
2010-04-07,2.83
2010-04-08,2.8
2010-04-09,2.77
2010-04-12,2.73
2010-04-13,2.72
2010-04-14,2.71
2010-04-15,2.69
2010-04-16,2.68
2010-04-19,2.66
2010-04-20,2.65
2010-04-21,2.64
2010-04-22,2.64
2010-04-23,2.64
2010-04-26,2.64
2010-04-27,2.64
2010-04-28,2.64
2010-04-29,2.64
2010-04-30,2.64
2010-05-03,2.64
2010-05-04,2.64
2010-05-06,2.64
2010-05-07,2.64
2010-05-10,2.63
2010-05-11,2.63
2010-05-12,2.63
2010-05-13,2.64
2010-05-14,2.65
2010-05-17,2.66
2010-05-18,2.67
2010-05-19,2.67
2010-05-20,2.68
2010-05-24,2.69
2010-05-25,2.7
2010-05-26,2.7
2010-05-27,2.71
2010-05-28,2.71
2010-05-31,2.71
2010-06-01,2.71
2010-06-03,2.71
2010-06-04,2.71
2010-06-07,2.71
2010-06-08,2.72
2010-06-09,2.72
2010-06-10,2.72
2010-06-11,2.72
2010-06-14,2.72
2010-06-15,2.72
2010-06-16,2.72
2010-06-17,2.72
2010-06-18,2.72
2010-06-21,2.72
2010-06-22,2.73
2010-06-23,2.73
2010-06-24,2.73
2010-06-25,2.73
2010-06-28,2.73
2010-06-29,2.73
2010-06-30,2.73
2010-07-01,2.73
2010-07-02,2.73
2010-07-05,2.73
2010-07-06,2.73
2010-07-07,2.73
2010-07-08,2.73
2010-07-09,2.86
2010-07-12,2.85
2010-07-13,2.84
2010-07-14,2.84
2010-07-15,2.84
2010-07-16,2.83
2010-07-19,2.83
2010-07-20,2.83
2010-07-21,2.83
2010-07-22,2.83
2010-07-23,2.83
2010-07-26,2.83
2010-07-27,2.83
2010-07-28,2.83
2010-07-29,2.83
2010-07-30,2.83
2010-08-02,2.83
2010-08-03,2.83
2010-08-04,2.84
2010-08-05,2.84
2010-08-06,2.84
2010-08-09,2.85
2010-08-10,2.86
2010-08-11,2.86
2010-08-12,2.86
2010-08-13,2.86
2010-08-16,2.86
2010-08-17,2.86
2010-08-18,2.86
2010-08-19,2.86
2010-08-20,2.86
2010-08-23,2.85
2010-08-24,2.85
2010-08-25,2.84
2010-08-26,2.84
2010-08-27,2.84
2010-08-30,2.84
2010-08-31,2.84
2010-09-01,2.84
2010-09-02,2.84
2010-09-03,2.84
2010-09-06,2.84
2010-09-07,2.84
2010-09-08,2.84
2010-09-09,2.83
2010-09-10,2.81
2010-09-13,2.81
2010-09-14,2.81
2010-09-15,2.81
2010-09-16,2.81
2010-09-17,2.81
2010-09-20,2.81
2010-09-24,2.81
2010-09-27,2.81
2010-09-28,2.81
2010-09-29,2.81
2010-09-30,2.81
2010-10-01,2.81
2010-10-04,2.81
2010-10-05,2.81
2010-10-06,2.81
2010-10-07,2.81
2010-10-08,2.81
2010-10-11,2.81
2010-10-12,2.81
2010-10-13,2.8
2010-10-14,2.8
2010-10-15,2.79
2010-10-18,2.79
2010-10-19,2.79
2010-10-20,2.79
2010-10-21,2.79
2010-10-22,2.79
2010-10-25,2.79
2010-10-26,2.79
2010-10-27,2.79
2010-10-28,2.79
2010-10-29,2.79
2010-11-01,2.79
2010-11-02,2.79
2010-11-03,2.79
2010-11-04,2.79
2010-11-05,2.79
2010-11-08,2.79
2010-11-09,2.79
2010-11-10,2.79
2010-11-11,2.79
2010-11-12,2.79
2010-11-15,2.79
2010-11-16,2.85
2010-11-17,2.88
2010-11-18,2.89
2010-11-19,2.9
2010-11-22,2.9
2010-11-23,2.9
2010-11-24,2.9
2010-11-25,2.9
2010-11-26,2.92
2010-11-29,2.93
2010-11-30,2.93
2010-12-01,2.93
2010-12-02,2.93
2010-12-03,2.93
2010-12-06,2.92
2010-12-07,2.92
2010-12-08,2.93
2010-12-09,2.94
2010-12-10,2.94
2010-12-13,2.94
2010-12-14,2.95
2010-12-15,2.96
2010-12-16,2.96
2010-12-17,2.97
2010-12-20,2.98
2010-12-21,2.98
2010-12-22,2.99
2010-12-23,3
2010-12-24,3
2010-12-27,3.01
2010-12-28,3.02
2010-12-29,3.03
2010-12-30,3.03
2010-12-31,3.03
2011-01-03,3.03
2011-01-04,3.03
2011-01-05,3.03
2011-01-06,3.03
2011-01-07,3.02
2011-01-10,3.02
2011-01-11,3.02
2011-01-12,3.02
2011-01-13,3.14
2011-01-14,3.14
2011-01-17,3.15
2011-01-18,3.15
2011-01-19,3.15
2011-01-20,3.16
2011-01-21,3.16
2011-01-24,3.17
2011-01-25,3.19
2011-01-26,3.2
2011-01-27,3.21
2011-01-28,3.21
2011-01-31,3.22
2011-02-01,3.23
2011-02-07,3.24
2011-02-08,3.25
2011-02-09,3.26
2011-02-10,3.27
2011-02-11,3.27
2011-02-14,3.29
2011-02-15,3.3
2011-02-16,3.32
2011-02-17,3.33
2011-02-18,3.34
2011-02-21,3.35
2011-02-22,3.35
2011-02-23,3.36
2011-02-24,3.36
2011-02-25,3.37
2011-02-28,3.37
2011-03-02,3.38
2011-03-03,3.4
2011-03-04,3.41
2011-03-07,3.42
2011-03-08,3.48
2011-03-09,3.5
2011-03-10,3.54
2011-03-11,3.57
2011-03-14,3.58
2011-03-15,3.57
2011-03-16,3.57
2011-03-17,3.57
2011-03-18,3.56
2011-03-21,3.56
2011-03-22,3.56
2011-03-23,3.56
2011-03-24,3.56
2011-03-25,3.55
2011-03-28,3.55
2011-03-29,3.56
2011-03-30,3.57
2011-03-31,3.59
2011-04-01,3.6
2011-04-04,3.61
2011-04-05,3.61
2011-04-06,3.61
2011-04-07,3.57
2011-04-08,3.54
2011-04-11,3.53
2011-04-12,3.52
2011-04-13,3.52
2011-04-14,3.51
2011-04-15,3.52
2011-04-18,3.52
2011-04-19,3.52
2011-04-20,3.52
2011-04-21,3.52
2011-04-22,3.52
2011-04-25,3.52
2011-04-26,3.53
2011-04-27,3.53
2011-04-28,3.53
2011-04-29,3.53
2011-05-02,3.53
2011-05-03,3.54
2011-05-04,3.55
2011-05-06,3.56
2011-05-09,3.56
2011-05-11,3.57
2011-05-12,3.57
2011-05-13,3.56
2011-05-16,3.57
2011-05-17,3.57
2011-05-18,3.59
2011-05-19,3.6
2011-05-20,3.6
2011-05-23,3.6
2011-05-24,3.61
2011-05-25,3.61
2011-05-26,3.61
2011-05-27,3.61
2011-05-30,3.61
2011-05-31,3.61
2011-06-01,3.61
2011-06-02,3.61
2011-06-03,3.61
2011-06-07,3.61
2011-06-08,3.61
2011-06-09,3.61
2011-06-10,3.69
2011-06-13,3.7
2011-06-14,3.71
2011-06-15,3.71
2011-06-16,3.72
2011-06-17,3.72
2011-06-20,3.72
2011-06-21,3.72
2011-06-22,3.72
2011-06-23,3.72
2011-06-24,3.72
2011-06-27,3.72
2011-06-28,3.73
2011-06-29,3.73
2011-06-30,3.73
2011-07-01,3.73
2011-07-04,3.73
2011-07-05,3.73
2011-07-06,3.73
2011-07-07,3.73
2011-07-08,3.73
2011-07-11,3.74
2011-07-12,3.74
2011-07-13,3.74
2011-07-14,3.74
2011-07-15,3.74
2011-07-18,3.74
2011-07-19,3.74
2011-07-20,3.74
2011-07-21,3.74
2011-07-22,3.74
2011-07-25,3.74
2011-07-26,3.74
2011-07-27,3.74
2011-07-28,3.74
2011-07-29,3.74
2011-08-01,3.74
2011-08-02,3.74
2011-08-03,3.74
2011-08-04,3.74
2011-08-05,3.74
2011-08-08,3.74
2011-08-09,3.74
2011-08-10,3.74
2011-08-11,3.74
2011-08-12,3.73
2011-08-16,3.73
2011-08-17,3.73
2011-08-18,3.73
2011-08-19,3.73
2011-08-22,3.73
2011-08-23,3.73
2011-08-24,3.72
2011-08-25,3.72
2011-08-26,3.72
2011-08-29,3.72
2011-08-30,3.71
2011-08-31,3.71
2011-09-01,3.71
2011-09-02,3.71
2011-09-05,3.71
2011-09-06,3.71
2011-09-07,3.71
2011-09-08,3.7
2011-09-09,3.7
2011-09-14,3.71
2011-09-15,3.71
2011-09-16,3.71
2011-09-19,3.71
2011-09-20,3.71
2011-09-21,3.71
2011-09-22,3.71
2011-09-23,3.71
2011-09-26,3.71
2011-09-27,3.71
2011-09-28,3.71
2011-09-29,3.71
2011-09-30,3.71
2011-10-04,3.71
2011-10-05,3.71
2011-10-06,3.71
2011-10-07,3.71
2011-10-10,3.71
2011-10-11,3.71
2011-10-12,3.71
2011-10-13,3.71
2011-10-14,3.71
2011-10-17,3.71
2011-10-18,3.71
2011-10-19,3.71
2011-10-20,3.71
2011-10-21,3.71
2011-10-24,3.71
2011-10-25,3.71
2011-10-26,3.71
2011-10-27,3.71
2011-10-28,3.71
2011-10-31,3.71
2011-11-01,3.71
2011-11-02,3.71
2011-11-03,3.71
2011-11-04,3.71
2011-11-07,3.71
2011-11-08,3.71
2011-11-09,3.71
2011-11-10,3.71
2011-11-11,3.71
2011-11-14,3.71
2011-11-15,3.71
2011-11-16,3.71
2011-11-17,3.71
2011-11-18,3.71
2011-11-21,3.71
2011-11-22,3.71
2011-11-23,3.71
2011-11-24,3.7
2011-11-25,3.7
2011-11-28,3.7
2011-11-29,3.7
2011-11-30,3.7
2011-12-01,3.7
2011-12-02,3.7
2011-12-05,3.7
2011-12-06,3.7
2011-12-07,3.7
2011-12-08,3.7
2011-12-09,3.7
2011-12-12,3.7
2011-12-13,3.7
2011-12-14,3.7
2011-12-15,3.7
2011-12-16,3.7
2011-12-19,3.7
2011-12-20,3.71
2011-12-21,3.71
2011-12-22,3.71
2011-12-23,3.71
2011-12-26,3.71
2011-12-27,3.71
2011-12-28,3.71
2011-12-29,3.71
2011-12-30,3.71
2012-01-02,3.71
2012-01-03,3.71
2012-01-04,3.71
2012-01-05,3.71
2012-01-06,3.71
2012-01-09,3.71
2012-01-10,3.7
2012-01-11,3.69
2012-01-12,3.68
2012-01-13,3.68
2012-01-16,3.67
2012-01-17,3.68
2012-01-18,3.68
2012-01-19,3.68
2012-01-20,3.68
2012-01-25,3.69
2012-01-26,3.69
2012-01-27,3.68
2012-01-30,3.68
2012-01-31,3.68
2012-02-01,3.68
2012-02-02,3.68
2012-02-03,3.68
2012-02-06,3.68
2012-02-07,3.67
2012-02-08,3.67
2012-02-09,3.67
2012-02-10,3.67
2012-02-13,3.67
2012-02-14,3.66
2012-02-15,3.66
2012-02-16,3.66
2012-02-17,3.66
2012-02-20,3.65
2012-02-21,3.65
2012-02-22,3.65
2012-02-23,3.65
2012-02-24,3.65
2012-02-27,3.65
2012-02-28,3.65
2012-02-29,3.65
2012-03-02,3.65
2012-03-05,3.65
2012-03-06,3.65
2012-03-07,3.65
2012-03-08,3.65
2012-03-09,3.65
2012-03-12,3.65
2012-03-13,3.65
2012-03-14,3.65
2012-03-15,3.65
2012-03-16,3.65
2012-03-19,3.65
2012-03-20,3.65
2012-03-21,3.66
2012-03-22,3.66
2012-03-23,3.66
2012-03-26,3.67
2012-03-27,3.68
2012-03-28,3.69
2012-03-29,3.69
2012-03-30,3.69
2012-04-02,3.69
2012-04-03,3.69
2012-04-04,3.68
2012-04-05,3.66
2012-04-06,3.65
2012-04-09,3.65
2012-04-10,3.64
2012-04-12,3.63
2012-04-13,3.62
2012-04-16,3.62
2012-04-17,3.62
2012-04-18,3.62
2012-04-19,3.62
2012-04-20,3.62
2012-04-23,3.62
2012-04-24,3.61
2012-04-25,3.61
2012-04-26,3.61
2012-04-27,3.61
2012-04-30,3.61
2012-05-02,3.6
2012-05-03,3.6
2012-05-04,3.6
2012-05-07,3.6
2012-05-08,3.6
2012-05-09,3.6
2012-05-10,3.6
2012-05-11,3.6
2012-05-14,3.6
2012-05-15,3.6
2012-05-16,3.6
2012-05-17,3.6
2012-05-18,3.6
2012-05-21,3.6
2012-05-22,3.6
2012-05-23,3.6
2012-05-24,3.6
2012-05-25,3.6
2012-05-29,3.6
2012-05-30,3.6
2012-05-31,3.6
2012-06-01,3.6
2012-06-04,3.59
2012-06-05,3.59
2012-06-07,3.58
2012-06-08,3.57
2012-06-11,3.56
2012-06-12,3.56
2012-06-13,3.56
2012-06-14,3.56
2012-06-15,3.56
2012-06-18,3.56
2012-06-19,3.56
2012-06-20,3.56
2012-06-21,3.56
2012-06-22,3.56
2012-06-25,3.56
2012-06-26,3.56
2012-06-27,3.56
2012-06-28,3.56
2012-06-29,3.56
2012-07-02,3.56
2012-07-03,3.56
2012-07-04,3.56
2012-07-05,3.56
2012-07-06,3.56
2012-07-09,3.56
2012-07-10,3.56
2012-07-11,3.56
2012-07-12,3.35
2012-07-13,3.33
2012-07-16,3.32
2012-07-17,3.31
2012-07-18,3.31
2012-07-19,3.3
2012-07-20,3.3
2012-07-23,3.29
2012-07-24,3.28
2012-07-25,3.27
2012-07-26,3.24
2012-07-27,3.23
2012-07-30,3.23
2012-07-31,3.23
2012-08-01,3.23
2012-08-02,3.23
2012-08-03,3.23
2012-08-06,3.22
2012-08-07,3.22
2012-08-08,3.21
2012-08-09,3.2
2012-08-10,3.2
2012-08-13,3.2
2012-08-14,3.2
2012-08-16,3.2
2012-08-17,3.2
2012-08-20,3.2
2012-08-21,3.2
2012-08-22,3.2
2012-08-23,3.2
2012-08-24,3.2
2012-08-27,3.2
2012-08-28,3.2
2012-08-29,3.2
2012-08-30,3.2
2012-08-31,3.2
2012-09-03,3.2
2012-09-04,3.2
2012-09-05,3.2
2012-09-06,3.2
2012-09-07,3.2
2012-09-10,3.2
2012-09-11,3.2
2012-09-12,3.2
2012-09-13,3.2
2012-09-14,3.2
2012-09-17,3.2
2012-09-18,3.2
2012-09-19,3.2
2012-09-20,3.2
2012-09-21,3.2
2012-09-24,3.2
2012-09-25,3.2
2012-09-26,3.2
2012-09-27,3.2
2012-09-28,3.2
2012-10-02,3.2
2012-10-04,3.2
2012-10-05,3.2
2012-10-08,3.2
2012-10-09,3.19
2012-10-10,3.19
2012-10-11,3
2012-10-12,3
2012-10-15,2.99
2012-10-16,2.99
2012-10-17,2.98
2012-10-18,2.98
2012-10-19,2.98
2012-10-22,2.98
2012-10-23,2.98
2012-10-24,2.98
2012-10-25,2.98
2012-10-26,2.98
2012-10-29,2.98
2012-10-30,2.98
2012-10-31,2.98
2012-11-01,2.98
2012-11-02,2.98
2012-11-05,2.98
2012-11-06,2.98
2012-11-07,2.98
2012-11-08,2.98
2012-11-09,2.98
2012-11-12,2.98
2012-11-13,2.98
2012-11-14,2.98
2012-11-15,2.98
2012-11-16,2.98
2012-11-19,2.98
2012-11-20,2.98
2012-11-21,2.98
2012-11-22,2.98
2012-11-23,2.98
2012-11-26,2.98
2012-11-27,2.98
2012-11-28,2.98
2012-11-29,2.98
2012-11-30,2.98
2012-12-03,2.98
2012-12-04,2.98
2012-12-05,2.98
2012-12-06,2.98
2012-12-07,2.98
2012-12-10,2.98
2012-12-11,2.98
2012-12-12,2.98
2012-12-13,2.98
2012-12-14,2.98
2012-12-17,2.98
2012-12-18,2.98
2012-12-20,2.99
2012-12-21,2.99
2012-12-24,2.99
2012-12-26,2.99
2012-12-27,3
2012-12-28,3
2012-12-31,3
2013-01-02,3.01
2013-01-03,3.01
2013-01-04,3.01
2013-01-07,3
2013-01-08,2.99
2013-01-09,2.98
2013-01-10,2.98
2013-01-11,2.97
2013-01-14,2.96
2013-01-15,2.96
2013-01-16,2.95
2013-01-17,2.94
2013-01-18,2.94
2013-01-21,2.93
2013-01-22,2.93
2013-01-23,2.92
2013-01-24,2.92
2013-01-25,2.92
2013-01-28,2.92
2013-01-29,2.92
2013-01-30,2.92
2013-01-31,2.91
2013-02-01,2.91
2013-02-04,2.91
2013-02-05,2.91
2013-02-06,2.91
2013-02-07,2.91
2013-02-08,2.91
2013-02-12,2.91
2013-02-13,2.91
2013-02-14,2.9
2013-02-15,2.91
2013-02-18,2.91
2013-02-19,2.91
2013-02-20,2.91
2013-02-21,2.9
2013-02-22,2.9
2013-02-25,2.9
2013-02-26,2.9
2013-02-27,2.9
2013-02-28,2.9
2013-03-04,2.9
2013-03-05,2.89
2013-03-06,2.89
2013-03-07,2.89
2013-03-08,2.89
2013-03-11,2.89
2013-03-12,2.89
2013-03-13,2.89
2013-03-14,2.89
2013-03-15,2.89
2013-03-18,2.88
2013-03-19,2.88
2013-03-20,2.88
2013-03-21,2.87
2013-03-22,2.87
2013-03-25,2.87
2013-03-26,2.87
2013-03-27,2.87
2013-03-28,2.86
2013-03-29,2.86
2013-04-01,2.86
2013-04-02,2.86
2013-04-03,2.86
2013-04-04,2.86
2013-04-05,2.86
2013-04-08,2.86
2013-04-09,2.86
2013-04-10,2.86
2013-04-11,2.86
2013-04-12,2.87
2013-04-15,2.87
2013-04-16,2.87
2013-04-17,2.87
2013-04-18,2.87
2013-04-19,2.87
2013-04-22,2.87
2013-04-23,2.87
2013-04-24,2.88
2013-04-25,2.89
2013-04-26,2.9
2013-04-29,2.9
2013-04-30,2.9
2013-05-02,2.9
2013-05-03,2.9
2013-05-06,2.9
2013-05-07,2.89
2013-05-08,2.89
2013-05-09,2.79
2013-05-10,2.77
2013-05-13,2.76
2013-05-14,2.75
2013-05-15,2.75
2013-05-16,2.75
2013-05-20,2.75
2013-05-21,2.75
2013-05-22,2.75
2013-05-23,2.75
2013-05-24,2.75
2013-05-27,2.75
2013-05-28,2.75
2013-05-29,2.75
2013-05-30,2.75
2013-05-31,2.75
2013-06-03,2.75
2013-06-04,2.75
2013-06-05,2.75
2013-06-07,2.75
2013-06-10,2.75
2013-06-11,2.75
2013-06-12,2.75
2013-06-13,2.75
2013-06-14,2.75
2013-06-17,2.75
2013-06-18,2.74
2013-06-19,2.74
2013-06-20,2.75
2013-06-21,2.76
2013-06-24,2.76
2013-06-25,2.76
2013-06-26,2.76
2013-06-27,2.76
2013-06-28,2.76
2013-07-01,2.76
2013-07-02,2.76
2013-07-03,2.76
2013-07-04,2.76
2013-07-05,2.76
2013-07-08,2.76
2013-07-09,2.75
2013-07-10,2.75
2013-07-11,2.74
2013-07-12,2.74
2013-07-15,2.74
2013-07-16,2.73
2013-07-17,2.73
2013-07-18,2.72
2013-07-19,2.72
2013-07-22,2.72
2013-07-23,2.72
2013-07-24,2.72
2013-07-25,2.72
2013-07-26,2.72
2013-07-29,2.71
2013-07-30,2.71
2013-07-31,2.71
2013-08-01,2.72
2013-08-02,2.72
2013-08-05,2.72
2013-08-06,2.72
2013-08-07,2.72
2013-08-08,2.72
2013-08-09,2.72
2013-08-12,2.72
2013-08-13,2.72
2013-08-14,2.72
2013-08-16,2.72
2013-08-19,2.72
2013-08-20,2.72
2013-08-21,2.72
2013-08-22,2.72
2013-08-23,2.72
2013-08-26,2.72
2013-08-27,2.72
2013-08-28,2.72
2013-08-29,2.73
2013-08-30,2.73
2013-09-02,2.73
2013-09-03,2.73
2013-09-04,2.73
2013-09-05,2.73
2013-09-06,2.73
2013-09-09,2.73
2013-09-10,2.73
2013-09-11,2.73
2013-09-12,2.73
2013-09-13,2.73
2013-09-16,2.73
2013-09-17,2.73
2013-09-23,2.73
2013-09-24,2.73
2013-09-25,2.73
2013-09-26,2.73
2013-09-27,2.73
2013-09-30,2.73
2013-10-01,2.73
2013-10-02,2.73
2013-10-04,2.73
2013-10-07,2.73
2013-10-08,2.73
2013-10-10,2.73
2013-10-11,2.73
2013-10-14,2.73
2013-10-15,2.73
2013-10-16,2.73
2013-10-17,2.73
2013-10-18,2.73
2013-10-21,2.73
2013-10-22,2.74
2013-10-23,2.74
2013-10-24,2.75
2013-10-25,2.75
2013-10-28,2.75
2013-10-29,2.76
2013-10-30,2.76
2013-10-31,2.76
2013-11-01,2.76
2013-11-04,2.76
2013-11-05,2.76
2013-11-06,2.77
2013-11-07,2.77
2013-11-08,2.77
2013-11-11,2.77
2013-11-12,2.77
2013-11-13,2.77
2013-11-14,2.78
2013-11-15,2.78
2013-11-18,2.79
2013-11-19,2.79
2013-11-20,2.79
2013-11-21,2.79
2013-11-22,2.79
2013-11-25,2.79
2013-11-26,2.79
2013-11-27,2.79
2013-11-28,2.79
2013-11-29,2.79
2013-12-02,2.79
2013-12-03,2.79
2013-12-04,2.79
2013-12-05,2.79
2013-12-06,2.79
2013-12-09,2.79
2013-12-10,2.79
2013-12-11,2.79
2013-12-12,2.79
2013-12-13,2.79
2013-12-16,2.8
2013-12-17,2.8
2013-12-18,2.82
2013-12-19,2.82
2013-12-20,2.83
2013-12-23,2.84
2013-12-24,2.84
2013-12-26,2.84
2013-12-27,2.88
2013-12-30,2.89
2013-12-31,2.9
2014-01-02,2.92
2014-01-03,2.92
2014-01-06,2.89
2014-01-07,2.86
2014-01-08,2.84
2014-01-09,2.83
2014-01-10,2.83
2014-01-13,2.82
2014-01-14,2.81
2014-01-15,2.81
2014-01-16,2.81
2014-01-17,2.81
2014-01-20,2.81
2014-01-21,2.81
2014-01-22,2.81
2014-01-23,2.81
2014-01-24,2.82
2014-01-27,2.82
2014-01-28,2.83
2014-01-29,2.83
2014-02-03,2.83
2014-02-04,2.82
2014-02-05,2.81
2014-02-06,2.81
2014-02-07,2.8
2014-02-10,2.8
2014-02-11,2.79
2014-02-12,2.78
2014-02-13,2.78
2014-02-14,2.77
2014-02-17,2.77
2014-02-18,2.77
2014-02-19,2.76
2014-02-20,2.76
2014-02-21,2.76
2014-02-24,2.76
2014-02-25,2.76
2014-02-26,2.76
2014-02-27,2.76
2014-02-28,2.76
2014-03-03,2.76
2014-03-04,2.77
2014-03-05,2.77
2014-03-06,2.78
2014-03-07,2.78
2014-03-10,2.77
2014-03-11,2.77
2014-03-12,2.77
2014-03-13,2.77
2014-03-14,2.77
2014-03-17,2.77
2014-03-18,2.77
2014-03-19,2.77
2014-03-20,2.77
2014-03-21,2.77
2014-03-24,2.77
2014-03-25,2.77
2014-03-26,2.77
2014-03-27,2.77
2014-03-28,2.77
2014-03-31,2.77
2014-04-01,2.77
2014-04-02,2.77
2014-04-03,2.76
2014-04-04,2.76
2014-04-07,2.76
2014-04-08,2.76
2014-04-09,2.76
2014-04-10,2.76
2014-04-11,2.76
2014-04-14,2.75
2014-04-15,2.75
2014-04-16,2.75
2014-04-17,2.75
2014-04-18,2.75
2014-04-21,2.76
2014-04-22,2.76
2014-04-23,2.76
2014-04-24,2.76
2014-04-25,2.76
2014-04-28,2.76
2014-04-29,2.77
2014-04-30,2.77
2014-05-02,2.77
2014-05-07,2.77
2014-05-08,2.76
2014-05-09,2.76
2014-05-12,2.76
2014-05-13,2.76
2014-05-14,2.76
2014-05-15,2.76
2014-05-16,2.76
2014-05-19,2.76
2014-05-20,2.75
2014-05-21,2.75
2014-05-22,2.75
2014-05-23,2.75
2014-05-26,2.75
2014-05-27,2.75
2014-05-28,2.75
2014-05-29,2.75
2014-05-30,2.75
2014-06-02,2.75
2014-06-03,2.75
2014-06-05,2.75
2014-06-09,2.75
2014-06-10,2.75
2014-06-11,2.74
2014-06-12,2.74
2014-06-13,2.74
2014-06-16,2.74
2014-06-17,2.74
2014-06-18,2.74
2014-06-19,2.74
2014-06-20,2.74
2014-06-23,2.74
2014-06-24,2.73
2014-06-25,2.73
2014-06-26,2.73
2014-06-27,2.73
2014-06-30,2.73
2014-07-01,2.73
2014-07-02,2.73
2014-07-03,2.73
2014-07-04,2.73
2014-07-07,2.73
2014-07-08,2.73
2014-07-09,2.73
2014-07-10,2.73
2014-07-11,2.73
2014-07-14,2.73
2014-07-15,2.73
2014-07-16,2.73
2014-07-17,2.73
2014-07-18,2.73
2014-07-21,2.72
2014-07-22,2.72
2014-07-23,2.72
2014-07-24,2.72
2014-07-25,2.72
2014-07-28,2.72
2014-07-29,2.72
2014-07-30,2.72
2014-07-31,2.72
2014-08-01,2.72
2014-08-04,2.72
2014-08-05,2.72
2014-08-06,2.72
2014-08-07,2.72
2014-08-08,2.71
2014-08-11,2.71
2014-08-12,2.71
2014-08-13,2.71
2014-08-14,2.61
2014-08-18,2.56
2014-08-19,2.52
2014-08-20,2.5
2014-08-21,2.48
2014-08-22,2.47
2014-08-25,2.45
2014-08-26,2.44
2014-08-27,2.43
2014-08-28,2.43
2014-08-29,2.43
2014-09-01,2.43
2014-09-02,2.43
2014-09-03,2.42
2014-09-04,2.43
2014-09-05,2.43
2014-09-11,2.43
2014-09-12,2.43
2014-09-15,2.43
2014-09-16,2.43
2014-09-17,2.43
2014-09-18,2.43
2014-09-19,2.43
2014-09-22,2.43
2014-09-23,2.43
2014-09-24,2.43
2014-09-25,2.43
2014-09-26,2.43
2014-09-29,2.43
2014-09-30,2.42
2014-10-01,2.42
2014-10-02,2.42
2014-10-06,2.42
2014-10-07,2.42
2014-10-08,2.42
2014-10-10,2.42
2014-10-13,2.42
2014-10-14,2.42
2014-10-15,2.34
2014-10-16,2.3
2014-10-17,2.26
2014-10-20,2.26
2014-10-21,2.25
2014-10-22,2.25
2014-10-23,2.24
2014-10-24,2.24
2014-10-27,2.24
2014-10-28,2.24
2014-10-29,2.24
2014-10-30,2.24
2014-10-31,2.24
2014-11-03,2.24
2014-11-04,2.24
2014-11-05,2.24
2014-11-06,2.24
2014-11-07,2.24
2014-11-10,2.24
2014-11-11,2.24
2014-11-12,2.24
2014-11-13,2.24
2014-11-14,2.24
2014-11-17,2.24
2014-11-18,2.24
2014-11-19,2.24
2014-11-20,2.24
2014-11-21,2.24
2014-11-24,2.24
2014-11-25,2.24
2014-11-26,2.24
2014-11-27,2.24
2014-11-28,2.24
2014-12-01,2.24
2014-12-02,2.24
2014-12-03,2.24
2014-12-04,2.24
2014-12-05,2.25
2014-12-08,2.26
2014-12-09,2.27
2014-12-10,2.28
2014-12-11,2.29
2014-12-12,2.3
2014-12-15,2.3
2014-12-16,2.31
2014-12-17,2.32
2014-12-18,2.33
2014-12-19,2.34
2014-12-22,2.34
2014-12-23,2.34
2014-12-24,2.34
2014-12-26,2.34
2014-12-29,2.34
2014-12-30,2.34
2014-12-31,2.33
2015-01-02,2.32
2015-01-05,2.31
2015-01-06,2.29
2015-01-07,2.28
2015-01-08,2.27
2015-01-09,2.27
2015-01-12,2.26
2015-01-13,2.26
2015-01-14,2.26
2015-01-15,2.26
2015-01-16,2.24
2015-01-19,2.24
2015-01-20,2.24
2015-01-21,2.24
2015-01-22,2.24
2015-01-23,2.24
2015-01-26,2.24
2015-01-27,2.24
2015-01-28,2.24
2015-01-29,2.24
2015-01-30,2.24
2015-02-02,2.24
2015-02-03,2.24
2015-02-04,2.24
2015-02-05,2.24
2015-02-06,2.24
2015-02-09,2.24
2015-02-10,2.24
2015-02-11,2.24
2015-02-12,2.24
2015-02-13,2.24
2015-02-16,2.24
2015-02-17,2.24
2015-02-23,2.24
2015-02-24,2.24
2015-02-25,2.24
2015-02-26,2.24
2015-02-27,2.24
2015-03-02,2.24
2015-03-03,2.24
2015-03-04,2.21
2015-03-05,2.19
2015-03-06,2.18
2015-03-09,2.17
2015-03-10,2.16
2015-03-11,2.14
2015-03-12,1.92
2015-03-13,1.91
2015-03-16,1.91
2015-03-17,1.91
2015-03-18,1.9
2015-03-19,1.89
2015-03-20,1.89
2015-03-23,1.89
2015-03-24,1.89
2015-03-25,1.89
2015-03-26,1.89
2015-03-27,1.89
2015-03-30,1.89
2015-03-31,1.89
2015-04-01,1.89
2015-04-02,1.89
2015-04-03,1.89
2015-04-06,1.89
2015-04-07,1.89
2015-04-08,1.88
2015-04-09,1.88
2015-04-10,1.88
2015-04-13,1.88
2015-04-14,1.88
2015-04-15,1.88
2015-04-16,1.88
2015-04-17,1.88
2015-04-20,1.88
2015-04-21,1.88
2015-04-22,1.88
2015-04-23,1.88
2015-04-24,1.88
2015-04-27,1.88
2015-04-28,1.88
2015-04-29,1.88
2015-04-30,1.88
2015-05-04,1.88
2015-05-06,1.88
2015-05-07,1.88
2015-05-08,1.87
2015-05-11,1.87
2015-05-12,1.87
2015-05-13,1.87
2015-05-14,1.87
2015-05-15,1.87
2015-05-18,1.87
2015-05-19,1.87
2015-05-20,1.87
2015-05-21,1.87
2015-05-22,1.87
2015-05-26,1.87
2015-05-27,1.87
2015-05-28,1.87
2015-05-29,1.87
2015-06-01,1.87
2015-06-02,1.86
2015-06-03,1.86
2015-06-04,1.86
2015-06-05,1.86
2015-06-08,1.86
2015-06-09,1.86
2015-06-10,1.86
2015-06-11,1.62
2015-06-12,1.62
2015-06-15,1.63
2015-06-16,1.63
2015-06-17,1.63
2015-06-18,1.63
2015-06-19,1.63
2015-06-22,1.64
2015-06-23,1.65
2015-06-24,1.66
2015-06-25,1.69
2015-06-26,1.69
2015-06-29,1.7
2015-06-30,1.7
2015-07-01,1.7
2015-07-02,1.7
2015-07-03,1.7
2015-07-06,1.7
2015-07-07,1.7
2015-07-08,1.7
2015-07-09,1.7
2015-07-10,1.7
2015-07-13,1.7
2015-07-14,1.7
2015-07-15,1.7
2015-07-16,1.7
2015-07-17,1.7
2015-07-20,1.7
2015-07-21,1.7
2015-07-22,1.7
2015-07-23,1.7
2015-07-24,1.7
2015-07-27,1.7
2015-07-28,1.7
2015-07-29,1.7
2015-07-30,1.7
2015-07-31,1.7
2015-08-03,1.7
2015-08-04,1.7
2015-08-05,1.7
2015-08-06,1.7
2015-08-07,1.7
2015-08-10,1.69
2015-08-11,1.69
2015-08-12,1.69
2015-08-13,1.69
2015-08-17,1.69
2015-08-18,1.69
2015-08-19,1.69
2015-08-20,1.69
2015-08-21,1.69
2015-08-24,1.7
2015-08-25,1.7
2015-08-26,1.7
2015-08-27,1.7
2015-08-28,1.7
2015-08-31,1.7
2015-09-01,1.7
2015-09-02,1.7
2015-09-03,1.69
2015-09-04,1.69
2015-09-07,1.69
2015-09-08,1.68
2015-09-09,1.68
2015-09-10,1.68
2015-09-11,1.68
2015-09-14,1.68
2015-09-15,1.68
2015-09-16,1.68
2015-09-17,1.68
2015-09-18,1.68
2015-09-21,1.68
2015-09-22,1.68
2015-09-23,1.69
2015-09-24,1.69
2015-09-25,1.69
2015-09-30,1.69
2015-10-01,1.69
2015-10-02,1.69
2015-10-05,1.69
2015-10-06,1.69
2015-10-07,1.69
2015-10-08,1.69
2015-10-12,1.69
2015-10-13,1.69
2015-10-14,1.69
2015-10-15,1.69
2015-10-16,1.69
2015-10-19,1.69
2015-10-20,1.7
2015-10-21,1.71
2015-10-22,1.71
2015-10-23,1.71
2015-10-26,1.72
2015-10-27,1.72
2015-10-28,1.72
2015-10-29,1.72
2015-10-30,1.72
2015-11-02,1.72
2015-11-03,1.72
2015-11-04,1.73
2015-11-05,1.73
2015-11-06,1.73
2015-11-09,1.73
2015-11-10,1.73
2015-11-11,1.73
2015-11-12,1.73
2015-11-13,1.73
2015-11-16,1.73
2015-11-17,1.73
2015-11-18,1.73
2015-11-19,1.74
2015-11-20,1.74
2015-11-23,1.74
2015-11-24,1.75
2015-11-25,1.76
2015-11-26,1.77
2015-11-27,1.81
2015-11-30,1.83
2015-12-01,1.85
2015-12-02,1.86
2015-12-03,1.87
2015-12-04,1.88
2015-12-07,1.89
2015-12-08,1.9
2015-12-09,1.9
2015-12-10,1.9
2015-12-11,1.9
2015-12-14,1.91
2015-12-15,1.91
2015-12-16,1.91
2015-12-17,1.91
2015-12-18,1.92
2015-12-21,1.92
2015-12-22,1.92
2015-12-23,1.92
2015-12-24,1.92
2015-12-28,1.92
2015-12-29,1.92
2015-12-30,1.92
2015-12-31,1.92
2016-01-04,1.89
2016-01-05,1.87
2016-01-06,1.85
2016-01-07,1.84
2016-01-08,1.83
2016-01-11,1.82
2016-01-12,1.82
2016-01-13,1.82
2016-01-14,1.82
2016-01-15,1.82
2016-01-18,1.82
2016-01-19,1.82
2016-01-20,1.82
2016-01-21,1.82
2016-01-22,1.82
2016-01-25,1.82
2016-01-26,1.82
2016-01-27,1.82
2016-01-28,1.81
2016-01-29,1.81
2016-02-01,1.81
2016-02-02,1.81
2016-02-03,1.81
2016-02-04,1.81
2016-02-05,1.81
2016-02-11,1.8
2016-02-12,1.79
2016-02-15,1.77
2016-02-16,1.76
2016-02-17,1.75
2016-02-18,1.74
2016-02-19,1.73
2016-02-22,1.73
2016-02-23,1.72
2016-02-24,1.72
2016-02-25,1.72
2016-02-26,1.72
2016-02-29,1.72
2016-03-02,1.72
2016-03-03,1.72
2016-03-04,1.72
2016-03-07,1.72
2016-03-08,1.71
2016-03-09,1.71
2016-03-10,1.71
2016-03-11,1.71
2016-03-14,1.71
2016-03-15,1.71
2016-03-16,1.71
2016-03-17,1.71
2016-03-18,1.71
2016-03-21,1.71
2016-03-22,1.71
2016-03-23,1.71
2016-03-24,1.71
2016-03-25,1.71
2016-03-28,1.71
2016-03-29,1.71
2016-03-30,1.71
2016-03-31,1.71
2016-04-01,1.71
2016-04-04,1.71
2016-04-05,1.71
2016-04-06,1.71
2016-04-07,1.71
2016-04-08,1.71
2016-04-11,1.71
2016-04-12,1.71
2016-04-14,1.71
2016-04-15,1.71
2016-04-18,1.71
2016-04-19,1.7
2016-04-20,1.7
2016-04-21,1.7
2016-04-22,1.7
2016-04-25,1.7
2016-04-26,1.7
2016-04-27,1.7
2016-04-28,1.69
2016-04-29,1.69
2016-05-02,1.69
2016-05-03,1.69
2016-05-04,1.69
2016-05-09,1.69
2016-05-10,1.69
2016-05-11,1.68
2016-05-12,1.68
2016-05-13,1.68
2016-05-16,1.68
2016-05-17,1.68
2016-05-18,1.68
2016-05-19,1.68
2016-05-20,1.68
2016-05-23,1.68
2016-05-24,1.68
2016-05-25,1.68
2016-05-26,1.68
2016-05-27,1.68
2016-05-30,1.68
2016-05-31,1.67
2016-06-01,1.67
2016-06-02,1.67
2016-06-03,1.67
2016-06-07,1.67
2016-06-08,1.67
2016-06-09,1.55
2016-06-10,1.53
2016-06-13,1.52
2016-06-14,1.52
2016-06-15,1.52
2016-06-16,1.52
2016-06-17,1.52
2016-06-20,1.52
2016-06-21,1.52
2016-06-22,1.52
2016-06-23,1.52
2016-06-24,1.52
2016-06-27,1.52
2016-06-28,1.52
2016-06-29,1.52
2016-06-30,1.52
2016-07-01,1.52
2016-07-04,1.52
2016-07-05,1.52
2016-07-06,1.52
2016-07-07,1.52
2016-07-08,1.52
2016-07-11,1.52
2016-07-12,1.52
2016-07-13,1.52
2016-07-14,1.52
2016-07-15,1.52
2016-07-18,1.52
2016-07-19,1.52
2016-07-20,1.52
2016-07-21,1.52
2016-07-22,1.52
2016-07-25,1.52
2016-07-26,1.52
2016-07-27,1.52
2016-07-28,1.52
2016-07-29,1.52
2016-08-01,1.52
2016-08-02,1.52
2016-08-03,1.52
2016-08-04,1.52
2016-08-05,1.52
2016-08-08,1.52
2016-08-09,1.51
2016-08-10,1.51
2016-08-11,1.51
2016-08-12,1.51
2016-08-16,1.51
2016-08-17,1.51
2016-08-18,1.51
2016-08-19,1.51
2016-08-22,1.51
2016-08-23,1.51
2016-08-24,1.51
2016-08-25,1.51
2016-08-26,1.51
2016-08-29,1.51
2016-08-30,1.51
2016-08-31,1.51
2016-09-01,1.51
2016-09-02,1.51
2016-09-05,1.51
2016-09-06,1.51
2016-09-07,1.51
2016-09-08,1.51
2016-09-09,1.51
2016-09-12,1.51
2016-09-13,1.5
2016-09-19,1.5
2016-09-20,1.5
2016-09-21,1.5
2016-09-22,1.5
2016-09-23,1.5
2016-09-26,1.5
2016-09-27,1.5
2016-09-28,1.5
2016-09-29,1.5
2016-09-30,1.5
2016-10-04,1.5
2016-10-05,1.5
2016-10-06,1.5
2016-10-07,1.5
2016-10-10,1.5
2016-10-11,1.5
2016-10-12,1.5
2016-10-13,1.5
2016-10-14,1.5
2016-10-17,1.5
2016-10-18,1.5
2016-10-19,1.5
2016-10-20,1.5
2016-10-21,1.5
2016-10-24,1.5
2016-10-25,1.5
2016-10-26,1.5
2016-10-27,1.5
2016-10-28,1.5
2016-10-31,1.51
2016-11-01,1.51
2016-11-02,1.51
2016-11-03,1.51
2016-11-04,1.51
2016-11-07,1.51
2016-11-08,1.51
2016-11-09,1.51
2016-11-10,1.51
2016-11-11,1.51
2016-11-14,1.51
2016-11-15,1.51
2016-11-16,1.51
2016-11-17,1.52
2016-11-18,1.53
2016-11-21,1.54
2016-11-22,1.55
2016-11-23,1.55
2016-11-24,1.55
2016-11-25,1.55
2016-11-28,1.55
2016-11-29,1.55
2016-11-30,1.55
2016-12-01,1.55
2016-12-02,1.55
2016-12-05,1.58
2016-12-06,1.6
2016-12-07,1.62
2016-12-08,1.63
2016-12-09,1.64
2016-12-12,1.65
2016-12-13,1.66
2016-12-14,1.66
2016-12-15,1.66
2016-12-16,1.66
2016-12-19,1.67
2016-12-20,1.68
2016-12-21,1.68
2016-12-22,1.68
2016-12-23,1.69
2016-12-26,1.7
2016-12-27,1.7
2016-12-28,1.7
2016-12-29,1.7
2016-12-30,1.71
2017-01-02,1.71
2017-01-03,1.71
2017-01-04,1.7
2017-01-05,1.69
2017-01-06,1.68
2017-01-09,1.68
2017-01-10,1.68
2017-01-11,1.67
2017-01-12,1.67
2017-01-13,1.67
2017-01-16,1.66
2017-01-17,1.66
2017-01-18,1.66
2017-01-19,1.66
2017-01-20,1.66
2017-01-23,1.65
2017-01-24,1.65
2017-01-25,1.65
2017-01-26,1.65
2017-01-31,1.65
2017-02-01,1.65
2017-02-02,1.65
2017-02-03,1.65
2017-02-06,1.65
2017-02-07,1.65
2017-02-08,1.65
2017-02-09,1.65
2017-02-10,1.65
2017-02-13,1.65
2017-02-14,1.64
2017-02-15,1.64
2017-02-16,1.64
2017-02-17,1.64
2017-02-20,1.64
2017-02-21,1.64
2017-02-22,1.64
2017-02-23,1.64
2017-02-24,1.64
2017-02-27,1.64
2017-02-28,1.64
2017-03-02,1.64
2017-03-03,1.64
2017-03-06,1.64
2017-03-07,1.64
2017-03-08,1.64
2017-03-09,1.64
2017-03-10,1.64
2017-03-13,1.64
2017-03-14,1.64
2017-03-15,1.64
2017-03-16,1.64
2017-03-17,1.64
2017-03-20,1.63
2017-03-21,1.63
2017-03-22,1.63
2017-03-23,1.63
2017-03-24,1.63
2017-03-27,1.63
2017-03-28,1.63
2017-03-29,1.63
2017-03-30,1.63
2017-03-31,1.63
2017-04-03,1.63
2017-04-04,1.63
2017-04-05,1.63
2017-04-06,1.63
2017-04-07,1.63
2017-04-10,1.63
2017-04-11,1.63
2017-04-12,1.63
2017-04-13,1.63
2017-04-14,1.63
2017-04-17,1.63
2017-04-18,1.63
2017-04-19,1.63
2017-04-20,1.63
2017-04-21,1.63
2017-04-24,1.63
2017-04-25,1.63
2017-04-26,1.63
2017-04-27,1.63
2017-04-28,1.63
2017-05-02,1.63
2017-05-04,1.63
2017-05-08,1.63
2017-05-10,1.63
2017-05-11,1.63
2017-05-12,1.63
2017-05-15,1.63
2017-05-16,1.63
2017-05-17,1.63
2017-05-18,1.63
2017-05-19,1.63
2017-05-22,1.63
2017-05-23,1.63
2017-05-24,1.63
2017-05-25,1.62
2017-05-26,1.61
2017-05-29,1.61
2017-05-30,1.6
2017-05-31,1.6
2017-06-01,1.6
2017-06-02,1.6
2017-06-05,1.6
2017-06-07,1.6
2017-06-08,1.6
2017-06-09,1.6
2017-06-12,1.6
2017-06-13,1.6
2017-06-14,1.6
2017-06-15,1.6
2017-06-16,1.6
2017-06-19,1.6
2017-06-20,1.6
2017-06-21,1.6
2017-06-22,1.6
2017-06-23,1.6
2017-06-26,1.6
2017-06-27,1.6
2017-06-28,1.6
2017-06-29,1.6
2017-06-30,1.6
2017-07-03,1.6
2017-07-04,1.6
2017-07-05,1.6
2017-07-06,1.6
2017-07-07,1.6
2017-07-10,1.6
2017-07-11,1.6
2017-07-12,1.6
2017-07-13,1.59
2017-07-14,1.59
2017-07-17,1.59
2017-07-18,1.59
2017-07-19,1.59
2017-07-20,1.59
2017-07-21,1.59
2017-07-24,1.59
2017-07-25,1.59
2017-07-26,1.59
2017-07-27,1.59
2017-07-28,1.59
2017-07-31,1.59
2017-08-01,1.59
2017-08-02,1.59
2017-08-03,1.59
2017-08-04,1.59
2017-08-07,1.59
2017-08-08,1.59
2017-08-09,1.59
2017-08-10,1.59
2017-08-11,1.59
2017-08-14,1.59
2017-08-16,1.59
2017-08-17,1.59
2017-08-18,1.59
2017-08-21,1.59
2017-08-22,1.59
2017-08-23,1.59
2017-08-24,1.59
2017-08-25,1.59
2017-08-28,1.59
2017-08-29,1.59
2017-08-30,1.59
2017-08-31,1.59
2017-09-01,1.59
2017-09-04,1.59
2017-09-05,1.59
2017-09-06,1.59
2017-09-07,1.59
2017-09-08,1.59
2017-09-11,1.59
2017-09-12,1.59
2017-09-13,1.59
2017-09-14,1.59
2017-09-15,1.59
2017-09-18,1.59
2017-09-19,1.59
2017-09-20,1.59
2017-09-21,1.59
2017-09-22,1.59
2017-09-25,1.59
2017-09-26,1.59
2017-09-27,1.59
2017-09-28,1.59
2017-09-29,1.59
2017-10-10,1.59
2017-10-11,1.59
2017-10-12,1.59
2017-10-13,1.59
2017-10-16,1.59
2017-10-17,1.59
2017-10-18,1.59
2017-10-19,1.59
2017-10-20,1.59
2017-10-23,1.59
2017-10-24,1.59
2017-10-25,1.59
2017-10-26,1.59
2017-10-27,1.59
2017-10-30,1.59
2017-10-31,1.61
2017-11-01,1.62
2017-11-02,1.63
2017-11-03,1.64
2017-11-06,1.65
2017-11-07,1.66
2017-11-08,1.68
2017-11-09,1.68
2017-11-10,1.68
2017-11-13,1.69
2017-11-14,1.7
2017-11-15,1.7
2017-11-16,1.7
2017-11-17,1.7
2017-11-20,1.7
2017-11-21,1.72
2017-11-22,1.72
2017-11-23,1.72
2017-11-24,1.72
2017-11-27,1.75
2017-11-28,1.77
2017-11-29,1.77
2017-11-30,1.79
2017-12-01,1.8
2017-12-04,1.8
2017-12-05,1.8
2017-12-06,1.8
2017-12-07,1.8
2017-12-08,1.8
2017-12-11,1.8
2017-12-12,1.8
2017-12-13,1.8
2017-12-14,1.8
2017-12-15,1.8
2017-12-18,1.8
2017-12-19,1.8
2017-12-20,1.8
2017-12-21,1.8
2017-12-22,1.8
2017-12-26,1.8
2017-12-27,1.8
2017-12-28,1.8
2017-12-29,1.8
2018-01-02,1.8
2018-01-03,1.8
2018-01-04,1.8
2018-01-05,1.8
2018-01-08,1.8
2018-01-09,1.8
2018-01-10,1.8
2018-01-11,1.8
2018-01-12,1.8
2018-01-15,1.8
2018-01-16,1.8
2018-01-17,1.8
2018-01-18,1.8
2018-01-19,1.8
2018-01-22,1.8
2018-01-23,1.8
2018-01-24,1.8
2018-01-25,1.8
2018-01-26,1.8
2018-01-29,1.8
2018-01-30,1.8
2018-01-31,1.8
2018-02-01,1.8
2018-02-02,1.8
2018-02-05,1.8
2018-02-06,1.8
2018-02-07,1.8
2018-02-08,1.8
2018-02-09,1.8
2018-02-12,1.8
2018-02-13,1.8
2018-02-14,1.8
2018-02-19,1.8
2018-02-20,1.8
2018-02-21,1.8
2018-02-22,1.8
2018-02-23,1.8
2018-02-26,1.8
2018-02-27,1.8
2018-02-28,1.8
2018-03-02,1.8
2018-03-05,1.8
2018-03-06,1.8
2018-03-07,1.8
2018-03-08,1.8
2018-03-09,1.8
2018-03-12,1.8
2018-03-13,1.8
2018-03-14,1.8
2018-03-15,1.8
2018-03-16,1.81
2018-03-19,1.81
2018-03-20,1.81
2018-03-21,1.81
2018-03-22,1.82
2018-03-23,1.82
2018-03-26,1.82
2018-03-27,1.82
2018-03-28,1.82
2018-03-29,1.82
2018-03-30,1.82
2018-04-02,1.82
2018-04-03,1.82
2018-04-04,1.82
2018-04-05,1.82
2018-04-06,1.82
2018-04-09,1.82
2018-04-10,1.82
2018-04-11,1.82
2018-04-12,1.82
2018-04-13,1.82
2018-04-16,1.82
2018-04-17,1.82
2018-04-18,1.82
2018-04-19,1.82
2018-04-20,1.82
2018-04-23,1.82
2018-04-24,1.82
2018-04-25,1.82
2018-04-26,1.82
2018-04-27,1.82
2018-04-30,1.82
2018-05-02,1.82
2018-05-03,1.82
2018-05-04,1.82
2018-05-08,1.82
2018-05-09,1.82
2018-05-10,1.82
2018-05-11,1.82
2018-05-14,1.82
2018-05-15,1.82
2018-05-16,1.82
2018-05-17,1.82
2018-05-18,1.82
2018-05-21,1.82
2018-05-23,1.82
2018-05-24,1.82
2018-05-25,1.82
2018-05-28,1.82
2018-05-29,1.82
2018-05-30,1.82
2018-05-31,1.82
2018-06-01,1.82
2018-06-04,1.82
2018-06-05,1.82
2018-06-07,1.82
2018-06-08,1.82
2018-06-11,1.82
2018-06-12,1.82
2018-06-14,1.82
2018-06-15,1.82
2018-06-18,1.82
2018-06-19,1.82
2018-06-20,1.82
2018-06-21,1.82
2018-06-22,1.82
2018-06-25,1.82
2018-06-26,1.82
2018-06-27,1.82
2018-06-28,1.82
2018-06-29,1.82
2018-07-02,1.82
2018-07-03,1.82
2018-07-04,1.82
2018-07-05,1.82
2018-07-06,1.82
2018-07-09,1.82
2018-07-10,1.82
2018-07-11,1.82
2018-07-12,1.82
2018-07-13,1.82
2018-07-16,1.82
2018-07-17,1.82
2018-07-18,1.82
2018-07-19,1.82
2018-07-20,1.82
2018-07-23,1.82
2018-07-24,1.82
2018-07-25,1.82
2018-07-26,1.82
2018-07-27,1.82
2018-07-30,1.82
2018-07-31,1.82
2018-08-01,1.82
2018-08-02,1.82
2018-08-03,1.82
2018-08-06,1.81
2018-08-07,1.81
2018-08-08,1.81
2018-08-09,1.81
2018-08-10,1.81
2018-08-13,1.81
2018-08-14,1.81
2018-08-16,1.81
2018-08-17,1.81
2018-08-20,1.81
2018-08-21,1.81
2018-08-22,1.81
2018-08-23,1.81
2018-08-24,1.81
2018-08-27,1.81
2018-08-28,1.81
2018-08-29,1.81
2018-08-30,1.81
2018-08-31,1.81
2018-09-03,1.81
2018-09-04,1.81
2018-09-05,1.81
2018-09-06,1.81
2018-09-07,1.81
2018-09-10,1.81
2018-09-11,1.81
2018-09-12,1.81
2018-09-13,1.81
2018-09-14,1.81
2018-09-17,1.81
2018-09-18,1.81
2018-09-19,1.81
2018-09-20,1.81
2018-09-21,1.81
2018-09-27,1.82
2018-09-28,1.82
2018-10-01,1.82
2018-10-02,1.82
2018-10-04,1.82
2018-10-05,1.82
2018-10-08,1.82
2018-10-10,1.82
2018-10-11,1.82
2018-10-12,1.82
2018-10-15,1.82
2018-10-16,1.82
2018-10-17,1.82
2018-10-18,1.82
2018-10-19,1.82
2018-10-22,1.82
2018-10-23,1.82
2018-10-24,1.82
2018-10-25,1.82
2018-10-26,1.82
2018-10-29,1.82
2018-10-30,1.82
2018-10-31,1.82
2018-11-01,1.82
2018-11-02,1.82
2018-11-05,1.82
2018-11-06,1.82
2018-11-07,1.82
2018-11-08,1.83
2018-11-09,1.83
2018-11-12,1.83
2018-11-13,1.84
2018-11-14,1.84
2018-11-15,1.84
2018-11-16,1.84
2018-11-19,1.84
2018-11-20,1.84
2018-11-21,1.85
2018-11-22,1.86
2018-11-23,1.86
2018-11-26,1.86
2018-11-27,1.86
2018-11-28,1.86
2018-11-29,1.86
2018-11-30,1.97
2018-12-03,1.97
2018-12-04,1.97
2018-12-05,1.97
2018-12-06,1.97
2018-12-07,1.97
2018-12-10,1.97
2018-12-11,1.97
2018-12-12,1.97
2018-12-13,1.97
2018-12-14,1.97
2018-12-17,1.97
2018-12-18,1.97
2018-12-19,1.97
2018-12-20,1.97
2018-12-21,1.97
2018-12-24,1.97
2018-12-26,1.97
2018-12-27,1.97
2018-12-28,1.97
2018-12-31,1.97
2019-01-02,1.97
2019-01-03,1.97
2019-01-04,1.97
2019-01-07,1.97
2019-01-08,1.97
2019-01-09,1.97
2019-01-10,1.97
2019-01-11,1.97
2019-01-14,1.97
2019-01-15,1.97
2019-01-16,1.97
2019-01-17,1.97
2019-01-18,1.97
2019-01-21,1.97
2019-01-22,1.97
2019-01-23,1.97
2019-01-24,1.97
2019-01-25,1.97
2019-01-28,1.97
2019-01-29,1.97
2019-01-30,1.97
2019-01-31,1.97
2019-02-01,1.97
2019-02-07,1.97
2019-02-08,1.97
2019-02-11,1.97
2019-02-12,1.97
2019-02-13,1.97
2019-02-14,1.97
2019-02-15,1.97
2019-02-18,1.97
2019-02-19,1.97
2019-02-20,1.97
2019-02-21,1.97
2019-02-22,1.97
2019-02-25,1.97
2019-02-26,1.97
2019-02-27,1.97
2019-02-28,1.97
2019-03-04,1.97
2019-03-05,1.97
2019-03-06,1.97
2019-03-07,1.97
2019-03-08,1.97
2019-03-11,1.97
2019-03-12,1.98
2019-03-13,1.98
2019-03-14,1.98
2019-03-15,1.98
2019-03-18,1.98
2019-03-19,1.98
2019-03-20,1.98
2019-03-21,1.98
2019-03-22,1.98
2019-03-25,1.98
2019-03-26,1.98
2019-03-27,1.98
2019-03-28,1.98
2019-03-29,1.98
2019-04-01,1.98
2019-04-02,1.98
2019-04-03,1.98
2019-04-04,1.98
2019-04-05,1.98
2019-04-08,1.98
2019-04-09,1.98
2019-04-10,1.98
2019-04-11,1.98
2019-04-12,1.98
2019-04-15,1.98
2019-04-16,1.98
2019-04-17,1.98
2019-04-18,1.98
2019-04-19,1.98
2019-04-22,1.98
2019-04-23,1.98
2019-04-24,1.98
2019-04-25,1.98
2019-04-26,1.98
2019-04-29,1.98
2019-04-30,1.98
2019-05-02,1.97
2019-05-03,1.96
2019-05-07,1.96
2019-05-08,1.95
2019-05-09,1.95
2019-05-10,1.95
2019-05-13,1.95
2019-05-14,1.95
2019-05-15,1.94
2019-05-16,1.94
2019-05-17,1.94
2019-05-20,1.94
2019-05-21,1.94
2019-05-22,1.94
2019-05-23,1.94
2019-05-24,1.94
2019-05-27,1.94
2019-05-28,1.94
2019-05-29,1.94
2019-05-30,1.94
2019-05-31,1.93
2019-06-03,1.93
2019-06-04,1.93
2019-06-05,1.93
2019-06-07,1.93
2019-06-10,1.93
2019-06-11,1.93
2019-06-12,1.93
2019-06-13,1.93
2019-06-14,1.93
2019-06-17,1.93
2019-06-18,1.93
2019-06-19,1.93
2019-06-20,1.93
2019-06-21,1.92
2019-06-24,1.92
2019-06-25,1.92
2019-06-26,1.92
2019-06-27,1.92
2019-06-28,1.92
2019-07-01,1.92
2019-07-02,1.92
2019-07-03,1.92
2019-07-04,1.91
2019-07-05,1.91
2019-07-08,1.91
2019-07-09,1.91
2019-07-10,1.91
2019-07-11,1.91
2019-07-12,1.91
2019-07-15,1.91
2019-07-16,1.91
2019-07-17,1.91
2019-07-18,1.84
2019-07-19,1.84
2019-07-22,1.84
2019-07-23,1.82
2019-07-24,1.8
2019-07-25,1.79
2019-07-26,1.78
2019-07-29,1.77
2019-07-30,1.76
2019-07-31,1.76
2019-08-01,1.76
2019-08-02,1.75
2019-08-05,1.74
2019-08-06,1.73
2019-08-07,1.73
2019-08-08,1.73
2019-08-09,1.73
2019-08-12,1.73
2019-08-13,1.73
2019-08-14,1.72
2019-08-16,1.72
2019-08-19,1.72
2019-08-20,1.72
2019-08-21,1.72
2019-08-22,1.72
2019-08-23,1.72
2019-08-26,1.72
2019-08-27,1.72
2019-08-28,1.72
2019-08-29,1.72
2019-08-30,1.72
2019-09-02,1.72
2019-09-03,1.72
2019-09-04,1.72
2019-09-05,1.72
2019-09-06,1.72
2019-09-09,1.72
2019-09-10,1.72
2019-09-11,1.72
2019-09-16,1.72
2019-09-17,1.72
2019-09-18,1.72
2019-09-19,1.72
2019-09-20,1.72
2019-09-23,1.72
2019-09-24,1.72
2019-09-25,1.72
2019-09-26,1.72
2019-09-27,1.72
2019-09-30,1.72
2019-10-01,1.72
2019-10-02,1.72
2019-10-04,1.72
2019-10-07,1.72
2019-10-08,1.72
2019-10-10,1.72
2019-10-11,1.72
2019-10-14,1.72
2019-10-15,1.72
2019-10-16,1.7
2019-10-17,1.69
2019-10-18,1.68
2019-10-21,1.67
2019-10-22,1.65
2019-10-23,1.65
2019-10-24,1.65
2019-10-25,1.65
2019-10-28,1.65
2019-10-29,1.65
2019-10-30,1.65
2019-10-31,1.65
2019-11-01,1.65
2019-11-04,1.65
2019-11-05,1.65
2019-11-06,1.65
2019-11-07,1.65
2019-11-08,1.65
2019-11-11,1.65
2019-11-12,1.65
2019-11-13,1.65
2019-11-14,1.65
2019-11-15,1.65
2019-11-18,1.65
2019-11-19,1.65
2019-11-20,1.65
2019-11-21,1.65
2019-11-22,1.65
2019-11-25,1.65
2019-11-26,1.65
2019-11-27,1.65
2019-11-28,1.65
2019-11-29,1.65
2019-12-02,1.66
2019-12-03,1.66
2019-12-04,1.66
2019-12-05,1.66
2019-12-06,1.66
2019-12-09,1.66
2019-12-10,1.66
2019-12-11,1.66
2019-12-12,1.66
2019-12-13,1.66
2019-12-16,1.67
2019-12-17,1.67
2019-12-18,1.67
2019-12-19,1.67
2019-12-20,1.67
2019-12-23,1.67
2019-12-24,1.67
2019-12-26,1.67
2019-12-27,1.68
2019-12-30,1.69
2019-12-31,1.69
2020-01-02,1.69
2020-01-03,1.69
2020-01-06,1.69
2020-01-07,1.69
2020-01-08,1.69
2020-01-09,1.69
2020-01-10,1.69
2020-01-13,1.69
2020-01-14,1.69
2020-01-15,1.69
2020-01-16,1.69
2020-01-17,1.69
2020-01-20,1.69
2020-01-21,1.69
2020-01-22,1.69
2020-01-23,1.69
2020-01-28,1.69
2020-01-29,1.69
2020-01-30,1.69
2020-01-31,1.69
2020-02-03,1.69
2020-02-04,1.69
2020-02-05,1.68
2020-02-06,1.68
2020-02-07,1.68
2020-02-10,1.68
2020-02-11,1.68
2020-02-12,1.68
2020-02-13,1.68
2020-02-14,1.68
2020-02-17,1.68
2020-02-18,1.67
2020-02-19,1.65
2020-02-20,1.63
2020-02-21,1.62
2020-02-24,1.61
2020-02-25,1.6
2020-02-26,1.59
2020-02-27,1.58
2020-02-28,1.57
2020-03-02,1.56
2020-03-03,1.56
2020-03-04,1.55
2020-03-05,1.55
2020-03-06,1.55
2020-03-09,1.55
2020-03-10,1.55
2020-03-11,1.55
2020-03-12,1.55
2020-03-13,1.55
2020-03-16,1.54
2020-03-17,1.36
2020-03-18,1.37
2020-03-19,1.41
2020-03-20,1.47
2020-03-23,1.56
2020-03-24,1.66
2020-03-25,1.88
2020-03-26,2.05
2020-03-27,2.1
2020-03-30,2.17
2020-03-31,2.2
2020-04-01,2.22
2020-04-02,2.24
2020-04-03,2.2
2020-04-06,2.2
2020-04-07,2.19
2020-04-08,2.19
2020-04-09,2.16
2020-04-10,2.14
2020-04-13,2.13
2020-04-14,2.13
2020-04-16,2.13
2020-04-17,2.11
2020-04-20,2.09
2020-04-21,2.08
2020-04-22,2.06
2020-04-23,2.01
2020-04-24,2.01
2020-04-27,2.01
2020-04-28,2.01
2020-04-29,2.01
2020-05-04,2.01
2020-05-06,2.01
2020-05-07,2
2020-05-08,1.99
2020-05-11,1.98
2020-05-12,1.98
2020-05-13,1.98
2020-05-14,1.97
2020-05-15,1.96
2020-05-18,1.95
2020-05-19,1.94
2020-05-20,1.93
2020-05-21,1.92
2020-05-22,1.91
2020-05-25,1.9
2020-05-26,1.89
2020-05-27,1.88
2020-05-28,1.63
2020-05-29,1.62
2020-06-01,1.62
2020-06-02,1.62
2020-06-03,1.62
2020-06-04,1.61
2020-06-05,1.6
2020-06-08,1.58
2020-06-09,1.57
2020-06-10,1.56
2020-06-11,1.56
2020-06-12,1.55
2020-06-15,1.54
2020-06-16,1.54
2020-06-17,1.54
2020-06-18,1.54
2020-06-19,1.54
2020-06-22,1.54
2020-06-23,1.54
2020-06-24,1.54
2020-06-25,1.54
2020-06-26,1.53
2020-06-29,1.52
2020-06-30,1.51
2020-07-01,1.5
2020-07-02,1.5
2020-07-03,1.5
2020-07-06,1.5
2020-07-07,1.49
2020-07-08,1.48
2020-07-09,1.47
2020-07-10,1.47
2020-07-13,1.47
2020-07-14,1.47
2020-07-15,1.47
2020-07-16,1.47
2020-07-17,1.47
2020-07-20,1.47
2020-07-21,1.47
2020-07-22,1.47
2020-07-23,1.47
2020-07-24,1.47
2020-07-27,1.47
2020-07-28,1.47
2020-07-29,1.47
2020-07-30,1.47
2020-07-31,1.47
2020-08-03,1.47
2020-08-04,1.47
2020-08-05,1.47
2020-08-06,1.47
2020-08-07,1.47
2020-08-10,1.47
2020-08-11,1.47
2020-08-12,1.47
2020-08-13,1.47
2020-08-14,1.46
2020-08-18,1.45
2020-08-19,1.43
2020-08-20,1.41
2020-08-21,1.4
2020-08-24,1.39
2020-08-25,1.39
2020-08-26,1.39
2020-08-27,1.38
2020-08-28,1.37
2020-08-31,1.36
2020-09-01,1.33
2020-09-02,1.31
2020-09-03,1.3
2020-09-04,1.29
2020-09-07,1.28
2020-09-08,1.27
2020-09-09,1.26
2020-09-10,1.25
2020-09-11,1.24
2020-09-14,1.23
2020-09-15,1.22
2020-09-16,1.2
2020-09-17,1.18
2020-09-18,1.16
2020-09-21,1.15
2020-09-22,1.14
2020-09-23,1.13
2020-09-24,1.12
2020-09-25,1.11
2020-09-28,1.11
2020-09-29,1.11
2020-10-05,1.11
2020-10-06,1.11
2020-10-07,1.11
2020-10-08,1.11
2020-10-12,1.11
2020-10-13,1.11
2020-10-14,1.11
2020-10-15,1.11
2020-10-16,1.11
2020-10-19,1.11
2020-10-20,1.11
2020-10-21,1.11
2020-10-22,1.11
2020-10-23,1.11
2020-10-26,1.11
2020-10-27,1.11
2020-10-28,1.11
2020-10-29,1.11
2020-10-30,1.11
2020-11-02,1.11
2020-11-03,1.11
2020-11-04,1.11
2020-11-05,1.11
2020-11-06,1.11
2020-11-09,1.11
2020-11-10,1.11
2020-11-11,1.11
2020-11-12,1.11
2020-11-13,1.11
2020-11-16,1.11
2020-11-17,1.11
2020-11-18,1.1
2020-11-19,1.09
2020-11-20,1.09
2020-11-23,1.09
2020-11-24,1.09
2020-11-25,1.09
2020-11-26,1.09
2020-11-27,1.09
2020-11-30,1.09
2020-12-01,1.09
2020-12-02,1.09
2020-12-03,1.09
2020-12-04,1.09
2020-12-07,1.09
2020-12-08,1.09
2020-12-09,1.09
2020-12-10,1.09
2020-12-11,1.09
2020-12-14,1.09
2020-12-15,1.09
2020-12-16,1.09
2020-12-17,1.09
2020-12-18,1.09
2020-12-21,1.09
2020-12-22,1.09
2020-12-23,1.09
2020-12-24,1.09
2020-12-28,1.09
2020-12-29,1.09
2020-12-30,1.09
2020-12-31,1.09
2021-01-04,1.09
2021-01-05,1.07
2021-01-06,1.06
2021-01-07,1.05
2021-01-08,1.04
2021-01-11,1.03
2021-01-12,1.02
2021-01-13,1.02
2021-01-14,1.02
2021-01-15,1.02
2021-01-18,1.02
2021-01-19,1.02
2021-01-20,1.02
2021-01-21,1.02
2021-01-22,1.02
2021-01-25,1.02
2021-01-26,1.02
2021-01-27,1.02
2021-01-28,1.02
2021-01-29,1.01
2021-02-01,1.01
2021-02-02,1.01
2021-02-03,1
2021-02-04,1
2021-02-05,1
2021-02-08,1
2021-02-09,1
2021-02-10,1
2021-02-15,1
2021-02-16,1
2021-02-17,1
2021-02-18,1
2021-02-19,1
2021-02-22,1
2021-02-23,1
2021-02-24,1
2021-02-25,1
2021-02-26,1
2021-03-02,1
2021-03-03,1
2021-03-04,1
2021-03-05,1
2021-03-08,1
2021-03-09,1
2021-03-10,1
2021-03-11,1
2021-03-12,1
2021-03-15,1
2021-03-16,1
2021-03-17,1
2021-03-18,1
2021-03-19,1
2021-03-22,1
2021-03-23,1
2021-03-24,1
2021-03-25,1
2021-03-26,1
2021-03-29,1
2021-03-30,1
2021-03-31,1
2021-04-01,1
2021-04-02,1
2021-04-05,1
2021-04-06,1
2021-04-07,1
2021-04-08,1
2021-04-09,1
2021-04-12,1
2021-04-13,1
2021-04-14,0.99
2021-04-15,0.98
2021-04-16,0.97
2021-04-19,0.97
2021-04-20,0.97
2021-04-21,0.97
2021-04-22,0.97
2021-04-23,0.97
2021-04-26,0.97
2021-04-27,0.97
2021-04-28,0.97
2021-04-29,0.97
2021-04-30,0.97
2021-05-03,0.97
2021-05-04,0.97
2021-05-06,0.97
2021-05-07,0.97
2021-05-10,0.97
2021-05-11,0.97
2021-05-12,0.97
2021-05-13,0.97
2021-05-14,0.97
2021-05-17,0.97
2021-05-18,0.97
2021-05-20,0.97
2021-05-21,0.97
2021-05-24,0.97
2021-05-25,0.97
2021-05-26,0.97
2021-05-27,0.97
2021-05-28,0.97
2021-05-31,0.97
2021-06-01,0.97
2021-06-02,0.97
2021-06-03,0.97
2021-06-04,0.97
2021-06-07,0.97
2021-06-08,0.97
2021-06-09,0.97
2021-06-10,0.97
2021-06-11,0.97
2021-06-14,0.97
2021-06-15,0.97
2021-06-16,0.97
2021-06-17,0.97
2021-06-18,0.97
2021-06-21,0.97
2021-06-22,0.97
2021-06-23,0.97
2021-06-24,0.97
2021-06-25,0.97
2021-06-28,0.97
2021-06-29,0.97
2021-06-30,0.97
2021-07-01,0.97
2021-07-02,0.97
2021-07-05,0.97
2021-07-06,0.97
2021-07-07,0.97
2021-07-08,0.97
2021-07-09,0.97
2021-07-12,0.97
2021-07-13,0.97
2021-07-14,0.97
2021-07-15,0.97
2021-07-16,0.97
2021-07-19,0.97
2021-07-20,0.97
2021-07-21,0.97
2021-07-22,0.97
2021-07-23,0.97
2021-07-26,0.97
2021-07-27,0.97
2021-07-28,0.97
2021-07-29,0.97
2021-07-30,0.97
2021-08-02,0.97
2021-08-03,0.97
2021-08-04,0.97
2021-08-05,0.97
2021-08-06,0.97
2021-08-09,0.97
2021-08-10,0.97
2021-08-11,0.97
2021-08-12,0.97
2021-08-13,0.97
2021-08-17,0.97
2021-08-18,0.97
2021-08-19,0.97
2021-08-20,0.97
2021-08-23,0.97
2021-08-24,0.97
2021-08-25,0.97
2021-08-26,1.12
2021-08-27,1.12
2021-08-30,1.12
2021-08-31,1.12
2021-09-01,1.12
2021-09-02,1.12
2021-09-03,1.12
2021-09-06,1.12
2021-09-07,1.12
2021-09-08,1.12
2021-09-09,1.12
2021-09-10,1.12
2021-09-13,1.13
2021-09-14,1.14
2021-09-15,1.15
2021-09-16,1.16
2021-09-17,1.17
2021-09-23,1.18
2021-09-24,1.18
2021-09-27,1.18
2021-09-28,1.18
2021-09-29,1.18
2021-09-30,1.18
2021-10-01,1.18
2021-10-05,1.18
2021-10-06,1.18
2021-10-07,1.18
2021-10-08,1.18
2021-10-12,1.18
2021-10-13,1.18
2021-10-14,1.18
2021-10-15,1.19
2021-10-18,1.19
2021-10-19,1.19
2021-10-20,1.2
2021-10-21,1.21
2021-10-22,1.22
2021-10-25,1.23
2021-10-26,1.23
2021-10-27,1.24
2021-10-28,1.24
2021-10-29,1.24
2021-11-01,1.24
2021-11-02,1.25
2021-11-03,1.25
2021-11-04,1.26
2021-11-05,1.27
2021-11-08,1.28
2021-11-09,1.3
2021-11-10,1.31
2021-11-11,1.32
2021-11-12,1.33
2021-11-15,1.33
2021-11-16,1.33
2021-11-17,1.33
2021-11-18,1.33
2021-11-19,1.33
2021-11-22,1.33
2021-11-23,1.33
2021-11-24,1.33
2021-11-25,1.48
2021-11-26,1.49
2021-11-29,1.49
2021-11-30,1.49
2021-12-01,1.49
2021-12-02,1.49
2021-12-03,1.5
2021-12-06,1.5
2021-12-07,1.5
2021-12-08,1.5
2021-12-09,1.51
2021-12-10,1.52
2021-12-13,1.53
2021-12-14,1.54
2021-12-15,1.55
2021-12-16,1.55
2021-12-17,1.55
2021-12-20,1.55
2021-12-21,1.55
2021-12-22,1.56
2021-12-23,1.56
2021-12-24,1.56
2021-12-27,1.56
2021-12-28,1.56
2021-12-29,1.56
2021-12-30,1.56
2021-12-31,1.56
2022-01-03,1.56
2022-01-04,1.56
2022-01-05,1.56
2022-01-06,1.56
2022-01-07,1.56
2022-01-10,1.56
2022-01-11,1.56
2022-01-12,1.56
2022-01-13,1.56
2022-01-14,1.63
2022-01-17,1.64
2022-01-18,1.64
2022-01-19,1.64
2022-01-20,1.64
2022-01-21,1.64
2022-01-24,1.64
2022-01-25,1.64
2022-01-26,1.64
2022-01-27,1.64
2022-01-28,1.64
2022-02-03,1.64
2022-02-04,1.64
2022-02-07,1.64
2022-02-08,1.64
2022-02-09,1.64
2022-02-10,1.64
2022-02-11,1.64
2022-02-14,1.64
2022-02-15,1.64
2022-02-16,1.64
2022-02-17,1.64
2022-02-18,1.64
2022-02-21,1.64
2022-02-22,1.64
2022-02-23,1.64
2022-02-24,1.64
2022-02-25,1.64
2022-02-28,1.64
2022-03-02,1.64
2022-03-03,1.64
2022-03-04,1.64
2022-03-07,1.64
2022-03-08,1.64
2022-03-10,1.64
2022-03-11,1.64
2022-03-14,1.64
2022-03-15,1.64
2022-03-16,1.64
2022-03-17,1.64
2022-03-18,1.64
2022-03-21,1.64
2022-03-22,1.64
2022-03-23,1.64
2022-03-24,1.64
2022-03-25,1.64
2022-03-28,1.65
2022-03-29,1.65
2022-03-30,1.66
2022-03-31,1.66
2022-04-01,1.67
2022-04-04,1.67
2022-04-05,1.67
2022-04-06,1.67
2022-04-07,1.67
2022-04-08,1.67
2022-04-11,1.67
2022-04-12,1.67
2022-04-13,1.67
2022-04-14,1.84
2022-04-15,1.85
2022-04-18,1.86
2022-04-19,1.87
2022-04-20,1.88
2022-04-21,1.89
2022-04-22,1.89
2022-04-25,1.89
2022-04-26,1.89
2022-04-27,1.89
2022-04-28,1.89
2022-04-29,1.89
2022-05-02,1.89
2022-05-03,1.89
2022-05-04,1.89
2022-05-06,1.89
2022-05-09,1.89
2022-05-10,1.89
2022-05-11,1.89
2022-05-12,1.9
2022-05-13,1.9
2022-05-16,1.91
2022-05-17,1.92
2022-05-18,1.92
2022-05-19,1.92
2022-05-20,1.93
2022-05-23,1.94
2022-05-24,1.94
2022-05-25,1.94
2022-05-26,2.1
2022-05-27,2.12
2022-05-30,2.14
2022-05-31,2.15
2022-06-02,2.17
2022-06-03,2.18
2022-06-07,2.19
2022-06-08,2.19
2022-06-09,2.19
2022-06-10,2.19
2022-06-13,2.19
2022-06-14,2.19
2022-06-15,2.19
2022-06-16,2.19
2022-06-17,2.2
2022-06-20,2.23
2022-06-21,2.26
2022-06-22,2.28
2022-06-23,2.3
2022-06-24,2.31
2022-06-27,2.32
2022-06-28,2.33
2022-06-29,2.34
2022-06-30,2.34
2022-07-01,2.34
2022-07-04,2.34
2022-07-05,2.35
2022-07-06,2.36
2022-07-07,2.36
2022-07-08,2.36
2022-07-11,2.37
2022-07-12,2.39
2022-07-13,2.78
2022-07-14,2.79
2022-07-15,2.8
2022-07-18,2.8
2022-07-19,2.8
2022-07-20,2.8
2022-07-21,2.8
2022-07-22,2.8
2022-07-25,2.8
2022-07-26,2.81
2022-07-27,2.83
2022-07-28,2.85
2022-07-29,2.86
2022-08-01,2.86
2022-08-02,2.86
2022-08-03,2.86
2022-08-04,2.86
2022-08-05,2.86
2022-08-08,2.86
2022-08-09,2.86
2022-08-10,2.86
2022-08-11,2.86
2022-08-12,2.86
2022-08-16,2.86
2022-08-17,2.86
2022-08-18,2.86
2022-08-19,2.86
2022-08-22,2.86
2022-08-23,2.86
2022-08-24,2.86
2022-08-25,3.03
2022-08-26,3.04
2022-08-29,3.07
2022-08-30,3.08
2022-08-31,3.09
2022-09-01,3.1
2022-09-02,3.1
2022-09-05,3.1
2022-09-06,3.1
2022-09-07,3.1
2022-09-08,3.1
2022-09-13,3.11
2022-09-14,3.12
2022-09-15,3.13
2022-09-16,3.14
2022-09-19,3.15
2022-09-20,3.15
2022-09-21,3.15
2022-09-22,3.17
2022-09-23,3.22
2022-09-26,3.25
2022-09-27,3.27
2022-09-28,3.28
2022-09-29,3.29
2022-09-30,3.3
2022-10-04,3.34
2022-10-05,3.39
2022-10-06,3.43
2022-10-07,3.47
2022-10-11,3.51
2022-10-12,3.77
2022-10-13,3.8
2022-10-14,3.82
2022-10-17,3.9
2022-10-18,3.98
2022-10-19,4.06
2022-10-20,4.14
2022-10-21,4.3
2022-10-24,4.42
2022-10-25,4.5
2022-10-26,4.56
2022-10-27,4.6
2022-10-28,4.64
2022-10-31,4.68
2022-11-01,4.73
2022-11-02,4.8
2022-11-03,4.87
2022-11-04,4.94
2022-11-07,5
2022-11-08,5.04
2022-11-09,5.08
2022-11-10,5.16
2022-11-11,5.22
2022-11-14,5.25
2022-11-15,5.29
2022-11-16,5.33
2022-11-17,5.37
2022-11-18,5.4
2022-11-21,5.43
2022-11-22,5.45
2022-11-23,5.47
2022-11-24,5.56
2022-11-25,5.58
2022-11-28,5.59
2022-11-29,5.6
2022-11-30,5.61
2022-12-01,5.62
2022-12-02,5.62
2022-12-05,5.62
2022-12-06,5.62
2022-12-07,5.62
2022-12-08,5.62
2022-12-09,5.62
2022-12-12,5.61
2022-12-13,5.6
2022-12-14,5.58
2022-12-15,5.56
2022-12-16,5.54
2022-12-19,5.53
2022-12-20,5.49
2022-12-21,5.47
2022-12-22,5.46
2022-12-23,5.45
2022-12-26,5.42
2022-12-27,5.38
2022-12-28,5.34
2022-12-29,5.3
2022-12-30,5.28
2023-01-02,5.25
2023-01-03,5.22
2023-01-04,5.18
2023-01-05,5.12
2023-01-06,5.07
2023-01-09,5.03
2023-01-10,5
2023-01-11,4.96
2023-01-12,4.93
2023-01-13,4.96
2023-01-16,4.92
2023-01-17,4.89
2023-01-18,4.86
2023-01-19,4.82
2023-01-20,4.78
2023-01-25,4.74
2023-01-26,4.7
2023-01-27,4.67
2023-01-30,4.62
2023-01-31,4.57
2023-02-01,4.53
2023-02-02,4.48
2023-02-03,4.42
2023-02-06,4.37
2023-02-07,4.33
2023-02-08,4.28
2023-02-09,4.26
2023-02-10,4.25
2023-02-13,4.24
2023-02-14,4.22
2023-02-15,4.2
2023-02-16,4.18
2023-02-17,4.17
2023-02-20,4.14
2023-02-21,4.12
2023-02-22,4.1
2023-02-23,4.09
2023-02-24,4.08
2023-02-27,4.07
2023-02-28,4.06
2023-03-02,4.06
2023-03-03,4.06
2023-03-06,4.06
2023-03-07,4.06
2023-03-08,4.06
2023-03-09,4.06
2023-03-10,4.06
2023-03-13,4.06
2023-03-14,4.06
2023-03-15,4.06
2023-03-16,4.06
2023-03-17,4.06
2023-03-20,4.06
2023-03-21,4.06
2023-03-22,4.06
2023-03-23,4.05
2023-03-24,4.04
2023-03-27,4.03
2023-03-28,4.02
2023-03-29,4.01
2023-03-30,4.01
2023-03-31,4.01
2023-04-03,4.01
2023-04-04,4.01
2023-04-05,4.01
2023-04-06,4.01
2023-04-07,4.01
2023-04-10,4.01
2023-04-11,4.01
2023-04-12,4.01
2023-04-13,4.01
2023-04-14,4.01
2023-04-17,4.01
2023-04-18,4.01
2023-04-19,4.01
2023-04-20,4.01
2023-04-21,4.01
2023-04-24,4.01
2023-04-25,4.01
2023-04-26,4.01
2023-04-27,4.01
2023-04-28,4.01
2023-05-02,4.01
2023-05-03,4.01
2023-05-04,4.01
2023-05-08,4.01
2023-05-09,4.01
2023-05-10,4.01
2023-05-11,4.01
2023-05-12,4.01
2023-05-15,4.01
2023-05-16,4.01
2023-05-17,4.01
2023-05-18,4.01
2023-05-19,4.01
2023-05-22,4.01
2023-05-23,4.01
2023-05-24,4.01
2023-05-25,4.01
2023-05-26,4.01
2023-05-30,4.01
2023-05-31,4.01
2023-06-01,4.01
2023-06-02,4.01
2023-06-05,4.01
2023-06-07,4.01
2023-06-08,4.01
2023-06-09,4.01
2023-06-12,4.01
2023-06-13,4.01
2023-06-14,4.01
2023-06-15,4.01
2023-06-16,4.01
2023-06-19,4.01
2023-06-20,4.01
2023-06-21,4.01
2023-06-22,4.01
2023-06-23,4.01
2023-06-26,4.01
2023-06-27,4.01
2023-06-28,4.01
2023-06-29,4.02
2023-06-30,4.02
2023-07-03,4.02
2023-07-04,4.02
2023-07-05,4.02
2023-07-06,4.03
2023-07-07,4.03
2023-07-10,4.03
2023-07-11,4.03
2023-07-12,4.03
2023-07-13,4.03
2023-07-14,4.03
2023-07-17,4.03
2023-07-18,4.03
2023-07-19,4.03
2023-07-20,4.03
2023-07-21,4.03
2023-07-24,4.03
2023-07-25,4.03
2023-07-26,4.03
2023-07-27,4.03
2023-07-28,4.03
2023-07-31,4.03
2023-08-01,4.03
2023-08-02,4.03
2023-08-03,4.03
2023-08-04,4.03
2023-08-07,4.03
2023-08-08,4.03
2023-08-09,4.03
2023-08-10,4.03
2023-08-11,4.03
2023-08-14,4.03
2023-08-16,4.03
2023-08-17,4.03
2023-08-18,4.03
2023-08-21,4.03
2023-08-22,4.03
2023-08-23,4.03
2023-08-24,4.03
2023-08-25,4.03
2023-08-28,4.03
2023-08-29,4.03
2023-08-30,4.03
2023-08-31,4.03
2023-09-01,4.03
2023-09-04,4.03
2023-09-05,4.03
2023-09-06,4.03
2023-09-07,4.03
2023-09-08,4.03
2023-09-11,4.04
2023-09-12,4.04
2023-09-13,4.05
2023-09-14,4.05
2023-09-15,4.05
2023-09-18,4.06
2023-09-19,4.06
2023-09-20,4.06
2023-09-21,4.07
2023-09-22,4.08
2023-09-25,4.08
2023-09-26,4.08
2023-09-27,4.08
2023-10-04,4.09
2023-10-05,4.09
2023-10-06,4.1
2023-10-10,4.11
2023-10-11,4.12
2023-10-12,4.13
2023-10-13,4.14
2023-10-16,4.16
2023-10-17,4.18
2023-10-18,4.2
2023-10-19,4.22
2023-10-20,4.24
2023-10-23,4.26
2023-10-24,4.29
2023-10-25,4.31
2023-10-26,4.33
2023-10-27,4.34
2023-10-30,4.35
2023-10-31,4.36
2023-11-01,4.36
2023-11-02,4.36
2023-11-03,4.36
2023-11-06,4.36
2023-11-07,4.36
2023-11-08,4.36
2023-11-09,4.36
2023-11-10,4.36
2023-11-13,4.36
2023-11-14,4.36
2023-11-15,4.36
2023-11-16,4.36
2023-11-17,4.36
2023-11-20,4.36
2023-11-21,4.36
2023-11-22,4.36
2023-11-23,4.36
2023-11-24,4.36
2023-11-27,4.36
2023-11-28,4.36
2023-11-29,4.36
2023-11-30,4.36
2023-12-01,4.36
2023-12-04,4.36
2023-12-05,4.36
2023-12-06,4.36
2023-12-07,4.36
2023-12-08,4.36
2023-12-11,4.36
2023-12-12,4.36
2023-12-13,4.36
2023-12-14,4.35
2023-12-15,4.34
2023-12-18,4.33
2023-12-19,4.32
2023-12-20,4.32
2023-12-21,4.32
2023-12-22,4.32
2023-12-26,4.32
2023-12-27,4.32
2023-12-28,4.32
2023-12-29,4.32
2024-01-02,4.31
2024-01-03,4.3
2024-01-04,4.29
2024-01-05,4.29
2024-01-08,4.29
2024-01-09,4.29
2024-01-10,4.28
2024-01-11,4.28
2024-01-12,4.28
2024-01-15,4.28
2024-01-16,4.28
2024-01-17,4.28
2024-01-18,4.28
2024-01-19,4.28
2024-01-22,4.28
2024-01-23,4.28
2024-01-24,4.28
2024-01-25,4.28
2024-01-26,4.28
2024-01-29,4.28
2024-01-30,4.28
2024-01-31,4.28
2024-02-01,4.28
2024-02-02,4.28
2024-02-05,4.28
2024-02-06,4.28
2024-02-07,4.28
2024-02-08,4.28
2024-02-13,4.28
2024-02-14,4.28
2024-02-15,4.28
2024-02-16,4.28
2024-02-19,4.28
2024-02-20,4.28
2024-02-21,4.28
2024-02-22,4.28
2024-02-23,4.28
2024-02-26,4.28
2024-02-27,4.28
2024-02-28,4.28
2024-02-29,4.28
2024-03-04,4.28
2024-03-05,4.28
2024-03-06,4.28
2024-03-07,4.28
2024-03-08,4.28
2024-03-11,4.28
2024-03-12,4.28
2024-03-13,4.28
2024-03-14,4.28
2024-03-15,4.28
2024-03-18,4.28
2024-03-19,4.28
2024-03-20,4.28
2024-03-21,4.26
2024-03-22,4.26
2024-03-25,4.26
2024-03-26,4.25
2024-03-27,4.25
2024-03-28,4.24
2024-03-29,4.24
2024-04-01,4.24
2024-04-02,4.24
2024-04-03,4.24
2024-04-04,4.23
2024-04-05,4.23
2024-04-08,4.23
2024-04-09,4.23
2024-04-11,4.23
2024-04-12,4.22
2024-04-15,4.22
2024-04-16,4.22
2024-04-17,4.22
2024-04-18,4.22
2024-04-19,4.22
2024-04-22,4.22
2024-04-23,4.22
2024-04-24,4.22
2024-04-25,4.22
2024-04-26,4.22
2024-04-29,4.22
2024-04-30,4.22
2024-05-02,4.22
2024-05-03,4.22
2024-05-07,4.22
2024-05-08,4.22
2024-05-09,4.22
2024-05-10,4.22
2024-05-13,4.22
2024-05-14,4.22
2024-05-16,4.22
2024-05-17,4.22
2024-05-20,4.22
2024-05-21,4.22
2024-05-22,4.22
2024-05-23,4.22
2024-05-24,4.22
2024-05-27,4.22
2024-05-28,4.22
2024-05-29,4.22
2024-05-30,4.22
2024-05-31,4.22
2024-06-03,4.22
2024-06-04,4.22
2024-06-05,4.22
2024-06-07,4.22
2024-06-10,4.22
2024-06-11,4.22
2024-06-12,4.22
2024-06-13,4.22
2024-06-14,4.22
2024-06-17,4.22
2024-06-18,4.22
2024-06-19,4.22
2024-06-20,4.22
2024-06-21,4.22
2024-06-24,4.22
2024-06-25,4.22
2024-06-26,4.22
2024-06-27,4.2
2024-06-28,4.17
2024-07-01,4.17
2024-07-02,4.16
2024-07-03,4.16
2024-07-04,4.15
2024-07-05,4.14
2024-07-08,4.13
2024-07-09,4.12
2024-07-10,4.11
2024-07-11,4.1
2024-07-12,4.09
2024-07-15,4.08
2024-07-16,4.07
2024-07-17,4.07
2024-07-18,4.07
2024-07-19,4.07
2024-07-22,4.06
2024-07-23,4.05
2024-07-24,4.04
2024-07-25,4.02
2024-07-26,4
2024-07-29,3.97
2024-07-30,3.95
2024-07-31,3.92
2024-08-01,3.88
2024-08-02,3.85
2024-08-05,3.81
2024-08-06,3.78
2024-08-07,3.75
2024-08-08,3.73
2024-08-09,3.7
2024-08-12,3.69
2024-08-13,3.67
2024-08-14,3.65
2024-08-16,3.64
2024-08-19,3.63
2024-08-20,3.62
2024-08-21,3.62
2024-08-22,3.62
2024-08-23,3.62
2024-08-26,3.62
2024-08-27,3.62
2024-08-28,3.62
2024-08-29,3.62
2024-08-30,3.62
2024-09-02,3.62
2024-09-03,3.62
2024-09-04,3.62
2024-09-05,3.62
2024-09-06,3.62
2024-09-09,3.62
2024-09-10,3.62
2024-09-11,3.62
2024-09-12,3.62
2024-09-13,3.62
2024-09-19,3.62
2024-09-20,3.62
2024-09-23,3.62
2024-09-24,3.62
2024-09-25,3.62
2024-09-26,3.62
2024-09-27,3.62
2024-09-30,3.62
2024-10-02,3.62
2024-10-04,3.62
2024-10-07,3.62
2024-10-08,3.62
2024-10-10,3.62
2024-10-11,3.53
2024-10-14,3.53
2024-10-15,3.53
2024-10-16,3.53
2024-10-17,3.53
2024-10-18,3.53
2024-10-21,3.53
2024-10-22,3.54
2024-10-23,3.54
2024-10-24,3.54
2024-10-25,3.54
2024-10-28,3.54
2024-10-29,3.54
2024-10-30,3.54
2024-10-31,3.54
2024-11-01,3.54
2024-11-04,3.54
2024-11-05,3.54
2024-11-06,3.54
2024-11-07,3.54
2024-11-08,3.54
2024-11-11,3.54
2024-11-12,3.54
2024-11-13,3.55
2024-11-14,3.56
2024-11-15,3.56
2024-11-18,3.56
2024-11-19,3.56
2024-11-20,3.56
2024-11-21,3.56
2024-11-22,3.56
2024-11-25,3.56
2024-11-26,3.56
2024-11-27,3.56
2024-11-28,3.38
2024-11-29,3.39
2024-12-02,3.4
2024-12-03,3.41
2024-12-04,3.42
2024-12-05,3.42
2024-12-06,3.42
2024-12-09,3.42
2024-12-10,3.42
2024-12-11,3.43
2024-12-12,3.45
2024-12-13,3.47
2024-12-16,3.49
2024-12-17,3.5
2024-12-18,3.52
2024-12-19,3.54
2024-12-20,3.55
2024-12-23,3.56
2024-12-24,3.57
2024-12-26,3.58
2024-12-27,3.58
2024-12-30,3.58
2024-12-31,3.58
2025-01-02,3.54
2025-01-03,3.46
2025-01-06,3.45
2025-01-07,3.44
2025-01-08,3.43
2025-01-09,3.42
2025-01-10,3.4
2025-01-13,3.39
2025-01-14,3.35
2025-01-15,3.34
2025-01-16,3.32
2025-01-17,3.31
2025-01-20,3.28
2025-01-21,3.27
2025-01-22,3.27
2025-01-23,3.26
2025-01-24,3.25
2025-01-31,3.25
2025-02-03,3.25
2025-02-04,3.25
2025-02-05,3.25
2025-02-06,3.25
2025-02-07,3.25
2025-02-10,3.25
2025-02-11,3.25
2025-02-12,3.25
2025-02-13,3.25
2025-02-14,3.25
2025-02-17,3.25
2025-02-18,3.25
2025-02-19,3.25
2025-02-20,3.25
2025-02-21,3.21
2025-02-24,3.19
2025-02-25,3.12
2025-02-26,3.09
2025-02-27,3.07
2025-02-28,3.05
2025-03-04,3.03
2025-03-05,3.02
2025-03-06,3.02
2025-03-07,3.01
2025-03-10,3.01
2025-03-11,3
2025-03-12,3
2025-03-13,3
2025-03-14,3
2025-03-17,3
2025-03-18,3
2025-03-19,3
2025-03-20,3
2025-03-21,3
2025-03-24,3
2025-03-25,3
2025-03-26,3
2025-03-27,3
2025-03-28,3
2025-03-31,3
2025-04-01,2.99
2025-04-02,2.98
2025-04-03,2.96
2025-04-04,2.95
2025-04-07,2.94
2025-04-08,2.94
2025-04-09,2.94
2025-04-10,2.94
2025-04-11,2.94
2025-04-14,2.94
2025-04-15,2.94
2025-04-16,2.93
2025-04-17,2.93
2025-04-18,2.93
2025-04-21,2.93
2025-04-22,2.93
2025-04-23,2.93
2025-04-24,2.93
2025-04-25,2.93
2025-04-28,2.93
2025-04-29,2.93
2025-04-30,2.93
2025-05-02,2.93
2025-05-07,2.93
2025-05-08,2.93
2025-05-09,2.93
2025-05-12,2.93
2025-05-13,2.93
2025-05-14,2.93
2025-05-15,2.93
2025-05-16,2.93
2025-05-19,2.93
2025-05-20,2.93
2025-05-21,2.93
2025-05-22,2.93
2025-05-23,2.93
2025-05-26,2.93
2025-05-27,2.93
2025-05-28,2.93
2025-05-29,2.92
2025-05-30,2.79
2025-06-02,2.78
2025-06-04,2.77
2025-06-05,2.76
2025-06-09,2.75
2025-06-10,2.75
2025-06-11,2.75
2025-06-12,2.75
2025-06-13,2.75
2025-06-16,2.75
2025-06-17,2.74
2025-06-18,2.74
2025-06-19,2.74
2025-06-20,2.74
2025-06-23,2.74
2025-06-24,2.73
2025-06-25,2.73
2025-06-26,2.73
2025-06-27,2.73
2025-06-30,2.73
2025-07-01,2.73
2025-07-02,2.73
2025-07-03,2.73
2025-07-04,2.73
2025-07-07,2.73
2025-07-08,2.73
2025-07-09,2.73
2025-07-10,2.73
2025-07-11,2.73
2025-07-14,2.73
2025-07-15,2.73
2025-07-16,2.73
2025-07-17,2.73
2025-07-18,2.73
2025-07-21,2.73
2025-07-22,2.73
2025-07-23,2.73
2025-07-24,2.73
2025-07-25,2.73
2025-07-28,2.73
2025-07-29,2.73
2025-07-30,2.73
2025-07-31,2.73
2025-08-01,2.73
2025-08-04,2.73
2025-08-05,2.73
2025-08-06,2.73
2025-08-07,2.73
2025-08-08,2.73
2025-08-11,2.73
2025-08-12,2.73
2025-08-13,2.73
2025-08-14,2.73
2025-08-18,2.73
2025-08-19,2.73
2025-08-20,2.73
2025-08-21,2.73
2025-08-22,2.73
2025-08-25,2.73
2025-08-26,2.73
2025-08-27,2.73
2025-08-28,2.73
2025-08-29,2.73
2025-09-01,2.73
2025-09-02,2.73
2025-09-03,2.73
2025-09-04,2.73
2025-09-05,2.73
2025-09-08,2.73
2025-09-09,2.73
2025-09-10,2.73
2025-09-11,2.73
2025-09-12,2.73
2025-09-15,2.73
2025-09-16,2.73
2025-09-17,2.73
2025-09-18,2.73
2025-09-19,2.73
2025-09-22,2.73
2025-09-23,2.73
2025-09-24,2.73
2025-09-25,2.73
2025-09-26,2.73
2025-09-29,2.73
2025-09-30,2.73
2025-10-01,2.73
2025-10-02,2.73
2025-10-10,2.73
2025-10-13,2.73
2025-10-14,2.73
2025-10-15,2.73
2025-10-16,2.73
2025-10-17,2.73
2025-10-20,2.73
2025-10-21,2.73
2025-10-22,2.73
2025-10-23,2.73
2025-10-24,2.73
2025-10-27,2.73
2025-10-28,2.73
2025-10-29,2.73
2025-10-30,2.75
2025-10-31,2.76
2025-11-03,2.76
2025-11-04,2.76
2025-11-05,2.77
2025-11-06,2.78
2025-11-07,2.79
2025-11-10,2.8
2025-11-11,2.81
2025-11-12,2.84
2025-11-13,2.86
2025-11-14,2.89
2025-11-17,2.92
2025-11-18,2.94
2025-11-19,2.95
2025-11-20,2.96
2025-11-21,2.97
2025-11-24,2.98
2025-11-25,2.99
2025-11-26,2.99
2025-11-27,3.04
2025-11-28,3.07
2025-12-01,3.11
2025-12-02,3.14
2025-12-03,3.17
2025-12-04,3.2
2025-12-05,3.22
2025-12-08,3.23
2025-12-09,3.25
2025-12-10,3.26
2025-12-11,3.27
2025-12-12,3.28
2025-12-15,3.29
2025-12-16,3.3
2025-12-17,3.3
2025-12-18,3.3
2025-12-19,3.3
2025-12-22,3.3
2025-12-23,3.3
2025-12-24,3.3
2025-12-26,3.3
2025-12-29,3.3
2025-12-30,3.3
2025-12-31,3.3
2026-01-02,3.3
2026-01-05,3.3
2026-01-06,3.29
2026-01-07,3.28
2026-01-08,3.28
2026-01-09,3.23
2026-01-12,3.19
2026-01-13,3.15
2026-01-14,3.14
2026-01-15,3.14
2026-01-16,3.14
2026-01-19,3.13
2026-01-20,3.13
2026-01-21,3.13
2026-01-22,3.13
2026-01-23,3.13
2026-01-26,3.13
2026-01-27,3.13
2026-01-28,3.13
2026-01-29,3.13
2026-01-30,3.13
2026-02-02,3.13
2026-02-03,3.13
2026-02-04,3.13
2026-02-05,3.13
2026-02-06,3.13
2026-02-09,3.13
2026-02-10,3.13
2026-02-11,3.13
2026-02-12,3.13
2026-02-13,3.13
2026-02-19,3.13
2026-02-20,3.13
2026-02-23,3.13
2026-02-24,3.13
2026-02-25,3.13
2026-02-26,3.13
2026-02-27,3.13
2026-03-03,3.13
2026-03-04,3.13
2026-03-05,3.13
2026-03-06,3.13
2026-03-09,3.13
2026-03-10,3.13
2026-03-11,3.13
2026-03-12,3.13
2026-03-13,3.13
2026-03-16,3.13
2026-03-17,3.13
2026-03-18,3.13
2026-03-19,3.13
2026-03-20,3.13
2026-03-23,3.13
2026-03-24,3.13
2026-03-25,3.13
2026-03-26,3.13
2026-03-27,3.13
2026-03-30,3.13
2026-03-31,3.13
2026-04-01,3.13
2026-04-02,3.13
2026-04-03,3.13
2026-04-06,3.13
2026-04-07,3.12
2026-04-08,3.11
2026-04-09,3.11
2026-04-10,3.11
2026-04-13,3.11
2026-04-14,3.1
2026-04-15,3.1
2026-04-16,3.1
2026-04-17,3.09
2026-04-20,3.08
2026-04-21,3.08
2026-04-22,3.08
2026-04-23,3.08
2026-04-24,3.08
2026-04-27,3.08
2026-04-28,3.08
2026-04-29,3.08
2026-04-30,3.08
2026-05-04,3.08
2026-05-06,3.08
2026-05-07,3.08
2026-05-08,3.07
2026-05-11,3.07
2026-05-12,3.07
2026-05-13,3.07
2026-05-14,3.07
2026-05-15,3.07
2026-05-18,3.07
2026-05-19,3.07
2026-05-20,3.07
2026-05-21,3.07
2026-05-22,3.07
2026-05-26,3.07
2026-05-27,3.07
2026-05-28,3.07
2026-05-29,3.07
2026-06-01,3.07
2026-06-02,3.08
2026-06-04,3.08
2026-06-05,3.08
2026-06-08,3.09
2026-06-09,3.1
2026-06-10,3.11
2026-06-11,3.13
2026-06-12,3.14
2026-06-15,3.14
2026-06-16,3.14
2026-06-17,3.14
2026-06-18,3.14
2026-06-19,3.14
2026-06-22,3.14
2026-06-23,3.15
2026-06-24,3.16
2026-06-25,3.16
2026-06-26,3.16
2026-06-29,3.16
2026-06-30,3.16
2026-07-01,3.16
2026-07-02,3.16
2026-07-03,3.16
2026-07-06,3.16
2026-07-07,3.16
2026-07-08,3.16
2026-07-09,3.16
2026-07-10,3.16
2026-07-13,3.16
2026-07-14,3.16
2026-07-15,3.16
2026-07-16,3.17
2026-07-20,3.17
2026-07-21,3.17
2026-07-22,3.17
2026-07-23,3.17
2026-07-24,3.17
2026-07-27,3.17
2026-07-28,3.17
2026-07-29,3.17
2026-07-30,3.17
2026-07-31,3.17
2026-08-03,3.17
2026-08-04,3.17
2026-08-05,3.17
2026-08-06,3.17
2026-08-07,3.17
2026-08-10,3.17
2026-08-11,3.17
2026-08-12,3.17
2026-08-13,3.17
2026-08-14,3.17
2026-08-18,3.19
2026-08-19,3.19
2026-08-20,3.19
2026-08-21,3.19
2026-08-24,3.19
2026-08-25,3.19
2026-08-26,3.2
2026-08-27,3.24
