date,value
1995-01-03,13.85
1995-01-04,13.85
1995-01-05,13.85
1995-01-06,13.85
1995-01-07,13.85
1995-01-09,13.85
1995-01-10,13.85
1995-01-11,13.85
1995-01-12,13.85
1995-01-13,13.9
1995-01-14,13.95
1995-01-16,13.95
1995-01-17,13.95
1995-01-18,13.95
1995-01-19,13.95
1995-01-20,13.95
1995-01-21,13.95
1995-01-23,14
1995-01-24,14
1995-01-25,14
1995-01-26,14
1995-01-27,14
1995-01-28,14
1995-02-02,14
1995-02-03,14
1995-02-04,14
1995-02-06,14
1995-02-07,14.05
1995-02-08,14.05
1995-02-09,14.05
1995-02-10,14.05
1995-02-11,14.05
1995-02-13,14.05
1995-02-14,14.05
1995-02-15,14.05
1995-02-16,14.1
1995-02-17,14.2
1995-02-18,14.2
1995-02-20,14.2
1995-02-21,14.2
1995-02-22,14.2
1995-02-23,14.2
1995-02-24,14.2
1995-02-25,14.2
1995-02-27,14.2
1995-02-28,14.2
1995-03-02,14.2
1995-03-03,14.2
1995-03-04,14.2
1995-03-06,14.2
1995-03-07,14.2
1995-03-08,14.2
1995-03-09,14.2
1995-03-10,14.2
1995-03-11,14.2
1995-03-13,14.2
1995-03-14,14.2
1995-03-15,14.2
1995-03-16,14.2
1995-03-17,14.2
1995-03-18,14.2
1995-03-20,14.2
1995-03-21,14.2
1995-03-22,14.2
1995-03-23,14.2
1995-03-24,14.2
1995-03-25,14.2
1995-03-27,14.2
1995-03-28,14.2
1995-03-29,14.2
1995-03-30,14.2
1995-03-31,14.2
1995-04-03,14.2
1995-04-04,14.2
1995-04-06,14.2
1995-04-07,14.2
1995-04-10,14.2
1995-04-11,14.2
1995-04-12,14.2
1995-04-13,14.2
1995-04-14,14.2
1995-04-17,14.2
1995-04-18,14.2
1995-04-19,14.2
1995-04-20,14.2
1995-04-21,14.2
1995-04-24,14.2
1995-04-25,14.2
1995-04-26,14.2
1995-04-27,14.2
1995-04-28,14.2
1995-05-02,14.2
1995-05-03,14.2
1995-05-04,14.2
1995-05-08,14.2
1995-05-09,14.2
1995-05-10,14.2
1995-05-11,14.2
1995-05-12,14.2
1995-05-15,14.2
1995-05-16,14.2
1995-05-17,14.2
1995-05-18,14.2
1995-05-19,14.2
1995-05-22,14.2
1995-05-23,14.2
1995-05-24,14.2
1995-05-25,14.2
1995-05-26,14.2
1995-05-29,14.2
1995-05-30,14.2
1995-05-31,14.2
1995-06-01,14.2
1995-06-02,14.2
1995-06-05,14.2
1995-06-07,14.2
1995-06-08,14.2
1995-06-09,14.2
1995-06-12,14.2
1995-06-13,14.2
1995-06-14,14.2
1995-06-15,14.2
1995-06-16,14.2
1995-06-19,14.2
1995-06-20,14.2
1995-06-21,14.2
1995-06-22,14.2
1995-06-23,14.2
1995-06-26,14.2
1995-06-28,14.2
1995-06-29,14.2
1995-06-30,14.2
1995-07-03,14.2
1995-07-04,14.2
1995-07-05,14.2
1995-07-06,14.2
1995-07-07,14.2
1995-07-10,14.2
1995-07-11,14.2
1995-07-12,14.2
1995-07-13,14.2
1995-07-14,14.2
1995-07-18,14.2
1995-07-19,14.2
1995-07-20,14.2
1995-07-21,14.2
1995-07-24,14.2
1995-07-25,14.2
1995-07-26,14.2
1995-07-27,14.2
1995-07-28,14.2
1995-07-31,14
1995-08-01,14
1995-08-02,14
1995-08-03,14
1995-08-04,13.95
1995-08-07,13.8
1995-08-08,13.7
1995-08-09,13.6
1995-08-10,13.6
1995-08-11,13.5
1995-08-14,13.5
1995-08-16,13.5
1995-08-17,12.95
1995-08-18,12.6
1995-08-21,12.6
1995-08-22,12.85
1995-08-23,13
1995-08-24,13.1
1995-08-25,13.1
1995-08-28,13.05
1995-08-29,13.05
1995-08-30,13.05
1995-08-31,13.05
1995-09-01,13.05
1995-09-04,12.85
1995-09-05,12.8
1995-09-06,12.8
1995-09-07,12.9
1995-09-11,12.85
1995-09-12,12.85
1995-09-13,12.85
1995-09-14,12.9
1995-09-15,12.9
1995-09-18,12.9
1995-09-19,12.9
1995-09-20,12.8
1995-09-21,12.85
1995-09-22,12.85
1995-09-25,12.8
1995-09-26,12.8
1995-09-27,12.8
1995-09-28,12.8
1995-09-29,12.8
1995-10-02,12.8
1995-10-04,12.75
1995-10-05,12.75
1995-10-06,12.75
1995-10-09,12.75
1995-10-10,12.7
1995-10-11,12.6
1995-10-12,12.6
1995-10-13,12.6
1995-10-16,12.6
1995-10-17,12.6
1995-10-18,12.6
1995-10-19,12.6
1995-10-20,12.5
1995-10-23,12.5
1995-10-24,12.5
1995-10-25,12.45
1995-10-26,12.4
1995-10-27,12.4
1995-10-30,12.4
1995-10-31,12.4
1995-11-01,12.4
1995-11-02,12.3
1995-11-03,12.3
1995-11-06,12.3
1995-11-07,12.25
1995-11-08,12.25
1995-11-09,12.25
1995-11-10,12.25
1995-11-13,12.25
1995-11-14,12.25
1995-11-15,12.25
1995-11-16,12.25
1995-11-17,12.15
1995-11-20,12.15
1995-11-21,12.15
1995-11-22,12.1
1995-11-23,12.1
1995-11-24,12.1
1995-11-27,12
1995-11-28,11.95
1995-11-29,11.9
1995-11-30,11.8
1995-12-01,11.7
1995-12-04,11.6
1995-12-05,11.6
1995-12-06,11.6
1995-12-07,11.6
1995-12-08,11.6
1995-12-11,11.6
1995-12-12,11.6
1995-12-13,11.6
1995-12-14,11.6
1995-12-15,11.6
1995-12-18,11.6
1995-12-19,11.6
1995-12-20,11.65
1995-12-21,11.7
1995-12-22,11.7
1995-12-26,11.7
1995-12-27,11.75
1995-12-28,11.75
1995-12-29,11.75
1996-01-03,11.75
1996-01-04,11.75
1996-01-05,11.75
1996-01-06,11.75
1996-01-08,11.75
1996-01-09,11.75
1996-01-10,11.75
1996-01-11,11.75
1996-01-12,11.75
1996-01-13,11.75
1996-01-15,11.75
1996-01-16,11.75
1996-01-17,11.8
1996-01-18,11.9
1996-01-19,11.9
1996-01-20,11.9
1996-01-22,11.9
1996-01-23,11.9
1996-01-24,11.9
1996-01-25,11.9
1996-01-26,11.9
1996-01-27,11.9
1996-01-29,11.9
1996-01-30,11.9
1996-01-31,11.9
1996-02-01,11.9
1996-02-02,11.9
1996-02-03,11.9
1996-02-05,11.9
1996-02-06,11.9
1996-02-07,11.9
1996-02-08,11.92
1996-02-09,11.9
1996-02-10,11.9
1996-02-12,11.9
1996-02-13,11.9
1996-02-14,11.9
1996-02-15,11.9
1996-02-16,11.9
1996-02-17,11.9
1996-02-21,11.9
1996-02-22,11.9
1996-02-23,11.9
1996-02-24,11.9
1996-02-26,11.9
1996-02-27,11.9
1996-02-28,11.85
1996-02-29,11.85
1996-03-02,11.85
1996-03-04,11.85
1996-03-05,11.85
1996-03-06,11.85
1996-03-07,11.85
1996-03-08,11.85
1996-03-09,11.85
1996-03-11,11.85
1996-03-12,11.85
1996-03-13,11.85
1996-03-14,11.85
1996-03-15,11.85
1996-03-16,11.85
1996-03-18,11.85
1996-03-19,11.85
1996-03-20,11.85
1996-03-21,11.85
1996-03-22,11.85
1996-03-23,11.85
1996-03-25,11.7
1996-03-26,11.7
1996-03-27,11.7
1996-03-28,11.7
1996-03-29,11.7
1996-03-30,11.7
1996-04-01,11.5
1996-04-02,11.4
1996-04-03,11.3
1996-04-04,11.3
1996-04-06,11.3
1996-04-08,11.3
1996-04-09,11.25
1996-04-10,11.25
1996-04-12,11.25
1996-04-13,11.2
1996-04-15,11.1
1996-04-16,10.9
1996-04-17,10.9
1996-04-18,10.9
1996-04-19,10.9
1996-04-20,10.9
1996-04-22,10.85
1996-04-23,10.75
1996-04-24,10.65
1996-04-25,10.4
1996-04-26,10.3
1996-04-27,10.3
1996-04-29,10.2
1996-04-30,10.2
1996-05-02,10.4
1996-05-03,10.55
1996-05-04,10.55
1996-05-06,10.65
1996-05-07,10.8
1996-05-08,10.75
1996-05-09,10.75
1996-05-10,10.75
1996-05-13,10.8
1996-05-14,10.8
1996-05-15,10.95
1996-05-16,11.2
1996-05-17,11.2
1996-05-18,11.2
1996-05-20,11.25
1996-05-21,11.25
1996-05-22,11.25
1996-05-23,11.25
1996-05-25,11.25
1996-05-27,11.3
1996-05-28,11.3
1996-05-29,11.45
1996-05-30,11.5
1996-05-31,11.5
1996-06-01,11.5
1996-06-03,11.5
1996-06-04,11.5
1996-06-05,11.45
1996-06-07,11.45
1996-06-08,11.45
1996-06-10,11.45
1996-06-11,11.5
1996-06-12,11.6
1996-06-13,11.7
1996-06-14,11.75
1996-06-15,11.75
1996-06-17,11.9
1996-06-18,11.9
1996-06-19,11.9
1996-06-20,11.9
1996-06-21,11.9
1996-06-22,11.9
1996-06-24,12
1996-06-25,12
1996-06-26,12
1996-06-27,12
1996-06-28,12.1
1996-06-29,12.05
1996-07-01,12.05
1996-07-02,12.1
1996-07-03,12.1
1996-07-04,12.1
1996-07-05,12.15
1996-07-06,12.15
1996-07-08,12.2
1996-07-09,12.2
1996-07-10,12.2
1996-07-11,12.15
1996-07-12,12.15
1996-07-13,12.15
1996-07-15,12.15
1996-07-16,12.15
1996-07-18,12.15
1996-07-19,12.15
1996-07-20,12.15
1996-07-22,12.15
1996-07-23,12.15
1996-07-24,12.15
1996-07-25,12.2
1996-07-26,12.3
1996-07-27,12.3
1996-07-29,12.3
1996-07-30,12.3
1996-07-31,12.4
1996-08-01,12.4
1996-08-02,12.4
1996-08-03,12.4
1996-08-05,12.5
1996-08-06,12.55
1996-08-07,12.55
1996-08-08,12.55
1996-08-09,12.55
1996-08-10,12.55
1996-08-12,12.55
1996-08-13,12.55
1996-08-14,12.6
1996-08-16,12.7
1996-08-17,12.7
1996-08-19,12.7
1996-08-20,12.8
1996-08-21,12.85
1996-08-22,12.85
1996-08-23,12.85
1996-08-24,12.85
1996-08-26,12.85
1996-08-27,12.85
1996-08-28,12.85
1996-08-29,12.85
1996-08-30,12.85
1996-08-31,12.8
1996-09-02,12.8
1996-09-03,12.8
1996-09-04,12.8
1996-09-05,12.8
1996-09-06,12.8
1996-09-07,12.8
1996-09-10,12.8
1996-09-11,12.8
1996-09-12,12.8
1996-09-13,12.8
1996-09-14,12.8
1996-09-16,12.8
1996-09-17,12.8
1996-09-18,12.8
1996-09-19,12.8
1996-09-20,12.8
1996-09-21,12.8
1996-09-23,12.8
1996-09-24,12.8
1996-09-25,12.8
1996-09-30,12.8
1996-10-01,12.8
1996-10-02,12.8
1996-10-04,12.8
1996-10-05,12.8
1996-10-07,12.8
1996-10-08,12.8
1996-10-09,12.8
1996-10-10,12.8
1996-10-11,12.8
1996-10-12,12.8
1996-10-14,12.8
1996-10-15,12.8
1996-10-16,12.8
1996-10-17,12.8
1996-10-18,12.8
1996-10-19,12.8
1996-10-21,12.8
1996-10-22,12.8
1996-10-23,12.8
1996-10-24,12.8
1996-10-25,12.8
1996-10-26,12.8
1996-10-28,12.8
1996-10-29,12.8
1996-10-30,12.8
1996-10-31,12.8
1996-11-01,12.8
1996-11-02,12.8
1996-11-04,12.8
1996-11-05,12.8
1996-11-06,12.8
1996-11-07,12.8
1996-11-08,12.8
1996-11-09,12.8
1996-11-11,12.8
1996-11-12,12.8
1996-11-13,12.8
1996-11-14,12.8
1996-11-15,12.8
1996-11-16,12.8
1996-11-18,12.8
1996-11-19,12.8
1996-11-20,12.8
1996-11-21,12.8
1996-11-22,12.8
1996-11-23,12.8
1996-11-25,12.8
1996-11-26,12.8
1996-11-27,12.8
1996-11-28,12.8
1996-11-29,12.8
1996-11-30,12.8
1996-12-02,12.8
1996-12-03,12.8
1996-12-04,12.8
1996-12-05,12.8
1996-12-06,12.8
1996-12-07,12.8
1996-12-09,12.8
1996-12-10,12.8
1996-12-11,12.8
1996-12-12,12.8
1996-12-13,12.8
1996-12-14,12.8
1996-12-16,12.8
1996-12-17,12.8
1996-12-18,12.8
1996-12-19,12.8
1996-12-20,12.8
1996-12-21,12.8
1996-12-23,12.8
1996-12-24,12.8
1996-12-26,12.8
1996-12-27,12.8
1996-12-28,12.8
1996-12-30,12.8
1996-12-31,12.8
1997-01-03,12.8
1997-01-04,12.8
1997-01-06,12.8
1997-01-07,12.8
1997-01-08,12.8
1997-01-09,12.8
1997-01-10,12.8
1997-01-11,12.8
1997-01-13,12.8
1997-01-14,12.8
1997-01-15,12.8
1997-01-16,12.8
1997-01-17,12.8
1997-01-18,12.8
1997-01-20,12.8
1997-01-21,12.8
1997-01-22,12.8
1997-01-23,12.8
1997-01-24,12.8
1997-01-25,12.8
1997-01-27,12.8
1997-01-28,12.8
1997-01-29,12.8
1997-01-30,12.8
1997-01-31,12.8
1997-02-01,12.8
1997-02-03,12.8
1997-02-04,12.8
1997-02-05,12.8
1997-02-06,12.4
1997-02-10,12.4
1997-02-11,12.4
1997-02-12,12.4
1997-02-13,12.4
1997-02-14,12.4
1997-02-15,12.4
1997-02-17,12.4
1997-02-18,12.4
1997-02-19,12.4
1997-02-20,12.4
1997-02-21,12.4
1997-02-22,12.4
1997-02-24,12.4
1997-02-25,12.4
1997-02-26,12.4
1997-02-27,12.4
1997-02-28,12.4
1997-03-03,12.4
1997-03-04,12.4
1997-03-05,12.4
1997-03-06,12.4
1997-03-07,12.4
1997-03-08,12.4
1997-03-10,12.4
1997-03-11,12.4
1997-03-12,12.4
1997-03-13,12.4
1997-03-14,12.55
1997-03-15,12.6
1997-03-17,12.6
1997-03-18,12.6
1997-03-19,12.6
1997-03-20,12.6
1997-03-21,12.6
1997-03-22,12.6
1997-03-24,12.6
1997-03-25,12.6
1997-03-26,12.6
1997-03-27,12.6
1997-03-28,12.6
1997-03-29,12.6
1997-03-31,12.6
1997-04-01,12.6
1997-04-02,12.6
1997-04-03,12.6
1997-04-07,12.6
1997-04-08,12.6
1997-04-09,12.6
1997-04-10,12.6
1997-04-11,12.6
1997-04-12,12.6
1997-04-14,12.6
1997-04-15,12.6
1997-04-16,12.6
1997-04-17,12.6
1997-04-18,12.6
1997-04-19,12.6
1997-04-21,12.6
1997-04-22,12.6
1997-04-23,12.6
1997-04-24,12.6
1997-04-25,12.6
1997-04-26,12.6
1997-04-28,12.6
1997-04-29,12.6
1997-04-30,12.6
1997-05-02,12.6
1997-05-03,12.6
1997-05-06,12.6
1997-05-07,12.6
1997-05-08,12.6
1997-05-09,12.6
1997-05-10,12.6
1997-05-12,12.6
1997-05-13,12.6
1997-05-15,12.6
1997-05-16,12.6
1997-05-17,12.6
1997-05-19,12.6
1997-05-20,12.6
1997-05-21,12.6
1997-05-22,12.6
1997-05-23,12.6
1997-05-24,12.6
1997-05-26,12.6
1997-05-27,12.6
1997-05-28,12.6
1997-05-29,12.6
1997-05-30,12.6
1997-05-31,12.6
1997-06-02,12.6
1997-06-03,12.6
1997-06-04,12.6
1997-06-05,12.6
1997-06-07,12.35
1997-06-09,12.25
1997-06-10,12.2
1997-06-11,12.2
1997-06-12,12.2
1997-06-13,12.2
1997-06-14,12.2
1997-06-16,12.2
1997-06-17,12.2
1997-06-18,12.2
1997-06-19,12.2
1997-06-20,12.2
1997-06-21,12.2
1997-06-23,12.2
1997-06-24,12.2
1997-06-25,12.2
1997-06-26,12.2
1997-06-27,12.2
1997-06-28,12.2
1997-06-30,12.2
1997-07-01,12.2
1997-07-02,12.2
1997-07-03,12.2
1997-07-04,12.2
1997-07-05,12.2
1997-07-07,12.2
1997-07-08,12.2
1997-07-09,12.2
1997-07-10,12.2
1997-07-11,12.2
1997-07-12,12.2
1997-07-14,12.2
1997-07-15,12.2
1997-07-16,12.2
1997-07-18,12.2
1997-07-19,12.2
1997-07-21,12.2
1997-07-22,12.2
1997-07-23,12.2
1997-07-24,12.2
1997-07-25,12.2
1997-07-26,12.2
1997-07-28,12.2
1997-07-29,12.2
1997-07-30,12.2
1997-07-31,12.2
1997-08-01,12.2
1997-08-02,12.2
1997-08-04,12.2
1997-08-05,12.2
1997-08-06,12.2
1997-08-07,12.2
1997-08-08,12.2
1997-08-09,12.2
1997-08-11,12.2
1997-08-12,12.2
1997-08-13,12.2
1997-08-14,12.2
1997-08-16,12.2
1997-08-18,12.2
1997-08-19,12.2
1997-08-20,12.2
1997-08-21,12.2
1997-08-22,12.2
1997-08-23,12.2
1997-08-25,12.2
1997-08-26,12.2
1997-08-27,12.2
1997-08-28,12.2
1997-08-29,12.2
1997-08-30,12.2
1997-09-01,12.2
1997-09-02,12.2
1997-09-03,12.2
1997-09-04,12.2
1997-09-05,12.2
1997-09-06,12.2
1997-09-08,12.2
1997-09-09,12.2
1997-09-10,12.2
1997-09-11,12.2
1997-09-12,12.2
1997-09-13,12.2
1997-09-18,12.2
1997-09-19,12.2
1997-09-20,12.2
1997-09-22,12.2
1997-09-23,12.2
1997-09-24,12.2
1997-09-25,12.65
1997-09-26,12.75
1997-09-27,12.8
1997-09-29,12.8
1997-09-30,12.8
1997-10-01,12.8
1997-10-02,12.8
1997-10-04,12.8
1997-10-06,12.8
1997-10-07,12.8
1997-10-08,12.8
1997-10-09,12.8
1997-10-10,12.8
1997-10-11,12.8
1997-10-13,12.8
1997-10-14,12.8
1997-10-15,12.8
1997-10-16,12.8
1997-10-17,12.8
1997-10-18,12.8
1997-10-20,12.8
1997-10-21,12.8
1997-10-22,12.8
1997-10-23,12.8
1997-10-24,12.8
1997-10-25,12.8
1997-10-27,12.8
1997-10-28,12.8
1997-10-29,12.8
1997-10-30,12.8
1997-10-31,12.8
1997-11-01,12.8
1997-11-03,12.8
1997-11-04,12.8
1997-11-05,12.8
1997-11-06,12.8
1997-11-07,12.8
1997-11-08,12.8
1997-11-10,12.8
1997-11-11,12.9
1997-11-12,12.95
1997-11-13,13
1997-11-14,13
1997-11-15,13
1997-11-17,13
1997-11-18,13
1997-11-19,13
1997-11-20,13.75
1997-11-21,14.1
1997-11-22,14.1
1997-11-24,15.1
1997-11-25,16
1997-11-26,16.05
1997-11-27,16.05
1997-11-28,14.35
1997-11-29,14.35
1997-12-01,14.8
1997-12-02,14.95
1997-12-03,14.95
1997-12-04,14.95
1997-12-05,14.95
1997-12-06,14.95
1997-12-08,14.8
1997-12-09,14.8
1997-12-10,14.8
1997-12-11,14.8
1997-12-12,14.8
1997-12-13,14.8
1997-12-15,14.8
1997-12-16,14.8
1997-12-17,14.8
1997-12-19,14.8
1997-12-20,14.8
1997-12-22,14.8
1997-12-23,14.8
1997-12-24,14.8
1997-12-26,14.8
1997-12-27,14.8
1997-12-29,14.8
1997-12-30,14.8
1997-12-31,14.8
1998-01-03,14.8
1998-01-05,14.8
1998-01-06,14.8
1998-01-07,14.8
1998-01-08,14.8
1998-01-09,18.45
1998-01-10,14.8
1998-01-12,14.8
1998-01-13,14.8
1998-01-14,14.8
1998-01-15,14.8
1998-01-16,14.8
1998-01-19,14.8
1998-01-20,14.8
1998-01-21,14.8
1998-01-22,14.8
1998-01-23,14.8
1998-01-26,14.8
1998-01-30,14.8
1998-02-02,14.8
1998-02-03,14.8
1998-02-04,14.8
1998-02-05,14.8
1998-02-06,14.8
1998-02-09,14.8
1998-02-10,14.8
1998-02-11,14.8
1998-02-12,14.8
1998-02-13,14.8
1998-02-16,14.8
1998-02-17,14.8
1998-02-18,14.8
1998-02-19,14.8
1998-02-20,14.8
1998-02-23,14.8
1998-02-24,14.8
1998-02-25,14.8
1998-02-26,14.8
1998-02-27,14.8
1998-03-02,14.8
1998-03-03,14.8
1998-03-04,14.8
1998-03-05,14.8
1998-03-06,14.8
1998-03-09,14.8
1998-03-10,14.8
1998-03-11,14.8
1998-03-12,14.8
1998-03-13,14.8
1998-03-16,14.8
1998-03-17,14.8
1998-03-18,14.8
1998-03-19,14.8
1998-03-20,14.8
1998-03-23,14.8
1998-03-24,14.8
1998-03-25,14.8
1998-03-26,14.8
1998-03-27,14.8
1998-03-30,14.8
1998-03-31,14.8
1998-04-01,14.8
1998-04-02,14.8
1998-04-03,14.8
1998-04-06,14.8
1998-04-07,14.8
1998-04-08,14.8
1998-04-09,14.8
1998-04-10,14.8
1998-04-13,14.8
1998-04-14,14.8
1998-04-15,14.8
1998-04-16,14.8
1998-04-17,14.8
1998-04-20,14.8
1998-04-21,14.8
1998-04-22,14.8
1998-04-23,14.8
1998-04-24,14.8
1998-04-27,14.8
1998-04-28,14.8
1998-04-29,14.8
1998-04-30,14.8
1998-05-04,14.8
1998-05-06,14.8
1998-05-07,14.8
1998-05-08,14.8
1998-05-11,14.8
1998-05-12,14.8
1998-05-13,14.8
1998-05-14,14.8
1998-05-15,14.8
1998-05-18,14.8
1998-05-19,14.8
1998-05-20,14.8
1998-05-21,14.8
1998-05-22,14.8
1998-05-25,14.8
1998-05-26,14.8
1998-05-27,14.8
1998-05-28,14.8
1998-05-29,14.8
1998-06-01,14.8
1998-06-02,14.8
1998-06-03,14.8
1998-06-05,14.8
1998-06-08,14.8
1998-06-10,14.8
1998-06-11,14.8
1998-06-12,14.8
1998-06-15,14.8
1998-06-16,14.8
1998-06-17,14.8
1998-06-18,14.8
1998-06-19,14.8
1998-06-22,14.8
1998-06-23,14.8
1998-06-24,14.8
1998-06-25,14.8
1998-06-29,14.8
1998-06-30,14.8
1998-07-01,14.8
1998-07-02,14.15
1998-07-03,13.55
1998-07-06,13.55
1998-07-07,13
1998-07-08,13
1998-07-09,13
1998-07-10,13
1998-07-13,13.15
1998-07-14,13.15
1998-07-15,13.15
1998-07-16,12.9
1998-07-20,12.5
1998-07-21,12.5
1998-07-22,12.5
1998-07-23,12.5
1998-07-24,12.5
1998-07-27,12.5
1998-07-28,12.1
1998-07-29,12
1998-07-30,11.9
1998-07-31,11.75
1998-08-03,11.5
1998-08-04,11.4
1998-08-05,11.3
1998-08-06,11.3
1998-08-07,11.3
1998-08-10,11.3
1998-08-11,11.3
1998-08-12,11.4
1998-08-13,11.4
1998-08-14,11.6
1998-08-17,11.6
1998-08-18,11.8
1998-08-19,11.8
1998-08-20,11.8
1998-08-21,11.8
1998-08-27,11.2
1998-08-28,10.85
1998-08-31,10.7
1998-09-01,10.7
1998-09-02,10.7
1998-09-03,10.8
1998-09-04,10.8
1998-09-07,10.8
1998-09-08,10.95
1998-09-09,11
1998-09-10,11
1998-09-11,11.2
1998-09-14,11.4
1998-09-15,11.4
1998-09-16,11.4
1998-09-17,11.4
1998-09-18,11.4
1998-09-21,11.4
1998-09-22,11.4
1998-09-23,11.4
1998-09-24,11.3
1998-09-25,11.3
1998-09-28,11.3
1998-09-29,11.3
1998-09-30,11.1
1998-10-01,10.6
1998-10-02,10.15
1998-10-07,10
1998-10-08,9.9
1998-10-09,9.8
1998-10-12,9.5
1998-10-13,8.6
1998-10-14,8.5
1998-10-15,7.9
1998-10-16,7.7
1998-10-19,8.05
1998-10-20,8.1
1998-10-21,8.1
1998-10-22,8.1
1998-10-23,8.2
1998-10-26,8.4
1998-10-27,8.45
1998-10-28,8.2
1998-10-29,8.2
1998-10-30,8.2
1998-11-02,8.2
1998-11-03,8.1
1998-11-04,8.1
1998-11-05,8.1
1998-11-06,8.1
1998-11-09,8.1
1998-11-10,8.1
1998-11-11,8.15
1998-11-12,8.2
1998-11-13,8.2
1998-11-16,8.2
1998-11-17,8.2
1998-11-18,8.2
1998-11-19,8.15
1998-11-20,8.1
1998-11-23,8.1
1998-11-24,8.1
1998-11-25,8.05
1998-11-26,8
1998-11-27,8
1998-11-30,8
1998-12-01,8
1998-12-02,8.05
1998-12-03,8.05
1998-12-04,8
1998-12-07,7.8
1998-12-08,7.8
1998-12-09,7.8
1998-12-10,7.53
1998-12-11,7.45
1998-12-14,7.25
1998-12-15,7.25
1998-12-16,7.25
1998-12-17,7.25
1998-12-18,7.25
1998-12-21,7.25
1998-12-22,7.25
1998-12-23,7.25
1998-12-24,7.25
1998-12-28,7.25
1998-12-29,7.25
1998-12-30,7.25
1998-12-31,7.25
1999-01-04,7.21
1999-01-05,6.91
1999-01-06,6.88
1999-01-07,6.76
1999-01-08,6.59
1999-01-09,6.57
1999-01-11,6.14
1999-01-12,6.25
1999-01-13,6.28
1999-01-14,6.46
1999-01-15,6.56
1999-01-16,6.56
1999-01-18,6.62
1999-01-19,6.72
1999-01-20,6.75
1999-01-21,7.13
1999-01-22,7.2
1999-01-23,7.2
1999-01-25,7.29
1999-01-26,7.35
1999-01-27,7.31
1999-01-28,7.05
1999-01-29,6.97
1999-01-30,6.98
1999-02-01,6.97
1999-02-02,6.85
1999-02-03,6.8
1999-02-04,6.8
1999-02-05,6.8
1999-02-08,6.8
1999-02-09,7.07
1999-02-10,7.09
1999-02-11,6.97
1999-02-12,6.92
1999-02-18,6.91
1999-02-19,6.92
1999-02-22,6.93
1999-02-23,6.94
1999-02-24,6.9
1999-02-25,6.89
1999-02-26,6.76
1999-03-02,6.7
1999-03-03,6.73
1999-03-04,6.79
1999-03-05,6.89
1999-03-08,6.85
1999-03-09,6.85
1999-03-10,6.88
1999-03-11,6.93
1999-03-12,6.9
1999-03-15,6.9
1999-03-16,6.9
1999-03-17,6.84
1999-03-18,6.85
1999-03-19,6.85
1999-03-22,6.8
1999-03-23,6.79
1999-03-24,6.77
1999-03-25,6.75
1999-03-26,6.75
1999-03-29,6.75
1999-03-30,6.75
1999-03-31,6.73
1999-04-01,6.7
1999-04-02,6.64
1999-04-06,6.6
1999-04-07,6.58
1999-04-08,6.5
1999-04-09,6.52
1999-04-12,6.47
1999-04-13,6.37
1999-04-14,6.35
1999-04-15,6.31
1999-04-16,6.3
1999-04-19,6.25
1999-04-20,6.18
1999-04-21,6.2
1999-04-22,6.2
1999-04-23,6.19
1999-04-26,6.2
1999-04-27,6.16
1999-04-28,6.14
1999-04-29,6.22
1999-04-30,6.46
1999-05-03,6.51
1999-05-04,6.42
1999-05-06,6.47
1999-05-07,6.49
1999-05-10,6.53
1999-05-11,6.55
1999-05-12,6.59
1999-05-13,6.61
1999-05-14,6.64
1999-05-17,6.58
1999-05-18,6.6
1999-05-19,6.6
1999-05-20,6.55
1999-05-21,6.56
1999-05-24,6.53
1999-05-25,6.5
1999-05-26,6.5
1999-05-27,6.54
1999-05-28,6.6
1999-05-31,6.6
1999-06-01,6.6
1999-06-02,6.6
1999-06-03,6.59
1999-06-04,6.56
1999-06-07,6.51
1999-06-08,6.54
1999-06-09,6.58
1999-06-10,6.57
1999-06-11,6.57
1999-06-14,6.58
1999-06-15,6.59
1999-06-16,6.58
1999-06-17,6.56
1999-06-18,6.58
1999-06-21,6.61
1999-06-22,6.61
1999-06-23,6.61
1999-06-24,6.62
1999-06-25,6.62
1999-06-28,6.6
1999-06-29,6.6
1999-06-30,6.6
1999-07-01,6.6
1999-07-02,6.6
1999-07-05,6.6
1999-07-06,6.6
1999-07-07,6.6
1999-07-08,6.64
1999-07-09,6.66
1999-07-12,6.84
1999-07-13,6.87
1999-07-14,6.85
1999-07-15,6.99
1999-07-16,7.12
1999-07-19,7.35
1999-07-20,7.33
1999-07-21,7.46
1999-07-22,7.47
1999-07-23,7.85
1999-07-26,7.67
1999-07-27,7.59
1999-07-28,7.61
1999-07-29,7.61
1999-07-30,7.92
1999-08-02,7.97
1999-08-03,7.84
1999-08-04,7.94
1999-08-05,7.98
1999-08-06,7.99
1999-08-09,8.03
1999-08-10,8.11
1999-08-11,8.11
1999-08-12,8.06
1999-08-13,8.13
1999-08-16,8.15
1999-08-17,8.15
1999-08-18,8.14
1999-08-19,8.22
1999-08-20,8.4
1999-08-23,8.39
1999-08-24,8.32
1999-08-25,8.31
1999-08-26,8.31
1999-08-27,8.32
1999-08-30,8.34
1999-08-31,8.4
1999-09-01,8.42
1999-09-02,8.44
1999-09-03,8.49
1999-09-06,8.5
1999-09-07,8.5
1999-09-08,8.52
1999-09-09,8.52
1999-09-10,8.51
1999-09-13,8.51
1999-09-14,8.53
1999-09-15,8.58
1999-09-16,8.64
1999-09-17,8.79
1999-09-20,8.79
1999-09-21,8.68
1999-09-22,8.65
1999-09-27,8.44
1999-09-28,8.48
1999-09-29,8.55
1999-09-30,8.53
1999-10-01,8.52
1999-10-04,8.33
1999-10-05,8.27
1999-10-06,8.31
1999-10-07,8.18
1999-10-08,8.01
1999-10-11,7.91
1999-10-12,7.88
1999-10-13,7.94
1999-10-14,8.01
1999-10-15,7.99
1999-10-18,8
1999-10-19,7.96
1999-10-20,7.83
1999-10-21,7.76
1999-10-22,7.75
1999-10-25,7.81
1999-10-26,7.77
1999-10-27,7.86
1999-10-28,7.87
1999-10-29,7.93
1999-11-01,7.93
1999-11-02,7.99
1999-11-03,8.01
1999-11-04,8.06
1999-11-05,8.15
1999-11-08,8.16
1999-11-09,8.16
1999-11-10,8.15
1999-11-11,8.09
1999-11-12,8.09
1999-11-15,8.09
1999-11-16,8.1
1999-11-17,8.21
1999-11-18,8.43
1999-11-19,8.47
1999-11-22,8.48
1999-11-23,8.77
1999-11-24,8.85
1999-11-25,8.7
1999-11-26,8.65
1999-11-29,8.66
1999-11-30,8.69
1999-12-01,8.79
1999-12-02,8.82
1999-12-03,8.74
1999-12-06,8.71
1999-12-07,8.71
1999-12-08,8.7
1999-12-09,8.7
1999-12-10,8.73
1999-12-13,8.75
1999-12-14,8.75
1999-12-15,8.75
1999-12-16,8.79
1999-12-17,8.81
1999-12-20,8.84
1999-12-21,8.96
1999-12-22,8.97
1999-12-23,8.99
1999-12-24,8.99
1999-12-27,8.99
1999-12-28,8.99
1999-12-29,8.99
1999-12-30,8.99
2000-01-04,8.99
2000-01-05,9.04
2000-01-06,9.05
2000-01-07,9.04
2000-01-08,9.05
2000-01-10,9.01
2000-01-11,9.01
2000-01-12,9.04
2000-01-13,9.02
2000-01-14,8.95
2000-01-15,8.95
2000-01-17,8.89
2000-01-18,8.9
2000-01-19,8.85
2000-01-20,8.76
2000-01-21,8.75
2000-01-22,8.75
2000-01-24,8.75
2000-01-25,8.75
2000-01-26,8.78
2000-01-27,8.73
2000-01-28,8.62
2000-01-29,8.62
2000-01-31,8.62
2000-02-01,8.65
2000-02-02,8.66
2000-02-03,8.62
2000-02-07,8.59
2000-02-08,8.64
2000-02-09,8.65
2000-02-10,8.63
2000-02-11,8.61
2000-02-12,8.61
2000-02-14,8.52
2000-02-15,8.44
2000-02-16,8.47
2000-02-17,8.51
2000-02-18,8.52
2000-02-19,8.52
2000-02-21,8.54
2000-02-22,8.54
2000-02-23,8.52
2000-02-24,8.47
2000-02-25,8.36
2000-02-26,8.36
2000-02-28,8.3
2000-02-29,8.29
2000-03-02,8.32
2000-03-03,8.36
2000-03-04,8.36
2000-03-06,8.37
2000-03-07,8.37
2000-03-08,8.4
2000-03-09,8.38
2000-03-10,8.37
2000-03-11,8.37
2000-03-13,8.36
2000-03-14,8.37
2000-03-15,8.39
2000-03-16,8.38
2000-03-17,8.38
2000-03-18,8.38
2000-03-20,8.38
2000-03-21,8.38
2000-03-22,8.38
2000-03-23,8.38
2000-03-24,8.38
2000-03-25,8.38
2000-03-27,8.38
2000-03-28,8.38
2000-03-29,8.37
2000-03-30,8.37
2000-03-31,8.36
2000-04-01,8.36
2000-04-03,8.36
2000-04-04,8.37
2000-04-06,8.37
2000-04-07,8.35
2000-04-08,8.35
2000-04-10,8.35
2000-04-11,8.35
2000-04-12,8.39
2000-04-14,8.41
2000-04-15,8.41
2000-04-17,8.44
2000-04-18,8.4
2000-04-19,8.39
2000-04-20,8.37
2000-04-21,8.37
2000-04-22,8.37
2000-04-24,8.36
2000-04-25,8.36
2000-04-26,8.37
2000-04-27,8.37
2000-04-28,8.35
2000-04-29,8.35
2000-05-02,8.34
2000-05-03,8.33
2000-05-04,8.32
2000-05-06,8.32
2000-05-08,8.32
2000-05-09,8.32
2000-05-10,8.33
2000-05-12,8.34
2000-05-13,8.34
2000-05-15,8.34
2000-05-16,8.34
2000-05-17,8.34
2000-05-18,8.34
2000-05-19,8.4
2000-05-20,8.4
2000-05-22,8.4
2000-05-23,8.45
2000-05-24,8.44
2000-05-25,8.42
2000-05-26,8.42
2000-05-27,8.42
2000-05-29,8.42
2000-05-30,8.39
2000-05-31,8.38
2000-06-01,8.36
2000-06-02,8.34
2000-06-03,8.34
2000-06-05,8.31
2000-06-07,8.3
2000-06-08,8.3
2000-06-09,8.3
2000-06-10,8.3
2000-06-12,8.3
2000-06-13,8.31
2000-06-14,8.31
2000-06-15,8.3
2000-06-16,8.3
2000-06-17,8.3
2000-06-19,8.3
2000-06-20,8.3
2000-06-21,8.29
2000-06-22,8.28
2000-06-23,8.25
2000-06-24,8.25
2000-06-26,8.25
2000-06-27,8.24
2000-06-28,8.24
2000-06-29,8.2
2000-06-30,8.15
2000-07-01,8.13
2000-07-03,7.85
2000-07-04,7.87
2000-07-05,7.82
2000-07-06,7.8
2000-07-07,7.69
2000-07-08,7.69
2000-07-10,7.71
2000-07-11,7.71
2000-07-12,7.71
2000-07-13,7.7
2000-07-14,7.63
2000-07-15,7.63
2000-07-18,7.52
2000-07-19,7.41
2000-07-20,7.41
2000-07-21,7.42
2000-07-22,7.42
2000-07-24,7.41
2000-07-25,7.45
2000-07-26,7.44
2000-07-27,7.41
2000-07-28,7.33
2000-07-29,7.33
2000-07-31,7.36
2000-08-01,7.34
2000-08-02,7.25
2000-08-03,7.21
2000-08-04,7.21
2000-08-05,7.21
2000-08-07,7.21
2000-08-08,7.16
2000-08-09,7.15
2000-08-10,7.1
2000-08-11,7.13
2000-08-12,7.13
2000-08-14,7.15
2000-08-16,7.21
2000-08-17,7.21
2000-08-18,7.28
2000-08-19,7.27
2000-08-21,7.28
2000-08-22,7.28
2000-08-23,7.26
2000-08-24,7.29
2000-08-25,7.29
2000-08-26,7.3
2000-08-28,7.3
2000-08-29,7.29
2000-08-30,7.25
2000-08-31,7.3
2000-09-01,7.28
2000-09-02,7.29
2000-09-04,7.24
2000-09-05,7.23
2000-09-06,7.19
2000-09-07,7.19
2000-09-08,7.18
2000-09-09,7.18
2000-09-14,7.18
2000-09-15,7.25
2000-09-16,7.25
2000-09-18,7.25
2000-09-19,7.36
2000-09-20,7.36
2000-09-21,7.37
2000-09-22,7.41
2000-09-23,7.41
2000-09-25,7.29
2000-09-26,7.38
2000-09-27,7.35
2000-09-28,7.32
2000-09-29,7.3
2000-09-30,7.3
2000-10-02,7.28
2000-10-04,7.27
2000-10-05,7.25
2000-10-06,7.2
2000-10-07,7.2
2000-10-09,7.18
2000-10-10,7.18
2000-10-11,7.19
2000-10-12,7.19
2000-10-13,7.22
2000-10-14,7.22
2000-10-16,7.19
2000-10-17,7.17
2000-10-18,7.16
2000-10-19,7.13
2000-10-20,7.11
2000-10-21,7.11
2000-10-23,7.1
2000-10-24,7.09
2000-10-25,7.08
2000-10-26,7.05
2000-10-27,7.01
2000-10-28,7.01
2000-10-30,7.02
2000-10-31,7.06
2000-11-01,7.05
2000-11-02,7.05
2000-11-03,7.06
2000-11-04,7.06
2000-11-06,7.07
2000-11-07,7.07
2000-11-08,7.04
2000-11-09,6.98
2000-11-10,6.87
2000-11-11,6.87
2000-11-13,6.85
2000-11-14,6.88
2000-11-15,6.89
2000-11-16,6.92
2000-11-17,6.92
2000-11-18,6.92
2000-11-20,6.97
2000-11-21,7.04
2000-11-22,7.03
2000-11-23,7.06
2000-11-24,7.05
2000-11-25,7.05
2000-11-27,7.03
2000-11-28,7.02
2000-11-29,7.02
2000-11-30,7.02
2000-12-01,6.92
2000-12-04,6.72
2000-12-05,6.68
2000-12-06,6.67
2000-12-07,6.68
2000-12-08,6.66
2000-12-11,6.66
2000-12-12,6.68
2000-12-13,6.68
2000-12-14,6.65
2000-12-15,6.65
2000-12-18,6.67
2000-12-19,6.68
2000-12-20,6.68
2000-12-21,6.7
2000-12-22,6.7
2000-12-26,6.74
2000-12-27,6.85
2000-12-28,6.83
2000-12-29,6.83
2001-01-02,6.73
2001-01-03,6.66
2001-01-04,6.4
2001-01-05,6.19
2001-01-08,6.09
2001-01-09,6.09
2001-01-10,6.09
2001-01-11,5.99
2001-01-12,5.97
2001-01-15,5.99
2001-01-16,5.93
2001-01-17,5.94
2001-01-18,5.94
2001-01-19,5.93
2001-01-22,5.93
2001-01-26,5.93
2001-01-29,5.87
2001-01-30,5.81
2001-01-31,5.71
2001-02-01,5.7
2001-02-02,5.61
2001-02-05,5.55
2001-02-06,5.51
2001-02-07,5.44
2001-02-08,5.45
2001-02-09,5.42
2001-02-12,5.21
2001-02-13,5.17
2001-02-14,5.2
2001-02-15,5.21
2001-02-16,5.3
2001-02-19,5.35
2001-02-20,5.38
2001-02-21,5.68
2001-02-22,5.88
2001-02-23,6.04
2001-02-26,5.86
2001-02-27,5.77
2001-02-28,5.65
2001-03-02,5.69
2001-03-05,5.72
2001-03-06,5.82
2001-03-07,5.95
2001-03-08,6.01
2001-03-09,5.86
2001-03-12,5.87
2001-03-13,5.83
2001-03-14,5.69
2001-03-15,5.58
2001-03-16,5.64
2001-03-19,5.7
2001-03-20,5.74
2001-03-21,5.81
2001-03-22,5.91
2001-03-23,5.84
2001-03-26,5.78
2001-03-27,5.76
2001-03-28,5.86
2001-03-29,5.99
2001-03-30,6.12
2001-04-02,6.29
2001-04-03,6.18
2001-04-04,6.33
2001-04-06,6.23
2001-04-09,6.18
2001-04-10,6.1
2001-04-11,6.08
2001-04-12,6.1
2001-04-13,6.1
2001-04-16,6.1
2001-04-17,6.1
2001-04-18,6.13
2001-04-19,6.13
2001-04-20,6.17
2001-04-23,6.25
2001-04-24,6.25
2001-04-25,6.28
2001-04-26,6.4
2001-04-27,6.37
2001-04-30,6.31
2001-05-02,6.19
2001-05-03,6.16
2001-05-04,6.14
2001-05-07,6.16
2001-05-08,6.16
2001-05-09,6.14
2001-05-10,6.15
2001-05-11,6.16
2001-05-14,6.19
2001-05-15,6.23
2001-05-16,6.23
2001-05-17,6.21
2001-05-18,6.16
2001-05-21,6.12
2001-05-22,6.1
2001-05-23,6.08
2001-05-24,6.03
2001-05-25,6.01
2001-05-28,5.91
2001-05-29,5.9
2001-05-30,5.84
2001-05-31,5.85
2001-06-01,5.85
2001-06-04,5.83
2001-06-05,5.89
2001-06-07,5.89
2001-06-08,5.8
2001-06-11,5.81
2001-06-12,5.85
2001-06-13,5.84
2001-06-14,5.83
2001-06-15,5.82
2001-06-18,5.86
2001-06-19,5.85
2001-06-20,5.78
2001-06-21,5.76
2001-06-22,5.76
2001-06-25,5.73
2001-06-26,5.77
2001-06-27,5.76
2001-06-28,5.72
2001-06-29,5.73
2001-07-02,5.74
2001-07-03,5.77
2001-07-04,5.74
2001-07-05,5.66
2001-07-06,5.6
2001-07-09,5.59
2001-07-10,5.59
2001-07-11,5.53
2001-07-12,5.5
2001-07-13,5.48
2001-07-16,5.43
2001-07-18,5.33
2001-07-19,5.26
2001-07-20,5.28
2001-07-23,5.31
2001-07-24,5.34
2001-07-25,5.34
2001-07-26,5.33
2001-07-27,5.34
2001-07-30,5.36
2001-07-31,5.34
2001-08-01,5.29
2001-08-02,5.26
2001-08-03,5.25
2001-08-06,5.25
2001-08-07,5.25
2001-08-08,5.23
2001-08-09,5.08
2001-08-10,4.94
2001-08-13,4.86
2001-08-14,4.92
2001-08-16,4.95
2001-08-17,4.92
2001-08-20,4.89
2001-08-21,4.91
2001-08-22,4.89
2001-08-23,4.96
2001-08-24,4.98
2001-08-27,5.06
2001-08-28,5.06
2001-08-29,5.01
2001-08-30,5.1
2001-08-31,5.1
2001-09-03,5
2001-09-04,4.99
2001-09-05,5.02
2001-09-06,5.01
2001-09-07,5.02
2001-09-10,5.01
2001-09-11,5.02
2001-09-12,4.97
2001-09-13,4.92
2001-09-14,4.89
2001-09-17,4.9
2001-09-18,4.85
2001-09-19,4.51
2001-09-20,4.47
2001-09-21,4.46
2001-09-24,4.43
2001-09-25,4.42
2001-09-26,4.39
2001-09-27,4.34
2001-09-28,4.27
2001-10-04,4.16
2001-10-05,4.18
2001-10-08,4.19
2001-10-09,4.15
2001-10-10,4.23
2001-10-11,4.52
2001-10-12,4.54
2001-10-15,4.45
2001-10-16,4.47
2001-10-17,4.51
2001-10-18,4.51
2001-10-19,4.47
2001-10-22,4.43
2001-10-23,4.46
2001-10-24,4.51
2001-10-25,4.51
2001-10-26,4.53
2001-10-29,4.53
2001-10-30,4.55
2001-10-31,4.54
2001-11-01,4.51
2001-11-02,4.53
2001-11-05,4.55
2001-11-06,4.51
2001-11-07,4.51
2001-11-08,4.52
2001-11-09,4.54
2001-11-12,4.55
2001-11-13,4.56
2001-11-14,4.75
2001-11-15,4.97
2001-11-16,5.02
2001-11-19,5.05
2001-11-20,4.99
2001-11-21,5.08
2001-11-22,5.26
2001-11-23,5.25
2001-11-26,5.35
2001-11-27,5.42
2001-11-28,5.19
2001-11-29,5.28
2001-11-30,5.2
2001-12-03,5.12
2001-12-04,5.18
2001-12-05,5.28
2001-12-06,5.5
2001-12-07,5.52
2001-12-10,5.59
2001-12-11,5.52
2001-12-12,5.47
2001-12-13,5.43
2001-12-14,5.34
2001-12-17,5.31
2001-12-18,5.23
2001-12-19,5.26
2001-12-20,5.3
2001-12-21,5.31
2001-12-24,5.31
2001-12-26,5.27
2001-12-27,5.3
2001-12-28,5.34
2001-12-31,5.34
2002-01-02,5.48
2002-01-03,5.45
2002-01-04,5.37
2002-01-07,5.34
2002-01-08,5.37
2002-01-09,5.38
2002-01-10,5.35
2002-01-11,5.22
2002-01-14,5.27
2002-01-15,5.2
2002-01-16,5.18
2002-01-17,5.15
2002-01-18,5.14
2002-01-21,5.12
2002-01-22,5.18
2002-01-23,5.16
2002-01-24,5.19
2002-01-25,5.11
2002-01-28,5.14
2002-01-29,5.11
2002-01-30,5.06
2002-01-31,5.06
2002-02-01,4.99
2002-02-04,5
2002-02-05,4.99
2002-02-06,4.99
2002-02-07,4.94
2002-02-08,4.97
2002-02-14,5.03
2002-02-15,5.01
2002-02-18,4.99
2002-02-19,4.97
2002-02-20,4.97
2002-02-21,4.95
2002-02-22,4.95
2002-02-25,4.92
2002-02-26,4.91
2002-02-27,4.91
2002-02-28,4.86
2002-03-04,4.96
2002-03-05,4.98
2002-03-06,5.05
2002-03-07,5.04
2002-03-08,5.09
2002-03-11,5.1
2002-03-12,5.13
2002-03-13,5.21
2002-03-14,5.24
2002-03-15,5.36
2002-03-18,5.33
2002-03-19,5.48
2002-03-20,5.44
2002-03-21,5.45
2002-03-22,5.44
2002-03-25,5.43
2002-03-26,5.48
2002-03-27,5.45
2002-03-28,5.4
2002-03-29,5.37
2002-04-01,5.42
2002-04-02,5.46
2002-04-03,5.46
2002-04-04,5.44
2002-04-08,5.43
2002-04-09,5.49
2002-04-10,5.46
2002-04-11,5.46
2002-04-12,5.44
2002-04-15,5.44
2002-04-16,5.45
2002-04-17,5.45
2002-04-18,5.42
2002-04-19,5.4
2002-04-22,5.41
2002-04-23,5.42
2002-04-24,5.4
2002-04-25,5.4
2002-04-26,5.37
2002-04-29,5.34
2002-04-30,5.34
2002-05-02,5.32
2002-05-03,5.3
2002-05-06,5.32
2002-05-07,5.44
2002-05-08,5.47
2002-05-09,5.51
2002-05-10,5.44
2002-05-13,5.42
2002-05-14,5.4
2002-05-15,5.45
2002-05-16,5.45
2002-05-17,5.45
2002-05-20,5.45
2002-05-21,5.44
2002-05-22,5.48
2002-05-23,5.46
2002-05-24,5.46
2002-05-27,5.46
2002-05-28,5.46
2002-05-29,5.43
2002-05-30,5.38
2002-05-31,5.38
2002-06-03,5.38
2002-06-04,5.36
2002-06-05,5.37
2002-06-07,5.36
2002-06-10,5.37
2002-06-11,5.44
2002-06-12,5.45
2002-06-14,5.45
2002-06-17,5.41
2002-06-18,5.39
2002-06-19,5.37
2002-06-20,5.37
2002-06-21,5.36
2002-06-24,5.35
2002-06-25,5.34
2002-06-26,5.33
2002-06-27,5.36
2002-06-28,5.39
2002-07-02,5.38
2002-07-03,5.4
2002-07-04,5.44
2002-07-05,5.49
2002-07-08,5.47
2002-07-09,5.48
2002-07-10,5.47
2002-07-11,5.42
2002-07-12,5.44
2002-07-15,5.41
2002-07-16,5.4
2002-07-18,5.36
2002-07-19,5.3
2002-07-22,5.17
2002-07-23,5.26
2002-07-24,5.2
2002-07-25,5.2
2002-07-26,5.17
2002-07-29,5.18
2002-07-30,5.21
2002-07-31,5.18
2002-08-01,5.16
2002-08-02,5.09
2002-08-05,5
2002-08-06,5.05
2002-08-07,5.03
2002-08-08,5.03
2002-08-09,5.02
2002-08-12,5.01
2002-08-13,5
2002-08-14,4.98
2002-08-16,4.99
2002-08-19,4.99
2002-08-20,5.02
2002-08-21,5.05
2002-08-22,5.05
2002-08-23,5.06
2002-08-26,5.09
2002-08-27,5.1
2002-08-28,5.09
2002-08-29,5.07
2002-08-30,5.03
2002-09-02,5.04
2002-09-03,5.01
2002-09-04,4.96
2002-09-05,4.96
2002-09-06,4.96
2002-09-09,4.98
2002-09-10,5.01
2002-09-11,5.05
2002-09-12,5.04
2002-09-13,5
2002-09-16,5.01
2002-09-17,5.1
2002-09-18,5.05
2002-09-19,5.05
2002-09-23,5.04
2002-09-24,5.05
2002-09-25,5.05
2002-09-26,5.05
2002-09-27,5.06
2002-09-30,5.06
2002-10-01,5.06
2002-10-02,5.06
2002-10-04,5.09
2002-10-07,5.09
2002-10-08,5.14
2002-10-09,5.15
2002-10-10,5.13
2002-10-11,5.13
2002-10-14,5.15
2002-10-15,5.17
2002-10-16,5.18
2002-10-17,5.22
2002-10-18,5.22
2002-10-21,5.19
2002-10-22,5.19
2002-10-23,5.18
2002-10-24,5.16
2002-10-25,5.15
2002-10-28,5.12
2002-10-29,5.1
2002-10-30,5.1
2002-10-31,5.09
2002-11-01,5.08
2002-11-04,5.1
2002-11-05,5.09
2002-11-06,5.1
2002-11-07,5.05
2002-11-08,5.03
2002-11-11,5.03
2002-11-12,5
2002-11-13,4.98
2002-11-14,4.99
2002-11-15,5.01
2002-11-18,5
2002-11-19,4.99
2002-11-20,5.01
2002-11-21,5.03
2002-11-22,5.05
2002-11-25,5.08
2002-11-26,5.06
2002-11-27,5.07
2002-11-28,5.08
2002-11-29,5.05
2002-12-02,5.07
2002-12-03,5.08
2002-12-04,5.06
2002-12-05,5.06
2002-12-06,5.06
2002-12-09,5.04
2002-12-10,5.04
2002-12-11,5.03
2002-12-12,5.03
2002-12-13,5.02
2002-12-16,5.02
2002-12-17,5.02
2002-12-18,5.02
2002-12-20,5
2002-12-23,5
2002-12-24,5.01
2002-12-26,5
2002-12-27,5
2002-12-30,4.99
2002-12-31,4.99
2003-01-02,4.98
2003-01-03,4.98
2003-01-06,4.96
2003-01-07,4.94
2003-01-08,4.91
2003-01-09,4.89
2003-01-10,4.81
2003-01-13,4.82
2003-01-14,4.78
2003-01-15,4.75
2003-01-16,4.75
2003-01-17,4.75
2003-01-20,4.74
2003-01-21,4.72
2003-01-22,4.7
2003-01-23,4.71
2003-01-24,4.72
2003-01-27,4.71
2003-01-28,4.68
2003-01-29,4.64
2003-01-30,4.65
2003-02-03,4.66
2003-02-04,4.64
2003-02-05,4.64
2003-02-06,4.61
2003-02-07,4.6
2003-02-10,4.6
2003-02-11,4.65
2003-02-12,4.67
2003-02-13,4.66
2003-02-14,4.66
2003-02-17,4.7
2003-02-18,4.69
2003-02-19,4.66
2003-02-20,4.67
2003-02-21,4.63
2003-02-24,4.62
2003-02-25,4.59
2003-02-26,4.57
2003-02-27,4.56
2003-02-28,4.56
2003-03-03,4.55
2003-03-04,4.51
2003-03-05,4.52
2003-03-06,4.52
2003-03-07,4.54
2003-03-10,4.55
2003-03-11,4.57
2003-03-12,5.15
2003-03-13,5.16
2003-03-14,5.05
2003-03-17,5.06
2003-03-18,4.98
2003-03-19,4.81
2003-03-20,4.77
2003-03-21,4.65
2003-03-24,4.65
2003-03-25,4.6
2003-03-26,4.57
2003-03-27,4.55
2003-03-28,4.6
2003-03-31,4.6
2003-04-01,4.59
2003-04-02,4.62
2003-04-03,4.61
2003-04-04,4.61
2003-04-07,4.63
2003-04-08,4.67
2003-04-09,4.68
2003-04-10,4.64
2003-04-11,4.62
2003-04-14,4.63
2003-04-15,4.62
2003-04-16,4.62
2003-04-17,4.62
2003-04-18,4.63
2003-04-21,4.63
2003-04-22,4.61
2003-04-23,4.6
2003-04-24,4.58
2003-04-25,4.56
2003-04-28,4.52
2003-04-29,4.52
2003-04-30,4.46
2003-05-02,4.38
2003-05-06,4.39
2003-05-07,4.39
2003-05-09,4.38
2003-05-12,4.4
2003-05-13,4.35
2003-05-14,4.29
2003-05-15,4.27
2003-05-16,4.26
2003-05-19,4.24
2003-05-20,4.29
2003-05-21,4.27
2003-05-22,4.3
2003-05-23,4.3
2003-05-26,4.31
2003-05-27,4.28
2003-05-28,4.26
2003-05-29,4.22
2003-05-30,4.21
2003-06-02,4.23
2003-06-03,4.21
2003-06-04,4.2
2003-06-05,4.2
2003-06-09,4.2
2003-06-10,4.2
2003-06-11,4.19
2003-06-12,4.21
2003-06-13,4.24
2003-06-16,4.21
2003-06-17,4.25
2003-06-18,4.26
2003-06-19,4.32
2003-06-20,4.38
2003-06-23,4.41
2003-06-24,4.39
2003-06-25,4.4
2003-06-26,4.42
2003-06-27,4.46
2003-06-30,4.46
2003-07-01,4.45
2003-07-02,4.41
2003-07-03,4.4
2003-07-04,4.45
2003-07-07,4.45
2003-07-08,4.48
2003-07-09,4.42
2003-07-10,4.24
2003-07-11,4.17
2003-07-14,4.22
2003-07-15,4.25
2003-07-16,4.27
2003-07-18,4.21
2003-07-21,4.17
2003-07-22,4.16
2003-07-23,4.15
2003-07-24,4.17
2003-07-25,4.17
2003-07-28,4.2
2003-07-29,4.23
2003-07-30,4.18
2003-07-31,4.17
2003-08-01,4.19
2003-08-04,4.15
2003-08-05,4.15
2003-08-06,4.14
2003-08-07,4.13
2003-08-08,4.14
2003-08-11,4.15
2003-08-12,4.17
2003-08-13,4.17
2003-08-14,4.19
2003-08-18,4.19
2003-08-19,4.18
2003-08-20,4.17
2003-08-21,4.17
2003-08-22,4.17
2003-08-25,4.16
2003-08-26,4.16
2003-08-27,4.17
2003-08-28,4.15
2003-08-29,4.15
2003-09-01,4.14
2003-09-02,4.14
2003-09-03,4.13
2003-09-04,4.12
2003-09-05,4.11
2003-09-08,4.08
2003-09-09,4.11
2003-09-15,4.07
2003-09-16,4.08
2003-09-17,4.05
2003-09-18,4.05
2003-09-19,4.03
2003-09-22,4.04
2003-09-23,4.02
2003-09-24,4.03
2003-09-25,4.09
2003-09-26,4.08
2003-09-29,4.06
2003-09-30,4.06
2003-10-01,4
2003-10-02,4
2003-10-06,4.01
2003-10-07,4.01
2003-10-08,4.02
2003-10-09,4.02
2003-10-10,4.03
2003-10-13,4.02
2003-10-14,4.05
2003-10-15,4.06
2003-10-16,4.11
2003-10-17,4.12
2003-10-20,4.16
2003-10-21,4.17
2003-10-22,4.17
2003-10-23,4.15
2003-10-24,4.18
2003-10-27,4.2
2003-10-28,4.21
2003-10-29,4.19
2003-10-30,4.24
2003-10-31,4.24
2003-11-03,4.28
2003-11-04,4.33
2003-11-05,4.37
2003-11-06,4.37
2003-11-07,4.39
2003-11-10,4.37
2003-11-11,4.4
2003-11-12,4.48
2003-11-13,4.51
2003-11-14,4.51
2003-11-17,4.49
2003-11-18,4.56
2003-11-19,4.56
2003-11-20,4.53
2003-11-21,4.52
2003-11-24,4.53
2003-11-25,4.53
2003-11-26,4.53
2003-11-27,4.55
2003-11-28,4.6
2003-12-01,4.68
2003-12-02,4.68
2003-12-03,4.72
2003-12-04,4.72
2003-12-05,4.7
2003-12-08,4.69
2003-12-09,4.76
2003-12-10,4.76
2003-12-11,4.72
2003-12-12,4.7
2003-12-15,4.73
2003-12-16,4.66
2003-12-17,4.66
2003-12-18,4.66
2003-12-19,4.64
2003-12-22,4.65
2003-12-23,4.64
2003-12-24,4.62
2003-12-26,4.6
2003-12-29,4.6
2003-12-30,4.65
2003-12-31,4.66
2004-01-02,4.65
2004-01-05,4.67
2004-01-06,4.67
2004-01-07,4.67
2004-01-08,4.67
2004-01-09,4.68
2004-01-12,4.63
2004-01-13,4.58
2004-01-14,4.57
2004-01-15,4.55
2004-01-16,4.56
2004-01-19,4.6
2004-01-20,4.6
2004-01-26,4.6
2004-01-27,4.57
2004-01-28,4.53
2004-01-29,4.53
2004-01-30,4.51
2004-02-02,4.49
2004-02-03,4.48
2004-02-04,4.48
2004-02-05,4.48
2004-02-06,4.49
2004-02-09,4.47
2004-02-10,4.47
2004-02-11,4.46
2004-02-12,4.43
2004-02-13,4.41
2004-02-16,4.4
2004-02-17,4.36
2004-02-18,4.35
2004-02-19,4.36
2004-02-20,4.37
2004-02-23,4.39
2004-02-24,4
2004-02-25,4.4
2004-02-26,4.4
2004-02-27,4.4
2004-03-02,4.38
2004-03-03,4.38
2004-03-04,4.36
2004-03-05,4.34
2004-03-08,4.26
2004-03-09,4.27
2004-03-10,4.27
2004-03-11,4.26
2004-03-12,4.25
2004-03-15,4.25
2004-03-16,4.27
2004-03-17,4.27
2004-03-18,4.26
2004-03-19,4.26
2004-03-22,4.24
2004-03-23,4.19
2004-03-24,4.18
2004-03-25,4.17
2004-03-26,4.2
2004-03-29,4.21
2004-03-30,4.19
2004-03-31,4.18
2004-04-01,4.14
2004-04-02,4.14
2004-04-06,4.29
2004-04-07,4.22
2004-04-08,4.17
2004-04-09,4.13
2004-04-12,4.14
2004-04-13,4.13
2004-04-14,4.16
2004-04-16,4.15
2004-04-19,4.15
2004-04-20,4.14
2004-04-21,4.15
2004-04-22,4.14
2004-04-23,4.12
2004-04-26,4.11
2004-04-27,4.1
2004-04-28,4.1
2004-04-29,4.09
2004-04-30,4.07
2004-05-03,4.09
2004-05-04,4.09
2004-05-06,4.07
2004-05-07,4.08
2004-05-10,4.08
2004-05-11,4.1
2004-05-12,4.1
2004-05-13,4.09
2004-05-14,4.09
2004-05-17,4.09
2004-05-18,4.09
2004-05-19,4.09
2004-05-20,4.09
2004-05-21,4.07
2004-05-24,4.07
2004-05-25,4.04
2004-05-27,4.04
2004-05-28,4.03
2004-05-31,4.04
2004-06-01,4.05
2004-06-02,4.06
2004-06-03,4.04
2004-06-04,4.05
2004-06-07,4.07
2004-06-08,4.09
2004-06-09,4.1
2004-06-10,4.1
2004-06-11,4.1
2004-06-14,4.13
2004-06-15,4.15
2004-06-16,4.15
2004-06-17,4.19
2004-06-18,4.2
2004-06-21,4.19
2004-06-22,4.17
2004-06-23,4.17
2004-06-24,4.17
2004-06-25,4.17
2004-06-28,4.16
2004-06-29,4.16
2004-06-30,4.14
2004-07-01,4.12
2004-07-02,4.11
2004-07-05,4.1
2004-07-06,4.1
2004-07-07,4.09
2004-07-08,4.09
2004-07-09,4.09
2004-07-12,4.1
2004-07-13,4.09
2004-07-14,4.08
2004-07-15,4.07
2004-07-16,4.07
2004-07-19,4.05
2004-07-20,4.05
2004-07-21,4.05
2004-07-22,4.04
2004-07-23,4.03
2004-07-26,4.02
2004-07-27,4.01
2004-07-28,4
2004-07-29,4
2004-07-30,3.99
2004-08-02,3.98
2004-08-03,3.98
2004-08-04,3.97
2004-08-05,3.98
2004-08-06,3.98
2004-08-09,3.97
2004-08-10,3.95
2004-08-11,3.95
2004-08-12,3.76
2004-08-13,3.68
2004-08-16,3.67
2004-08-17,3.64
2004-08-18,3.6
2004-08-19,3.58
2004-08-20,3.58
2004-08-23,3.59
2004-08-24,3.58
2004-08-25,3.56
2004-08-26,3.55
2004-08-27,3.52
2004-08-30,3.5
2004-08-31,3.5
2004-09-01,3.51
2004-09-02,3.52
2004-09-03,3.52
2004-09-06,3.52
2004-09-07,3.52
2004-09-08,3.49
2004-09-09,3.5
2004-09-10,3.51
2004-09-13,3.52
2004-09-14,3.51
2004-09-15,3.51
2004-09-16,3.51
2004-09-17,3.5
2004-09-20,3.49
2004-09-21,3.49
2004-09-22,3.49
2004-09-23,3.5
2004-09-24,3.5
2004-09-30,3.49
2004-10-01,3.48
2004-10-04,3.41
2004-10-05,3.34
2004-10-06,3.36
2004-10-07,3.53
2004-10-08,3.56
2004-10-11,3.54
2004-10-12,3.53
2004-10-13,3.52
2004-10-14,3.5
2004-10-15,3.5
2004-10-18,3.5
2004-10-19,3.5
2004-10-20,3.49
2004-10-21,3.49
2004-10-22,3.48
2004-10-25,3.47
2004-10-26,3.45
2004-10-27,3.45
2004-10-28,3.45
2004-10-29,3.42
2004-11-01,3.42
2004-11-02,3.43
2004-11-03,3.46
2004-11-04,3.45
2004-11-05,3.46
2004-11-08,3.45
2004-11-09,3.45
2004-11-10,3.47
2004-11-11,3.28
2004-11-12,3.28
2004-11-15,3.29
2004-11-16,3.28
2004-11-17,3.27
2004-11-18,3.28
2004-11-19,3.27
2004-11-22,3.27
2004-11-23,3.28
2004-11-24,3.28
2004-11-25,3.28
2004-11-26,3.28
2004-11-29,3.29
2004-11-30,3.29
2004-12-01,3.28
2004-12-02,3.28
2004-12-03,3.28
2004-12-06,3.27
2004-12-07,3.25
2004-12-08,3.23
2004-12-09,3.27
2004-12-10,3.28
2004-12-13,3.28
2004-12-14,3.28
2004-12-15,3.28
2004-12-16,3.29
2004-12-17,3.3
2004-12-20,3.3
2004-12-21,3.3
2004-12-22,3.3
2004-12-23,3.3
2004-12-24,3.3
2004-12-27,3.31
2004-12-28,3.31
2004-12-29,3.31
2004-12-30,3.31
2004-12-31,3.31
2005-01-03,3.34
2005-01-04,3.34
2005-01-05,3.32
2005-01-06,3.33
2005-01-07,3.32
2005-01-10,3.31
2005-01-11,3.33
2005-01-12,3.33
2005-01-13,3.39
2005-01-14,3.47
2005-01-17,3.5
2005-01-18,3.49
2005-01-19,3.49
2005-01-20,3.5
2005-01-21,3.63
2005-01-24,3.65
2005-01-25,3.65
2005-01-26,3.65
2005-01-27,3.66
2005-01-28,3.69
2005-01-31,3.75
2005-02-01,3.75
2005-02-02,3.76
2005-02-03,3.77
2005-02-04,3.84
2005-02-07,3.9
2005-02-11,4
2005-02-14,3.98
2005-02-15,3.93
2005-02-16,3.87
2005-02-17,3.88
2005-02-18,3.85
2005-02-21,3.86
2005-02-22,3.88
2005-02-23,3.86
2005-02-24,3.84
2005-02-25,3.81
2005-02-28,3.8
2005-03-02,3.81
2005-03-03,3.81
2005-03-04,3.86
2005-03-07,3.86
2005-03-08,3.85
2005-03-09,3.84
2005-03-10,3.82
2005-03-11,3.82
2005-03-14,3.82
2005-03-15,3.81
2005-03-16,3.81
2005-03-17,3.81
2005-03-18,3.8
2005-03-21,3.81
2005-03-22,3.8
2005-03-23,3.82
2005-03-24,3.84
2005-03-25,3.86
2005-03-28,3.85
2005-03-29,3.8
2005-03-30,3.79
2005-03-31,3.79
2005-04-01,3.79
2005-04-04,3.79
2005-04-06,3.79
2005-04-07,3.76
2005-04-08,3.75
2005-04-11,3.74
2005-04-12,3.76
2005-04-13,3.75
2005-04-14,3.74
2005-04-15,3.71
2005-04-18,3.7
2005-04-19,3.7
2005-04-20,3.69
2005-04-21,3.69
2005-04-22,3.69
2005-04-25,3.68
2005-04-26,3.68
2005-04-27,3.68
2005-04-28,3.67
2005-04-29,3.64
2005-05-02,3.64
2005-05-03,3.63
2005-05-04,3.64
2005-05-06,3.64
2005-05-09,3.64
2005-05-10,3.64
2005-05-11,3.64
2005-05-12,3.62
2005-05-13,3.6
2005-05-16,3.59
2005-05-17,3.59
2005-05-18,3.58
2005-05-19,3.57
2005-05-20,3.57
2005-05-23,3.58
2005-05-24,3.57
2005-05-25,3.56
2005-05-26,3.55
2005-05-27,3.59
2005-05-30,3.59
2005-05-31,3.57
2005-06-01,3.56
2005-06-02,3.55
2005-06-03,3.55
2005-06-07,3.57
2005-06-08,3.57
2005-06-09,3.57
2005-06-10,3.58
2005-06-13,3.66
2005-06-14,3.66
2005-06-15,3.71
2005-06-16,3.69
2005-06-17,3.69
2005-06-20,3.68
2005-06-21,3.69
2005-06-22,3.73
2005-06-23,3.73
2005-06-24,3.7
2005-06-27,3.68
2005-06-28,3.68
2005-06-29,3.73
2005-06-30,3.8
2005-07-01,3.76
2005-07-04,3.8
2005-07-05,3.78
2005-07-06,3.76
2005-07-07,3.75
2005-07-08,3.74
2005-07-11,3.74
2005-07-12,3.74
2005-07-13,3.77
2005-07-14,3.78
2005-07-15,3.78
2005-07-18,3.77
2005-07-19,3.78
2005-07-20,3.77
2005-07-21,3.74
2005-07-22,3.71
2005-07-25,3.71
2005-07-26,3.75
2005-07-27,3.76
2005-07-28,3.78
2005-07-29,3.78
2005-08-01,3.85
2005-08-02,3.83
2005-08-03,3.84
2005-08-04,3.84
2005-08-05,3.86
2005-08-08,3.86
2005-08-09,3.88
2005-08-10,3.87
2005-08-11,3.87
2005-08-12,3.86
2005-08-16,3.84
2005-08-17,3.84
2005-08-18,3.84
2005-08-19,3.83
2005-08-22,3.85
2005-08-23,3.92
2005-08-24,3.92
2005-08-25,3.93
2005-08-26,3.93
2005-08-29,3.93
2005-08-30,3.93
2005-08-31,3.91
2005-09-01,3.91
2005-09-02,3.9
2005-09-05,3.9
2005-09-06,3.92
2005-09-07,3.94
2005-09-08,4.05
2005-09-09,4.09
2005-09-12,4.08
2005-09-13,4.11
2005-09-14,4.13
2005-09-15,4.17
2005-09-16,4.27
2005-09-20,4.29
2005-09-21,4.29
2005-09-22,4.32
2005-09-23,4.38
2005-09-26,4.47
2005-09-27,4.5
2005-09-28,4.42
2005-09-29,4.41
2005-09-30,4.38
2005-10-04,4.46
2005-10-05,4.46
2005-10-06,4.39
2005-10-07,4.38
2005-10-10,4.38
2005-10-11,4.36
2005-10-12,4.37
2005-10-13,4.4
2005-10-14,4.43
2005-10-17,4.45
2005-10-18,4.45
2005-10-19,4.41
2005-10-20,4.41
2005-10-21,4.42
2005-10-24,4.44
2005-10-25,4.46
2005-10-26,4.46
2005-10-27,4.49
2005-10-28,4.47
2005-10-31,4.46
2005-11-01,4.45
2005-11-02,4.48
2005-11-03,4.51
2005-11-04,4.52
2005-11-07,4.54
2005-11-08,4.56
2005-11-09,4.57
2005-11-10,4.59
2005-11-11,4.59
2005-11-14,4.59
2005-11-15,4.62
2005-11-16,4.62
2005-11-17,4.62
2005-11-18,4.61
2005-11-21,4.62
2005-11-22,4.61
2005-11-23,4.59
2005-11-24,4.58
2005-11-25,4.59
2005-11-28,4.59
2005-11-29,4.6
2005-11-30,4.62
2005-12-01,4.64
2005-12-02,4.65
2005-12-05,4.69
2005-12-06,4.7
2005-12-07,4.71
2005-12-08,4.68
2005-12-09,4.65
2005-12-12,4.67
2005-12-13,4.67
2005-12-14,4.64
2005-12-15,4.64
2005-12-16,4.64
2005-12-19,4.63
2005-12-20,4.63
2005-12-21,4.64
2005-12-22,4.65
2005-12-23,4.66
2005-12-26,4.66
2005-12-27,4.67
2005-12-28,4.64
2005-12-29,4.67
2005-12-30,4.67
2006-01-02,4.69
2006-01-03,4.66
2006-01-04,4.63
2006-01-05,4.64
2006-01-06,4.63
2006-01-09,4.61
2006-01-10,4.63
2006-01-11,4.62
2006-01-12,4.6
2006-01-13,4.59
2006-01-16,4.61
2006-01-17,4.61
2006-01-18,4.59
2006-01-19,4.59
2006-01-20,4.58
2006-01-23,4.58
2006-01-24,4.6
2006-01-25,4.59
2006-01-26,4.59
2006-01-27,4.59
2006-01-31,4.59
2006-02-01,4.59
2006-02-02,4.59
2006-02-03,4.61
2006-02-06,4.61
2006-02-07,4.62
2006-02-08,4.62
2006-02-09,4.56
2006-02-10,4.56
2006-02-13,4.56
2006-02-14,4.54
2006-02-15,4.53
2006-02-16,4.53
2006-02-17,4.53
2006-02-20,4.53
2006-02-21,4.53
2006-02-22,4.53
2006-02-23,4.53
2006-02-24,4.53
2006-02-27,4.55
2006-02-28,4.56
2006-03-02,4.57
2006-03-03,4.57
2006-03-06,4.59
2006-03-07,4.62
2006-03-08,4.61
2006-03-09,4.58
2006-03-10,4.56
2006-03-13,4.58
2006-03-14,4.57
2006-03-15,4.56
2006-03-16,4.57
2006-03-17,4.55
2006-03-20,4.55
2006-03-21,4.56
2006-03-22,4.56
2006-03-23,4.56
2006-03-24,4.57
2006-03-27,4.57
2006-03-28,4.56
2006-03-29,4.55
2006-03-30,4.55
2006-03-31,4.56
2006-04-03,4.59
2006-04-04,4.6
2006-04-05,4.6
2006-04-06,4.6
2006-04-07,4.58
2006-04-10,4.61
2006-04-11,4.61
2006-04-12,4.61
2006-04-13,4.62
2006-04-14,4.64
2006-04-17,4.64
2006-04-18,4.64
2006-04-19,4.63
2006-04-20,4.63
2006-04-21,4.61
2006-04-24,4.6
2006-04-25,4.62
2006-04-26,4.62
2006-04-27,4.62
2006-04-28,4.6
2006-05-02,4.61
2006-05-03,4.62
2006-05-04,4.61
2006-05-08,4.61
2006-05-09,4.61
2006-05-10,4.62
2006-05-11,4.59
2006-05-12,4.59
2006-05-15,4.61
2006-05-16,4.61
2006-05-17,4.59
2006-05-18,4.58
2006-05-19,4.55
2006-05-22,4.56
2006-05-23,4.58
2006-05-24,4.57
2006-05-25,4.57
2006-05-26,4.57
2006-05-29,4.56
2006-05-30,4.54
2006-06-01,4.54
2006-06-02,4.55
2006-06-05,4.55
2006-06-07,4.57
2006-06-08,4.6
2006-06-09,4.61
2006-06-12,4.62
2006-06-13,4.62
2006-06-14,4.63
2006-06-15,4.66
2006-06-16,4.68
2006-06-19,4.72
2006-06-20,4.74
2006-06-21,4.76
2006-06-22,4.78
2006-06-23,4.83
2006-06-26,4.84
2006-06-27,4.87
2006-06-28,4.88
2006-06-29,4.87
2006-06-30,4.82
2006-07-03,4.81
2006-07-04,4.81
2006-07-05,4.79
2006-07-06,4.79
2006-07-07,4.83
2006-07-10,4.85
2006-07-11,4.84
2006-07-12,4.85
2006-07-13,4.84
2006-07-14,4.83
2006-07-18,4.81
2006-07-19,4.82
2006-07-20,4.8
2006-07-21,4.8
2006-07-24,4.81
2006-07-25,4.83
2006-07-26,4.82
2006-07-27,4.81
2006-07-28,4.81
2006-07-31,4.79
2006-08-01,4.78
2006-08-02,4.79
2006-08-03,4.78
2006-08-04,4.79
2006-08-07,4.78
2006-08-08,4.76
2006-08-09,4.74
2006-08-10,4.77
2006-08-11,4.74
2006-08-14,4.77
2006-08-16,4.77
2006-08-17,4.75
2006-08-18,4.75
2006-08-21,4.75
2006-08-22,4.74
2006-08-23,4.73
2006-08-24,4.74
2006-08-25,4.74
2006-08-28,4.74
2006-08-29,4.74
2006-08-30,4.75
2006-08-31,4.75
2006-09-01,4.73
2006-09-04,4.72
2006-09-05,4.71
2006-09-06,4.73
2006-09-07,4.71
2006-09-08,4.71
2006-09-11,4.71
2006-09-12,4.7
2006-09-13,4.69
2006-09-14,4.69
2006-09-15,4.68
2006-09-18,4.68
2006-09-19,4.68
2006-09-20,4.66
2006-09-21,4.66
2006-09-22,4.64
2006-09-25,4.64
2006-09-26,4.64
2006-09-27,4.64
2006-09-28,4.64
2006-09-29,4.62
2006-10-02,4.63
2006-10-04,4.62
2006-10-09,4.62
2006-10-10,4.62
2006-10-11,4.63
2006-10-12,4.63
2006-10-13,4.63
2006-10-16,4.63
2006-10-17,4.62
2006-10-18,4.62
2006-10-19,4.61
2006-10-20,4.61
2006-10-23,4.62
2006-10-24,4.65
2006-10-25,4.65
2006-10-26,4.63
2006-10-27,4.63
2006-10-30,4.65
2006-10-31,4.66
2006-11-01,4.64
2006-11-02,4.63
2006-11-03,4.63
2006-11-06,4.67
2006-11-07,4.67
2006-11-08,4.71
2006-11-09,4.67
2006-11-10,4.66
2006-11-13,4.67
2006-11-14,4.69
2006-11-15,4.69
2006-11-16,4.69
2006-11-17,4.69
2006-11-20,4.69
2006-11-21,4.71
2006-11-22,4.71
2006-11-23,4.74
2006-11-24,4.74
2006-11-27,4.75
2006-11-28,4.78
2006-11-29,4.8
2006-11-30,4.82
2006-12-01,4.82
2006-12-04,4.81
2006-12-05,4.81
2006-12-06,4.79
2006-12-07,4.78
2006-12-08,4.78
2006-12-11,4.8
2006-12-12,4.8
2006-12-13,4.8
2006-12-14,4.83
2006-12-15,4.83
2006-12-18,4.841
2006-12-19,4.84
2006-12-20,4.86
2006-12-21,4.86
2006-12-22,4.88
2006-12-26,4.95
2006-12-27,4.95
2006-12-28,4.95
2006-12-29,4.95
2007-01-02,4.97
2007-01-03,4.95
2007-01-04,4.95
2007-01-05,4.93
2007-01-08,4.93
2007-01-09,4.93
2007-01-10,4.93
2007-01-11,4.94
2007-01-12,4.97
2007-01-15,4.98
2007-01-16,4.99
2007-01-17,4.99
2007-01-18,4.99
2007-01-19,4.98
2007-01-22,4.99
2007-01-23,5
2007-01-24,5.03
2007-01-25,5.03
2007-01-26,5.06
2007-01-29,5.05
2007-01-30,5.04
2007-01-31,5.03
2007-02-01,4.99
2007-02-02,5.02
2007-02-05,5.02
2007-02-06,5
2007-02-07,4.98
2007-02-08,4.97
2007-02-09,4.97
2007-02-12,4.97
2007-02-13,4.98
2007-02-14,4.97
2007-02-15,4.94
2007-02-16,4.94
2007-02-20,4.96
2007-02-21,4.95
2007-02-22,4.94
2007-02-23,4.93
2007-02-26,4.92
2007-02-27,4.93
2007-02-28,4.93
2007-03-02,4.93
2007-03-05,4.9
2007-03-06,4.91
2007-03-07,4.89
2007-03-08,4.89
2007-03-09,4.89
2007-03-12,4.9
2007-03-13,4.91
2007-03-14,4.89
2007-03-15,4.89
2007-03-16,4.88
2007-03-19,4.89
2007-03-20,4.89
2007-03-21,4.89
2007-03-22,4.88
2007-03-23,4.87
2007-03-26,4.87
2007-03-27,4.87
2007-03-28,4.86
2007-03-29,4.86
2007-03-30,4.86
2007-04-02,4.87
2007-04-03,4.89
2007-04-04,4.9
2007-04-05,4.9
2007-04-06,4.91
2007-04-09,4.95
2007-04-10,4.95
2007-04-11,4.96
2007-04-12,4.96
2007-04-13,4.97
2007-04-16,4.98
2007-04-17,4.97
2007-04-18,4.96
2007-04-19,4.96
2007-04-20,5.02
2007-04-23,5.01
2007-04-24,5.01
2007-04-25,5.01
2007-04-26,5.03
2007-04-27,5.05
2007-04-30,5.08
2007-05-02,5.08
2007-05-03,5.07
2007-05-04,5.07
2007-05-07,5.08
2007-05-08,5.09
2007-05-09,5.11
2007-05-10,5.12
2007-05-11,5.12
2007-05-14,5.12
2007-05-15,5.12
2007-05-16,5.12
2007-05-17,5.14
2007-05-18,5.15
2007-05-21,5.15
2007-05-22,5.15
2007-05-23,5.14
2007-05-25,5.12
2007-05-28,5.11
2007-05-29,5.1
2007-05-30,5.1
2007-05-31,5.1
2007-06-01,5.09
2007-06-04,5.09
2007-06-05,5.09
2007-06-07,5.11
2007-06-08,5.15
2007-06-11,5.16
2007-06-12,5.17
2007-06-13,5.16
2007-06-14,5.15
2007-06-15,5.15
2007-06-18,5.15
2007-06-19,5.15
2007-06-20,5.16
2007-06-21,5.19
2007-06-22,5.18
2007-06-25,5.17
2007-06-26,5.18
2007-06-27,5.17
2007-06-28,5.17
2007-06-29,5.19
2007-07-02,5.21
2007-07-03,5.22
2007-07-04,5.24
2007-07-05,5.26
2007-07-06,5.26
2007-07-09,5.27
2007-07-10,5.27
2007-07-11,5.26
2007-07-12,5.31
2007-07-13,5.34
2007-07-16,5.35
2007-07-18,5.34
2007-07-19,5.34
2007-07-20,5.34
2007-07-23,5.33
2007-07-24,5.34
2007-07-25,5.31
2007-07-26,5.29
2007-07-27,5.27
2007-07-30,5.28
2007-07-31,5.26
2007-08-01,5.23
2007-08-02,5.24
2007-08-03,5.23
2007-08-06,5.22
2007-08-07,5.23
2007-08-08,5.24
2007-08-09,5.29
2007-08-10,5.26
2007-08-13,5.28
2007-08-14,5.29
2007-08-16,5.27
2007-08-17,5.27
2007-08-20,5.29
2007-08-21,5.29
2007-08-22,5.31
2007-08-23,5.32
2007-08-24,5.31
2007-08-27,5.33
2007-08-28,5.35
2007-08-29,5.36
2007-08-30,5.36
2007-08-31,5.39
2007-09-03,5.4
2007-09-04,5.4
2007-09-05,5.4
2007-09-06,5.4
2007-09-07,5.38
2007-09-10,5.37
2007-09-11,5.39
2007-09-12,5.37
2007-09-13,5.37
2007-09-14,5.38
2007-09-17,5.39
2007-09-18,5.39
2007-09-19,5.4
2007-09-20,5.41
2007-09-21,5.42
2007-09-27,5.44
2007-09-28,5.44
2007-10-01,5.44
2007-10-02,5.44
2007-10-04,5.41
2007-10-05,5.39
2007-10-08,5.4
2007-10-09,5.41
2007-10-10,5.41
2007-10-11,5.41
2007-10-12,5.42
2007-10-15,5.43
2007-10-16,5.42
2007-10-17,5.41
2007-10-18,5.41
2007-10-19,5.38
2007-10-22,5.35
2007-10-23,5.36
2007-10-24,5.35
2007-10-25,5.37
2007-10-26,5.37
2007-10-29,5.38
2007-10-30,5.39
2007-10-31,5.4
2007-11-01,5.42
2007-11-02,5.4
2007-11-05,5.41
2007-11-06,5.41
2007-11-07,5.4
2007-11-08,5.38
2007-11-09,5.39
2007-11-12,5.4
2007-11-13,5.4
2007-11-14,5.41
2007-11-15,5.42
2007-11-16,5.43
2007-11-19,5.44
2007-11-20,5.44
2007-11-21,5.48
2007-11-22,5.48
2007-11-23,5.46
2007-11-26,5.48
2007-11-27,5.48
2007-11-28,5.57
2007-11-29,5.64
2007-11-30,5.58
2007-12-03,5.58
2007-12-04,5.61
2007-12-05,5.67
2007-12-06,5.67
2007-12-07,5.73
2007-12-10,5.73
2007-12-11,5.73
2007-12-12,5.72
2007-12-13,5.7
2007-12-14,5.7
2007-12-17,5.71
2007-12-18,5.72
2007-12-20,5.71
2007-12-21,5.71
2007-12-24,5.73
2007-12-26,5.72
2007-12-27,5.71
2007-12-28,5.71
2007-12-31,5.71
2008-01-02,5.83
2008-01-03,5.83
2008-01-04,5.8
2008-01-07,5.76
2008-01-08,5.75
2008-01-09,5.71
2008-01-10,5.66
2008-01-11,5.57
2008-01-14,5.57
2008-01-15,5.51
2008-01-16,5.48
2008-01-17,5.54
2008-01-18,5.48
2008-01-21,5.46
2008-01-22,5.42
2008-01-23,5.16
2008-01-24,5.16
2008-01-25,5.21
2008-01-28,5.14
2008-01-29,5.14
2008-01-30,5.13
2008-01-31,5.07
2008-02-01,5.07
2008-02-04,5.11
2008-02-05,5.09
2008-02-11,5.07
2008-02-12,5.06
2008-02-13,5
2008-02-14,4.99
2008-02-15,4.96
2008-02-18,4.94
2008-02-19,4.96
2008-02-20,4.95
2008-02-21,4.99
2008-02-22,4.96
2008-02-25,4.98
2008-02-26,4.99
2008-02-27,4.98
2008-02-28,4.97
2008-02-29,4.94
2008-03-03,4.91
2008-03-04,4.91
2008-03-05,4.9
2008-03-06,4.91
2008-03-07,4.92
2008-03-10,4.99
2008-03-11,5
2008-03-12,5
2008-03-13,5.06
2008-03-14,5.06
2008-03-17,5.11
2008-03-18,5.05
2008-03-19,5.12
2008-03-20,5.1
2008-03-21,5.09
2008-03-24,5.15
2008-03-25,5.15
2008-03-26,5.16
2008-03-27,5.14
2008-03-28,5.15
2008-03-31,5.12
2008-04-01,5.14
2008-04-02,5.14
2008-04-03,5.16
2008-04-04,5.16
2008-04-07,5.16
2008-04-08,5.12
2008-04-10,5.03
2008-04-11,5.04
2008-04-14,5.04
2008-04-15,5.03
2008-04-16,5.03
2008-04-17,5.03
2008-04-18,5.07
2008-04-21,5.07
2008-04-22,5.05
2008-04-23,5.06
2008-04-24,5.04
2008-04-25,5.04
2008-04-28,5.02
2008-04-29,5.01
2008-04-30,4.99
2008-05-02,4.99
2008-05-06,5
2008-05-07,5.02
2008-05-08,5.14
2008-05-09,5.15
2008-05-13,5.2
2008-05-14,5.19
2008-05-15,5.19
2008-05-16,5.22
2008-05-19,5.29
2008-05-20,5.23
2008-05-21,5.25
2008-05-22,5.2
2008-05-23,5.2
2008-05-26,5.21
2008-05-27,5.19
2008-05-28,5.19
2008-05-29,5.22
2008-05-30,5.24
2008-06-02,5.29
2008-06-03,5.28
2008-06-04,5.27
2008-06-05,5.27
2008-06-09,5.38
2008-06-10,5.48
2008-06-11,5.47
2008-06-12,5.47
2008-06-13,5.48
2008-06-16,5.47
2008-06-17,5.45
2008-06-18,5.47
2008-06-19,5.46
2008-06-20,5.49
2008-06-23,5.6
2008-06-24,5.6
2008-06-25,5.59
2008-06-26,5.55
2008-06-27,5.57
2008-06-30,5.63
2008-07-01,5.62
2008-07-02,5.68
2008-07-03,5.73
2008-07-04,5.73
2008-07-07,5.73
2008-07-08,5.72
2008-07-09,5.71
2008-07-10,5.76
2008-07-11,5.9
2008-07-14,5.96
2008-07-15,5.96
2008-07-16,5.97
2008-07-17,5.95
2008-07-18,5.95
2008-07-21,6
2008-07-22,5.91
2008-07-23,5.88
2008-07-24,5.86
2008-07-25,5.84
2008-07-28,5.88
2008-07-29,5.85
2008-07-30,5.83
2008-07-31,5.86
2008-08-01,5.83
2008-08-04,5.87
2008-08-05,5.85
2008-08-06,5.82
2008-08-07,5.8
2008-08-08,5.84
2008-08-11,5.86
2008-08-12,5.88
2008-08-13,5.88
2008-08-14,5.93
2008-08-18,5.95
2008-08-19,5.89
2008-08-20,5.86
2008-08-21,5.85
2008-08-22,5.9
2008-08-25,5.94
2008-08-26,5.91
2008-08-27,5.89
2008-08-28,5.86
2008-08-29,5.87
2008-09-01,5.93
2008-09-02,5.96
2008-09-03,5.91
2008-09-04,5.88
2008-09-05,5.88
2008-09-08,5.85
2008-09-09,5.84
2008-09-10,5.82
2008-09-11,5.79
2008-09-12,5.77
2008-09-16,5.66
2008-09-17,5.71
2008-09-18,5.93
2008-09-19,5.88
2008-09-22,5.94
2008-09-23,5.97
2008-09-24,5.99
2008-09-25,6.03
2008-09-26,6.09
2008-09-29,6.07
2008-09-30,5.92
2008-10-01,5.94
2008-10-02,5.91
2008-10-06,5.98
2008-10-07,5.92
2008-10-08,5.93
2008-10-09,5.69
2008-10-10,5.64
2008-10-13,5.68
2008-10-14,5.68
2008-10-15,5.64
2008-10-16,5.7
2008-10-17,5.65
2008-10-20,5.67
2008-10-21,5.69
2008-10-22,5.49
2008-10-23,5.53
2008-10-24,5.58
2008-10-27,5.32
2008-10-28,5.42
2008-10-29,5.46
2008-10-30,5.46
2008-10-31,5.48
2008-11-03,5.49
2008-11-04,5.43
2008-11-05,5.36
2008-11-06,5.25
2008-11-07,5.23
2008-11-10,5.37
2008-11-11,5.39
2008-11-12,5.36
2008-11-13,5.5
2008-11-14,5.58
2008-11-17,5.46
2008-11-18,5.49
2008-11-19,5.34
2008-11-20,5.32
2008-11-21,5.19
2008-11-24,5.21
2008-11-25,5.21
2008-11-26,5.13
2008-11-27,5.13
2008-11-28,5.15
2008-12-01,5.07
2008-12-02,4.95
2008-12-03,4.79
2008-12-04,4.79
2008-12-05,4.61
2008-12-08,4.58
2008-12-09,4.52
2008-12-10,4.55
2008-12-11,4.14
2008-12-12,4.02
2008-12-15,3.95
2008-12-16,3.8
2008-12-17,3.78
2008-12-18,3.76
2008-12-19,3.76
2008-12-22,3.76
2008-12-23,3.75
2008-12-24,3.63
2008-12-26,3.55
2008-12-29,3.48
2008-12-30,3.25
2008-12-31,3.25
2009-01-02,3.2
2009-01-05,2.99
2009-01-06,2.96
2009-01-07,3
2009-01-08,2.74
2009-01-09,2.78
2009-01-12,2.78
2009-01-13,2.74
2009-01-14,2.63
2009-01-15,2.75
2009-01-16,2.77
2009-01-19,2.66
2009-01-20,2.67
2009-01-21,2.61
2009-01-22,2.6
2009-01-23,2.58
2009-01-28,2.56
2009-01-29,2.58
2009-01-30,2.6
2009-02-02,2.65
2009-02-03,2.69
2009-02-04,2.63
2009-02-05,2.64
2009-02-06,2.58
2009-02-09,2.56
2009-02-10,2.54
2009-02-11,2.46
2009-02-12,2.36
2009-02-13,2.26
2009-02-16,2.29
2009-02-17,2.43
2009-02-18,2.35
2009-02-19,2.35
2009-02-20,2.44
2009-02-23,2.5
2009-02-24,2.63
2009-02-25,2.73
2009-02-26,2.7
2009-02-27,2.67
2009-03-02,2.67
2009-03-03,2.59
2009-03-04,2.55
2009-03-05,2.56
2009-03-06,2.52
2009-03-09,2.52
2009-03-10,2.48
2009-03-11,2.49
2009-03-12,2.46
2009-03-13,2.5
2009-03-16,2.54
2009-03-17,2.56
2009-03-18,2.6
2009-03-19,2.63
2009-03-20,2.65
2009-03-23,2.71
2009-03-24,2.74
2009-03-25,2.72
2009-03-26,2.72
2009-03-27,2.72
2009-03-30,2.77
2009-03-31,2.79
2009-04-01,2.74
2009-04-02,2.72
2009-04-03,2.71
2009-04-06,2.73
2009-04-07,2.72
2009-04-08,2.67
2009-04-09,2.63
2009-04-10,2.6
2009-04-13,2.57
2009-04-14,2.51
2009-04-15,2.47
2009-04-16,2.47
2009-04-17,2.46
2009-04-20,2.46
2009-04-21,2.47
2009-04-22,2.51
2009-04-23,2.52
2009-04-24,2.51
2009-04-27,2.56
2009-04-28,2.56
2009-04-29,2.59
2009-04-30,2.62
2009-05-04,2.7
2009-05-06,2.71
2009-05-07,2.75
2009-05-08,2.74
2009-05-11,2.75
2009-05-12,2.69
2009-05-13,2.67
2009-05-14,2.61
2009-05-15,2.6
2009-05-18,2.58
2009-05-19,2.62
2009-05-20,2.62
2009-05-21,2.6
2009-05-22,2.59
2009-05-25,2.54
2009-05-26,2.51
2009-05-27,2.51
2009-05-28,2.51
2009-05-29,2.48
2009-06-01,2.46
2009-06-02,2.48
2009-06-03,2.48
2009-06-04,2.47
2009-06-05,2.47
2009-06-08,2.56
2009-06-09,2.62
2009-06-10,2.65
2009-06-11,2.93
2009-06-12,3.06
2009-06-15,3.2
2009-06-16,3.2
2009-06-17,3.2
2009-06-18,3.17
2009-06-19,3.12
2009-06-22,3.04
2009-06-23,2.96
2009-06-24,2.92
2009-06-25,2.98
2009-06-26,2.95
2009-06-29,2.93
2009-06-30,2.97
2009-07-01,2.95
2009-07-02,2.93
2009-07-03,2.89
2009-07-06,2.89
2009-07-07,2.9
2009-07-08,2.87
2009-07-09,2.78
2009-07-10,2.69
2009-07-13,2.71
2009-07-14,2.71
2009-07-15,2.74
2009-07-16,2.74
2009-07-17,2.79
2009-07-20,2.83
2009-07-21,2.82
2009-07-22,2.83
2009-07-23,2.81
2009-07-24,2.8
2009-07-27,2.81
2009-07-28,2.81
2009-07-29,2.84
2009-07-30,2.82
2009-07-31,2.88
2009-08-03,2.95
2009-08-04,2.94
2009-08-05,3.03
2009-08-06,3.12
2009-08-07,3.14
2009-08-10,3.2
2009-08-11,3.17
2009-08-12,3.27
2009-08-13,3.32
2009-08-14,3.39
2009-08-17,3.38
2009-08-18,3.41
2009-08-19,3.4
2009-08-20,3.42
2009-08-21,3.43
2009-08-24,3.51
2009-08-25,3.51
2009-08-26,3.49
2009-08-27,3.46
2009-08-28,3.5
2009-08-31,3.52
2009-09-01,3.52
2009-09-02,3.45
2009-09-03,3.42
2009-09-04,3.43
2009-09-07,3.42
2009-09-08,3.38
2009-09-09,3.34
2009-09-10,3.54
2009-09-11,3.53
2009-09-14,3.52
2009-09-15,3.49
2009-09-16,3.4
2009-09-17,3.39
2009-09-18,3.38
2009-09-21,3.44
2009-09-22,3.48
2009-09-23,3.49
2009-09-24,3.5
2009-09-25,3.51
2009-09-28,3.55
2009-09-29,3.58
2009-09-30,3.54
2009-10-01,3.54
2009-10-05,3.54
2009-10-06,3.61
2009-10-07,3.62
2009-10-08,3.63
2009-10-09,3.55
2009-10-12,3.47
2009-10-13,3.44
2009-10-14,3.42
2009-10-15,3.43
2009-10-16,3.52
2009-10-19,3.52
2009-10-20,3.53
2009-10-21,3.52
2009-10-22,3.54
2009-10-23,3.58
2009-10-26,3.62
2009-10-27,3.57
2009-10-28,3.55
2009-10-29,3.52
2009-10-30,3.52
2009-11-02,3.49
2009-11-03,3.47
2009-11-04,3.48
2009-11-05,3.45
2009-11-06,3.44
2009-11-09,3.41
2009-11-10,3.37
2009-11-11,3.34
2009-11-12,3.29
2009-11-13,3.24
2009-11-16,3.24
2009-11-17,3.2
2009-11-18,3.2
2009-11-19,3.19
2009-11-20,3.19
2009-11-23,3.23
2009-11-24,3.23
2009-11-25,3.23
2009-11-26,3.21
2009-11-27,3.13
2009-11-30,3.14
2009-12-01,3.13
2009-12-02,3.18
2009-12-03,3.19
2009-12-04,3.22
2009-12-07,3.27
2009-12-08,3.25
2009-12-09,3.24
2009-12-10,3.34
2009-12-11,3.33
2009-12-14,3.35
2009-12-15,3.33
2009-12-16,3.38
2009-12-17,3.38
2009-12-18,3.36
2009-12-21,3.37
2009-12-22,3.44
2009-12-23,3.42
2009-12-24,3.44
2009-12-28,3.47
2009-12-29,3.5
2009-12-30,3.52
2009-12-31,3.52
2010-01-04,3.54
2010-01-05,3.46
2010-01-06,3.49
2010-01-07,3.42
2010-01-08,3.42
2010-01-11,3.28
2010-01-12,3.27
2010-01-13,3.27
2010-01-14,3.27
2010-01-15,3.28
2010-01-18,3.3
2010-01-19,3.28
2010-01-20,3.29
2010-01-21,3.3
2010-01-22,3.28
2010-01-25,3.3
2010-01-26,3.27
2010-01-27,3.29
2010-01-28,3.32
2010-01-29,3.29
2010-02-01,3.29
2010-02-02,3.27
2010-02-03,3.26
2010-02-04,3.24
2010-02-05,3.21
2010-02-08,3.23
2010-02-09,3.22
2010-02-10,3.22
2010-02-11,3.18
2010-02-12,3.12
2010-02-16,3.11
2010-02-17,3.1
2010-02-18,3.1
2010-02-19,3.15
2010-02-22,3.18
2010-02-23,3.16
2010-02-24,3.15
2010-02-25,3.12
2010-02-26,3.12
2010-03-02,3.11
2010-03-03,3.08
2010-03-04,3.07
2010-03-05,3.07
2010-03-08,3.1
2010-03-09,3.08
2010-03-10,3.06
2010-03-11,2.95
2010-03-12,2.91
2010-03-15,2.9
2010-03-16,2.84
2010-03-17,2.8
2010-03-18,2.77
2010-03-19,2.77
2010-03-22,2.75
2010-03-23,2.81
2010-03-24,2.82
2010-03-25,2.73
2010-03-26,2.73
2010-03-29,2.73
2010-03-30,2.73
2010-03-31,2.72
2010-04-01,2.67
2010-04-02,2.66
2010-04-05,2.69
2010-04-06,2.71
2010-04-07,2.71
2010-04-08,2.68
2010-04-09,2.69
2010-04-12,2.72
2010-04-13,2.72
2010-04-14,2.73
2010-04-15,2.73
2010-04-16,2.71
2010-04-19,2.72
2010-04-20,2.72
2010-04-21,2.73
2010-04-22,2.72
2010-04-23,2.72
2010-04-26,2.72
2010-04-27,2.7
2010-04-28,2.69
2010-04-29,2.67
2010-04-30,2.68
2010-05-03,2.73
2010-05-04,2.75
2010-05-06,2.79
2010-05-07,2.77
2010-05-10,2.81
2010-05-11,2.79
2010-05-12,2.87
2010-05-13,2.89
2010-05-14,2.88
2010-05-17,2.89
2010-05-18,2.89
2010-05-19,2.89
2010-05-20,2.89
2010-05-24,2.87
2010-05-25,2.85
2010-05-26,2.87
2010-05-27,2.86
2010-05-28,2.89
2010-05-31,2.9
2010-06-01,2.9
2010-06-03,2.94
2010-06-04,2.96
2010-06-07,2.96
2010-06-08,2.96
2010-06-09,2.95
2010-06-10,2.97
2010-06-11,2.99
2010-06-14,3.02
2010-06-15,3.03
2010-06-16,3.03
2010-06-17,3.01
2010-06-18,3.01
2010-06-21,3.06
2010-06-22,3.07
2010-06-23,3.08
2010-06-24,3.09
2010-06-25,3.11
2010-06-28,3.16
2010-06-29,3.15
2010-06-30,3.13
2010-07-01,3.11
2010-07-02,3.12
2010-07-05,3.12
2010-07-06,3.11
2010-07-07,3.14
2010-07-08,3.17
2010-07-09,3.19
2010-07-12,3.23
2010-07-13,3.23
2010-07-14,3.25
2010-07-15,3.22
2010-07-16,3.21
2010-07-19,3.21
2010-07-20,3.21
2010-07-21,3.17
2010-07-22,3.15
2010-07-23,3.16
2010-07-26,3.17
2010-07-27,3.16
2010-07-28,3.16
2010-07-29,3.14
2010-07-30,3.14
2010-08-02,3.17
2010-08-03,3.18
2010-08-04,3.17
2010-08-05,3.2
2010-08-06,3.22
2010-08-09,3.25
2010-08-10,3.25
2010-08-11,3.23
2010-08-12,3.19
2010-08-13,3.18
2010-08-16,3.18
2010-08-17,3.18
2010-08-18,3.17
2010-08-19,3.17
2010-08-20,3.17
2010-08-23,3.17
2010-08-24,3.16
2010-08-25,3.16
2010-08-26,3.16
2010-08-27,3.17
2010-08-30,3.2
2010-08-31,3.2
2010-09-01,3.26
2010-09-02,3.24
2010-09-03,3.25
2010-09-06,3.26
2010-09-07,3.24
2010-09-08,3.23
2010-09-09,3.05
2010-09-10,3.04
2010-09-13,2.95
2010-09-14,2.89
2010-09-15,2.91
2010-09-16,2.9
2010-09-17,2.92
2010-09-20,2.94
2010-09-24,2.9
2010-09-27,2.91
2010-09-28,2.91
2010-09-29,2.9
2010-09-30,2.9
2010-10-01,2.88
2010-10-04,2.93
2010-10-05,2.93
2010-10-06,2.94
2010-10-07,2.94
2010-10-08,2.93
2010-10-11,2.95
2010-10-12,2.94
2010-10-13,2.96
2010-10-14,2.79
2010-10-15,2.78
2010-10-18,2.78
2010-10-19,2.84
2010-10-20,2.87
2010-10-21,2.88
2010-10-22,2.83
2010-10-25,2.82
2010-10-26,2.81
2010-10-27,2.84
2010-10-28,2.83
2010-10-29,2.85
2010-11-01,2.94
2010-11-02,2.95
2010-11-03,2.97
2010-11-04,3.04
2010-11-05,3.1
2010-11-08,3.14
2010-11-09,3.15
2010-11-10,3.13
2010-11-11,3.12
2010-11-12,3.12
2010-11-15,3.13
2010-11-16,3.03
2010-11-17,3.03
2010-11-18,3.01
2010-11-19,2.99
2010-11-22,3
2010-11-23,3.03
2010-11-24,2.99
2010-11-25,2.98
2010-11-26,2.99
2010-11-29,2.96
2010-11-30,2.95
2010-12-01,2.97
2010-12-02,2.97
2010-12-03,2.97
2010-12-06,2.98
2010-12-07,2.99
2010-12-08,3.05
2010-12-09,3.05
2010-12-10,3.05
2010-12-13,3.11
2010-12-14,3.12
2010-12-15,3.17
2010-12-16,3.15
2010-12-17,3.15
2010-12-20,3.14
2010-12-21,3.09
2010-12-22,3.06
2010-12-23,3.06
2010-12-24,3.06
2010-12-27,3.1
2010-12-28,3.11
2010-12-29,3.11
2010-12-30,3.11
2010-12-31,3.11
2011-01-03,3.13
2011-01-04,3.11
2011-01-05,3.09
2011-01-06,3.1
2011-01-07,3.1
2011-01-10,3.13
2011-01-11,3.16
2011-01-12,3.16
2011-01-13,3.26
2011-01-14,3.32
2011-01-17,3.41
2011-01-18,3.39
2011-01-19,3.44
2011-01-20,3.45
2011-01-21,3.45
2011-01-24,3.48
2011-01-25,3.49
2011-01-26,3.48
2011-01-27,3.49
2011-01-28,3.51
2011-01-31,3.55
2011-02-01,3.57
2011-02-07,3.65
2011-02-08,3.63
2011-02-09,3.62
2011-02-10,3.61
2011-02-11,3.59
2011-02-14,3.59
2011-02-15,3.57
2011-02-16,3.56
2011-02-17,3.57
2011-02-18,3.56
2011-02-21,3.57
2011-02-22,3.56
2011-02-23,3.56
2011-02-24,3.54
2011-02-25,3.57
2011-02-28,3.57
2011-03-02,3.59
2011-03-03,3.66
2011-03-04,3.67
2011-03-07,3.67
2011-03-08,3.66
2011-03-09,3.64
2011-03-10,3.59
2011-03-11,3.57
2011-03-14,3.57
2011-03-15,3.53
2011-03-16,3.56
2011-03-17,3.57
2011-03-18,3.57
2011-03-21,3.59
2011-03-22,3.59
2011-03-23,3.58
2011-03-24,3.58
2011-03-25,3.6
2011-03-28,3.62
2011-03-29,3.61
2011-03-30,3.61
2011-03-31,3.59
2011-04-01,3.57
2011-04-04,3.56
2011-04-05,3.56
2011-04-06,3.55
2011-04-07,3.54
2011-04-08,3.57
2011-04-11,3.57
2011-04-12,3.55
2011-04-13,3.56
2011-04-14,3.56
2011-04-15,3.57
2011-04-18,3.58
2011-04-19,3.59
2011-04-20,3.61
2011-04-21,3.65
2011-04-22,3.67
2011-04-25,3.73
2011-04-26,3.73
2011-04-27,3.73
2011-04-28,3.71
2011-04-29,3.71
2011-05-02,3.7
2011-05-03,3.7
2011-05-04,3.7
2011-05-06,3.68
2011-05-09,3.69
2011-05-11,3.67
2011-05-12,3.64
2011-05-13,3.62
2011-05-16,3.6
2011-05-17,3.6
2011-05-18,3.6
2011-05-19,3.59
2011-05-20,3.59
2011-05-23,3.58
2011-05-24,3.58
2011-05-25,3.58
2011-05-26,3.6
2011-05-27,3.59
2011-05-30,3.58
2011-05-31,3.58
2011-06-01,3.59
2011-06-02,3.55
2011-06-03,3.55
2011-06-07,3.53
2011-06-08,3.53
2011-06-09,3.55
2011-06-10,3.61
2011-06-13,3.63
2011-06-14,3.64
2011-06-15,3.64
2011-06-16,3.62
2011-06-17,3.63
2011-06-20,3.62
2011-06-21,3.62
2011-06-22,3.62
2011-06-23,3.62
2011-06-24,3.65
2011-06-27,3.66
2011-06-28,3.66
2011-06-29,3.7
2011-06-30,3.7
2011-07-01,3.71
2011-07-04,3.71
2011-07-05,3.7
2011-07-06,3.71
2011-07-07,3.71
2011-07-08,3.74
2011-07-11,3.73
2011-07-12,3.69
2011-07-13,3.7
2011-07-14,3.7
2011-07-15,3.69
2011-07-18,3.69
2011-07-19,3.69
2011-07-20,3.7
2011-07-21,3.7
2011-07-22,3.73
2011-07-25,3.76
2011-07-26,3.79
2011-07-27,3.79
2011-07-28,3.79
2011-07-29,3.83
2011-08-01,3.85
2011-08-02,3.82
2011-08-03,3.78
2011-08-04,3.75
2011-08-05,3.69
2011-08-08,3.65
2011-08-09,3.61
2011-08-10,3.54
2011-08-11,3.55
2011-08-12,3.54
2011-08-16,3.55
2011-08-17,3.57
2011-08-18,3.56
2011-08-19,3.51
2011-08-22,3.52
2011-08-23,3.52
2011-08-24,3.5
2011-08-25,3.5
2011-08-26,3.51
2011-08-29,3.52
2011-08-30,3.51
2011-08-31,3.51
2011-09-01,3.49
2011-09-02,3.48
2011-09-05,3.43
2011-09-06,3.42
2011-09-07,3.47
2011-09-08,3.43
2011-09-09,3.41
2011-09-14,3.38
2011-09-15,3.41
2011-09-16,3.43
2011-09-19,3.5
2011-09-20,3.48
2011-09-21,3.48
2011-09-22,3.48
2011-09-23,3.46
2011-09-26,3.5
2011-09-27,3.48
2011-09-28,3.53
2011-09-29,3.55
2011-09-30,3.56
2011-10-04,3.53
2011-10-05,3.52
2011-10-06,3.5
2011-10-07,3.5
2011-10-10,3.5
2011-10-11,3.5
2011-10-12,3.48
2011-10-13,3.47
2011-10-14,3.47
2011-10-17,3.5
2011-10-18,3.5
2011-10-19,3.5
2011-10-20,3.5
2011-10-21,3.53
2011-10-24,3.56
2011-10-25,3.56
2011-10-26,3.56
2011-10-27,3.57
2011-10-28,3.59
2011-10-31,3.58
2011-11-01,3.56
2011-11-02,3.56
2011-11-03,3.53
2011-11-04,3.53
2011-11-07,3.52
2011-11-08,3.51
2011-11-09,3.5
2011-11-10,3.46
2011-11-11,3.48
2011-11-14,3.49
2011-11-15,3.47
2011-11-16,3.45
2011-11-17,3.46
2011-11-18,3.45
2011-11-21,3.45
2011-11-22,3.46
2011-11-23,3.45
2011-11-24,3.46
2011-11-25,3.49
2011-11-28,3.51
2011-11-29,3.51
2011-11-30,3.48
2011-12-01,3.49
2011-12-02,3.47
2011-12-05,3.47
2011-12-06,3.47
2011-12-07,3.46
2011-12-08,3.47
2011-12-09,3.47
2011-12-12,3.47
2011-12-13,3.46
2011-12-14,3.45
2011-12-15,3.45
2011-12-16,3.45
2011-12-19,3.51
2011-12-20,3.48
2011-12-21,3.47
2011-12-22,3.48
2011-12-23,3.49
2011-12-26,3.52
2011-12-27,3.52
2011-12-28,3.52
2011-12-29,3.5
2011-12-30,3.5
2012-01-02,3.48
2012-01-03,3.47
2012-01-04,3.46
2012-01-05,3.46
2012-01-06,3.47
2012-01-09,3.47
2012-01-10,3.47
2012-01-11,3.47
2012-01-12,3.47
2012-01-13,3.46
2012-01-16,3.45
2012-01-17,3.46
2012-01-18,3.45
2012-01-19,3.45
2012-01-20,3.46
2012-01-25,3.47
2012-01-26,3.46
2012-01-27,3.45
2012-01-30,3.44
2012-01-31,3.45
2012-02-01,3.44
2012-02-02,3.44
2012-02-03,3.44
2012-02-06,3.45
2012-02-07,3.46
2012-02-08,3.47
2012-02-09,3.47
2012-02-10,3.46
2012-02-13,3.46
2012-02-14,3.45
2012-02-15,3.46
2012-02-16,3.44
2012-02-17,3.45
2012-02-20,3.46
2012-02-21,3.46
2012-02-22,3.46
2012-02-23,3.45
2012-02-24,3.46
2012-02-27,3.46
2012-02-28,3.45
2012-02-29,3.47
2012-03-02,3.48
2012-03-05,3.5
2012-03-06,3.5
2012-03-07,3.5
2012-03-08,3.49
2012-03-09,3.5
2012-03-12,3.48
2012-03-13,3.48
2012-03-14,3.51
2012-03-15,3.54
2012-03-16,3.55
2012-03-19,3.57
2012-03-20,3.56
2012-03-21,3.58
2012-03-22,3.59
2012-03-23,3.6
2012-03-26,3.59
2012-03-27,3.59
2012-03-28,3.56
2012-03-29,3.55
2012-03-30,3.53
2012-04-02,3.53
2012-04-03,3.51
2012-04-04,3.51
2012-04-05,3.51
2012-04-06,3.49
2012-04-09,3.45
2012-04-10,3.45
2012-04-12,3.45
2012-04-13,3.45
2012-04-16,3.44
2012-04-17,3.44
2012-04-18,3.45
2012-04-19,3.45
2012-04-20,3.44
2012-04-23,3.48
2012-04-24,3.48
2012-04-25,3.49
2012-04-26,3.49
2012-04-27,3.47
2012-04-30,3.47
2012-05-02,3.47
2012-05-03,3.45
2012-05-04,3.44
2012-05-07,3.4
2012-05-08,3.41
2012-05-09,3.4
2012-05-10,3.39
2012-05-11,3.38
2012-05-14,3.39
2012-05-15,3.39
2012-05-16,3.39
2012-05-17,3.4
2012-05-18,3.37
2012-05-21,3.38
2012-05-22,3.37
2012-05-23,3.36
2012-05-24,3.35
2012-05-25,3.35
2012-05-29,3.34
2012-05-30,3.34
2012-05-31,3.32
2012-06-01,3.3
2012-06-04,3.28
2012-06-05,3.29
2012-06-07,3.3
2012-06-08,3.27
2012-06-11,3.3
2012-06-12,3.28
2012-06-13,3.29
2012-06-14,3.28
2012-06-15,3.27
2012-06-18,3.28
2012-06-19,3.27
2012-06-20,3.28
2012-06-21,3.28
2012-06-22,3.27
2012-06-25,3.27
2012-06-26,3.27
2012-06-27,3.27
2012-06-28,3.27
2012-06-29,3.29
2012-07-02,3.29
2012-07-03,3.29
2012-07-04,3.28
2012-07-05,3.28
2012-07-06,3.25
2012-07-09,3.23
2012-07-10,3.23
2012-07-11,3.21
2012-07-12,2.98
2012-07-13,2.97
2012-07-16,2.97
2012-07-17,2.94
2012-07-18,2.91
2012-07-19,2.89
2012-07-20,2.87
2012-07-23,2.81
2012-07-24,2.81
2012-07-25,2.78
2012-07-26,2.8
2012-07-27,2.85
2012-07-30,2.85
2012-07-31,2.83
2012-08-01,2.8
2012-08-02,2.77
2012-08-03,2.75
2012-08-06,2.76
2012-08-07,2.75
2012-08-08,2.74
2012-08-09,2.78
2012-08-10,2.77
2012-08-13,2.81
2012-08-14,2.85
2012-08-16,2.92
2012-08-17,2.92
2012-08-20,2.94
2012-08-21,2.91
2012-08-22,2.91
2012-08-23,2.9
2012-08-24,2.88
2012-08-27,2.87
2012-08-28,2.87
2012-08-29,2.85
2012-08-30,2.84
2012-08-31,2.82
2012-09-03,2.81
2012-09-04,2.81
2012-09-05,2.79
2012-09-06,2.8
2012-09-07,2.84
2012-09-10,2.82
2012-09-11,2.8
2012-09-12,2.81
2012-09-13,2.86
2012-09-14,2.85
2012-09-17,2.88
2012-09-18,2.86
2012-09-19,2.88
2012-09-20,2.84
2012-09-21,2.85
2012-09-24,2.84
2012-09-25,2.84
2012-09-26,2.84
2012-09-27,2.86
2012-09-28,2.84
2012-10-02,2.81
2012-10-04,2.8
2012-10-05,2.81
2012-10-08,2.81
2012-10-09,2.81
2012-10-10,2.75
2012-10-11,2.77
2012-10-12,2.79
2012-10-15,2.78
2012-10-16,2.8
2012-10-17,2.82
2012-10-18,2.84
2012-10-19,2.82
2012-10-22,2.83
2012-10-23,2.81
2012-10-24,2.8
2012-10-25,2.8
2012-10-26,2.78
2012-10-29,2.79
2012-10-30,2.79
2012-10-31,2.78
2012-11-01,2.78
2012-11-02,2.79
2012-11-05,2.8
2012-11-06,2.78
2012-11-07,2.78
2012-11-08,2.77
2012-11-09,2.79
2012-11-12,2.79
2012-11-13,2.78
2012-11-14,2.79
2012-11-15,2.79
2012-11-16,2.78
2012-11-19,2.79
2012-11-20,2.8
2012-11-21,2.8
2012-11-22,2.82
2012-11-23,2.84
2012-11-26,2.83
2012-11-27,2.85
2012-11-28,2.84
2012-11-29,2.84
2012-11-30,2.85
2012-12-03,2.82
2012-12-04,2.81
2012-12-05,2.81
2012-12-06,2.8
2012-12-07,2.79
2012-12-10,2.81
2012-12-11,2.81
2012-12-12,2.81
2012-12-13,2.82
2012-12-14,2.82
2012-12-17,2.82
2012-12-18,2.83
2012-12-20,2.82
2012-12-21,2.81
2012-12-24,2.81
2012-12-26,2.81
2012-12-27,2.8
2012-12-28,2.78
2012-12-31,2.78
2013-01-02,2.78
2013-01-03,2.74
2013-01-04,2.73
2013-01-07,2.73
2013-01-08,2.72
2013-01-09,2.72
2013-01-10,2.68
2013-01-11,2.71
2013-01-14,2.72
2013-01-15,2.7
2013-01-16,2.71
2013-01-17,2.71
2013-01-18,2.72
2013-01-21,2.72
2013-01-22,2.72
2013-01-23,2.71
2013-01-24,2.71
2013-01-25,2.71
2013-01-28,2.73
2013-01-29,2.74
2013-01-30,2.76
2013-01-31,2.75
2013-02-01,2.75
2013-02-04,2.74
2013-02-05,2.73
2013-02-06,2.71
2013-02-07,2.71
2013-02-08,2.7
2013-02-12,2.69
2013-02-13,2.71
2013-02-14,2.71
2013-02-15,2.7
2013-02-18,2.69
2013-02-19,2.67
2013-02-20,2.68
2013-02-21,2.66
2013-02-22,2.67
2013-02-25,2.67
2013-02-26,2.65
2013-02-27,2.63
2013-02-28,2.64
2013-03-04,2.63
2013-03-05,2.62
2013-03-06,2.63
2013-03-07,2.64
2013-03-08,2.64
2013-03-11,2.64
2013-03-12,2.61
2013-03-13,2.61
2013-03-14,2.61
2013-03-15,2.61
2013-03-18,2.6
2013-03-19,2.6
2013-03-20,2.6
2013-03-21,2.6
2013-03-22,2.59
2013-03-25,2.6
2013-03-26,2.6
2013-03-27,2.61
2013-03-28,2.52
2013-03-29,2.57
2013-04-01,2.55
2013-04-02,2.54
2013-04-03,2.53
2013-04-04,2.52
2013-04-05,2.48
2013-04-08,2.49
2013-04-09,2.5
2013-04-10,2.48
2013-04-11,2.61
2013-04-12,2.65
2013-04-15,2.65
2013-04-16,2.61
2013-04-17,2.61
2013-04-18,2.6
2013-04-19,2.63
2013-04-22,2.65
2013-04-23,2.65
2013-04-24,2.66
2013-04-25,2.64
2013-04-26,2.61
2013-04-29,2.6
2013-04-30,2.57
2013-05-02,2.53
2013-05-03,2.55
2013-05-06,2.62
2013-05-07,2.6
2013-05-08,2.6
2013-05-09,2.58
2013-05-10,2.57
2013-05-13,2.55
2013-05-14,2.54
2013-05-15,2.54
2013-05-16,2.54
2013-05-20,2.57
2013-05-21,2.56
2013-05-22,2.56
2013-05-23,2.56
2013-05-24,2.57
2013-05-27,2.56
2013-05-28,2.58
2013-05-29,2.66
2013-05-30,2.64
2013-05-31,2.66
2013-06-03,2.63
2013-06-04,2.64
2013-06-05,2.65
2013-06-07,2.61
2013-06-10,2.61
2013-06-11,2.62
2013-06-12,2.66
2013-06-13,2.61
2013-06-14,2.57
2013-06-17,2.61
2013-06-18,2.58
2013-06-19,2.61
2013-06-20,2.68
2013-06-21,2.73
2013-06-24,2.77
2013-06-25,2.71
2013-06-26,2.71
2013-06-27,2.72
2013-06-28,2.69
2013-07-01,2.74
2013-07-02,2.69
2013-07-03,2.68
2013-07-04,2.67
2013-07-05,2.67
2013-07-08,2.68
2013-07-09,2.67
2013-07-10,2.64
2013-07-11,2.6
2013-07-12,2.62
2013-07-15,2.64
2013-07-16,2.64
2013-07-17,2.64
2013-07-18,2.62
2013-07-19,2.62
2013-07-22,2.62
2013-07-23,2.64
2013-07-24,2.65
2013-07-25,2.69
2013-07-26,2.69
2013-07-29,2.67
2013-07-30,2.68
2013-07-31,2.69
2013-08-01,2.68
2013-08-02,2.69
2013-08-05,2.66
2013-08-06,2.66
2013-08-07,2.66
2013-08-08,2.64
2013-08-09,2.63
2013-08-12,2.63
2013-08-13,2.64
2013-08-14,2.67
2013-08-16,2.67
2013-08-19,2.68
2013-08-20,2.65
2013-08-21,2.67
2013-08-22,2.69
2013-08-23,2.68
2013-08-26,2.67
2013-08-27,2.67
2013-08-28,2.67
2013-08-29,2.67
2013-08-30,2.66
2013-09-02,2.68
2013-09-03,2.68
2013-09-04,2.68
2013-09-05,2.71
2013-09-06,2.71
2013-09-09,2.69
2013-09-10,2.7
2013-09-11,2.68
2013-09-12,2.67
2013-09-13,2.68
2013-09-16,2.66
2013-09-17,2.65
2013-09-23,2.64
2013-09-24,2.65
2013-09-25,2.67
2013-09-26,2.68
2013-09-27,2.67
2013-09-30,2.67
2013-10-01,2.68
2013-10-02,2.67
2013-10-04,2.67
2013-10-07,2.67
2013-10-08,2.68
2013-10-10,2.68
2013-10-11,2.67
2013-10-14,2.68
2013-10-15,2.68
2013-10-16,2.67
2013-10-17,2.66
2013-10-18,2.65
2013-10-21,2.66
2013-10-22,2.66
2013-10-23,2.63
2013-10-24,2.64
2013-10-25,2.64
2013-10-28,2.666
2013-10-29,2.655
2013-10-30,2.651
2013-10-31,2.663
2013-11-01,2.673
2013-11-04,2.678
2013-11-05,2.686
2013-11-06,2.682
2013-11-07,2.686
2013-11-08,2.675
2013-11-11,2.713
2013-11-12,2.717
2013-11-13,2.701
2013-11-14,2.699
2013-11-15,2.697
2013-11-18,2.691
2013-11-19,2.702
2013-11-20,2.703
2013-11-21,2.708
2013-11-22,2.696
2013-11-25,2.707
2013-11-26,2.698
2013-11-27,2.699
2013-11-28,2.705
2013-11-29,2.721
2013-12-02,2.734
2013-12-03,2.73
2013-12-04,2.721
2013-12-05,2.721
2013-12-06,2.716
2013-12-09,2.703
2013-12-10,2.703
2013-12-11,2.712
2013-12-12,2.713
2013-12-13,2.694
2013-12-16,2.676
2013-12-17,2.667
2013-12-18,2.684
2013-12-19,2.687
2013-12-20,2.685
2013-12-23,2.691
2013-12-24,2.694
2013-12-26,2.697
2013-12-27,2.675
2013-12-30,2.687
2013-12-31,2.687
2014-01-02,2.712
2014-01-03,2.71
2014-01-06,2.672
2014-01-07,2.668
2014-01-08,2.644
2014-01-09,2.655
2014-01-10,2.658
2014-01-13,2.651
2014-01-14,2.657
2014-01-15,2.656
2014-01-16,2.647
2014-01-17,2.65
2014-01-20,2.654
2014-01-21,2.659
2014-01-22,2.667
2014-01-23,2.663
2014-01-24,2.647
2014-01-27,2.665
2014-01-28,2.663
2014-01-29,2.666
2014-02-03,2.665
2014-02-04,2.651
2014-02-05,2.651
2014-02-06,2.649
2014-02-07,2.652
2014-02-10,2.647
2014-02-11,2.645
2014-02-12,2.649
2014-02-13,2.647
2014-02-14,2.647
2014-02-17,2.652
2014-02-18,2.655
2014-02-19,2.65
2014-02-20,2.65
2014-02-21,2.66
2014-02-24,2.658
2014-02-25,2.656
2014-02-26,2.659
2014-02-27,2.655
2014-02-28,2.658
2014-03-03,2.679
2014-03-04,2.685
2014-03-05,2.68
2014-03-06,2.68
2014-03-07,2.681
2014-03-10,2.677
2014-03-11,2.674
2014-03-12,2.666
2014-03-13,2.664
2014-03-14,2.641
2014-03-17,2.658
2014-03-18,2.655
2014-03-19,2.653
2014-03-20,2.663
2014-03-21,2.667
2014-03-24,2.669
2014-03-25,2.664
2014-03-26,2.668
2014-03-27,2.665
2014-03-28,2.663
2014-03-31,2.665
2014-04-01,2.665
2014-04-02,2.668
2014-04-03,2.668
2014-04-04,2.665
2014-04-07,2.655
2014-04-08,2.655
2014-04-09,2.647
2014-04-10,2.65
2014-04-11,2.65
2014-04-14,2.656
2014-04-15,2.659
2014-04-16,2.662
2014-04-17,2.659
2014-04-18,2.663
2014-04-21,2.666
2014-04-22,2.668
2014-04-23,2.672
2014-04-24,2.674
2014-04-25,2.672
2014-04-28,2.673
2014-04-29,2.671
2014-04-30,2.67
2014-05-02,2.661
2014-05-07,2.658
2014-05-08,2.658
2014-05-09,2.654
2014-05-12,2.658
2014-05-13,2.661
2014-05-14,2.66
2014-05-15,2.651
2014-05-16,2.656
2014-05-19,2.659
2014-05-20,2.665
2014-05-21,2.664
2014-05-22,2.667
2014-05-23,2.659
2014-05-26,2.659
2014-05-27,2.66
2014-05-28,2.659
2014-05-29,2.654
2014-05-30,2.659
2014-06-02,2.663
2014-06-03,2.666
2014-06-05,2.669
2014-06-09,2.668
2014-06-10,2.657
2014-06-11,2.658
2014-06-12,2.642
2014-06-13,2.623
2014-06-16,2.616
2014-06-17,2.618
2014-06-18,2.617
2014-06-19,2.604
2014-06-20,2.597
2014-06-23,2.605
2014-06-24,2.603
2014-06-25,2.611
2014-06-26,2.614
2014-06-27,2.607
2014-06-30,2.599
2014-07-01,2.597
2014-07-02,2.557
2014-07-03,2.561
2014-07-04,2.561
2014-07-07,2.559
2014-07-08,2.563
2014-07-09,2.542
2014-07-10,2.523
2014-07-11,2.518
2014-07-14,2.52
2014-07-15,2.514
2014-07-16,2.509
2014-07-17,2.46
2014-07-18,2.46
2014-07-21,2.458
2014-07-22,2.452
2014-07-23,2.419
2014-07-24,2.435
2014-07-25,2.428
2014-07-28,2.43
2014-07-29,2.433
2014-07-30,2.425
2014-07-31,2.422
2014-08-01,2.418
2014-08-04,2.41
2014-08-05,2.388
2014-08-06,2.391
2014-08-07,2.382
2014-08-08,2.368
2014-08-11,2.372
2014-08-12,2.374
2014-08-13,2.371
2014-08-14,2.376
2014-08-18,2.385
2014-08-19,2.388
2014-08-20,2.386
2014-08-21,2.388
2014-08-22,2.384
2014-08-25,2.375
2014-08-26,2.364
2014-08-27,2.359
2014-08-28,2.361
2014-08-29,2.354
2014-09-01,2.357
2014-09-02,2.355
2014-09-03,2.363
2014-09-04,2.365
2014-09-05,2.349
2014-09-11,2.343
2014-09-12,2.286
2014-09-15,2.284
2014-09-16,2.263
2014-09-17,2.26
2014-09-18,2.255
2014-09-19,2.253
2014-09-22,2.242
2014-09-23,2.235
2014-09-24,2.231
2014-09-25,2.228
2014-09-26,2.224
2014-09-29,2.225
2014-09-30,2.211
2014-10-01,2.153
2014-10-02,2.158
2014-10-06,2.166
2014-10-07,2.176
2014-10-08,2.177
2014-10-10,2.163
2014-10-13,2.159
2014-10-14,2.163
2014-10-15,2.158
2014-10-16,2.13
2014-10-17,2.129
2014-10-20,2.132
2014-10-21,2.123
2014-10-22,2.121
2014-10-23,2.11
2014-10-24,2.104
2014-10-27,2.111
2014-10-28,2.111
2014-10-29,2.11
2014-10-30,2.104
2014-10-31,2.084
2014-11-03,2.074
2014-11-04,2.052
2014-11-05,2.045
2014-11-06,2.031
2014-11-07,2.028
2014-11-10,2.036
2014-11-11,2.065
2014-11-12,2.078
2014-11-13,2.083
2014-11-14,2.075
2014-11-17,2.067
2014-11-18,2.058
2014-11-19,2.059
2014-11-20,2.046
2014-11-21,2.051
2014-11-24,2.027
2014-11-25,2.02
2014-11-26,2.017
2014-11-27,2.027
2014-11-28,2.009
2014-12-01,2.015
2014-12-02,2.025
2014-12-03,2.056
2014-12-04,2.077
2014-12-05,2.077
2014-12-08,2.109
2014-12-09,2.086
2014-12-10,2.093
2014-12-11,2.071
2014-12-12,2.071
2014-12-15,2.077
2014-12-16,2.077
2014-12-17,2.1
2014-12-18,2.123
2014-12-19,2.116
2014-12-22,2.108
2014-12-23,2.115
2014-12-24,2.112
2014-12-26,2.118
2014-12-29,2.104
2014-12-30,2.088
2014-12-31,2.087
2015-01-02,2.091
2015-01-05,2.068
2015-01-06,2.04
2015-01-07,2.038
2015-01-08,2.036
2015-01-09,2.028
2015-01-12,1.989
2015-01-13,1.988
2015-01-14,1.959
2015-01-15,2.002
2015-01-16,1.983
2015-01-19,1.991
2015-01-20,1.981
2015-01-21,1.991
2015-01-22,2.001
2015-01-23,1.979
2015-01-26,1.975
2015-01-27,1.983
2015-01-28,1.974
2015-01-29,1.971
2015-01-30,1.963
2015-02-02,1.967
2015-02-03,1.939
2015-02-04,1.945
2015-02-05,1.946
2015-02-06,1.939
2015-02-09,1.95
2015-02-10,1.991
2015-02-11,1.99
2015-02-12,2.006
2015-02-13,1.998
2015-02-16,2.023
2015-02-17,2.005
2015-02-23,2.017
2015-02-24,2.013
2015-02-25,1.999
2015-02-26,1.999
2015-02-27,1.999
2015-03-02,1.978
2015-03-03,1.973
2015-03-04,1.968
2015-03-05,1.958
2015-03-06,1.93
2015-03-09,1.92
2015-03-10,1.912
2015-03-11,1.87
2015-03-12,1.838
2015-03-13,1.822
2015-03-16,1.812
2015-03-17,1.814
2015-03-18,1.8
2015-03-19,1.783
2015-03-20,1.772
2015-03-23,1.769
2015-03-24,1.766
2015-03-25,1.755
2015-03-26,1.756
2015-03-27,1.751
2015-03-30,1.733
2015-03-31,1.715
2015-04-01,1.706
2015-04-02,1.701
2015-04-03,1.699
2015-04-06,1.694
2015-04-07,1.69
2015-04-08,1.694
2015-04-09,1.674
2015-04-10,1.68
2015-04-13,1.692
2015-04-14,1.697
2015-04-15,1.695
2015-04-16,1.698
2015-04-17,1.676
2015-04-20,1.678
2015-04-21,1.684
2015-04-22,1.684
2015-04-23,1.705
2015-04-24,1.72
2015-04-27,1.727
2015-04-28,1.757
2015-04-29,1.765
2015-04-30,1.762
2015-05-04,1.783
2015-05-06,1.816
2015-05-07,1.799
2015-05-08,1.744
2015-05-11,1.742
2015-05-12,1.773
2015-05-13,1.727
2015-05-14,1.724
2015-05-15,1.74
2015-05-18,1.744
2015-05-19,1.751
2015-05-20,1.736
2015-05-21,1.739
2015-05-22,1.735
2015-05-26,1.723
2015-05-27,1.711
2015-05-28,1.709
2015-05-29,1.677
2015-06-01,1.676
2015-06-02,1.651
2015-06-03,1.661
2015-06-04,1.661
2015-06-05,1.648
2015-06-08,1.633
2015-06-09,1.627
2015-06-10,1.633
2015-06-11,1.63
2015-06-12,1.607
2015-06-15,1.607
2015-06-16,1.608
2015-06-17,1.62
2015-06-18,1.609
2015-06-19,1.604
2015-06-22,1.621
2015-06-23,1.623
2015-06-24,1.627
2015-06-25,1.628
2015-06-26,1.626
2015-06-29,1.611
2015-06-30,1.611
2015-07-01,1.618
2015-07-02,1.626
2015-07-03,1.621
2015-07-06,1.613
2015-07-07,1.611
2015-07-08,1.604
2015-07-09,1.601
2015-07-10,1.603
2015-07-13,1.601
2015-07-14,1.598
2015-07-15,1.599
2015-07-16,1.598
2015-07-17,1.598
2015-07-20,1.597
2015-07-21,1.597
2015-07-22,1.587
2015-07-23,1.575
2015-07-24,1.57
2015-07-27,1.571
2015-07-28,1.58
2015-07-29,1.58
2015-07-30,1.589
2015-07-31,1.601
2015-08-03,1.594
2015-08-04,1.595
2015-08-05,1.602
2015-08-06,1.599
2015-08-07,1.597
2015-08-10,1.587
2015-08-11,1.577
2015-08-12,1.563
2015-08-13,1.574
2015-08-17,1.574
2015-08-18,1.571
2015-08-19,1.575
2015-08-20,1.571
2015-08-21,1.574
2015-08-24,1.572
2015-08-25,1.581
2015-08-26,1.589
2015-08-27,1.589
2015-08-28,1.598
2015-08-31,1.603
2015-09-01,1.598
2015-09-02,1.583
2015-09-03,1.574
2015-09-04,1.558
2015-09-07,1.556
2015-09-08,1.56
2015-09-09,1.565
2015-09-10,1.55
2015-09-11,1.552
2015-09-14,1.557
2015-09-15,1.55
2015-09-16,1.558
2015-09-17,1.565
2015-09-18,1.548
2015-09-21,1.537
2015-09-22,1.539
2015-09-23,1.538
2015-09-24,1.545
2015-09-25,1.544
2015-09-30,1.525
2015-10-01,1.54
2015-10-02,1.529
2015-10-05,1.52
2015-10-06,1.527
2015-10-07,1.538
2015-10-08,1.538
2015-10-12,1.55
2015-10-13,1.546
2015-10-14,1.553
2015-10-15,1.54
2015-10-16,1.541
2015-10-19,1.543
2015-10-20,1.55
2015-10-21,1.556
2015-10-22,1.56
2015-10-23,1.562
2015-10-26,1.563
2015-10-27,1.56
2015-10-28,1.56
2015-10-29,1.568
2015-10-30,1.577
2015-11-02,1.58
2015-11-03,1.587
2015-11-04,1.594
2015-11-05,1.6
2015-11-06,1.618
2015-11-09,1.656
2015-11-10,1.649
2015-11-11,1.657
2015-11-12,1.654
2015-11-13,1.65
2015-11-16,1.634
2015-11-17,1.637
2015-11-18,1.635
2015-11-19,1.628
2015-11-20,1.642
2015-11-23,1.644
2015-11-24,1.648
2015-11-25,1.651
2015-11-26,1.661
2015-11-27,1.677
2015-11-30,1.672
2015-12-01,1.66
2015-12-02,1.658
2015-12-03,1.649
2015-12-04,1.654
2015-12-07,1.654
2015-12-08,1.645
2015-12-09,1.647
2015-12-10,1.641
2015-12-11,1.649
2015-12-14,1.645
2015-12-15,1.647
2015-12-16,1.657
2015-12-17,1.645
2015-12-18,1.633
2015-12-21,1.622
2015-12-22,1.631
2015-12-23,1.632
2015-12-24,1.637
2015-12-28,1.639
2015-12-29,1.631
2015-12-30,1.632
2015-12-31,1.632
2016-01-04,1.607
2016-01-05,1.605
2016-01-06,1.601
2016-01-07,1.599
2016-01-08,1.609
2016-01-11,1.587
2016-01-12,1.587
2016-01-13,1.586
2016-01-14,1.589
2016-01-15,1.59
2016-01-18,1.592
2016-01-19,1.591
2016-01-20,1.577
2016-01-21,1.576
2016-01-22,1.584
2016-01-25,1.585
2016-01-26,1.575
2016-01-27,1.58
2016-01-28,1.588
2016-01-29,1.55
2016-02-01,1.518
2016-02-02,1.509
2016-02-03,1.489
2016-02-04,1.488
2016-02-05,1.494
2016-02-11,1.448
2016-02-12,1.464
2016-02-15,1.476
2016-02-16,1.427
2016-02-17,1.432
2016-02-18,1.443
2016-02-19,1.458
2016-02-22,1.473
2016-02-23,1.477
2016-02-24,1.469
2016-02-25,1.468
2016-02-26,1.464
2016-02-29,1.464
2016-03-02,1.469
2016-03-03,1.492
2016-03-04,1.499
2016-03-07,1.49
2016-03-08,1.481
2016-03-09,1.469
2016-03-10,1.485
2016-03-11,1.531
2016-03-14,1.527
2016-03-15,1.532
2016-03-16,1.54
2016-03-17,1.525
2016-03-18,1.517
2016-03-21,1.518
2016-03-22,1.529
2016-03-23,1.529
2016-03-24,1.518
2016-03-25,1.515
2016-03-28,1.511
2016-03-29,1.484
2016-03-30,1.479
2016-03-31,1.48
2016-04-01,1.48
2016-04-04,1.471
2016-04-05,1.476
2016-04-06,1.479
2016-04-07,1.484
2016-04-08,1.483
2016-04-11,1.485
2016-04-12,1.486
2016-04-14,1.515
2016-04-15,1.513
2016-04-18,1.521
2016-04-19,1.518
2016-04-20,1.501
2016-04-21,1.512
2016-04-22,1.509
2016-04-25,1.496
2016-04-26,1.49
2016-04-27,1.488
2016-04-28,1.483
2016-04-29,1.482
2016-05-02,1.487
2016-05-03,1.475
2016-05-04,1.462
2016-05-09,1.447
2016-05-10,1.441
2016-05-11,1.441
2016-05-12,1.446
2016-05-13,1.457
2016-05-16,1.466
2016-05-17,1.479
2016-05-18,1.493
2016-05-19,1.507
2016-05-20,1.494
2016-05-23,1.496
2016-05-24,1.489
2016-05-25,1.499
2016-05-26,1.502
2016-05-27,1.502
2016-05-30,1.521
2016-05-31,1.519
2016-06-01,1.466
2016-06-02,1.469
2016-06-03,1.454
2016-06-07,1.436
2016-06-08,1.414
2016-06-09,1.353
2016-06-10,1.342
2016-06-13,1.331
2016-06-14,1.349
2016-06-15,1.351
2016-06-16,1.343
2016-06-17,1.358
2016-06-20,1.376
2016-06-21,1.368
2016-06-22,1.379
2016-06-23,1.369
2016-06-24,1.289
2016-06-27,1.276
2016-06-28,1.282
2016-06-29,1.277
2016-06-30,1.284
2016-07-01,1.26
2016-07-04,1.267
2016-07-05,1.261
2016-07-06,1.245
2016-07-07,1.247
2016-07-08,1.251
2016-07-11,1.25
2016-07-12,1.255
2016-07-13,1.256
2016-07-14,1.253
2016-07-15,1.26
2016-07-18,1.267
2016-07-19,1.264
2016-07-20,1.262
2016-07-21,1.27
2016-07-22,1.265
2016-07-25,1.267
2016-07-26,1.261
2016-07-27,1.263
2016-07-28,1.252
2016-07-29,1.253
2016-08-01,1.25
2016-08-02,1.248
2016-08-03,1.257
2016-08-04,1.251
2016-08-05,1.245
2016-08-08,1.263
2016-08-09,1.262
2016-08-10,1.245
2016-08-11,1.253
2016-08-12,1.257
2016-08-16,1.253
2016-08-17,1.262
2016-08-18,1.259
2016-08-19,1.264
2016-08-22,1.271
2016-08-23,1.27
2016-08-24,1.272
2016-08-25,1.275
2016-08-26,1.278
2016-08-29,1.296
2016-08-30,1.301
2016-08-31,1.32
2016-09-01,1.331
2016-09-02,1.329
2016-09-05,1.317
2016-09-06,1.313
2016-09-07,1.297
2016-09-08,1.303
2016-09-09,1.327
2016-09-12,1.347
2016-09-13,1.346
2016-09-19,1.346
2016-09-20,1.342
2016-09-21,1.342
2016-09-22,1.323
2016-09-23,1.323
2016-09-26,1.328
2016-09-27,1.333
2016-09-28,1.333
2016-09-29,1.336
2016-09-30,1.313
2016-10-04,1.321
2016-10-05,1.336
2016-10-06,1.339
2016-10-07,1.344
2016-10-10,1.353
2016-10-11,1.375
2016-10-12,1.368
2016-10-13,1.352
2016-10-14,1.354
2016-10-17,1.371
2016-10-18,1.37
2016-10-19,1.373
2016-10-20,1.377
2016-10-21,1.394
2016-10-24,1.403
2016-10-25,1.42
2016-10-26,1.431
2016-10-27,1.431
2016-10-28,1.439
2016-10-31,1.428
2016-11-01,1.437
2016-11-02,1.425
2016-11-03,1.426
2016-11-04,1.429
2016-11-07,1.426
2016-11-08,1.424
2016-11-09,1.408
2016-11-10,1.435
2016-11-11,1.463
2016-11-14,1.504
2016-11-15,1.498
2016-11-16,1.518
2016-11-17,1.537
2016-11-18,1.564
2016-11-21,1.573
2016-11-22,1.576
2016-11-23,1.593
2016-11-24,1.642
2016-11-25,1.657
2016-11-28,1.629
2016-11-29,1.61
2016-11-30,1.602
2016-12-01,1.605
2016-12-02,1.607
2016-12-05,1.591
2016-12-06,1.596
2016-12-07,1.591
2016-12-08,1.577
2016-12-09,1.587
2016-12-12,1.582
2016-12-13,1.552
2016-12-14,1.535
2016-12-15,1.558
2016-12-16,1.556
2016-12-19,1.557
2016-12-20,1.56
2016-12-21,1.555
2016-12-22,1.559
2016-12-23,1.574
2016-12-26,1.583
2016-12-27,1.584
2016-12-28,1.572
2016-12-29,1.564
2016-12-30,1.564
2017-01-02,1.555
2017-01-03,1.537
2017-01-04,1.516
2017-01-05,1.491
2017-01-06,1.5
2017-01-09,1.511
2017-01-10,1.501
2017-01-11,1.504
2017-01-12,1.482
2017-01-13,1.493
2017-01-16,1.495
2017-01-17,1.487
2017-01-18,1.489
2017-01-19,1.5
2017-01-20,1.488
2017-01-23,1.48
2017-01-24,1.476
2017-01-25,1.488
2017-01-26,1.504
2017-01-31,1.494
2017-02-01,1.492
2017-02-02,1.479
2017-02-03,1.476
2017-02-06,1.466
2017-02-07,1.452
2017-02-08,1.456
2017-02-09,1.457
2017-02-10,1.462
2017-02-13,1.462
2017-02-14,1.458
2017-02-15,1.464
2017-02-16,1.459
2017-02-17,1.458
2017-02-20,1.466
2017-02-21,1.465
2017-02-22,1.474
2017-02-23,1.467
2017-02-24,1.465
2017-02-27,1.462
2017-02-28,1.462
2017-03-02,1.48
2017-03-03,1.481
2017-03-06,1.494
2017-03-07,1.516
2017-03-08,1.514
2017-03-09,1.516
2017-03-10,1.51
2017-03-13,1.503
2017-03-14,1.496
2017-03-15,1.497
2017-03-16,1.479
2017-03-17,1.478
2017-03-20,1.48
2017-03-21,1.48
2017-03-22,1.48
2017-03-23,1.483
2017-03-24,1.49
2017-03-27,1.476
2017-03-28,1.481
2017-03-29,1.477
2017-03-30,1.476
2017-03-31,1.473
2017-04-03,1.47
2017-04-04,1.456
2017-04-05,1.458
2017-04-06,1.466
2017-04-07,1.468
2017-04-10,1.485
2017-04-11,1.47
2017-04-12,1.466
2017-04-13,1.461
2017-04-14,1.464
2017-04-17,1.467
2017-04-18,1.471
2017-04-19,1.469
2017-04-20,1.475
2017-04-21,1.483
2017-04-24,1.492
2017-04-25,1.482
2017-04-26,1.482
2017-04-27,1.474
2017-04-28,1.471
2017-05-02,1.469
2017-05-04,1.463
2017-05-08,1.466
2017-05-10,1.474
2017-05-11,1.472
2017-05-12,1.462
2017-05-15,1.462
2017-05-16,1.462
2017-05-17,1.452
2017-05-18,1.452
2017-05-19,1.45
2017-05-22,1.456
2017-05-23,1.454
2017-05-24,1.462
2017-05-25,1.463
2017-05-26,1.463
2017-05-29,1.464
2017-05-30,1.459
2017-05-31,1.46
2017-06-01,1.455
2017-06-02,1.453
2017-06-05,1.449
2017-06-07,1.45
2017-06-08,1.452
2017-06-09,1.45
2017-06-12,1.473
2017-06-13,1.461
2017-06-14,1.465
2017-06-15,1.459
2017-06-16,1.463
2017-06-19,1.46
2017-06-20,1.461
2017-06-21,1.465
2017-06-22,1.467
2017-06-23,1.465
2017-06-26,1.466
2017-06-27,1.463
2017-06-28,1.475
2017-06-29,1.474
2017-06-30,1.469
2017-07-03,1.469
2017-07-04,1.472
2017-07-05,1.47
2017-07-06,1.469
2017-07-07,1.475
2017-07-10,1.468
2017-07-11,1.466
2017-07-12,1.462
2017-07-13,1.456
2017-07-14,1.456
2017-07-17,1.456
2017-07-18,1.453
2017-07-19,1.451
2017-07-20,1.45
2017-07-21,1.446
2017-07-24,1.443
2017-07-25,1.439
2017-07-26,1.443
2017-07-27,1.435
2017-07-28,1.434
2017-07-31,1.434
2017-08-01,1.433
2017-08-02,1.43
2017-08-03,1.429
2017-08-04,1.429
2017-08-07,1.437
2017-08-08,1.448
2017-08-09,1.476
2017-08-10,1.474
2017-08-11,1.477
2017-08-14,1.485
2017-08-16,1.497
2017-08-17,1.49
2017-08-18,1.484
2017-08-21,1.484
2017-08-22,1.489
2017-08-23,1.492
2017-08-24,1.494
2017-08-25,1.482
2017-08-28,1.485
2017-08-29,1.489
2017-08-30,1.478
2017-08-31,1.476
2017-09-01,1.47
2017-09-04,1.482
2017-09-05,1.479
2017-09-06,1.473
2017-09-07,1.475
2017-09-08,1.469
2017-09-11,1.472
2017-09-12,1.471
2017-09-13,1.47
2017-09-14,1.472
2017-09-15,1.471
2017-09-18,1.474
2017-09-19,1.488
2017-09-20,1.487
2017-09-21,1.488
2017-09-22,1.484
2017-09-25,1.49
2017-09-26,1.507
2017-09-27,1.537
2017-09-28,1.543
2017-09-29,1.541
2017-10-10,1.564
2017-10-11,1.561
2017-10-12,1.558
2017-10-13,1.565
2017-10-16,1.578
2017-10-17,1.585
2017-10-18,1.581
2017-10-19,1.634
2017-10-20,1.705
2017-10-23,1.679
2017-10-24,1.688
2017-10-25,1.702
2017-10-26,1.734
2017-10-27,1.737
2017-10-30,1.741
2017-10-31,1.766
2017-11-01,1.76
2017-11-02,1.752
2017-11-03,1.749
2017-11-06,1.747
2017-11-07,1.742
2017-11-08,1.746
2017-11-09,1.747
2017-11-10,1.752
2017-11-13,1.775
2017-11-14,1.796
2017-11-15,1.791
2017-11-16,1.801
2017-11-17,1.802
2017-11-20,1.799
2017-11-21,1.802
2017-11-22,1.814
2017-11-23,1.806
2017-11-24,1.823
2017-11-27,1.828
2017-11-28,1.82
2017-11-29,1.818
2017-11-30,1.803
2017-12-01,1.805
2017-12-04,1.808
2017-12-05,1.822
2017-12-06,1.811
2017-12-07,1.816
2017-12-08,1.817
2017-12-11,1.817
2017-12-12,1.813
2017-12-13,1.813
2017-12-14,1.816
2017-12-15,1.821
2017-12-18,1.836
2017-12-19,1.839
2017-12-20,1.838
2017-12-21,1.841
2017-12-22,1.863
2017-12-26,1.867
2017-12-27,1.878
2017-12-28,1.869
2017-12-29,1.867
2018-01-02,1.847
2018-01-03,1.833
2018-01-04,1.834
2018-01-05,1.819
2018-01-08,1.826
2018-01-09,1.831
2018-01-10,1.848
2018-01-11,1.838
2018-01-12,1.838
2018-01-15,1.858
2018-01-16,1.853
2018-01-17,1.855
2018-01-18,1.818
2018-01-19,1.817
2018-01-22,1.829
2018-01-23,1.823
2018-01-24,1.823
2018-01-25,1.828
2018-01-26,1.827
2018-01-29,1.863
2018-01-30,1.876
2018-01-31,1.862
2018-02-01,1.851
2018-02-02,1.839
2018-02-05,1.851
2018-02-06,1.833
2018-02-07,1.829
2018-02-08,1.846
2018-02-09,1.854
2018-02-12,1.869
2018-02-13,1.86
2018-02-14,1.856
2018-02-19,1.869
2018-02-20,1.878
2018-02-21,1.87
2018-02-22,1.866
2018-02-23,1.865
2018-02-26,1.86
2018-02-27,1.857
2018-02-28,1.859
2018-03-02,1.869
2018-03-05,1.87
2018-03-06,1.879
2018-03-07,1.88
2018-03-08,1.882
2018-03-09,1.886
2018-03-12,1.891
2018-03-13,1.892
2018-03-14,1.905
2018-03-15,1.907
2018-03-16,1.912
2018-03-19,1.917
2018-03-20,1.918
2018-03-21,1.919
2018-03-22,1.901
2018-03-23,1.891
2018-03-26,1.894
2018-03-27,1.893
2018-03-28,1.889
2018-03-29,1.888
2018-03-30,1.887
2018-04-02,1.89
2018-04-03,1.879
2018-04-04,1.866
2018-04-05,1.863
2018-04-06,1.855
2018-04-09,1.865
2018-04-10,1.87
2018-04-11,1.866
2018-04-12,1.859
2018-04-13,1.857
2018-04-16,1.859
2018-04-17,1.863
2018-04-18,1.867
2018-04-19,1.87
2018-04-20,1.879
2018-04-23,1.889
2018-04-24,1.883
2018-04-25,1.891
2018-04-26,1.886
2018-04-27,1.869
2018-04-30,1.868
2018-05-02,1.872
2018-05-03,1.877
2018-05-04,1.89
2018-05-08,1.912
2018-05-09,1.921
2018-05-10,1.917
2018-05-11,1.924
2018-05-14,1.935
2018-05-15,1.933
2018-05-16,1.914
2018-05-17,1.901
2018-05-18,1.873
2018-05-21,1.881
2018-05-23,1.874
2018-05-24,1.853
2018-05-25,1.855
2018-05-28,1.86
2018-05-29,1.851
2018-05-30,1.853
2018-05-31,1.851
2018-06-01,1.848
2018-06-04,1.852
2018-06-05,1.852
2018-06-07,1.859
2018-06-08,1.848
2018-06-11,1.855
2018-06-12,1.858
2018-06-14,1.873
2018-06-15,1.867
2018-06-18,1.864
2018-06-19,1.862
2018-06-20,1.865
2018-06-21,1.854
2018-06-22,1.853
2018-06-25,1.859
2018-06-26,1.863
2018-06-27,1.854
2018-06-28,1.853
2018-06-29,1.854
2018-07-02,1.854
2018-07-03,1.854
2018-07-04,1.842
2018-07-05,1.828
2018-07-06,1.83
2018-07-09,1.83
2018-07-10,1.826
2018-07-11,1.812
2018-07-12,1.857
2018-07-13,1.864
2018-07-16,1.861
2018-07-17,1.852
2018-07-18,1.845
2018-07-19,1.846
2018-07-20,1.837
2018-07-23,1.837
2018-07-24,1.844
2018-07-25,1.843
2018-07-26,1.844
2018-07-27,1.869
2018-07-30,1.885
2018-07-31,1.885
2018-08-01,1.881
2018-08-02,1.881
2018-08-03,1.878
2018-08-06,1.872
2018-08-07,1.864
2018-08-08,1.856
2018-08-09,1.851
2018-08-10,1.852
2018-08-13,1.858
2018-08-14,1.863
2018-08-16,1.863
2018-08-17,1.84
2018-08-20,1.833
2018-08-21,1.8
2018-08-22,1.8
2018-08-23,1.797
2018-08-24,1.796
2018-08-27,1.796
2018-08-28,1.797
2018-08-29,1.8
2018-08-30,1.823
2018-08-31,1.783
2018-09-03,1.781
2018-09-04,1.776
2018-09-05,1.771
2018-09-06,1.775
2018-09-07,1.781
2018-09-10,1.784
2018-09-11,1.79
2018-09-12,1.779
2018-09-13,1.8
2018-09-14,1.827
2018-09-17,1.837
2018-09-18,1.84
2018-09-19,1.853
2018-09-20,1.88
2018-09-21,1.881
2018-09-27,1.893
2018-09-28,1.895
2018-10-01,1.897
2018-10-02,1.893
2018-10-04,1.913
2018-10-05,1.921
2018-10-08,1.928
2018-10-10,1.908
2018-10-11,1.89
2018-10-12,1.903
2018-10-15,1.907
2018-10-16,1.914
2018-10-17,1.914
2018-10-18,1.886
2018-10-19,1.888
2018-10-22,1.898
2018-10-23,1.896
2018-10-24,1.905
2018-10-25,1.912
2018-10-26,1.911
2018-10-29,1.857
2018-10-30,1.885
2018-10-31,1.89
2018-11-01,1.888
2018-11-02,1.903
2018-11-05,1.898
2018-11-06,1.899
2018-11-07,1.89
2018-11-08,1.892
2018-11-09,1.892
2018-11-12,1.889
2018-11-13,1.889
2018-11-14,1.887
2018-11-15,1.897
2018-11-16,1.9
2018-11-19,1.9
2018-11-20,1.905
2018-11-21,1.909
2018-11-22,1.91
2018-11-23,1.902
2018-11-26,1.902
2018-11-27,1.893
2018-11-28,1.898
2018-11-29,1.879
2018-11-30,1.883
2018-12-03,1.895
2018-12-04,1.893
2018-12-05,1.889
2018-12-06,1.871
2018-12-07,1.874
2018-12-10,1.864
2018-12-11,1.856
2018-12-12,1.852
2018-12-13,1.852
2018-12-14,1.849
2018-12-17,1.846
2018-12-18,1.84
2018-12-19,1.83
2018-12-20,1.829
2018-12-21,1.837
2018-12-24,1.841
2018-12-26,1.838
2018-12-27,1.839
2018-12-28,1.84
2018-12-31,1.84
2019-01-02,1.821
2019-01-03,1.815
2019-01-04,1.796
2019-01-07,1.796
2019-01-08,1.796
2019-01-09,1.795
2019-01-10,1.788
2019-01-11,1.793
2019-01-14,1.793
2019-01-15,1.795
2019-01-16,1.797
2019-01-17,1.796
2019-01-18,1.804
2019-01-21,1.812
2019-01-22,1.807
2019-01-23,1.812
2019-01-24,1.817
2019-01-25,1.819
2019-01-28,1.826
2019-01-29,1.829
2019-01-30,1.834
2019-01-31,1.827
2019-02-01,1.824
2019-02-07,1.824
2019-02-08,1.818
2019-02-11,1.815
2019-02-12,1.822
2019-02-13,1.829
2019-02-14,1.828
2019-02-15,1.823
2019-02-18,1.831
2019-02-19,1.832
2019-02-20,1.833
2019-02-21,1.836
2019-02-22,1.838
2019-02-25,1.845
2019-02-26,1.842
2019-02-27,1.841
2019-02-28,1.843
2019-03-04,1.854
2019-03-05,1.855
2019-03-06,1.854
2019-03-07,1.85
2019-03-08,1.842
2019-03-11,1.843
2019-03-12,1.842
2019-03-13,1.838
2019-03-14,1.839
2019-03-15,1.844
2019-03-18,1.846
2019-03-19,1.845
2019-03-20,1.847
2019-03-21,1.838
2019-03-22,1.839
2019-03-25,1.817
2019-03-26,1.809
2019-03-27,1.791
2019-03-28,1.763
2019-03-29,1.763
2019-04-01,1.769
2019-04-02,1.759
2019-04-03,1.766
2019-04-04,1.766
2019-04-05,1.769
2019-04-08,1.767
2019-04-09,1.766
2019-04-10,1.768
2019-04-11,1.768
2019-04-12,1.77
2019-04-15,1.785
2019-04-16,1.785
2019-04-17,1.787
2019-04-18,1.771
2019-04-19,1.776
2019-04-22,1.786
2019-04-23,1.783
2019-04-24,1.776
2019-04-25,1.763
2019-04-26,1.761
2019-04-29,1.757
2019-04-30,1.745
2019-05-02,1.763
2019-05-03,1.764
2019-05-07,1.755
2019-05-08,1.75
2019-05-09,1.742
2019-05-10,1.744
2019-05-13,1.742
2019-05-14,1.736
2019-05-15,1.733
2019-05-16,1.709
2019-05-17,1.709
2019-05-20,1.714
2019-05-21,1.707
2019-05-22,1.706
2019-05-23,1.692
2019-05-24,1.688
2019-05-27,1.691
2019-05-28,1.69
2019-05-29,1.67
2019-05-30,1.674
2019-05-31,1.632
2019-06-03,1.63
2019-06-04,1.629
2019-06-05,1.612
2019-06-07,1.61
2019-06-10,1.606
2019-06-11,1.606
2019-06-12,1.55
2019-06-13,1.553
2019-06-14,1.544
2019-06-17,1.555
2019-06-18,1.556
2019-06-19,1.548
2019-06-20,1.51
2019-06-21,1.524
2019-06-24,1.523
2019-06-25,1.538
2019-06-26,1.553
2019-06-27,1.561
2019-06-28,1.547
2019-07-01,1.552
2019-07-02,1.542
2019-07-03,1.52
2019-07-04,1.51
2019-07-05,1.511
2019-07-08,1.508
2019-07-09,1.506
2019-07-10,1.513
2019-07-11,1.5
2019-07-12,1.501
2019-07-15,1.504
2019-07-16,1.502
2019-07-17,1.481
2019-07-18,1.437
2019-07-19,1.421
2019-07-22,1.419
2019-07-23,1.421
2019-07-24,1.409
2019-07-25,1.397
2019-07-26,1.398
2019-07-29,1.396
2019-07-30,1.394
2019-07-31,1.389
2019-08-01,1.398
2019-08-02,1.357
2019-08-05,1.307
2019-08-06,1.297
2019-08-07,1.283
2019-08-08,1.28
2019-08-09,1.275
2019-08-12,1.242
2019-08-13,1.207
2019-08-14,1.196
2019-08-16,1.155
2019-08-19,1.153
2019-08-20,1.151
2019-08-21,1.166
2019-08-22,1.148
2019-08-23,1.148
2019-08-26,1.131
2019-08-27,1.159
2019-08-28,1.168
2019-08-29,1.168
2019-08-30,1.177
2019-09-02,1.197
2019-09-03,1.205
2019-09-04,1.22
2019-09-05,1.243
2019-09-06,1.253
2019-09-09,1.253
2019-09-10,1.265
2019-09-11,1.277
2019-09-16,1.329
2019-09-17,1.311
2019-09-18,1.306
2019-09-19,1.314
2019-09-20,1.318
2019-09-23,1.328
2019-09-24,1.329
2019-09-25,1.324
2019-09-26,1.324
2019-09-27,1.33
2019-09-30,1.333
2019-10-01,1.346
2019-10-02,1.333
2019-10-04,1.289
2019-10-07,1.292
2019-10-08,1.305
2019-10-10,1.31
2019-10-11,1.309
2019-10-14,1.307
2019-10-15,1.301
2019-10-16,1.308
2019-10-17,1.323
2019-10-18,1.32
2019-10-21,1.333
2019-10-22,1.317
2019-10-23,1.324
2019-10-24,1.338
2019-10-25,1.359
2019-10-28,1.403
2019-10-29,1.4
2019-10-30,1.401
2019-10-31,1.4
2019-11-01,1.403
2019-11-04,1.422
2019-11-05,1.411
2019-11-06,1.413
2019-11-07,1.419
2019-11-08,1.409
2019-11-11,1.409
2019-11-12,1.435
2019-11-13,1.425
2019-11-14,1.43
2019-11-15,1.436
2019-11-18,1.441
2019-11-19,1.432
2019-11-20,1.423
2019-11-21,1.426
2019-11-22,1.426
2019-11-25,1.433
2019-11-26,1.43
2019-11-27,1.418
2019-11-28,1.41
2019-11-29,1.389
2019-12-02,1.397
2019-12-03,1.397
2019-12-04,1.374
2019-12-05,1.379
2019-12-06,1.382
2019-12-09,1.373
2019-12-10,1.372
2019-12-11,1.371
2019-12-12,1.372
2019-12-13,1.385
2019-12-16,1.372
2019-12-17,1.373
2019-12-18,1.376
2019-12-19,1.386
2019-12-20,1.389
2019-12-23,1.385
2019-12-24,1.382
2019-12-26,1.378
2019-12-27,1.376
2019-12-30,1.369
2019-12-31,1.369
2020-01-02,1.344
2020-01-03,1.311
2020-01-06,1.309
2020-01-07,1.328
2020-01-08,1.337
2020-01-09,1.347
2020-01-10,1.355
2020-01-13,1.349
2020-01-14,1.338
2020-01-15,1.342
2020-01-16,1.356
2020-01-17,1.364
2020-01-20,1.384
2020-01-21,1.359
2020-01-22,1.374
2020-01-23,1.362
2020-01-28,1.321
2020-01-29,1.313
2020-01-30,1.291
2020-01-31,1.283
2020-02-03,1.268
2020-02-04,1.283
2020-02-05,1.267
2020-02-06,1.263
2020-02-07,1.248
2020-02-10,1.252
2020-02-11,1.25
2020-02-12,1.253
2020-02-13,1.244
2020-02-14,1.278
2020-02-17,1.278
2020-02-18,1.251
2020-02-19,1.254
2020-02-20,1.223
2020-02-21,1.183
2020-02-24,1.151
2020-02-25,1.156
2020-02-26,1.137
2020-02-27,1.182
2020-02-28,1.143
2020-03-02,1.151
2020-03-03,1.143
2020-03-04,1.067
2020-03-05,1.077
2020-03-06,1.073
2020-03-09,1.046
2020-03-10,1.066
2020-03-11,1.055
2020-03-12,1.051
2020-03-13,1.106
2020-03-16,1.042
2020-03-17,0.957
2020-03-18,0.952
2020-03-19,1.052
2020-03-20,1.038
2020-03-23,1.055
2020-03-24,1.034
2020-03-25,1.033
2020-03-26,1.006
2020-03-27,1.002
2020-03-30,1.021
2020-03-31,1.008
2020-04-01,1.006
2020-04-02,0.976
2020-04-03,0.952
2020-04-06,0.912
2020-04-07,0.884
2020-04-08,0.86
2020-04-09,0.843
2020-04-10,0.839
2020-04-13,0.848
2020-04-14,0.855
2020-04-16,0.855
2020-04-17,0.868
2020-04-20,0.864
2020-04-21,0.869
2020-04-22,0.87
2020-04-23,0.853
2020-04-24,0.832
2020-04-27,0.83
2020-04-28,0.828
2020-04-29,0.817
2020-05-04,0.801
2020-05-06,0.796
2020-05-07,0.778
2020-05-08,0.762
2020-05-11,0.767
2020-05-12,0.746
2020-05-13,0.732
2020-05-14,0.735
2020-05-15,0.732
2020-05-18,0.733
2020-05-19,0.733
2020-05-20,0.729
2020-05-21,0.727
2020-05-22,0.717
2020-05-25,0.71
2020-05-26,0.721
2020-05-27,0.725
2020-05-28,0.667
2020-05-29,0.648
2020-06-01,0.636
2020-06-02,0.635
2020-06-03,0.65
2020-06-04,0.665
2020-06-05,0.674
2020-06-08,0.674
2020-06-09,0.666
2020-06-10,0.661
2020-06-11,0.659
2020-06-12,0.669
2020-06-15,0.691
2020-06-16,0.698
2020-06-17,0.714
2020-06-18,0.699
2020-06-19,0.692
2020-06-22,0.683
2020-06-23,0.67
2020-06-24,0.666
2020-06-25,0.664
2020-06-26,0.665
2020-06-29,0.677
2020-06-30,0.676
2020-07-01,0.668
2020-07-02,0.65
2020-07-03,0.648
2020-07-06,0.654
2020-07-07,0.644
2020-07-08,0.64
2020-07-09,0.641
2020-07-10,0.643
2020-07-13,0.648
2020-07-14,0.647
2020-07-15,0.644
2020-07-16,0.633
2020-07-17,0.625
2020-07-20,0.617
2020-07-21,0.623
2020-07-22,0.618
2020-07-23,0.607
2020-07-24,0.605
2020-07-27,0.606
2020-07-28,0.611
2020-07-29,0.609
2020-07-30,0.6
2020-07-31,0.598
2020-08-03,0.596
2020-08-04,0.598
2020-08-05,0.592
2020-08-06,0.592
2020-08-07,0.596
2020-08-10,0.61
2020-08-11,0.609
2020-08-12,0.615
2020-08-13,0.611
2020-08-14,0.618
2020-08-18,0.611
2020-08-19,0.611
2020-08-20,0.618
2020-08-21,0.635
2020-08-24,0.625
2020-08-25,0.629
2020-08-26,0.637
2020-08-27,0.642
2020-08-28,0.671
2020-08-31,0.691
2020-09-01,0.712
2020-09-02,0.696
2020-09-03,0.697
2020-09-04,0.702
2020-09-07,0.718
2020-09-08,0.704
2020-09-09,0.687
2020-09-10,0.684
2020-09-11,0.692
2020-09-14,0.691
2020-09-15,0.685
2020-09-16,0.683
2020-09-17,0.688
2020-09-18,0.686
2020-09-21,0.685
2020-09-22,0.682
2020-09-23,0.678
2020-09-24,0.673
2020-09-25,0.674
2020-09-28,0.671
2020-09-29,0.674
2020-10-05,0.692
2020-10-06,0.706
2020-10-07,0.702
2020-10-08,0.699
2020-10-12,0.702
2020-10-13,0.701
2020-10-14,0.696
2020-10-15,0.689
2020-10-16,0.694
2020-10-19,0.691
2020-10-20,0.698
2020-10-21,0.703
2020-10-22,0.699
2020-10-23,0.696
2020-10-26,0.694
2020-10-27,0.7
2020-10-28,0.698
2020-10-29,0.702
2020-10-30,0.703
2020-11-02,0.721
2020-11-03,0.722
2020-11-04,0.715
2020-11-05,0.705
2020-11-06,0.711
2020-11-09,0.713
2020-11-10,0.721
2020-11-11,0.725
2020-11-12,0.714
2020-11-13,0.71
2020-11-16,0.711
2020-11-17,0.71
2020-11-18,0.705
2020-11-19,0.708
2020-11-20,0.709
2020-11-23,0.703
2020-11-24,0.71
2020-11-25,0.72
2020-11-26,0.728
2020-11-27,0.722
2020-11-30,0.727
2020-12-01,0.724
2020-12-02,0.725
2020-12-03,0.722
2020-12-04,0.72
2020-12-07,0.715
2020-12-08,0.715
2020-12-09,0.718
2020-12-10,0.718
2020-12-11,0.721
2020-12-14,0.722
2020-12-15,0.723
2020-12-16,0.729
2020-12-17,0.738
2020-12-18,0.733
2020-12-21,0.729
2020-12-22,0.722
2020-12-23,0.716
2020-12-24,0.732
2020-12-28,0.736
2020-12-29,0.744
2020-12-30,0.747
2020-12-31,0.747
2021-01-04,0.727
2021-01-05,0.694
2021-01-06,0.696
2021-01-07,0.692
2021-01-08,0.69
2021-01-11,0.683
2021-01-12,0.683
2021-01-13,0.682
2021-01-14,0.683
2021-01-15,0.679
2021-01-18,0.677
2021-01-19,0.677
2021-01-20,0.678
2021-01-21,0.678
2021-01-22,0.686
2021-01-25,0.696
2021-01-26,0.697
2021-01-27,0.701
2021-01-28,0.699
2021-01-29,0.695
2021-02-01,0.7
2021-02-02,0.69
2021-02-03,0.689
2021-02-04,0.689
2021-02-05,0.685
2021-02-08,0.687
2021-02-09,0.679
2021-02-10,0.684
2021-02-15,0.686
2021-02-16,0.682
2021-02-17,0.683
2021-02-18,0.681
2021-02-19,0.681
2021-02-22,0.684
2021-02-23,0.681
2021-02-24,0.673
2021-02-25,0.672
2021-02-26,0.679
2021-03-02,0.677
2021-03-03,0.676
2021-03-04,0.677
2021-03-05,0.677
2021-03-08,0.698
2021-03-09,0.709
2021-03-10,0.704
2021-03-11,0.7
2021-03-12,0.709
2021-03-15,0.712
2021-03-16,0.698
2021-03-17,0.689
2021-03-18,0.672
2021-03-19,0.673
2021-03-22,0.664
2021-03-23,0.662
2021-03-24,0.659
2021-03-25,0.659
2021-03-26,0.664
2021-03-29,0.664
2021-03-30,0.669
2021-03-31,0.667
2021-04-01,0.669
2021-04-02,0.667
2021-04-05,0.673
2021-04-06,0.664
2021-04-07,0.663
2021-04-08,0.661
2021-04-09,0.663
2021-04-12,0.659
2021-04-13,0.66
2021-04-14,0.654
2021-04-15,0.666
2021-04-16,0.665
2021-04-19,0.661
2021-04-20,0.661
2021-04-21,0.656
2021-04-22,0.654
2021-04-23,0.659
2021-04-26,0.652
2021-04-27,0.652
2021-04-28,0.653
2021-04-29,0.652
2021-04-30,0.655
2021-05-03,0.663
2021-05-04,0.661
2021-05-06,0.651
2021-05-07,0.653
2021-05-10,0.646
2021-05-11,0.635
2021-05-12,0.631
2021-05-13,0.631
2021-05-14,0.629
2021-05-17,0.617
2021-05-18,0.618
2021-05-20,0.616
2021-05-21,0.609
2021-05-24,0.619
2021-05-25,0.622
2021-05-26,0.635
2021-05-27,0.639
2021-05-28,0.66
2021-05-31,0.7
2021-06-01,0.72
2021-06-02,0.753
2021-06-03,0.759
2021-06-04,0.765
2021-06-07,0.774
2021-06-08,0.778
2021-06-09,0.777
2021-06-10,0.813
2021-06-11,0.827
2021-06-14,0.857
2021-06-15,0.883
2021-06-16,0.894
2021-06-17,0.902
2021-06-18,0.902
2021-06-21,0.907
2021-06-22,0.9
2021-06-23,0.903
2021-06-24,0.92
2021-06-25,0.945
2021-06-28,0.973
2021-06-29,0.991
2021-06-30,0.994
2021-07-01,1.005
2021-07-02,1.007
2021-07-05,0.993
2021-07-06,0.988
2021-07-07,0.947
2021-07-08,0.902
2021-07-09,0.894
2021-07-12,0.886
2021-07-13,0.894
2021-07-14,0.882
2021-07-15,0.941
2021-07-16,0.948
2021-07-19,0.954
2021-07-20,0.93
2021-07-21,0.921
2021-07-22,0.923
2021-07-23,0.922
2021-07-26,0.915
2021-07-27,0.916
2021-07-28,0.938
2021-07-29,0.945
2021-07-30,0.941
2021-08-02,0.954
2021-08-03,0.964
2021-08-04,0.962
2021-08-05,0.969
2021-08-06,0.989
2021-08-09,0.996
2021-08-10,1
2021-08-11,1.001
2021-08-12,1.005
2021-08-13,1.008
2021-08-17,1.002
2021-08-18,0.993
2021-08-19,0.981
2021-08-20,0.988
2021-08-23,1.007
2021-08-24,1.033
2021-08-25,1.041
2021-08-26,1.05
2021-08-27,1.063
2021-08-30,1.056
2021-08-31,1.049
2021-09-01,1.048
2021-09-02,1.041
2021-09-03,1.03
2021-09-06,1.029
2021-09-07,1.028
2021-09-08,1.033
2021-09-09,1.046
2021-09-10,1.066
2021-09-13,1.087
2021-09-14,1.096
2021-09-15,1.076
2021-09-16,1.082
2021-09-17,1.086
2021-09-23,1.089
2021-09-24,1.085
2021-09-27,1.081
2021-09-28,1.098
2021-09-29,1.102
2021-09-30,1.102
2021-10-01,1.115
2021-10-05,1.116
2021-10-06,1.164
2021-10-07,1.164
2021-10-08,1.161
2021-10-12,1.185
2021-10-13,1.182
2021-10-14,1.174
2021-10-15,1.172
2021-10-18,1.202
2021-10-19,1.194
2021-10-20,1.189
2021-10-21,1.178
2021-10-22,1.197
2021-10-25,1.202
2021-10-26,1.231
2021-10-27,1.305
2021-10-28,1.33
2021-10-29,1.409
2021-11-01,1.444
2021-11-02,1.424
2021-11-03,1.421
2021-11-04,1.419
2021-11-05,1.396
2021-11-08,1.357
2021-11-09,1.33
2021-11-10,1.322
2021-11-11,1.309
2021-11-12,1.309
2021-11-15,1.28
2021-11-16,1.286
2021-11-17,1.28
2021-11-18,1.269
2021-11-19,1.277
2021-11-22,1.311
2021-11-23,1.334
2021-11-24,1.343
2021-11-25,1.331
2021-11-26,1.333
2021-11-29,1.347
2021-11-30,1.344
2021-12-01,1.367
2021-12-02,1.373
2021-12-03,1.391
2021-12-06,1.378
2021-12-07,1.371
2021-12-08,1.356
2021-12-09,1.347
2021-12-10,1.346
2021-12-13,1.325
2021-12-14,1.308
2021-12-15,1.303
2021-12-16,1.278
2021-12-17,1.27
2021-12-20,1.263
2021-12-21,1.263
2021-12-22,1.279
2021-12-23,1.296
2021-12-24,1.293
2021-12-27,1.284
2021-12-28,1.297
2021-12-29,1.29
2021-12-30,1.301
2021-12-31,1.304
2022-01-03,1.319
2022-01-04,1.322
2022-01-05,1.306
2022-01-06,1.338
2022-01-07,1.347
2022-01-10,1.356
2022-01-11,1.369
2022-01-12,1.361
2022-01-13,1.38
2022-01-14,1.419
2022-01-17,1.476
2022-01-18,1.472
2022-01-19,1.46
2022-01-20,1.485
2022-01-21,1.481
2022-01-24,1.481
2022-01-25,1.499
2022-01-26,1.522
2022-01-27,1.551
2022-01-28,1.537
2022-02-03,1.529
2022-02-04,1.548
2022-02-07,1.537
2022-02-08,1.535
2022-02-09,1.541
2022-02-10,1.544
2022-02-11,1.584
2022-02-14,1.571
2022-02-15,1.563
2022-02-16,1.558
2022-02-17,1.547
2022-02-18,1.558
2022-02-21,1.56
2022-02-22,1.542
2022-02-23,1.546
2022-02-24,1.515
2022-02-25,1.536
2022-02-28,1.535
2022-03-02,1.51
2022-03-03,1.516
2022-03-04,1.502
2022-03-07,1.535
2022-03-08,1.519
2022-03-10,1.55
2022-03-11,1.557
2022-03-14,1.554
2022-03-15,1.551
2022-03-16,1.543
2022-03-17,1.522
2022-03-18,1.524
2022-03-21,1.525
2022-03-22,1.555
2022-03-23,1.563
2022-03-24,1.586
2022-03-25,1.615
2022-03-28,1.729
2022-03-29,1.753
2022-03-30,1.753
2022-03-31,1.788
2022-04-01,1.824
2022-04-04,1.852
2022-04-05,1.86
2022-04-06,1.911
2022-04-07,1.922
2022-04-08,1.979
2022-04-11,2.058
2022-04-12,2.069
2022-04-13,2.058
2022-04-14,1.987
2022-04-15,1.979
2022-04-18,1.977
2022-04-19,1.951
2022-04-20,1.926
2022-04-21,1.901
2022-04-22,1.915
2022-04-25,1.888
2022-04-26,1.875
2022-04-27,1.874
2022-04-28,1.845
2022-04-29,1.895
2022-05-02,1.931
2022-05-03,1.94
2022-05-04,1.971
2022-05-06,1.971
2022-05-09,1.937
2022-05-10,1.879
2022-05-11,1.859
2022-05-12,1.874
2022-05-13,1.884
2022-05-16,1.943
2022-05-17,1.955
2022-05-18,1.976
2022-05-19,1.978
2022-05-20,1.968
2022-05-23,1.989
2022-05-24,1.965
2022-05-25,1.952
2022-05-26,2.005
2022-05-27,2.013
2022-05-30,2.022
2022-05-31,2.062
2022-06-02,2.101
2022-06-03,2.142
2022-06-07,2.229
2022-06-08,2.29
2022-06-09,2.279
2022-06-10,2.329
2022-06-13,2.445
2022-06-14,2.487
2022-06-15,2.588
2022-06-16,2.668
2022-06-17,2.671
2022-06-20,2.633
2022-06-21,2.607
2022-06-22,2.573
2022-06-23,2.579
2022-06-24,2.596
2022-06-27,2.669
2022-06-28,2.69
2022-06-29,2.734
2022-06-30,2.843
2022-07-01,2.832
2022-07-04,2.872
2022-07-05,2.869
2022-07-06,2.832
2022-07-07,2.852
2022-07-08,2.902
2022-07-11,2.919
2022-07-12,2.904
2022-07-13,2.904
2022-07-14,3.025
2022-07-15,2.994
2022-07-18,3.05
2022-07-19,3.013
2022-07-20,3.038
2022-07-21,3.025
2022-07-22,2.993
2022-07-25,2.988
2022-07-26,2.997
2022-07-27,3.013
2022-07-28,3.038
2022-07-29,3.006
2022-08-01,3.003
2022-08-02,2.974
2022-08-03,2.976
2022-08-04,2.94
2022-08-05,2.894
2022-08-08,2.923
2022-08-09,2.916
2022-08-10,2.929
2022-08-11,2.901
2022-08-12,2.92
2022-08-16,2.868
2022-08-17,2.888
2022-08-18,2.904
2022-08-19,2.931
2022-08-22,2.951
2022-08-23,2.984
2022-08-24,3.038
2022-08-25,3.206
2022-08-26,3.211
2022-08-29,3.265
2022-08-30,3.244
2022-08-31,3.281
2022-09-01,3.315
2022-09-02,3.264
2022-09-05,3.222
2022-09-06,3.25
2022-09-07,3.244
2022-09-08,3.169
2022-09-13,3.176
2022-09-14,3.227
2022-09-15,3.258
2022-09-16,3.28
2022-09-19,3.279
2022-09-20,3.288
2022-09-21,3.325
2022-09-22,3.441
2022-09-23,3.54
2022-09-26,3.78
2022-09-27,3.729
2022-09-28,3.759
2022-09-29,3.74
2022-09-30,3.65
2022-10-04,3.539
2022-10-05,3.559
2022-10-06,3.554
2022-10-07,3.497
2022-10-11,3.495
2022-10-12,3.415
2022-10-13,3.493
2022-10-14,3.495
2022-10-17,3.533
2022-10-18,3.55
2022-10-19,3.62
2022-10-20,3.64
2022-10-21,3.728
2022-10-24,3.687
2022-10-25,3.666
2022-10-26,3.668
2022-10-27,3.707
2022-10-28,3.677
2022-10-31,3.743
2022-11-01,3.707
2022-11-02,3.777
2022-11-03,3.856
2022-11-04,3.845
2022-11-07,3.875
2022-11-08,3.872
2022-11-09,3.851
2022-11-10,3.869
2022-11-11,3.758
2022-11-14,3.821
2022-11-15,3.793
2022-11-16,3.82
2022-11-17,3.831
2022-11-18,3.835
2022-11-21,3.827
2022-11-22,3.849
2022-11-23,3.855
2022-11-24,3.777
2022-11-25,3.736
2022-11-28,3.754
2022-11-29,3.788
2022-11-30,3.775
2022-12-01,3.742
2022-12-02,3.706
2022-12-05,3.656
2022-12-06,3.652
2022-12-07,3.658
2022-12-08,3.683
2022-12-09,3.689
2022-12-12,3.687
2022-12-13,3.703
2022-12-14,3.667
2022-12-15,3.702
2022-12-16,3.713
2022-12-19,3.722
2022-12-20,3.796
2022-12-21,3.765
2022-12-22,3.746
2022-12-23,3.776
2022-12-26,3.793
2022-12-27,3.782
2022-12-28,3.787
2022-12-29,3.805
2022-12-30,3.796
2023-01-02,3.784
2023-01-03,3.678
2023-01-04,3.63
2023-01-05,3.622
2023-01-06,3.597
2023-01-09,3.552
2023-01-10,3.581
2023-01-11,3.566
2023-01-12,3.573
2023-01-13,3.522
2023-01-16,3.572
2023-01-17,3.581
2023-01-18,3.52
2023-01-19,3.473
2023-01-20,3.483
2023-01-25,3.472
2023-01-26,3.472
2023-01-27,3.483
2023-01-30,3.469
2023-01-31,3.485
2023-02-01,3.449
2023-02-02,3.422
2023-02-03,3.391
2023-02-06,3.462
2023-02-07,3.459
2023-02-08,3.456
2023-02-09,3.472
2023-02-10,3.466
2023-02-13,3.502
2023-02-14,3.5
2023-02-15,3.546
2023-02-16,3.546
2023-02-17,3.612
2023-02-20,3.629
2023-02-21,3.614
2023-02-22,3.635
2023-02-23,3.618
2023-02-24,3.607
2023-02-27,3.662
2023-02-28,3.727
2023-03-02,3.768
2023-03-03,3.721
2023-03-06,3.717
2023-03-07,3.688
2023-03-08,3.744
2023-03-09,3.759
2023-03-10,3.674
2023-03-13,3.54
2023-03-14,3.481
2023-03-15,3.492
2023-03-16,3.424
2023-03-17,3.429
2023-03-20,3.355
2023-03-21,3.332
2023-03-22,3.328
2023-03-23,3.318
2023-03-24,3.305
2023-03-27,3.317
2023-03-28,3.32
2023-03-29,3.311
2023-03-30,3.293
2023-03-31,3.295
2023-04-03,3.322
2023-04-04,3.283
2023-04-05,3.278
2023-04-06,3.249
2023-04-07,3.254
2023-04-10,3.222
2023-04-11,3.247
2023-04-12,3.254
2023-04-13,3.237
2023-04-14,3.242
2023-04-17,3.266
2023-04-18,3.254
2023-04-19,3.268
2023-04-20,3.26
2023-04-21,3.243
2023-04-24,3.243
2023-04-25,3.257
2023-04-26,3.243
2023-04-27,3.267
2023-04-28,3.293
2023-05-02,3.319
2023-05-03,3.306
2023-05-04,3.282
2023-05-08,3.305
2023-05-09,3.293
2023-05-10,3.298
2023-05-11,3.288
2023-05-12,3.298
2023-05-15,3.36
2023-05-16,3.369
2023-05-17,3.409
2023-05-18,3.429
2023-05-19,3.461
2023-05-22,3.456
2023-05-23,3.486
2023-05-24,3.476
2023-05-25,3.53
2023-05-26,3.569
2023-05-30,3.596
2023-05-31,3.551
2023-06-01,3.556
2023-06-02,3.53
2023-06-05,3.552
2023-06-07,3.525
2023-06-08,3.545
2023-06-09,3.516
2023-06-12,3.513
2023-06-13,3.496
2023-06-14,3.526
2023-06-15,3.555
2023-06-16,3.535
2023-06-19,3.544
2023-06-20,3.531
2023-06-21,3.532
2023-06-22,3.555
2023-06-23,3.57
2023-06-26,3.539
2023-06-27,3.539
2023-06-28,3.545
2023-06-29,3.561
2023-06-30,3.604
2023-07-03,3.576
2023-07-04,3.583
2023-07-05,3.586
2023-07-06,3.616
2023-07-07,3.641
2023-07-10,3.684
2023-07-11,3.639
2023-07-12,3.642
2023-07-13,3.584
2023-07-14,3.6
2023-07-17,3.597
2023-07-18,3.586
2023-07-19,3.572
2023-07-20,3.599
2023-07-21,3.592
2023-07-24,3.59
2023-07-25,3.598
2023-07-26,3.586
2023-07-27,3.562
2023-07-28,3.594
2023-07-31,3.608
2023-08-01,3.586
2023-08-02,3.599
2023-08-03,3.605
2023-08-04,3.609
2023-08-07,3.58
2023-08-08,3.565
2023-08-09,3.581
2023-08-10,3.589
2023-08-11,3.597
2023-08-14,3.614
2023-08-16,3.59
2023-08-17,3.603
2023-08-18,3.576
2023-08-21,3.609
2023-08-22,3.612
2023-08-23,3.596
2023-08-24,3.593
2023-08-25,3.607
2023-08-28,3.596
2023-08-29,3.587
2023-08-30,3.589
2023-08-31,3.582
2023-09-01,3.579
2023-09-04,3.615
2023-09-05,3.629
2023-09-06,3.613
2023-09-07,3.647
2023-09-08,3.619
2023-09-11,3.66
2023-09-12,3.648
2023-09-13,3.649
2023-09-14,3.644
2023-09-15,3.658
2023-09-18,3.679
2023-09-19,3.668
2023-09-20,3.668
2023-09-21,3.687
2023-09-22,3.667
2023-09-25,3.677
2023-09-26,3.687
2023-09-27,3.684
2023-10-04,3.772
2023-10-05,3.773
2023-10-06,3.754
2023-10-10,3.752
2023-10-11,3.742
2023-10-12,3.722
2023-10-13,3.731
2023-10-16,3.729
2023-10-17,3.727
2023-10-18,3.738
2023-10-19,3.748
2023-10-20,3.731
2023-10-23,3.744
2023-10-24,3.728
2023-10-25,3.743
2023-10-26,3.762
2023-10-27,3.748
2023-10-30,3.755
2023-10-31,3.756
2023-11-01,3.751
2023-11-02,3.708
2023-11-03,3.715
2023-11-06,3.701
2023-11-07,3.71
2023-11-08,3.7
2023-11-09,3.697
2023-11-10,3.707
2023-11-13,3.718
2023-11-14,3.714
2023-11-15,3.671
2023-11-16,3.672
2023-11-17,3.661
2023-11-20,3.659
2023-11-21,3.663
2023-11-22,3.673
2023-11-23,3.665
2023-11-24,3.688
2023-11-27,3.696
2023-11-28,3.671
2023-11-29,3.628
2023-11-30,3.638
2023-12-01,3.628
2023-12-04,3.59
2023-12-05,3.566
2023-12-06,3.554
2023-12-07,3.571
2023-12-08,3.559
2023-12-11,3.583
2023-12-12,3.57
2023-12-13,3.582
2023-12-14,3.463
2023-12-15,3.458
2023-12-18,3.444
2023-12-19,3.444
2023-12-20,3.417
2023-12-21,3.428
2023-12-22,3.431
2023-12-26,3.433
2023-12-27,3.436
2023-12-28,3.41
2023-12-29,3.41
2024-01-02,3.435
2024-01-03,3.432
2024-01-04,3.379
2024-01-05,3.389
2024-01-08,3.372
2024-01-09,3.334
2024-01-10,3.34
2024-01-11,3.312
2024-01-12,3.298
2024-01-15,3.284
2024-01-16,3.3
2024-01-17,3.304
2024-01-18,3.3
2024-01-19,3.306
2024-01-22,3.285
2024-01-23,3.29
2024-01-24,3.297
2024-01-25,3.306
2024-01-26,3.288
2024-01-29,3.32
2024-01-30,3.302
2024-01-31,3.31
2024-02-01,3.314
2024-02-02,3.308
2024-02-05,3.359
2024-02-06,3.346
2024-02-07,3.345
2024-02-08,3.353
2024-02-13,3.377
2024-02-14,3.419
2024-02-15,3.396
2024-02-16,3.397
2024-02-19,3.397
2024-02-20,3.407
2024-02-21,3.406
2024-02-22,3.37
2024-02-23,3.402
2024-02-26,3.384
2024-02-27,3.394
2024-02-28,3.401
2024-02-29,3.418
2024-03-04,3.406
2024-03-05,3.41
2024-03-06,3.396
2024-03-07,3.397
2024-03-08,3.37
2024-03-11,3.37
2024-03-12,3.379
2024-03-13,3.374
2024-03-14,3.38
2024-03-15,3.384
2024-03-18,3.38
2024-03-19,3.372
2024-03-20,3.351
2024-03-21,3.314
2024-03-22,3.316
2024-03-25,3.319
2024-03-26,3.337
2024-03-27,3.336
2024-03-28,3.346
2024-03-29,3.356
2024-04-01,3.338
2024-04-02,3.342
2024-04-03,3.336
2024-04-04,3.335
2024-04-05,3.326
2024-04-08,3.356
2024-04-09,3.362
2024-04-11,3.396
2024-04-12,3.369
2024-04-15,3.385
2024-04-16,3.399
2024-04-17,3.394
2024-04-18,3.374
2024-04-19,3.403
2024-04-22,3.433
2024-04-23,3.422
2024-04-24,3.432
2024-04-25,3.446
2024-04-26,3.438
2024-04-29,3.45
2024-04-30,3.442
2024-05-02,3.438
2024-05-03,3.437
2024-05-07,3.413
2024-05-08,3.398
2024-05-09,3.417
2024-05-10,3.396
2024-05-13,3.397
2024-05-14,3.388
2024-05-16,3.346
2024-05-17,3.354
2024-05-20,3.369
2024-05-21,3.371
2024-05-22,3.372
2024-05-23,3.364
2024-05-24,3.378
2024-05-27,3.374
2024-05-28,3.364
2024-05-29,3.38
2024-05-30,3.391
2024-05-31,3.393
2024-06-03,3.383
2024-06-04,3.371
2024-06-05,3.361
2024-06-07,3.353
2024-06-10,3.388
2024-06-11,3.376
2024-06-12,3.365
2024-06-13,3.358
2024-06-14,3.348
2024-06-17,3.327
2024-06-18,3.334
2024-06-19,3.315
2024-06-20,3.332
2024-06-21,3.331
2024-06-24,3.346
2024-06-25,3.347
2024-06-26,3.354
2024-06-27,3.357
2024-06-28,3.337
2024-07-01,3.345
2024-07-02,3.294
2024-07-03,3.278
2024-07-04,3.231
2024-07-05,3.194
2024-07-08,3.19
2024-07-09,3.179
2024-07-10,3.181
2024-07-11,3.207
2024-07-12,3.196
2024-07-15,3.196
2024-07-16,3.184
2024-07-17,3.191
2024-07-18,3.202
2024-07-19,3.224
2024-07-22,3.229
2024-07-23,3.234
2024-07-24,3.22
2024-07-25,3.196
2024-07-26,3.187
2024-07-29,3.152
2024-07-30,3.16
2024-07-31,3.156
2024-08-01,3.128
2024-08-02,3.1
2024-08-05,3.04
2024-08-06,3.083
2024-08-07,3.071
2024-08-08,3.061
2024-08-09,3.061
2024-08-12,3.051
2024-08-13,3.039
2024-08-14,3.019
2024-08-16,3.041
2024-08-19,3.032
2024-08-20,3.035
2024-08-21,3.022
2024-08-22,3.006
2024-08-23,3.023
2024-08-26,3.02
2024-08-27,3.05
2024-08-28,3.038
2024-08-29,3.048
2024-08-30,3.043
2024-09-02,3.043
2024-09-03,3.031
2024-09-04,2.998
2024-09-05,2.983
2024-09-06,2.979
2024-09-09,2.974
2024-09-10,2.959
2024-09-11,2.915
2024-09-12,2.912
2024-09-13,2.884
2024-09-19,2.887
2024-09-20,2.879
2024-09-23,2.879
2024-09-24,2.868
2024-09-25,2.85
2024-09-26,2.842
2024-09-27,2.855
2024-09-30,2.844
2024-10-02,2.835
2024-10-04,2.854
2024-10-07,2.89
2024-10-08,2.878
2024-10-10,2.883
2024-10-11,2.872
2024-10-14,2.861
2024-10-15,2.851
2024-10-16,2.845
2024-10-17,2.857
2024-10-18,2.874
2024-10-21,2.875
2024-10-22,2.877
2024-10-23,2.877
2024-10-24,2.84
2024-10-25,2.834
2024-10-28,2.859
2024-10-29,2.85
2024-10-30,2.848
2024-10-31,2.849
2024-11-01,2.844
2024-11-04,2.843
2024-11-05,2.838
2024-11-06,2.856
2024-11-07,2.844
2024-11-08,2.829
2024-11-11,2.836
2024-11-12,2.831
2024-11-13,2.845
2024-11-14,2.84
2024-11-15,2.859
2024-11-18,2.851
2024-11-19,2.842
2024-11-20,2.836
2024-11-21,2.817
2024-11-22,2.812
2024-11-25,2.801
2024-11-26,2.803
2024-11-27,2.8
2024-11-28,2.756
2024-11-29,2.711
2024-12-02,2.687
2024-12-03,2.684
2024-12-04,2.707
2024-12-05,2.698
2024-12-06,2.709
2024-12-09,2.682
2024-12-10,2.691
2024-12-11,2.695
2024-12-12,2.698
2024-12-13,2.692
2024-12-16,2.693
2024-12-17,2.712
2024-12-18,2.676
2024-12-19,2.699
2024-12-20,2.705
2024-12-23,2.697
2024-12-24,2.709
2024-12-26,2.717
2024-12-27,2.707
2024-12-30,2.701
2024-12-31,2.701
2025-01-02,2.657
2025-01-03,2.646
2025-01-06,2.654
2025-01-07,2.638
2025-01-08,2.631
2025-01-09,2.621
2025-01-10,2.637
2025-01-13,2.664
2025-01-14,2.648
2025-01-15,2.648
2025-01-16,2.619
2025-01-17,2.606
2025-01-20,2.621
2025-01-21,2.612
2025-01-22,2.625
2025-01-23,2.638
2025-01-24,2.639
2025-01-31,2.645
2025-02-03,2.655
2025-02-04,2.657
2025-02-05,2.652
2025-02-06,2.644
2025-02-07,2.659
2025-02-10,2.647
2025-02-11,2.639
2025-02-12,2.632
2025-02-13,2.623
2025-02-14,2.607
2025-02-17,2.605
2025-02-18,2.602
2025-02-19,2.601
2025-02-20,2.603
2025-02-21,2.598
2025-02-24,2.6
2025-02-25,2.6
2025-02-26,2.604
2025-02-27,2.618
2025-02-28,2.615
2025-03-04,2.616
2025-03-05,2.634
2025-03-06,2.651
2025-03-07,2.625
2025-03-10,2.629
2025-03-11,2.614
2025-03-12,2.613
2025-03-13,2.622
2025-03-14,2.632
2025-03-17,2.633
2025-03-18,2.63
2025-03-19,2.628
2025-03-20,2.615
2025-03-21,2.616
2025-03-24,2.624
2025-03-25,2.635
2025-03-26,2.639
2025-03-27,2.641
2025-03-28,2.644
2025-03-31,2.623
2025-04-01,2.631
2025-04-02,2.621
2025-04-03,2.555
2025-04-04,2.489
2025-04-07,2.447
2025-04-08,2.469
2025-04-09,2.46
2025-04-10,2.459
2025-04-11,2.442
2025-04-14,2.448
2025-04-15,2.442
2025-04-16,2.424
2025-04-17,2.432
2025-04-18,2.422
2025-04-21,2.413
2025-04-22,2.414
2025-04-23,2.413
2025-04-24,2.412
2025-04-25,2.394
2025-04-28,2.396
2025-04-29,2.392
2025-04-30,2.372
2025-05-02,2.376
2025-05-07,2.357
2025-05-08,2.361
2025-05-09,2.369
2025-05-12,2.368
2025-05-13,2.382
2025-05-14,2.348
2025-05-15,2.342
2025-05-16,2.316
2025-05-19,2.323
2025-05-20,2.302
2025-05-21,2.305
2025-05-22,2.293
2025-05-23,2.291
2025-05-26,2.286
2025-05-27,2.276
2025-05-28,2.266
2025-05-29,2.271
2025-05-30,2.274
2025-06-02,2.27
2025-06-04,2.298
2025-06-05,2.287
2025-06-09,2.278
2025-06-10,2.279
2025-06-11,2.285
2025-06-12,2.287
2025-06-13,2.3
2025-06-16,2.308
2025-06-17,2.293
2025-06-18,2.304
2025-06-19,2.307
2025-06-20,2.304
2025-06-23,2.322
2025-06-24,2.305
2025-06-25,2.305
2025-06-26,2.298
2025-06-27,2.3
2025-06-30,2.298
2025-07-01,2.296
2025-07-02,2.307
2025-07-03,2.294
2025-07-04,2.305
2025-07-07,2.307
2025-07-08,2.304
2025-07-09,2.296
2025-07-10,2.277
2025-07-11,2.286
2025-07-14,2.297
2025-07-15,2.294
2025-07-16,2.303
2025-07-17,2.314
2025-07-18,2.31
2025-07-21,2.303
2025-07-22,2.302
2025-07-23,2.3
2025-07-24,2.302
2025-07-25,2.302
2025-07-28,2.29
2025-07-29,2.279
2025-07-30,2.273
2025-07-31,2.276
2025-08-01,2.287
2025-08-04,2.249
2025-08-05,2.249
2025-08-06,2.25
2025-08-07,2.245
2025-08-08,2.246
2025-08-11,2.249
2025-08-12,2.25
2025-08-13,2.242
2025-08-14,2.236
2025-08-18,2.245
2025-08-19,2.246
2025-08-20,2.242
2025-08-21,2.241
2025-08-22,2.246
2025-08-25,2.238
2025-08-26,2.23
2025-08-27,2.224
2025-08-28,2.231
2025-08-29,2.237
2025-09-01,2.243
2025-09-02,2.249
2025-09-03,2.261
2025-09-04,2.261
2025-09-05,2.261
2025-09-08,2.261
2025-09-09,2.258
2025-09-10,2.257
2025-09-11,2.251
2025-09-12,2.257
2025-09-15,2.259
2025-09-16,2.25
2025-09-17,2.251
2025-09-18,2.249
2025-09-19,2.263
2025-09-22,2.27
2025-09-23,2.272
2025-09-24,2.283
2025-09-25,2.298
2025-09-26,2.318
2025-09-29,2.322
2025-09-30,2.316
2025-10-01,2.319
2025-10-02,2.309
2025-10-10,2.311
2025-10-13,2.295
2025-10-14,2.284
2025-10-15,2.285
2025-10-16,2.299
2025-10-17,2.29
2025-10-20,2.307
2025-10-21,2.32
2025-10-22,2.311
2025-10-23,2.326
2025-10-24,2.319
2025-10-27,2.334
2025-10-28,2.345
2025-10-29,2.368
2025-10-30,2.406
2025-10-31,2.401
2025-11-03,2.419
2025-11-04,2.42
2025-11-05,2.438
2025-11-06,2.471
2025-11-07,2.511
2025-11-10,2.504
2025-11-11,2.486
2025-11-12,2.545
2025-11-13,2.546
2025-11-14,2.558
2025-11-17,2.545
2025-11-18,2.525
2025-11-19,2.518
2025-11-20,2.521
2025-11-21,2.501
2025-11-24,2.51
2025-11-25,2.511
2025-11-26,2.508
2025-11-27,2.58
2025-11-28,2.573
2025-12-01,2.593
2025-12-02,2.582
2025-12-03,2.589
2025-12-04,2.577
2025-12-05,2.564
2025-12-08,2.581
2025-12-09,2.603
2025-12-10,2.608
2025-12-11,2.609
2025-12-12,2.598
2025-12-15,2.548
2025-12-16,2.55
2025-12-17,2.549
2025-12-18,2.523
2025-12-19,2.535
2025-12-22,2.526
2025-12-23,2.518
2025-12-24,2.51
2025-12-26,2.519
2025-12-29,2.508
2025-12-30,2.511
2025-12-31,2.511
2026-01-02,2.507
2026-01-05,2.518
2026-01-06,2.519
2026-01-07,2.501
2026-01-08,2.506
2026-01-09,2.521
2026-01-12,2.525
2026-01-13,2.528
2026-01-14,2.524
2026-01-15,2.565
2026-01-16,2.563
2026-01-19,2.58
2026-01-20,2.596
2026-01-21,2.581
2026-01-22,2.574
2026-01-23,2.592
2026-01-26,2.586
2026-01-27,2.589
2026-01-28,2.594
2026-01-29,2.61
2026-01-30,2.63
2026-02-02,2.643
2026-02-03,2.667
2026-02-04,2.68
2026-02-05,2.674
2026-02-06,2.685
2026-02-09,2.686
2026-02-10,2.671
2026-02-11,2.68
2026-02-12,2.669
2026-02-13,2.655
2026-02-19,2.66
2026-02-20,2.647
2026-02-23,2.652
2026-02-24,2.653
2026-02-25,2.646
2026-02-26,2.624
2026-02-27,2.617
2026-03-03,2.681
2026-03-04,2.693
2026-03-05,2.681
2026-03-06,2.694
2026-03-09,2.755
2026-03-10,2.713
2026-03-11,2.707
2026-03-12,2.713
2026-03-13,2.737
2026-03-16,2.72
2026-03-17,2.721
2026-03-18,2.7
2026-03-19,2.729
2026-03-20,2.761
2026-03-23,2.837
2026-03-24,2.819
2026-03-25,2.83
2026-03-26,2.83
2026-03-27,2.852
2026-03-30,2.844
2026-03-31,2.846
2026-04-01,2.769
2026-04-02,2.896
2026-04-03,2.899
2026-04-06,2.911
2026-04-07,2.925
2026-04-08,2.875
2026-04-09,2.873
2026-04-10,2.873
2026-04-13,2.881
2026-04-14,2.86
2026-04-15,2.854
2026-04-16,2.853
2026-04-17,2.864
2026-04-20,2.854
2026-04-21,2.844
2026-04-22,2.853
2026-04-23,2.879
2026-04-24,2.886
2026-04-27,2.873
2026-04-28,2.871
2026-04-29,2.861
2026-04-30,2.879
2026-05-04,2.89
2026-05-06,2.881
2026-05-07,2.849
2026-05-08,2.856
2026-05-11,2.865
2026-05-12,2.891
2026-05-13,2.886
2026-05-14,2.885
2026-05-15,2.92
2026-05-18,2.905
2026-05-19,2.896
2026-05-20,2.893
2026-05-21,2.884
2026-05-22,2.88
2026-05-26,2.871
2026-05-27,2.92
2026-05-28,2.956
2026-05-29,2.95
2026-06-01,2.989
2026-06-02,2.991
2026-06-04,3.037
2026-06-05,3.048
2026-06-08,3.087
2026-06-09,3.07
2026-06-10,3.069
2026-06-11,3.074
2026-06-12,3.04
2026-06-15,3.018
2026-06-16,3.004
2026-06-17,2.992
2026-06-18,3.005
2026-06-19,3.024
2026-06-22,3.031
2026-06-23,3.025
2026-06-24,3.031
2026-06-25,3.022
2026-06-26,3.012
2026-06-29,3.023
2026-06-30,3.022
2026-07-01,3.094
2026-07-02,3.272
2026-07-03,3.279
2026-07-06,3.287
2026-07-07,3.295
2026-07-08,3.293
2026-07-09,3.292
2026-07-10,3.287
2026-07-13,3.298
2026-07-14,3.331
2026-07-15,3.324
2026-07-16,3.305
2026-07-20,3.317
2026-07-21,3.301
2026-07-22,3.316
2026-07-23,3.319
2026-07-24,3.33
2026-07-27,3.307
2026-07-28,3.291
2026-07-29,3.275
2026-07-30,3.28
2026-07-31,3.261
2026-08-03,3.251
2026-08-04,3.252
2026-08-05,3.23
2026-08-06,3.248
2026-08-07,3.245
2026-08-10,3.252
2026-08-11,3.263
2026-08-12,3.264
2026-08-13,3.257
2026-08-14,3.262
2026-08-18,3.265
2026-08-19,3.247
2026-08-20,3.259
2026-08-21,3.274
2026-08-24,3.266
2026-08-25,3.268
2026-08-26,3.276
2026-08-27,3.25
