date,value
1999-02-10,7.81
1999-02-11,7.78
1999-02-12,7.78
1999-02-18,7.8
1999-02-19,7.8
1999-02-22,7.8
1999-02-23,7.8
1999-02-24,7.8
1999-02-25,7.69
1999-02-26,7.5
1999-03-02,7.31
1999-03-03,7.38
1999-03-04,7.55
1999-03-05,7.71
1999-03-08,7.61
1999-03-09,7.57
1999-03-10,7.58
1999-03-11,7.65
1999-03-12,7.66
1999-03-15,7.66
1999-03-16,7.63
1999-03-17,7.55
1999-03-18,7.55
1999-03-19,7.55
1999-03-22,7.39
1999-03-23,7.34
1999-03-24,7.23
1999-03-25,7.2
1999-03-26,7.2
1999-03-29,7.17
1999-03-30,7.22
1999-03-31,7.2
1999-04-01,7.11
1999-04-02,7.03
1999-04-06,7
1999-04-07,6.92
1999-04-08,6.85
1999-04-09,6.93
1999-04-12,6.85
1999-04-13,6.86
1999-04-14,6.86
1999-04-15,6.81
1999-04-16,6.7
1999-04-19,6.62
1999-04-20,6.55
1999-04-21,6.65
1999-04-22,6.65
1999-04-23,6.61
1999-04-26,6.64
1999-04-27,6.65
1999-04-28,6.7
1999-04-29,6.95
1999-04-30,7.05
1999-05-03,7.24
1999-05-04,7.21
1999-05-06,7.3
1999-05-07,7.34
1999-05-10,7.47
1999-05-11,7.49
1999-05-12,7.57
1999-05-13,7.6
1999-05-14,7.61
1999-05-17,7.53
1999-05-18,7.55
1999-05-19,7.52
1999-05-20,7.42
1999-05-21,7.44
1999-05-24,7.4
1999-05-25,7.35
1999-05-26,7.35
1999-05-27,7.39
1999-05-28,7.45
1999-05-31,7.4
1999-06-01,7.41
1999-06-02,7.4
1999-06-03,7.37
1999-06-04,7.35
1999-06-07,7.3
1999-06-08,7.32
1999-06-09,7.38
1999-06-10,7.35
1999-06-11,7.36
1999-06-14,7.37
1999-06-15,7.37
1999-06-16,7.35
1999-06-17,7.32
1999-06-18,7.35
1999-06-21,7.4
1999-06-22,7.4
1999-06-23,7.4
1999-06-24,7.4
1999-06-25,7.4
1999-06-28,7.35
1999-06-29,7.33
1999-06-30,7.33
1999-07-01,7.3
1999-07-02,7.27
1999-07-05,7.23
1999-07-06,7.24
1999-07-07,7.24
1999-07-08,7.29
1999-07-09,7.34
1999-07-12,7.71
1999-07-13,7.75
1999-07-14,7.7
1999-07-15,7.9
1999-07-16,8.02
1999-07-19,8.31
1999-07-20,8.29
1999-07-21,8.46
1999-07-22,8.46
1999-07-23,8.89
1999-07-26,8.33
1999-07-27,8.2
1999-07-28,8.15
1999-07-29,8.12
1999-07-30,8.43
1999-08-02,8.53
1999-08-03,8.53
1999-08-04,8.49
1999-08-05,8.62
1999-08-06,8.68
1999-08-09,8.75
1999-08-10,8.88
1999-08-11,8.85
1999-08-12,8.66
1999-08-13,8.78
1999-08-16,8.82
1999-08-17,8.78
1999-08-18,8.8
1999-08-19,8.9
1999-08-20,9.14
1999-08-23,9.12
1999-08-24,8.93
1999-08-25,8.91
1999-08-26,8.91
1999-08-27,8.93
1999-08-30,8.97
1999-08-31,9.05
1999-09-01,9.08
1999-09-02,9.12
1999-09-03,9.2
1999-09-06,9.2
1999-09-07,9.23
1999-09-08,9.25
1999-09-09,9.25
1999-09-10,9.24
1999-09-13,9.22
1999-09-14,9.24
1999-09-15,9.3
1999-09-16,9.37
1999-09-17,9.64
1999-09-20,9.64
1999-09-21,9.41
1999-09-22,9.31
1999-09-27,8.9
1999-09-28,8.89
1999-09-29,8.97
1999-09-30,8.93
1999-10-01,8.91
1999-10-04,8.53
1999-10-05,8.44
1999-10-06,8.49
1999-10-07,8.32
1999-10-08,8.29
1999-10-11,8.28
1999-10-12,8.28
1999-10-13,8.32
1999-10-14,8.4
1999-10-15,8.4
1999-10-18,8.4
1999-10-19,8.36
1999-10-20,8.19
1999-10-21,8.14
1999-10-22,8.12
1999-10-25,8.19
1999-10-26,8.18
1999-10-27,8.32
1999-10-28,8.32
1999-10-29,8.38
1999-11-01,8.39
1999-11-02,8.45
1999-11-03,8.47
1999-11-04,8.53
1999-11-05,8.63
1999-11-08,8.65
1999-11-09,8.66
1999-11-10,8.65
1999-11-11,8.55
1999-11-12,8.55
1999-11-15,8.55
1999-11-16,8.59
1999-11-17,8.68
1999-11-18,8.81
1999-11-19,8.83
1999-11-22,8.83
1999-11-23,9.07
1999-11-24,9.07
1999-11-25,9.04
1999-11-26,9.01
1999-11-29,9.01
1999-11-30,9.02
1999-12-01,9.09
1999-12-02,9.12
1999-12-03,9.08
1999-12-06,9.07
1999-12-07,9.07
1999-12-08,9.08
1999-12-09,9.08
1999-12-10,9.14
1999-12-13,9.15
1999-12-14,9.17
1999-12-15,9.18
1999-12-16,9.22
1999-12-17,9.25
1999-12-20,9.28
1999-12-21,9.4
1999-12-22,9.4
1999-12-23,9.44
1999-12-24,9.43
1999-12-27,9.43
1999-12-28,9.43
1999-12-29,9.43
1999-12-30,9.43
2000-01-04,9.43
2000-01-05,9.51
2000-01-06,9.57
2000-01-07,9.57
2000-01-08,9.58
2000-01-10,9.59
2000-01-11,9.61
2000-01-12,9.63
2000-01-13,9.65
2000-01-14,9.62
2000-01-15,9.62
2000-01-17,9.61
2000-01-18,9.61
2000-01-19,9.58
2000-01-20,9.47
2000-01-21,9.45
2000-01-22,9.45
2000-01-24,9.43
2000-01-25,9.37
2000-01-26,9.4
2000-01-27,9.35
2000-01-28,9.11
2000-01-29,9.11
2000-01-31,9.12
2000-02-01,9.16
2000-02-02,9.17
2000-02-03,9.09
2000-02-07,8.99
2000-02-08,9
2000-02-09,9.06
2000-02-10,9.01
2000-02-11,9
2000-02-12,9
2000-02-14,8.89
2000-02-15,8.84
2000-02-16,8.81
2000-02-17,8.85
2000-02-18,8.87
2000-02-19,8.87
2000-02-21,8.9
2000-02-22,8.89
2000-02-23,8.89
2000-02-24,8.88
2000-02-25,8.8
2000-02-26,8.8
2000-02-28,8.72
2000-02-29,8.71
2000-03-02,8.73
2000-03-03,8.77
2000-03-04,8.77
2000-03-06,8.79
2000-03-07,8.8
2000-03-08,8.85
2000-03-09,8.84
2000-03-10,8.83
2000-03-11,8.83
2000-03-13,8.83
2000-03-14,8.86
2000-03-15,8.9
2000-03-16,8.9
2000-03-17,8.9
2000-03-18,8.9
2000-03-20,8.9
2000-03-21,8.93
2000-03-22,8.93
2000-03-23,8.93
2000-03-24,8.97
2000-03-25,8.97
2000-03-27,8.97
2000-03-28,8.97
2000-03-29,8.96
2000-03-30,8.96
2000-03-31,8.9
2000-04-01,8.9
2000-04-03,8.89
2000-04-04,8.87
2000-04-06,8.86
2000-04-07,8.8
2000-04-08,8.8
2000-04-10,8.81
2000-04-11,8.83
2000-04-12,8.9
2000-04-14,8.92
2000-04-15,8.92
2000-04-17,8.97
2000-04-18,8.86
2000-04-19,8.84
2000-04-20,8.87
2000-04-21,8.86
2000-04-22,8.86
2000-04-24,8.85
2000-04-25,8.86
2000-04-26,8.88
2000-04-27,8.87
2000-04-28,8.83
2000-04-29,8.83
2000-05-02,8.82
2000-05-03,8.8
2000-05-04,8.77
2000-05-06,8.77
2000-05-08,8.78
2000-05-09,8.78
2000-05-10,8.8
2000-05-12,8.82
2000-05-13,8.82
2000-05-15,8.88
2000-05-16,8.87
2000-05-17,8.87
2000-05-18,8.88
2000-05-19,9.01
2000-05-20,9.01
2000-05-22,9.01
2000-05-23,9.11
2000-05-24,9.04
2000-05-25,8.97
2000-05-26,9.02
2000-05-27,9.02
2000-05-29,9.01
2000-05-30,8.9
2000-05-31,8.83
2000-06-01,8.82
2000-06-02,8.76
2000-06-03,8.76
2000-06-05,8.74
2000-06-07,8.7
2000-06-08,8.71
2000-06-09,8.73
2000-06-10,8.73
2000-06-12,8.74
2000-06-13,8.76
2000-06-14,8.76
2000-06-15,8.74
2000-06-16,8.74
2000-06-17,8.73
2000-06-19,8.7
2000-06-20,8.68
2000-06-21,8.64
2000-06-22,8.57
2000-06-23,8.54
2000-06-24,8.54
2000-06-26,8.54
2000-06-27,8.54
2000-06-28,8.53
2000-06-29,8.45
2000-06-30,8.33
2000-07-01,8.25
2000-07-03,8.18
2000-07-04,8.24
2000-07-05,8.13
2000-07-06,8.08
2000-07-07,7.92
2000-07-08,7.92
2000-07-10,7.97
2000-07-11,7.98
2000-07-12,8
2000-07-13,8.01
2000-07-14,7.89
2000-07-15,7.89
2000-07-18,7.77
2000-07-19,7.7
2000-07-20,7.78
2000-07-21,7.8
2000-07-22,7.8
2000-07-24,7.88
2000-07-25,8.06
2000-07-26,8
2000-07-27,7.92
2000-07-28,7.82
2000-07-29,7.82
2000-07-31,7.82
2000-08-01,7.81
2000-08-02,7.7
2000-08-03,7.69
2000-08-04,7.71
2000-08-05,7.71
2000-08-07,7.71
2000-08-08,7.64
2000-08-09,7.58
2000-08-10,7.5
2000-08-11,7.56
2000-08-12,7.56
2000-08-14,7.58
2000-08-16,7.61
2000-08-17,7.65
2000-08-18,7.75
2000-08-19,7.75
2000-08-21,7.73
2000-08-22,7.7
2000-08-23,7.69
2000-08-24,7.73
2000-08-25,7.75
2000-08-26,7.75
2000-08-28,7.75
2000-08-29,7.71
2000-08-30,7.67
2000-08-31,7.73
2000-09-01,7.69
2000-09-02,7.7
2000-09-04,7.61
2000-09-05,7.6
2000-09-06,7.6
2000-09-07,7.6
2000-09-08,7.63
2000-09-09,7.63
2000-09-14,7.75
2000-09-15,7.78
2000-09-16,7.78
2000-09-18,7.97
2000-09-19,7.93
2000-09-20,7.9
2000-09-21,7.91
2000-09-22,7.98
2000-09-23,7.98
2000-09-25,7.95
2000-09-26,7.94
2000-09-27,7.85
2000-09-28,7.84
2000-09-29,7.8
2000-09-30,7.8
2000-10-02,7.75
2000-10-04,7.73
2000-10-05,7.7
2000-10-06,7.65
2000-10-07,7.65
2000-10-09,7.64
2000-10-10,7.67
2000-10-11,7.73
2000-10-12,7.73
2000-10-13,7.77
2000-10-14,7.77
2000-10-16,7.7
2000-10-17,7.65
2000-10-18,7.64
2000-10-19,7.6
2000-10-20,7.56
2000-10-21,7.56
2000-10-23,7.57
2000-10-24,7.56
2000-10-25,7.54
2000-10-26,7.49
2000-10-27,7.41
2000-10-28,7.41
2000-10-30,7.42
2000-10-31,7.45
2000-11-01,7.4
2000-11-02,7.41
2000-11-03,7.42
2000-11-04,7.42
2000-11-06,7.44
2000-11-07,7.44
2000-11-08,7.37
2000-11-09,7.2
2000-11-10,7.1
2000-11-11,7.1
2000-11-13,7.04
2000-11-14,7.1
2000-11-15,7.17
2000-11-16,7.21
2000-11-17,7.19
2000-11-18,7.19
2000-11-20,7.24
2000-11-21,7.33
2000-11-22,7.24
2000-11-23,7.32
2000-11-24,7.29
2000-11-25,7.29
2000-11-27,7.2
2000-11-28,7.2
2000-11-29,7.21
2000-11-30,7.19
2000-12-01,7
2000-12-04,6.91
2000-12-05,6.84
2000-12-06,6.82
2000-12-07,6.86
2000-12-08,6.82
2000-12-11,6.84
2000-12-12,6.94
2000-12-13,6.91
2000-12-14,6.81
2000-12-15,6.81
2000-12-18,6.84
2000-12-19,6.88
2000-12-20,6.87
2000-12-21,6.9
2000-12-22,6.9
2000-12-26,6.97
2000-12-27,7.06
2000-12-28,6.95
2000-12-29,6.87
2001-01-02,6.8
2001-01-03,6.74
2001-01-04,6.47
2001-01-05,6.25
2001-01-08,6.16
2001-01-09,6.19
2001-01-10,6.19
2001-01-11,6.06
2001-01-12,6.11
2001-01-15,6.07
2001-01-16,5.99
2001-01-17,5.97
2001-01-18,5.95
2001-01-19,5.95
2001-01-22,5.95
2001-01-26,5.97
2001-01-29,5.95
2001-01-30,5.93
2001-01-31,5.85
2001-02-01,5.8
2001-02-02,5.68
2001-02-05,5.62
2001-02-06,5.51
2001-02-07,5.43
2001-02-08,5.49
2001-02-09,5.43
2001-02-12,5.19
2001-02-13,5.2
2001-02-14,5.26
2001-02-15,5.24
2001-02-16,5.41
2001-02-19,5.45
2001-02-20,5.46
2001-02-21,5.94
2001-02-22,6.06
2001-02-23,6.34
2001-02-26,5.98
2001-02-27,5.87
2001-02-28,5.7
2001-03-02,5.75
2001-03-05,5.78
2001-03-06,5.93
2001-03-07,6.04
2001-03-08,6.22
2001-03-09,6.01
2001-03-12,6.11
2001-03-13,6.09
2001-03-14,5.8
2001-03-15,5.69
2001-03-16,5.77
2001-03-19,5.81
2001-03-20,5.82
2001-03-21,5.97
2001-03-22,6.07
2001-03-23,5.97
2001-03-26,5.87
2001-03-27,5.86
2001-03-28,5.99
2001-03-29,6.16
2001-03-30,6.35
2001-04-02,6.62
2001-04-03,6.51
2001-04-04,6.69
2001-04-06,6.64
2001-04-09,6.58
2001-04-10,6.49
2001-04-11,6.46
2001-04-12,6.47
2001-04-13,6.47
2001-04-16,6.47
2001-04-17,6.46
2001-04-18,6.52
2001-04-19,6.56
2001-04-20,6.63
2001-04-23,6.82
2001-04-24,6.81
2001-04-25,6.84
2001-04-26,6.98
2001-04-27,6.89
2001-04-30,6.83
2001-05-02,6.68
2001-05-03,6.64
2001-05-04,6.64
2001-05-07,6.68
2001-05-08,6.6
2001-05-09,6.55
2001-05-10,6.56
2001-05-11,6.62
2001-05-14,6.69
2001-05-15,6.8
2001-05-16,6.76
2001-05-17,6.72
2001-05-18,6.61
2001-05-21,6.57
2001-05-22,6.58
2001-05-23,6.56
2001-05-24,6.47
2001-05-25,6.47
2001-05-28,6.32
2001-05-29,6.35
2001-05-30,6.25
2001-05-31,6.3
2001-06-01,6.28
2001-06-04,6.25
2001-06-05,6.34
2001-06-07,6.34
2001-06-08,6.24
2001-06-11,6.25
2001-06-12,6.25
2001-06-13,6.23
2001-06-14,6.21
2001-06-15,6.18
2001-06-18,6.24
2001-06-19,6.22
2001-06-20,6.1
2001-06-21,6.08
2001-06-22,6.05
2001-06-25,5.99
2001-06-26,6.01
2001-06-27,6
2001-06-28,5.96
2001-06-29,5.97
2001-07-02,5.98
2001-07-03,6.02
2001-07-04,5.97
2001-07-05,5.87
2001-07-06,5.86
2001-07-09,5.85
2001-07-10,5.86
2001-07-11,5.79
2001-07-12,5.73
2001-07-13,5.71
2001-07-16,5.69
2001-07-18,5.59
2001-07-19,5.52
2001-07-20,5.54
2001-07-23,5.56
2001-07-24,5.57
2001-07-25,5.56
2001-07-26,5.55
2001-07-27,5.57
2001-07-30,5.59
2001-07-31,5.57
2001-08-01,5.49
2001-08-02,5.47
2001-08-03,5.43
2001-08-06,5.44
2001-08-07,5.43
2001-08-08,5.4
2001-08-09,5.2
2001-08-10,5.07
2001-08-13,5.01
2001-08-14,5.09
2001-08-16,5.19
2001-08-17,5.1
2001-08-20,5.04
2001-08-21,5.05
2001-08-22,5.04
2001-08-23,5.12
2001-08-24,5.13
2001-08-27,5.22
2001-08-28,5.22
2001-08-29,5.14
2001-08-30,5.25
2001-08-31,5.28
2001-09-03,5.15
2001-09-04,5.1
2001-09-05,5.2
2001-09-06,5.22
2001-09-07,5.24
2001-09-10,5.25
2001-09-11,5.26
2001-09-12,5.16
2001-09-13,5.1
2001-09-14,5.04
2001-09-17,5.05
2001-09-18,4.97
2001-09-19,4.68
2001-09-20,4.66
2001-09-21,4.67
2001-09-24,4.62
2001-09-25,4.63
2001-09-26,4.61
2001-09-27,4.54
2001-09-28,4.43
2001-10-04,4.31
2001-10-05,4.38
2001-10-08,4.39
2001-10-09,4.37
2001-10-10,4.53
2001-10-11,4.88
2001-10-12,4.84
2001-10-15,4.73
2001-10-16,4.75
2001-10-17,4.83
2001-10-18,4.85
2001-10-19,4.79
2001-10-22,4.72
2001-10-23,4.77
2001-10-24,4.86
2001-10-25,4.92
2001-10-26,4.93
2001-10-29,4.92
2001-10-30,4.95
2001-10-31,4.92
2001-11-01,4.87
2001-11-02,4.86
2001-11-05,4.88
2001-11-06,4.85
2001-11-07,4.83
2001-11-08,4.82
2001-11-09,4.84
2001-11-12,4.86
2001-11-13,4.86
2001-11-14,5.1
2001-11-15,5.4
2001-11-16,5.46
2001-11-19,5.47
2001-11-20,5.41
2001-11-21,5.58
2001-11-22,5.82
2001-11-23,5.79
2001-11-26,5.91
2001-11-27,5.91
2001-11-28,5.72
2001-11-29,5.85
2001-11-30,5.71
2001-12-03,5.64
2001-12-04,5.75
2001-12-05,5.87
2001-12-06,6.05
2001-12-07,6.08
2001-12-10,6.16
2001-12-11,6.07
2001-12-12,6.03
2001-12-13,5.95
2001-12-14,5.84
2001-12-17,5.8
2001-12-18,5.8
2001-12-19,5.85
2001-12-20,5.89
2001-12-21,5.89
2001-12-24,5.89
2001-12-26,5.82
2001-12-27,5.84
2001-12-28,5.9
2001-12-31,5.9
2002-01-02,6.04
2002-01-03,6.03
2002-01-04,5.93
2002-01-07,5.88
2002-01-08,5.96
2002-01-09,6
2002-01-10,6.03
2002-01-11,5.93
2002-01-14,6.03
2002-01-15,5.97
2002-01-16,5.94
2002-01-17,5.92
2002-01-18,5.92
2002-01-21,5.91
2002-01-22,6
2002-01-23,6
2002-01-24,6.05
2002-01-25,6
2002-01-28,6.03
2002-01-29,6
2002-01-30,5.93
2002-01-31,5.91
2002-02-01,5.84
2002-02-04,5.85
2002-02-05,5.85
2002-02-06,5.85
2002-02-07,5.78
2002-02-08,5.84
2002-02-14,5.92
2002-02-15,5.9
2002-02-18,5.89
2002-02-19,5.88
2002-02-20,5.88
2002-02-21,5.86
2002-02-22,5.85
2002-02-25,5.8
2002-02-26,5.75
2002-02-27,5.75
2002-02-28,5.62
2002-03-04,5.8
2002-03-05,5.83
2002-03-06,5.94
2002-03-07,5.92
2002-03-08,6
2002-03-11,6
2002-03-12,6.01
2002-03-13,6.1
2002-03-14,6.1
2002-03-15,6.2
2002-03-18,6.18
2002-03-19,6.34
2002-03-20,6.3
2002-03-21,6.31
2002-03-22,6.29
2002-03-25,6.27
2002-03-26,6.31
2002-03-27,6.29
2002-03-28,6.2
2002-03-29,6.16
2002-04-01,6.26
2002-04-02,6.37
2002-04-03,6.39
2002-04-04,6.42
2002-04-08,6.41
2002-04-09,6.46
2002-04-10,6.4
2002-04-11,6.41
2002-04-12,6.37
2002-04-15,6.35
2002-04-16,6.4
2002-04-17,6.41
2002-04-18,6.38
2002-04-19,6.35
2002-04-22,6.36
2002-04-23,6.33
2002-04-24,6.27
2002-04-25,6.28
2002-04-26,6.24
2002-04-29,6.18
2002-04-30,6.19
2002-05-02,6.2
2002-05-03,6.17
2002-05-06,6.19
2002-05-07,6.24
2002-05-08,6.27
2002-05-09,6.28
2002-05-10,6.15
2002-05-13,6.11
2002-05-14,6.1
2002-05-15,6.17
2002-05-16,6.15
2002-05-17,6.16
2002-05-20,6.16
2002-05-21,6.11
2002-05-22,6.14
2002-05-23,6.11
2002-05-24,6.12
2002-05-27,6.12
2002-05-28,6.12
2002-05-29,6.09
2002-05-30,6.03
2002-05-31,6.02
2002-06-03,6.02
2002-06-04,6
2002-06-05,6.01
2002-06-07,5.98
2002-06-10,5.99
2002-06-11,6.02
2002-06-12,6.02
2002-06-14,6.01
2002-06-17,5.94
2002-06-18,5.94
2002-06-19,5.89
2002-06-20,5.89
2002-06-21,5.87
2002-06-24,5.83
2002-06-25,5.8
2002-06-26,5.69
2002-06-27,5.77
2002-06-28,5.78
2002-07-02,5.76
2002-07-03,5.76
2002-07-04,5.81
2002-07-05,5.87
2002-07-08,5.81
2002-07-09,5.85
2002-07-10,5.83
2002-07-11,5.74
2002-07-12,5.81
2002-07-15,5.75
2002-07-16,5.76
2002-07-18,5.76
2002-07-19,5.68
2002-07-22,5.45
2002-07-23,5.62
2002-07-24,5.53
2002-07-25,5.49
2002-07-26,5.42
2002-07-29,5.45
2002-07-30,5.57
2002-07-31,5.56
2002-08-01,5.5
2002-08-02,5.41
2002-08-05,5.27
2002-08-06,5.32
2002-08-07,5.32
2002-08-08,5.31
2002-08-09,5.3
2002-08-12,5.28
2002-08-13,5.27
2002-08-14,5.24
2002-08-16,5.27
2002-08-19,5.28
2002-08-20,5.32
2002-08-21,5.39
2002-08-22,5.41
2002-08-23,5.45
2002-08-26,5.51
2002-08-27,5.48
2002-08-28,5.49
2002-08-29,5.43
2002-08-30,5.36
2002-09-02,5.4
2002-09-03,5.36
2002-09-04,5.29
2002-09-05,5.29
2002-09-06,5.26
2002-09-09,5.27
2002-09-10,5.33
2002-09-11,5.42
2002-09-12,5.4
2002-09-13,5.29
2002-09-16,5.3
2002-09-17,5.45
2002-09-18,5.34
2002-09-19,5.35
2002-09-23,5.29
2002-09-24,5.3
2002-09-25,5.32
2002-09-26,5.29
2002-09-27,5.3
2002-09-30,5.3
2002-10-01,5.33
2002-10-02,5.33
2002-10-04,5.37
2002-10-07,5.37
2002-10-08,5.39
2002-10-09,5.38
2002-10-10,5.33
2002-10-11,5.33
2002-10-14,5.36
2002-10-15,5.39
2002-10-16,5.4
2002-10-17,5.46
2002-10-18,5.45
2002-10-21,5.42
2002-10-22,5.42
2002-10-23,5.42
2002-10-24,5.39
2002-10-25,5.38
2002-10-28,5.35
2002-10-29,5.33
2002-10-30,5.33
2002-10-31,5.31
2002-11-01,5.29
2002-11-04,5.33
2002-11-05,5.32
2002-11-06,5.33
2002-11-07,5.28
2002-11-08,5.25
2002-11-11,5.23
2002-11-12,5.17
2002-11-13,5.14
2002-11-14,5.15
2002-11-15,5.21
2002-11-18,5.18
2002-11-19,5.16
2002-11-20,5.19
2002-11-21,5.22
2002-11-22,5.25
2002-11-25,5.32
2002-11-26,5.3
2002-11-27,5.33
2002-11-28,5.34
2002-11-29,5.3
2002-12-02,5.33
2002-12-03,5.36
2002-12-04,5.34
2002-12-05,5.35
2002-12-06,5.35
2002-12-09,5.3
2002-12-10,5.3
2002-12-11,5.28
2002-12-12,5.27
2002-12-13,5.25
2002-12-16,5.25
2002-12-17,5.26
2002-12-18,5.25
2002-12-20,5.22
2002-12-23,5.21
2002-12-24,5.22
2002-12-26,5.18
2002-12-27,5.18
2002-12-30,5.13
2002-12-31,5.12
2003-01-02,5.08
2003-01-03,5.09
2003-01-06,5.09
2003-01-07,5.05
2003-01-08,5.01
2003-01-09,5.01
2003-01-10,4.96
2003-01-13,4.99
2003-01-14,4.93
2003-01-15,4.9
2003-01-16,4.89
2003-01-17,4.9
2003-01-20,4.9
2003-01-21,4.87
2003-01-22,4.85
2003-01-23,4.87
2003-01-24,4.87
2003-01-27,4.84
2003-01-28,4.79
2003-01-29,4.74
2003-01-30,4.77
2003-02-03,4.78
2003-02-04,4.77
2003-02-05,4.77
2003-02-06,4.72
2003-02-07,4.71
2003-02-10,4.71
2003-02-11,4.78
2003-02-12,4.8
2003-02-13,4.78
2003-02-14,4.78
2003-02-17,4.86
2003-02-18,4.85
2003-02-19,4.79
2003-02-20,4.81
2003-02-21,4.75
2003-02-24,4.74
2003-02-25,4.7
2003-02-26,4.64
2003-02-27,4.62
2003-02-28,4.64
2003-03-03,4.66
2003-03-04,4.62
2003-03-05,4.62
2003-03-06,4.63
2003-03-07,4.65
2003-03-10,4.68
2003-03-11,4.75
2003-03-12,5.24
2003-03-13,5.25
2003-03-14,5.12
2003-03-17,5.15
2003-03-18,5.05
2003-03-19,4.89
2003-03-20,4.85
2003-03-21,4.76
2003-03-24,4.76
2003-03-25,4.73
2003-03-26,4.69
2003-03-27,4.66
2003-03-28,4.72
2003-03-31,4.7
2003-04-01,4.71
2003-04-02,4.73
2003-04-03,4.7
2003-04-04,4.71
2003-04-07,4.75
2003-04-08,4.75
2003-04-09,4.77
2003-04-10,4.72
2003-04-11,4.68
2003-04-14,4.69
2003-04-15,4.69
2003-04-16,4.69
2003-04-17,4.69
2003-04-18,4.7
2003-04-21,4.71
2003-04-22,4.69
2003-04-23,4.68
2003-04-24,4.66
2003-04-25,4.64
2003-04-28,4.6
2003-04-29,4.6
2003-04-30,4.53
2003-05-02,4.46
2003-05-06,4.46
2003-05-07,4.45
2003-05-09,4.44
2003-05-12,4.46
2003-05-13,4.4
2003-05-14,4.33
2003-05-15,4.31
2003-05-16,4.31
2003-05-19,4.28
2003-05-20,4.36
2003-05-21,4.33
2003-05-22,4.36
2003-05-23,4.37
2003-05-26,4.39
2003-05-27,4.36
2003-05-28,4.33
2003-05-29,4.28
2003-05-30,4.27
2003-06-02,4.3
2003-06-03,4.28
2003-06-04,4.27
2003-06-05,4.26
2003-06-09,4.26
2003-06-10,4.24
2003-06-11,4.23
2003-06-12,4.25
2003-06-13,4.29
2003-06-16,4.28
2003-06-17,4.32
2003-06-18,4.31
2003-06-19,4.37
2003-06-20,4.44
2003-06-23,4.48
2003-06-24,4.44
2003-06-25,4.45
2003-06-26,4.48
2003-06-27,4.52
2003-06-30,4.52
2003-07-01,4.5
2003-07-02,4.46
2003-07-03,4.45
2003-07-04,4.53
2003-07-07,4.53
2003-07-08,4.52
2003-07-09,4.44
2003-07-10,4.36
2003-07-11,4.29
2003-07-14,4.35
2003-07-15,4.43
2003-07-16,4.51
2003-07-18,4.47
2003-07-21,4.42
2003-07-22,4.43
2003-07-23,4.4
2003-07-24,4.42
2003-07-25,4.44
2003-07-28,4.51
2003-07-29,4.56
2003-07-30,4.5
2003-07-31,4.48
2003-08-01,4.59
2003-08-04,4.52
2003-08-05,4.52
2003-08-06,4.52
2003-08-07,4.5
2003-08-08,4.45
2003-08-11,4.48
2003-08-12,4.49
2003-08-13,4.47
2003-08-14,4.5
2003-08-18,4.51
2003-08-19,4.51
2003-08-20,4.49
2003-08-21,4.5
2003-08-22,4.51
2003-08-25,4.48
2003-08-26,4.48
2003-08-27,4.48
2003-08-28,4.43
2003-08-29,4.4
2003-09-01,4.38
2003-09-02,4.39
2003-09-03,4.38
2003-09-04,4.37
2003-09-05,4.36
2003-09-08,4.31
2003-09-09,4.39
2003-09-15,4.28
2003-09-16,4.28
2003-09-17,4.23
2003-09-18,4.21
2003-09-19,4.15
2003-09-22,4.16
2003-09-23,4.12
2003-09-24,4.11
2003-09-25,4.2
2003-09-26,4.18
2003-09-29,4.14
2003-09-30,4.15
2003-10-01,4.07
2003-10-02,4.06
2003-10-06,4.13
2003-10-07,4.11
2003-10-08,4.12
2003-10-09,4.11
2003-10-10,4.15
2003-10-13,4.14
2003-10-14,4.23
2003-10-15,4.22
2003-10-16,4.31
2003-10-17,4.33
2003-10-20,4.4
2003-10-21,4.4
2003-10-22,4.4
2003-10-23,4.34
2003-10-24,4.42
2003-10-27,4.43
2003-10-28,4.44
2003-10-29,4.38
2003-10-30,4.48
2003-10-31,4.46
2003-11-03,4.53
2003-11-04,4.64
2003-11-05,4.69
2003-11-06,4.68
2003-11-07,4.77
2003-11-10,4.7
2003-11-11,4.7
2003-11-12,4.79
2003-11-13,4.88
2003-11-14,4.9
2003-11-17,4.87
2003-11-18,4.98
2003-11-19,4.89
2003-11-20,4.82
2003-11-21,4.79
2003-11-24,4.77
2003-11-25,4.75
2003-11-26,4.74
2003-11-27,4.77
2003-11-28,4.87
2003-12-01,4.99
2003-12-02,5
2003-12-03,5.05
2003-12-04,5.04
2003-12-05,4.98
2003-12-08,4.91
2003-12-09,4.95
2003-12-10,4.95
2003-12-11,4.85
2003-12-12,4.85
2003-12-15,4.94
2003-12-16,4.88
2003-12-17,4.88
2003-12-18,4.86
2003-12-19,4.83
2003-12-22,4.83
2003-12-23,4.83
2003-12-24,4.82
2003-12-26,4.79
2003-12-29,4.8
2003-12-30,4.85
2003-12-31,4.86
2004-01-02,4.84
2004-01-05,4.9
2004-01-06,4.92
2004-01-07,4.93
2004-01-08,4.96
2004-01-09,4.98
2004-01-12,4.89
2004-01-13,4.86
2004-01-14,4.85
2004-01-15,4.84
2004-01-16,4.87
2004-01-19,4.94
2004-01-20,4.94
2004-01-26,4.93
2004-01-27,4.91
2004-01-28,4.89
2004-01-29,4.92
2004-01-30,4.91
2004-02-02,4.91
2004-02-03,4.89
2004-02-04,4.89
2004-02-05,4.9
2004-02-06,4.92
2004-02-09,4.87
2004-02-10,4.85
2004-02-11,4.82
2004-02-12,4.78
2004-02-13,4.78
2004-02-16,4.78
2004-02-17,4.77
2004-02-18,4.75
2004-02-19,4.75
2004-02-20,4.75
2004-02-23,4.77
2004-02-24,4.75
2004-02-25,4.71
2004-02-26,4.72
2004-02-27,4.73
2004-03-02,4.71
2004-03-03,4.72
2004-03-04,4.7
2004-03-05,4.67
2004-03-08,4.58
2004-03-09,4.55
2004-03-10,4.55
2004-03-11,4.5
2004-03-12,4.48
2004-03-15,4.48
2004-03-16,4.52
2004-03-17,4.5
2004-03-18,4.48
2004-03-19,4.48
2004-03-22,4.44
2004-03-23,4.36
2004-03-24,4.36
2004-03-25,4.36
2004-03-26,4.45
2004-03-29,4.47
2004-03-30,4.47
2004-03-31,4.45
2004-04-01,4.37
2004-04-02,4.38
2004-04-06,4.55
2004-04-07,4.47
2004-04-08,4.44
2004-04-09,4.38
2004-04-12,4.42
2004-04-13,4.45
2004-04-14,4.52
2004-04-16,4.47
2004-04-19,4.46
2004-04-20,4.45
2004-04-21,4.49
2004-04-22,4.46
2004-04-23,4.41
2004-04-26,4.4
2004-04-27,4.39
2004-04-28,4.38
2004-04-29,4.37
2004-04-30,4.33
2004-05-03,4.37
2004-05-04,4.4
2004-05-06,4.37
2004-05-07,4.36
2004-05-10,4.36
2004-05-11,4.37
2004-05-12,4.35
2004-05-13,4.33
2004-05-14,4.33
2004-05-17,4.33
2004-05-18,4.35
2004-05-19,4.36
2004-05-20,4.36
2004-05-21,4.33
2004-05-24,4.32
2004-05-25,4.27
2004-05-27,4.23
2004-05-28,4.19
2004-05-31,4.21
2004-06-01,4.24
2004-06-02,4.24
2004-06-03,4.18
2004-06-04,4.2
2004-06-07,4.22
2004-06-08,4.23
2004-06-09,4.25
2004-06-10,4.24
2004-06-11,4.24
2004-06-14,4.3
2004-06-15,4.35
2004-06-16,4.32
2004-06-17,4.39
2004-06-18,4.4
2004-06-21,4.37
2004-06-22,4.31
2004-06-23,4.31
2004-06-24,4.3
2004-06-25,4.3
2004-06-28,4.28
2004-06-29,4.31
2004-06-30,4.26
2004-07-01,4.23
2004-07-02,4.24
2004-07-05,4.2
2004-07-06,4.2
2004-07-07,4.18
2004-07-08,4.2
2004-07-09,4.2
2004-07-12,4.22
2004-07-13,4.23
2004-07-14,4.21
2004-07-15,4.2
2004-07-16,4.2
2004-07-19,4.18
2004-07-20,4.18
2004-07-21,4.18
2004-07-22,4.18
2004-07-23,4.17
2004-07-26,4.14
2004-07-27,4.11
2004-07-28,4.1
2004-07-29,4.1
2004-07-30,4.08
2004-08-02,4.07
2004-08-03,4.07
2004-08-04,4.06
2004-08-05,4.09
2004-08-06,4.11
2004-08-09,4.08
2004-08-10,4.05
2004-08-11,4.04
2004-08-12,3.87
2004-08-13,3.74
2004-08-16,3.73
2004-08-17,3.69
2004-08-18,3.67
2004-08-19,3.65
2004-08-20,3.65
2004-08-23,3.69
2004-08-24,3.66
2004-08-25,3.63
2004-08-26,3.61
2004-08-27,3.58
2004-08-30,3.55
2004-08-31,3.54
2004-09-01,3.58
2004-09-02,3.61
2004-09-03,3.61
2004-09-06,3.61
2004-09-07,3.61
2004-09-08,3.56
2004-09-09,3.58
2004-09-10,3.58
2004-09-13,3.6
2004-09-14,3.59
2004-09-15,3.57
2004-09-16,3.56
2004-09-17,3.54
2004-09-20,3.53
2004-09-21,3.51
2004-09-22,3.51
2004-09-23,3.54
2004-09-24,3.54
2004-09-30,3.53
2004-10-01,3.5
2004-10-04,3.41
2004-10-05,3.38
2004-10-06,3.43
2004-10-07,3.6
2004-10-08,3.65
2004-10-11,3.61
2004-10-12,3.6
2004-10-13,3.59
2004-10-14,3.54
2004-10-15,3.54
2004-10-18,3.55
2004-10-19,3.56
2004-10-20,3.56
2004-10-21,3.55
2004-10-22,3.53
2004-10-25,3.52
2004-10-26,3.48
2004-10-27,3.48
2004-10-28,3.49
2004-10-29,3.44
2004-11-01,3.46
2004-11-02,3.5
2004-11-03,3.55
2004-11-04,3.53
2004-11-05,3.55
2004-11-08,3.49
2004-11-09,3.49
2004-11-10,3.54
2004-11-11,3.35
2004-11-12,3.35
2004-11-15,3.39
2004-11-16,3.37
2004-11-17,3.36
2004-11-18,3.38
2004-11-19,3.36
2004-11-22,3.36
2004-11-23,3.34
2004-11-24,3.34
2004-11-25,3.33
2004-11-26,3.32
2004-11-29,3.32
2004-11-30,3.35
2004-12-01,3.33
2004-12-02,3.34
2004-12-03,3.33
2004-12-06,3.31
2004-12-07,3.27
2004-12-08,3.27
2004-12-09,3.3
2004-12-10,3.31
2004-12-13,3.31
2004-12-14,3.31
2004-12-15,3.3
2004-12-16,3.3
2004-12-17,3.3
2004-12-20,3.31
2004-12-21,3.3
2004-12-22,3.31
2004-12-23,3.31
2004-12-24,3.31
2004-12-27,3.32
2004-12-28,3.32
2004-12-29,3.31
2004-12-30,3.32
2004-12-31,3.32
2005-01-03,3.39
2005-01-04,3.39
2005-01-05,3.36
2005-01-06,3.37
2005-01-07,3.35
2005-01-10,3.34
2005-01-11,3.41
2005-01-12,3.41
2005-01-13,3.52
2005-01-14,3.67
2005-01-17,3.73
2005-01-18,3.68
2005-01-19,3.68
2005-01-20,3.72
2005-01-21,3.92
2005-01-24,3.88
2005-01-25,3.85
2005-01-26,3.84
2005-01-27,3.84
2005-01-28,3.94
2005-01-31,4.05
2005-02-01,4.03
2005-02-02,4.03
2005-02-03,4.05
2005-02-04,4.12
2005-02-07,4.24
2005-02-11,4.41
2005-02-14,4.39
2005-02-15,4.29
2005-02-16,4.23
2005-02-17,4.26
2005-02-18,4.17
2005-02-21,4.2
2005-02-22,4.23
2005-02-23,4.21
2005-02-24,4.15
2005-02-25,4.09
2005-02-28,4.04
2005-03-02,4.08
2005-03-03,4.09
2005-03-04,4.15
2005-03-07,4.15
2005-03-08,4.11
2005-03-09,4.1
2005-03-10,4.05
2005-03-11,4.05
2005-03-14,4.03
2005-03-15,4.01
2005-03-16,4
2005-03-17,3.98
2005-03-18,3.96
2005-03-21,3.99
2005-03-22,3.97
2005-03-23,4
2005-03-24,4.07
2005-03-25,4.1
2005-03-28,4.08
2005-03-29,3.96
2005-03-30,3.92
2005-03-31,3.93
2005-04-01,3.91
2005-04-04,3.91
2005-04-06,3.92
2005-04-07,3.87
2005-04-08,3.86
2005-04-11,3.87
2005-04-12,3.92
2005-04-13,3.91
2005-04-14,3.89
2005-04-15,3.84
2005-04-18,3.82
2005-04-19,3.82
2005-04-20,3.8
2005-04-21,3.81
2005-04-22,3.81
2005-04-25,3.8
2005-04-26,3.81
2005-04-27,3.82
2005-04-28,3.81
2005-04-29,3.76
2005-05-02,3.77
2005-05-03,3.75
2005-05-04,3.76
2005-05-06,3.77
2005-05-09,3.78
2005-05-10,3.79
2005-05-11,3.79
2005-05-12,3.76
2005-05-13,3.73
2005-05-16,3.7
2005-05-17,3.7
2005-05-18,3.69
2005-05-19,3.67
2005-05-20,3.68
2005-05-23,3.7
2005-05-24,3.67
2005-05-25,3.66
2005-05-26,3.64
2005-05-27,3.7
2005-05-30,3.7
2005-05-31,3.68
2005-06-01,3.65
2005-06-02,3.63
2005-06-03,3.63
2005-06-07,3.67
2005-06-08,3.67
2005-06-09,3.67
2005-06-10,3.69
2005-06-13,3.8
2005-06-14,3.79
2005-06-15,3.89
2005-06-16,3.86
2005-06-17,3.86
2005-06-20,3.84
2005-06-21,3.85
2005-06-22,3.93
2005-06-23,3.93
2005-06-24,3.86
2005-06-27,3.81
2005-06-28,3.82
2005-06-29,3.9
2005-06-30,4.01
2005-07-01,3.96
2005-07-04,4.06
2005-07-05,4.03
2005-07-06,4
2005-07-07,4
2005-07-08,3.99
2005-07-11,4.02
2005-07-12,4.05
2005-07-13,4.12
2005-07-14,4.14
2005-07-15,4.13
2005-07-18,4.12
2005-07-19,4.13
2005-07-20,4.11
2005-07-21,4.04
2005-07-22,3.98
2005-07-25,4
2005-07-26,4.12
2005-07-27,4.13
2005-07-28,4.17
2005-07-29,4.17
2005-08-01,4.31
2005-08-02,4.26
2005-08-03,4.26
2005-08-04,4.26
2005-08-05,4.29
2005-08-08,4.29
2005-08-09,4.34
2005-08-10,4.3
2005-08-11,4.3
2005-08-12,4.26
2005-08-16,4.22
2005-08-17,4.22
2005-08-18,4.22
2005-08-19,4.18
2005-08-22,4.23
2005-08-23,4.36
2005-08-24,4.34
2005-08-25,4.35
2005-08-26,4.31
2005-08-29,4.27
2005-08-30,4.2
2005-08-31,4.15
2005-09-01,4.15
2005-09-02,4.13
2005-09-05,4.12
2005-09-06,4.16
2005-09-07,4.22
2005-09-08,4.42
2005-09-09,4.45
2005-09-12,4.42
2005-09-13,4.49
2005-09-14,4.49
2005-09-15,4.52
2005-09-16,4.63
2005-09-20,4.61
2005-09-21,4.58
2005-09-22,4.59
2005-09-23,4.67
2005-09-26,4.76
2005-09-27,4.8
2005-09-28,4.67
2005-09-29,4.64
2005-09-30,4.59
2005-10-04,4.74
2005-10-05,4.74
2005-10-06,4.63
2005-10-07,4.63
2005-10-10,4.67
2005-10-11,4.65
2005-10-12,4.67
2005-10-13,4.73
2005-10-14,4.79
2005-10-17,4.82
2005-10-18,4.82
2005-10-19,4.76
2005-10-20,4.76
2005-10-21,4.8
2005-10-24,4.86
2005-10-25,4.92
2005-10-26,4.93
2005-10-27,4.99
2005-10-28,4.95
2005-10-31,4.93
2005-11-01,4.9
2005-11-02,4.96
2005-11-03,5.01
2005-11-04,5.02
2005-11-07,5.04
2005-11-08,5.11
2005-11-09,5.08
2005-11-10,5.1
2005-11-11,5.09
2005-11-14,5.1
2005-11-15,5.16
2005-11-16,5.14
2005-11-17,5.11
2005-11-18,5.07
2005-11-21,5.1
2005-11-22,5.07
2005-11-23,5.02
2005-11-24,4.99
2005-11-25,5
2005-11-28,4.98
2005-11-29,5
2005-11-30,5.06
2005-12-01,5.1
2005-12-02,5.11
2005-12-05,5.2
2005-12-06,5.21
2005-12-07,5.19
2005-12-08,5.02
2005-12-09,4.94
2005-12-12,5.01
2005-12-13,5.01
2005-12-14,4.92
2005-12-15,4.94
2005-12-16,4.96
2005-12-19,4.93
2005-12-20,4.94
2005-12-21,4.97
2005-12-22,4.98
2005-12-23,5
2005-12-26,5
2005-12-27,5.01
2005-12-28,4.96
2005-12-29,5.04
2005-12-30,5.04
2006-01-02,5.1
2006-01-03,5.06
2006-01-04,5
2006-01-05,5.06
2006-01-06,5.04
2006-01-09,5.01
2006-01-10,5.05
2006-01-11,5.03
2006-01-12,4.96
2006-01-13,4.94
2006-01-16,4.98
2006-01-17,4.99
2006-01-18,4.94
2006-01-19,4.94
2006-01-20,4.94
2006-01-23,4.93
2006-01-24,4.96
2006-01-25,4.92
2006-01-26,4.9
2006-01-27,4.9
2006-01-31,4.89
2006-02-01,4.86
2006-02-02,4.87
2006-02-03,4.91
2006-02-06,4.9
2006-02-07,4.93
2006-02-08,4.93
2006-02-09,4.82
2006-02-10,4.82
2006-02-13,4.84
2006-02-14,4.8
2006-02-15,4.78
2006-02-16,4.79
2006-02-17,4.8
2006-02-20,4.8
2006-02-21,4.8
2006-02-22,4.79
2006-02-23,4.8
2006-02-24,4.8
2006-02-27,4.83
2006-02-28,4.85
2006-03-02,4.87
2006-03-03,4.88
2006-03-06,4.92
2006-03-07,5.01
2006-03-08,4.98
2006-03-09,4.89
2006-03-10,4.84
2006-03-13,4.88
2006-03-14,4.86
2006-03-15,4.83
2006-03-16,4.85
2006-03-17,4.84
2006-03-20,4.85
2006-03-21,4.86
2006-03-22,4.86
2006-03-23,4.86
2006-03-24,4.88
2006-03-27,4.88
2006-03-28,4.85
2006-03-29,4.84
2006-03-30,4.84
2006-03-31,4.86
2006-04-03,4.91
2006-04-04,4.93
2006-04-05,4.91
2006-04-06,4.89
2006-04-07,4.85
2006-04-10,4.89
2006-04-11,4.89
2006-04-12,4.9
2006-04-13,4.94
2006-04-14,4.97
2006-04-17,4.97
2006-04-18,4.97
2006-04-19,4.92
2006-04-20,4.92
2006-04-21,4.87
2006-04-24,4.86
2006-04-25,4.88
2006-04-26,4.85
2006-04-27,4.85
2006-04-28,4.8
2006-05-02,4.81
2006-05-03,4.83
2006-05-04,4.79
2006-05-08,4.79
2006-05-09,4.8
2006-05-10,4.81
2006-05-11,4.76
2006-05-12,4.76
2006-05-15,4.8
2006-05-16,4.79
2006-05-17,4.76
2006-05-18,4.74
2006-05-19,4.7
2006-05-22,4.72
2006-05-23,4.75
2006-05-24,4.74
2006-05-25,4.74
2006-05-26,4.74
2006-05-29,4.72
2006-05-30,4.7
2006-06-01,4.7
2006-06-02,4.71
2006-06-05,4.71
2006-06-07,4.75
2006-06-08,4.77
2006-06-09,4.79
2006-06-12,4.8
2006-06-13,4.8
2006-06-14,4.81
2006-06-15,4.85
2006-06-16,4.87
2006-06-19,4.92
2006-06-20,4.94
2006-06-21,4.94
2006-06-22,4.96
2006-06-23,5.04
2006-06-26,5.03
2006-06-27,5.06
2006-06-28,5.05
2006-06-29,5.01
2006-06-30,4.93
2006-07-03,4.92
2006-07-04,4.89
2006-07-05,4.86
2006-07-06,4.86
2006-07-07,4.92
2006-07-10,4.95
2006-07-11,4.93
2006-07-12,4.95
2006-07-13,4.94
2006-07-14,4.93
2006-07-18,4.9
2006-07-19,4.9
2006-07-20,4.87
2006-07-21,4.87
2006-07-24,4.89
2006-07-25,4.92
2006-07-26,4.91
2006-07-27,4.89
2006-07-28,4.89
2006-07-31,4.86
2006-08-01,4.82
2006-08-02,4.83
2006-08-03,4.82
2006-08-04,4.84
2006-08-07,4.82
2006-08-08,4.8
2006-08-09,4.78
2006-08-10,4.81
2006-08-11,4.77
2006-08-14,4.83
2006-08-16,4.83
2006-08-17,4.8
2006-08-18,4.79
2006-08-21,4.8
2006-08-22,4.79
2006-08-23,4.77
2006-08-24,4.78
2006-08-25,4.78
2006-08-28,4.78
2006-08-29,4.78
2006-08-30,4.78
2006-08-31,4.78
2006-09-01,4.75
2006-09-04,4.74
2006-09-05,4.75
2006-09-06,4.78
2006-09-07,4.74
2006-09-08,4.74
2006-09-11,4.74
2006-09-12,4.74
2006-09-13,4.73
2006-09-14,4.74
2006-09-15,4.73
2006-09-18,4.75
2006-09-19,4.75
2006-09-20,4.71
2006-09-21,4.7
2006-09-22,4.67
2006-09-25,4.68
2006-09-26,4.66
2006-09-27,4.65
2006-09-28,4.65
2006-09-29,4.63
2006-10-02,4.65
2006-10-04,4.63
2006-10-09,4.63
2006-10-10,4.63
2006-10-11,4.65
2006-10-12,4.65
2006-10-13,4.66
2006-10-16,4.67
2006-10-17,4.64
2006-10-18,4.64
2006-10-19,4.62
2006-10-20,4.62
2006-10-23,4.64
2006-10-24,4.69
2006-10-25,4.69
2006-10-26,4.68
2006-10-27,4.69
2006-10-30,4.72
2006-10-31,4.73
2006-11-01,4.69
2006-11-02,4.65
2006-11-03,4.65
2006-11-06,4.74
2006-11-07,4.74
2006-11-08,4.79
2006-11-09,4.72
2006-11-10,4.7
2006-11-13,4.71
2006-11-14,4.75
2006-11-15,4.73
2006-11-16,4.73
2006-11-17,4.73
2006-11-20,4.72
2006-11-21,4.76
2006-11-22,4.76
2006-11-23,4.79
2006-11-24,4.79
2006-11-27,4.8
2006-11-28,4.84
2006-11-29,4.86
2006-11-30,4.86
2006-12-01,4.85
2006-12-04,4.83
2006-12-05,4.8
2006-12-06,4.78
2006-12-07,4.76
2006-12-08,4.78
2006-12-11,4.85
2006-12-12,4.83
2006-12-13,4.83
2006-12-14,4.88
2006-12-15,4.88
2006-12-18,4.9
2006-12-19,4.9
2006-12-20,4.92
2006-12-21,4.91
2006-12-22,4.93
2006-12-26,5.01
2006-12-27,5
2006-12-28,4.99
2006-12-29,4.99
2007-01-02,5
2007-01-03,4.97
2007-01-04,4.97
2007-01-05,4.94
2007-01-08,4.94
2007-01-09,4.95
2007-01-10,4.95
2007-01-11,4.98
2007-01-12,5.01
2007-01-15,5.03
2007-01-16,5.03
2007-01-17,5.03
2007-01-18,5.04
2007-01-19,5.02
2007-01-22,5.03
2007-01-23,5.05
2007-01-24,5.09
2007-01-25,5.09
2007-01-26,5.12
2007-01-29,5.1
2007-01-30,5.09
2007-01-31,5.07
2007-02-01,5.02
2007-02-02,5.05
2007-02-05,5.05
2007-02-06,5.02
2007-02-07,4.99
2007-02-08,4.98
2007-02-09,4.98
2007-02-12,4.98
2007-02-13,5
2007-02-14,4.98
2007-02-15,4.94
2007-02-16,4.94
2007-02-20,4.97
2007-02-21,4.95
2007-02-22,4.94
2007-02-23,4.93
2007-02-26,4.92
2007-02-27,4.94
2007-02-28,4.94
2007-03-02,4.94
2007-03-05,4.89
2007-03-06,4.91
2007-03-07,4.88
2007-03-08,4.89
2007-03-09,4.89
2007-03-12,4.92
2007-03-13,4.93
2007-03-14,4.9
2007-03-15,4.91
2007-03-16,4.88
2007-03-19,4.89
2007-03-20,4.89
2007-03-21,4.89
2007-03-22,4.86
2007-03-23,4.86
2007-03-26,4.87
2007-03-27,4.87
2007-03-28,4.85
2007-03-29,4.86
2007-03-30,4.86
2007-04-02,4.87
2007-04-03,4.89
2007-04-04,4.9
2007-04-05,4.9
2007-04-06,4.91
2007-04-09,4.97
2007-04-10,4.98
2007-04-11,5
2007-04-12,5
2007-04-13,5.01
2007-04-16,5.02
2007-04-17,5
2007-04-18,4.98
2007-04-19,4.98
2007-04-20,5.07
2007-04-23,5.05
2007-04-24,5.05
2007-04-25,5.06
2007-04-26,5.08
2007-04-27,5.1
2007-04-30,5.13
2007-05-02,5.1
2007-05-03,5.08
2007-05-04,5.08
2007-05-07,5.1
2007-05-08,5.12
2007-05-09,5.14
2007-05-10,5.15
2007-05-11,5.14
2007-05-14,5.14
2007-05-15,5.15
2007-05-16,5.14
2007-05-17,5.17
2007-05-18,5.2
2007-05-21,5.2
2007-05-22,5.2
2007-05-23,5.21
2007-05-25,5.2
2007-05-28,5.2
2007-05-29,5.19
2007-05-30,5.22
2007-05-31,5.21
2007-06-01,5.19
2007-06-04,5.19
2007-06-05,5.2
2007-06-07,5.24
2007-06-08,5.29
2007-06-11,5.31
2007-06-12,5.32
2007-06-13,5.3
2007-06-14,5.29
2007-06-15,5.29
2007-06-18,5.28
2007-06-19,5.28
2007-06-20,5.3
2007-06-21,5.36
2007-06-22,5.33
2007-06-25,5.3
2007-06-26,5.31
2007-06-27,5.28
2007-06-28,5.27
2007-06-29,5.31
2007-07-02,5.33
2007-07-03,5.34
2007-07-04,5.37
2007-07-05,5.4
2007-07-06,5.39
2007-07-09,5.4
2007-07-10,5.4
2007-07-11,5.38
2007-07-12,5.43
2007-07-13,5.47
2007-07-16,5.48
2007-07-18,5.47
2007-07-19,5.47
2007-07-20,5.48
2007-07-23,5.46
2007-07-24,5.48
2007-07-25,5.43
2007-07-26,5.39
2007-07-27,5.32
2007-07-30,5.35
2007-07-31,5.3
2007-08-01,5.23
2007-08-02,5.26
2007-08-03,5.26
2007-08-06,5.26
2007-08-07,5.29
2007-08-08,5.32
2007-08-09,5.38
2007-08-10,5.34
2007-08-13,5.36
2007-08-14,5.37
2007-08-16,5.33
2007-08-17,5.33
2007-08-20,5.36
2007-08-21,5.36
2007-08-22,5.38
2007-08-23,5.39
2007-08-24,5.4
2007-08-27,5.43
2007-08-28,5.47
2007-08-29,5.49
2007-08-30,5.46
2007-08-31,5.51
2007-09-03,5.53
2007-09-04,5.53
2007-09-05,5.53
2007-09-06,5.53
2007-09-07,5.48
2007-09-10,5.44
2007-09-11,5.48
2007-09-12,5.46
2007-09-13,5.46
2007-09-14,5.48
2007-09-17,5.48
2007-09-18,5.47
2007-09-19,5.47
2007-09-20,5.49
2007-09-21,5.51
2007-09-27,5.54
2007-09-28,5.54
2007-10-01,5.55
2007-10-02,5.54
2007-10-04,5.52
2007-10-05,5.5
2007-10-08,5.54
2007-10-09,5.57
2007-10-10,5.57
2007-10-11,5.56
2007-10-12,5.57
2007-10-15,5.6
2007-10-16,5.57
2007-10-17,5.55
2007-10-18,5.56
2007-10-19,5.52
2007-10-22,5.45
2007-10-23,5.46
2007-10-24,5.43
2007-10-25,5.47
2007-10-26,5.48
2007-10-29,5.49
2007-10-30,5.52
2007-10-31,5.55
2007-11-01,5.58
2007-11-02,5.54
2007-11-05,5.54
2007-11-06,5.53
2007-11-07,5.51
2007-11-08,5.44
2007-11-09,5.47
2007-11-12,5.51
2007-11-13,5.53
2007-11-14,5.56
2007-11-15,5.58
2007-11-16,5.62
2007-11-19,5.69
2007-11-20,5.73
2007-11-21,5.85
2007-11-22,5.85
2007-11-23,5.83
2007-11-26,5.88
2007-11-27,5.94
2007-11-28,6.1
2007-11-29,6.19
2007-11-30,6
2007-12-03,5.98
2007-12-04,6.03
2007-12-05,6.14
2007-12-06,6.14
2007-12-07,6.24
2007-12-10,6.24
2007-12-11,6.24
2007-12-12,6.22
2007-12-13,6.15
2007-12-14,6.15
2007-12-17,6.18
2007-12-18,6.18
2007-12-20,6.14
2007-12-21,6.14
2007-12-24,6.15
2007-12-26,6.13
2007-12-27,6.1
2007-12-28,6.1
2007-12-31,6.1
2008-01-02,6.18
2008-01-03,6.18
2008-01-04,6.13
2008-01-07,6.08
2008-01-08,6.04
2008-01-09,5.98
2008-01-10,5.9
2008-01-11,5.73
2008-01-14,5.74
2008-01-15,5.65
2008-01-16,5.6
2008-01-17,5.68
2008-01-18,5.6
2008-01-21,5.57
2008-01-22,5.5
2008-01-23,5.18
2008-01-24,5.2
2008-01-25,5.26
2008-01-28,5.15
2008-01-29,5.16
2008-01-30,5.16
2008-01-31,5.09
2008-02-01,5.1
2008-02-04,5.2
2008-02-05,5.18
2008-02-11,5.17
2008-02-12,5.14
2008-02-13,5.07
2008-02-14,5.05
2008-02-15,5.05
2008-02-18,5.02
2008-02-19,5.05
2008-02-20,5.03
2008-02-21,5.11
2008-02-22,5.05
2008-02-25,5.09
2008-02-26,5.09
2008-02-27,5.07
2008-02-28,5.04
2008-02-29,5
2008-03-03,4.95
2008-03-04,4.96
2008-03-05,4.94
2008-03-06,4.96
2008-03-07,5
2008-03-10,5.14
2008-03-11,5.16
2008-03-12,5.17
2008-03-13,5.3
2008-03-14,5.3
2008-03-17,5.4
2008-03-18,5.24
2008-03-19,5.35
2008-03-20,5.3
2008-03-21,5.29
2008-03-24,5.41
2008-03-25,5.4
2008-03-26,5.4
2008-03-27,5.3
2008-03-28,5.3
2008-03-31,5.25
2008-04-01,5.28
2008-04-02,5.25
2008-04-03,5.29
2008-04-04,5.29
2008-04-07,5.26
2008-04-08,5.16
2008-04-10,5.03
2008-04-11,5.07
2008-04-14,5.08
2008-04-15,5.07
2008-04-16,5.07
2008-04-17,5.08
2008-04-18,5.12
2008-04-21,5.11
2008-04-22,5.08
2008-04-23,5.1
2008-04-24,5.07
2008-04-25,5.08
2008-04-28,5.07
2008-04-29,5.06
2008-04-30,5.03
2008-05-02,5.04
2008-05-06,5.05
2008-05-07,5.09
2008-05-08,5.35
2008-05-09,5.35
2008-05-13,5.43
2008-05-14,5.4
2008-05-15,5.39
2008-05-16,5.44
2008-05-19,5.57
2008-05-20,5.44
2008-05-21,5.47
2008-05-22,5.42
2008-05-23,5.46
2008-05-26,5.48
2008-05-27,5.44
2008-05-28,5.45
2008-05-29,5.51
2008-05-30,5.53
2008-06-02,5.61
2008-06-03,5.61
2008-06-04,5.59
2008-06-05,5.59
2008-06-09,5.77
2008-06-10,5.88
2008-06-11,5.84
2008-06-12,5.84
2008-06-13,5.84
2008-06-16,5.81
2008-06-17,5.77
2008-06-18,5.79
2008-06-19,5.76
2008-06-20,5.82
2008-06-23,5.98
2008-06-24,5.97
2008-06-25,5.95
2008-06-26,5.87
2008-06-27,5.9
2008-06-30,6.02
2008-07-01,6
2008-07-02,6.1
2008-07-03,6.19
2008-07-04,6.18
2008-07-07,6.18
2008-07-08,6.15
2008-07-09,6.1
2008-07-10,6.14
2008-07-11,6.3
2008-07-14,6.36
2008-07-15,6.33
2008-07-16,6.32
2008-07-17,6.22
2008-07-18,6.17
2008-07-21,6.27
2008-07-22,6.1
2008-07-23,6.05
2008-07-24,6.02
2008-07-25,5.99
2008-07-28,6.07
2008-07-29,6.02
2008-07-30,5.97
2008-07-31,6.01
2008-08-01,5.95
2008-08-04,6.02
2008-08-05,5.98
2008-08-06,5.92
2008-08-07,5.88
2008-08-08,5.93
2008-08-11,5.97
2008-08-12,6.01
2008-08-13,6.01
2008-08-14,6.09
2008-08-18,6.12
2008-08-19,6.02
2008-08-20,5.96
2008-08-21,5.95
2008-08-22,6.05
2008-08-25,6.11
2008-08-26,6.08
2008-08-27,6.06
2008-08-28,6.03
2008-08-29,6.04
2008-09-01,6.15
2008-09-02,6.22
2008-09-03,6.15
2008-09-04,6.09
2008-09-05,6.09
2008-09-08,6.04
2008-09-09,6.03
2008-09-10,6
2008-09-11,5.92
2008-09-12,5.87
2008-09-16,5.67
2008-09-17,5.77
2008-09-18,6.07
2008-09-19,5.99
2008-09-22,6.05
2008-09-23,6.07
2008-09-24,6.1
2008-09-25,6.13
2008-09-26,6.22
2008-09-29,6.18
2008-09-30,5.95
2008-10-01,5.97
2008-10-02,5.92
2008-10-06,6
2008-10-07,5.85
2008-10-08,5.87
2008-10-09,5.62
2008-10-10,5.56
2008-10-13,5.63
2008-10-14,5.63
2008-10-15,5.61
2008-10-16,5.75
2008-10-17,5.63
2008-10-20,5.65
2008-10-21,5.62
2008-10-22,5.32
2008-10-23,5.36
2008-10-24,5.42
2008-10-27,5.14
2008-10-28,5.31
2008-10-29,5.36
2008-10-30,5.36
2008-10-31,5.39
2008-11-03,5.43
2008-11-04,5.35
2008-11-05,5.27
2008-11-06,5.13
2008-11-07,5.2
2008-11-10,5.42
2008-11-11,5.42
2008-11-12,5.37
2008-11-13,5.61
2008-11-14,5.78
2008-11-17,5.61
2008-11-18,5.71
2008-11-19,5.5
2008-11-20,5.48
2008-11-21,5.32
2008-11-24,5.36
2008-11-25,5.35
2008-11-26,5.23
2008-11-27,5.22
2008-11-28,5.24
2008-12-01,5.11
2008-12-02,4.97
2008-12-03,4.79
2008-12-04,4.84
2008-12-05,4.68
2008-12-08,4.7
2008-12-09,4.62
2008-12-10,4.66
2008-12-11,4.28
2008-12-12,4.14
2008-12-15,4.07
2008-12-16,3.92
2008-12-17,3.91
2008-12-18,3.92
2008-12-19,3.97
2008-12-22,4.03
2008-12-23,4.02
2008-12-24,3.89
2008-12-26,3.8
2008-12-29,3.72
2008-12-30,3.5
2008-12-31,3.5
2009-01-02,3.47
2009-01-05,3.26
2009-01-06,3.24
2009-01-07,3.33
2009-01-08,3.1
2009-01-09,3.34
2009-01-12,3.34
2009-01-13,3.3
2009-01-14,3.17
2009-01-15,3.33
2009-01-16,3.37
2009-01-19,3.18
2009-01-20,3.2
2009-01-21,3.11
2009-01-22,3.1
2009-01-23,3.07
2009-01-28,3.02
2009-01-29,3.06
2009-01-30,3.11
2009-02-02,3.25
2009-02-03,3.31
2009-02-04,3.2
2009-02-05,3.27
2009-02-06,3.19
2009-02-09,3.17
2009-02-10,3.15
2009-02-11,3.05
2009-02-12,2.94
2009-02-13,2.79
2009-02-16,2.84
2009-02-17,3.09
2009-02-18,2.95
2009-02-19,2.95
2009-02-20,3.05
2009-02-23,3.15
2009-02-24,3.3
2009-02-25,3.45
2009-02-26,3.39
2009-02-27,3.33
2009-03-02,3.3
2009-03-03,3.15
2009-03-04,3.07
2009-03-05,3.1
2009-03-06,3.04
2009-03-09,3.09
2009-03-10,3.03
2009-03-11,3.09
2009-03-12,3.05
2009-03-13,3.12
2009-03-16,3.16
2009-03-17,3.19
2009-03-18,3.25
2009-03-19,3.28
2009-03-20,3.3
2009-03-23,3.4
2009-03-24,3.45
2009-03-25,3.38
2009-03-26,3.39
2009-03-27,3.39
2009-03-30,3.46
2009-03-31,3.49
2009-04-01,3.4
2009-04-02,3.38
2009-04-03,3.39
2009-04-06,3.45
2009-04-07,3.45
2009-04-08,3.41
2009-04-09,3.41
2009-04-10,3.41
2009-04-13,3.44
2009-04-14,3.38
2009-04-15,3.35
2009-04-16,3.36
2009-04-17,3.31
2009-04-20,3.29
2009-04-21,3.3
2009-04-22,3.34
2009-04-23,3.34
2009-04-24,3.26
2009-04-27,3.28
2009-04-28,3.23
2009-04-29,3.25
2009-04-30,3.32
2009-05-04,3.46
2009-05-06,3.47
2009-05-07,3.56
2009-05-08,3.56
2009-05-11,3.62
2009-05-12,3.55
2009-05-13,3.54
2009-05-14,3.45
2009-05-15,3.46
2009-05-18,3.42
2009-05-19,3.5
2009-05-20,3.5
2009-05-21,3.48
2009-05-22,3.47
2009-05-25,3.46
2009-05-26,3.45
2009-05-27,3.48
2009-05-28,3.53
2009-05-29,3.51
2009-06-01,3.48
2009-06-02,3.51
2009-06-03,3.5
2009-06-04,3.48
2009-06-05,3.48
2009-06-08,3.67
2009-06-09,3.78
2009-06-10,3.82
2009-06-11,4.07
2009-06-12,4.19
2009-06-15,4.19
2009-06-16,4.2
2009-06-17,4.2
2009-06-18,4.1
2009-06-19,4.01
2009-06-22,3.98
2009-06-23,3.89
2009-06-24,3.85
2009-06-25,3.99
2009-06-26,3.97
2009-06-29,3.94
2009-06-30,4
2009-07-01,3.97
2009-07-02,3.95
2009-07-03,3.9
2009-07-06,3.92
2009-07-07,4
2009-07-08,3.9
2009-07-09,3.76
2009-07-10,3.67
2009-07-13,3.69
2009-07-14,3.67
2009-07-15,3.68
2009-07-16,3.7
2009-07-17,3.83
2009-07-20,3.9
2009-07-21,3.9
2009-07-22,3.93
2009-07-23,3.88
2009-07-24,3.85
2009-07-27,3.86
2009-07-28,3.87
2009-07-29,3.9
2009-07-30,3.88
2009-07-31,4
2009-08-03,4.1
2009-08-04,4.09
2009-08-05,4.16
2009-08-06,4.25
2009-08-07,4.26
2009-08-10,4.26
2009-08-11,4.21
2009-08-12,4.24
2009-08-13,4.3
2009-08-14,4.4
2009-08-17,4.29
2009-08-18,4.36
2009-08-19,4.28
2009-08-20,4.32
2009-08-21,4.36
2009-08-24,4.44
2009-08-25,4.38
2009-08-26,4.33
2009-08-27,4.28
2009-08-28,4.34
2009-08-31,4.38
2009-09-01,4.4
2009-09-02,4.33
2009-09-03,4.3
2009-09-04,4.31
2009-09-07,4.33
2009-09-08,4.31
2009-09-09,4.26
2009-09-10,4.5
2009-09-11,4.49
2009-09-14,4.5
2009-09-15,4.45
2009-09-16,4.38
2009-09-17,4.39
2009-09-18,4.38
2009-09-21,4.47
2009-09-22,4.53
2009-09-23,4.52
2009-09-24,4.51
2009-09-25,4.51
2009-09-28,4.55
2009-09-29,4.58
2009-09-30,4.48
2009-10-01,4.46
2009-10-05,4.44
2009-10-06,4.56
2009-10-07,4.61
2009-10-08,4.58
2009-10-09,4.42
2009-10-12,4.39
2009-10-13,4.36
2009-10-14,4.37
2009-10-15,4.44
2009-10-16,4.61
2009-10-19,4.6
2009-10-20,4.64
2009-10-21,4.6
2009-10-22,4.64
2009-10-23,4.69
2009-10-26,4.72
2009-10-27,4.63
2009-10-28,4.62
2009-10-29,4.59
2009-10-30,4.59
2009-11-02,4.58
2009-11-03,4.56
2009-11-04,4.58
2009-11-05,4.52
2009-11-06,4.52
2009-11-09,4.54
2009-11-10,4.49
2009-11-11,4.43
2009-11-12,4.35
2009-11-13,4.28
2009-11-16,4.31
2009-11-17,4.26
2009-11-18,4.27
2009-11-19,4.25
2009-11-20,4.28
2009-11-23,4.33
2009-11-24,4.3
2009-11-25,4.25
2009-11-26,4.18
2009-11-27,4.03
2009-11-30,4.07
2009-12-01,4.02
2009-12-02,4.18
2009-12-03,4.16
2009-12-04,4.18
2009-12-07,4.24
2009-12-08,4.17
2009-12-09,4.13
2009-12-10,4.27
2009-12-11,4.26
2009-12-14,4.3
2009-12-15,4.25
2009-12-16,4.32
2009-12-17,4.31
2009-12-18,4.27
2009-12-21,4.28
2009-12-22,4.38
2009-12-23,4.33
2009-12-24,4.38
2009-12-28,4.4
2009-12-29,4.43
2009-12-30,4.44
2009-12-31,4.44
2010-01-04,4.49
2010-01-05,4.38
2010-01-06,4.44
2010-01-07,4.33
2010-01-08,4.31
2010-01-11,4.18
2010-01-12,4.17
2010-01-13,4.19
2010-01-14,4.18
2010-01-15,4.2
2010-01-18,4.25
2010-01-19,4.21
2010-01-20,4.21
2010-01-21,4.21
2010-01-22,4.18
2010-01-25,4.18
2010-01-26,4.11
2010-01-27,4.13
2010-01-28,4.2
2010-01-29,4.1
2010-02-01,4.12
2010-02-02,4.06
2010-02-03,4.11
2010-02-04,4.08
2010-02-05,4.11
2010-02-08,4.16
2010-02-09,4.13
2010-02-10,4.1
2010-02-11,4.02
2010-02-12,3.94
2010-02-16,3.95
2010-02-17,3.96
2010-02-18,3.97
2010-02-19,4.09
2010-02-22,4.12
2010-02-23,4.08
2010-02-24,4.05
2010-02-25,4
2010-02-26,4.01
2010-03-02,4.01
2010-03-03,3.98
2010-03-04,3.99
2010-03-05,4
2010-03-08,4.01
2010-03-09,3.98
2010-03-10,3.96
2010-03-11,3.82
2010-03-12,3.77
2010-03-15,3.76
2010-03-16,3.68
2010-03-17,3.61
2010-03-18,3.56
2010-03-19,3.57
2010-03-22,3.55
2010-03-23,3.68
2010-03-24,3.7
2010-03-25,3.6
2010-03-26,3.59
2010-03-29,3.64
2010-03-30,3.62
2010-03-31,3.59
2010-04-01,3.5
2010-04-02,3.46
2010-04-05,3.52
2010-04-06,3.55
2010-04-07,3.59
2010-04-08,3.52
2010-04-09,3.51
2010-04-12,3.57
2010-04-13,3.56
2010-04-14,3.58
2010-04-15,3.53
2010-04-16,3.5
2010-04-19,3.52
2010-04-20,3.53
2010-04-21,3.57
2010-04-22,3.56
2010-04-23,3.57
2010-04-26,3.57
2010-04-27,3.51
2010-04-28,3.48
2010-04-29,3.43
2010-04-30,3.48
2010-05-03,3.6
2010-05-04,3.64
2010-05-06,3.69
2010-05-07,3.61
2010-05-10,3.62
2010-05-11,3.56
2010-05-12,3.7
2010-05-13,3.71
2010-05-14,3.67
2010-05-17,3.67
2010-05-18,3.69
2010-05-19,3.72
2010-05-20,3.7
2010-05-24,3.62
2010-05-25,3.55
2010-05-26,3.57
2010-05-27,3.58
2010-05-28,3.62
2010-05-31,3.62
2010-06-01,3.66
2010-06-03,3.7
2010-06-04,3.71
2010-06-07,3.65
2010-06-08,3.63
2010-06-09,3.61
2010-06-10,3.64
2010-06-11,3.67
2010-06-14,3.7
2010-06-15,3.73
2010-06-16,3.74
2010-06-17,3.72
2010-06-18,3.74
2010-06-21,3.87
2010-06-22,3.9
2010-06-23,3.92
2010-06-24,3.9
2010-06-25,3.89
2010-06-28,3.93
2010-06-29,3.88
2010-06-30,3.82
2010-07-01,3.76
2010-07-02,3.77
2010-07-05,3.8
2010-07-06,3.8
2010-07-07,3.86
2010-07-08,3.89
2010-07-09,3.88
2010-07-12,3.89
2010-07-13,3.88
2010-07-14,3.88
2010-07-15,3.84
2010-07-16,3.82
2010-07-19,3.83
2010-07-20,3.84
2010-07-21,3.8
2010-07-22,3.74
2010-07-23,3.76
2010-07-26,3.79
2010-07-27,3.77
2010-07-28,3.77
2010-07-29,3.74
2010-07-30,3.73
2010-08-02,3.77
2010-08-03,3.77
2010-08-04,3.79
2010-08-05,3.82
2010-08-06,3.84
2010-08-09,3.86
2010-08-10,3.85
2010-08-11,3.77
2010-08-12,3.68
2010-08-13,3.66
2010-08-16,3.67
2010-08-17,3.69
2010-08-18,3.66
2010-08-19,3.64
2010-08-20,3.62
2010-08-23,3.63
2010-08-24,3.59
2010-08-25,3.57
2010-08-26,3.55
2010-08-27,3.56
2010-08-30,3.59
2010-08-31,3.56
2010-09-01,3.65
2010-09-02,3.6
2010-09-03,3.62
2010-09-06,3.65
2010-09-07,3.6
2010-09-08,3.58
2010-09-09,3.32
2010-09-10,3.36
2010-09-13,3.38
2010-09-14,3.33
2010-09-15,3.37
2010-09-16,3.33
2010-09-17,3.38
2010-09-20,3.43
2010-09-24,3.38
2010-09-27,3.36
2010-09-28,3.35
2010-09-29,3.34
2010-09-30,3.31
2010-10-01,3.26
2010-10-04,3.32
2010-10-05,3.3
2010-10-06,3.29
2010-10-07,3.28
2010-10-08,3.25
2010-10-11,3.26
2010-10-12,3.24
2010-10-13,3.27
2010-10-14,3.07
2010-10-15,3.04
2010-10-18,3.05
2010-10-19,3.18
2010-10-20,3.25
2010-10-21,3.29
2010-10-22,3.25
2010-10-25,3.29
2010-10-26,3.27
2010-10-27,3.3
2010-10-28,3.26
2010-10-29,3.28
2010-11-01,3.39
2010-11-02,3.44
2010-11-03,3.47
2010-11-04,3.55
2010-11-05,3.65
2010-11-08,3.62
2010-11-09,3.62
2010-11-10,3.59
2010-11-11,3.57
2010-11-12,3.54
2010-11-15,3.55
2010-11-16,3.43
2010-11-17,3.43
2010-11-18,3.38
2010-11-19,3.36
2010-11-22,3.39
2010-11-23,3.44
2010-11-24,3.38
2010-11-25,3.36
2010-11-26,3.39
2010-11-29,3.33
2010-11-30,3.3
2010-12-01,3.36
2010-12-02,3.34
2010-12-03,3.31
2010-12-06,3.28
2010-12-07,3.28
2010-12-08,3.33
2010-12-09,3.34
2010-12-10,3.32
2010-12-13,3.41
2010-12-14,3.44
2010-12-15,3.56
2010-12-16,3.52
2010-12-17,3.54
2010-12-20,3.54
2010-12-21,3.45
2010-12-22,3.39
2010-12-23,3.39
2010-12-24,3.4
2010-12-27,3.47
2010-12-28,3.48
2010-12-29,3.46
2010-12-30,3.47
2010-12-31,3.47
2011-01-03,3.51
2011-01-04,3.54
2011-01-05,3.51
2011-01-06,3.54
2011-01-07,3.54
2011-01-10,3.54
2011-01-11,3.57
2011-01-12,3.53
2011-01-13,3.63
2011-01-14,3.7
2011-01-17,3.76
2011-01-18,3.72
2011-01-19,3.83
2011-01-20,3.84
2011-01-21,3.85
2011-01-24,3.9
2011-01-25,3.91
2011-01-26,3.9
2011-01-27,3.89
2011-01-28,3.91
2011-01-31,3.98
2011-02-01,4.02
2011-02-07,4.12
2011-02-08,4.06
2011-02-09,4
2011-02-10,3.97
2011-02-11,3.92
2011-02-14,3.96
2011-02-15,3.94
2011-02-16,3.92
2011-02-17,3.96
2011-02-18,3.95
2011-02-21,3.98
2011-02-22,3.92
2011-02-23,3.92
2011-02-24,3.85
2011-02-25,3.89
2011-02-28,3.89
2011-03-02,3.9
2011-03-03,3.98
2011-03-04,3.98
2011-03-07,3.96
2011-03-08,3.93
2011-03-09,3.89
2011-03-10,3.77
2011-03-11,3.76
2011-03-14,3.7
2011-03-15,3.65
2011-03-16,3.73
2011-03-17,3.75
2011-03-18,3.73
2011-03-21,3.78
2011-03-22,3.75
2011-03-23,3.72
2011-03-24,3.74
2011-03-25,3.78
2011-03-28,3.8
2011-03-29,3.79
2011-03-30,3.81
2011-03-31,3.8
2011-04-01,3.77
2011-04-04,3.77
2011-04-05,3.78
2011-04-06,3.78
2011-04-07,3.78
2011-04-08,3.84
2011-04-11,3.84
2011-04-12,3.79
2011-04-13,3.8
2011-04-14,3.79
2011-04-15,3.79
2011-04-18,3.78
2011-04-19,3.8
2011-04-20,3.84
2011-04-21,3.87
2011-04-22,3.88
2011-04-25,3.92
2011-04-26,3.91
2011-04-27,3.91
2011-04-28,3.89
2011-04-29,3.88
2011-05-02,3.87
2011-05-03,3.88
2011-05-04,3.88
2011-05-06,3.85
2011-05-09,3.85
2011-05-11,3.81
2011-05-12,3.77
2011-05-13,3.75
2011-05-16,3.71
2011-05-17,3.74
2011-05-18,3.74
2011-05-19,3.74
2011-05-20,3.74
2011-05-23,3.71
2011-05-24,3.7
2011-05-25,3.69
2011-05-26,3.74
2011-05-27,3.73
2011-05-30,3.72
2011-05-31,3.72
2011-06-01,3.75
2011-06-02,3.7
2011-06-03,3.7
2011-06-07,3.65
2011-06-08,3.65
2011-06-09,3.69
2011-06-10,3.75
2011-06-13,3.77
2011-06-14,3.8
2011-06-15,3.77
2011-06-16,3.74
2011-06-17,3.79
2011-06-20,3.78
2011-06-21,3.8
2011-06-22,3.79
2011-06-23,3.79
2011-06-24,3.82
2011-06-27,3.83
2011-06-28,3.83
2011-06-29,3.87
2011-06-30,3.85
2011-07-01,3.87
2011-07-04,3.88
2011-07-05,3.87
2011-07-06,3.88
2011-07-07,3.88
2011-07-08,3.94
2011-07-11,3.9
2011-07-12,3.81
2011-07-13,3.82
2011-07-14,3.81
2011-07-15,3.79
2011-07-18,3.8
2011-07-19,3.82
2011-07-20,3.85
2011-07-21,3.85
2011-07-22,3.88
2011-07-25,3.92
2011-07-26,3.94
2011-07-27,3.92
2011-07-28,3.9
2011-07-29,3.94
2011-08-01,3.97
2011-08-02,3.93
2011-08-03,3.89
2011-08-04,3.85
2011-08-05,3.71
2011-08-08,3.67
2011-08-09,3.64
2011-08-10,3.54
2011-08-11,3.59
2011-08-12,3.57
2011-08-16,3.58
2011-08-17,3.62
2011-08-18,3.64
2011-08-19,3.59
2011-08-22,3.59
2011-08-23,3.61
2011-08-24,3.58
2011-08-25,3.58
2011-08-26,3.6
2011-08-29,3.64
2011-08-30,3.61
2011-08-31,3.61
2011-09-01,3.57
2011-09-02,3.57
2011-09-05,3.49
2011-09-06,3.47
2011-09-07,3.56
2011-09-08,3.5
2011-09-09,3.47
2011-09-14,3.41
2011-09-15,3.47
2011-09-16,3.5
2011-09-19,3.61
2011-09-20,3.59
2011-09-21,3.6
2011-09-22,3.6
2011-09-23,3.56
2011-09-26,3.61
2011-09-27,3.58
2011-09-28,3.65
2011-09-29,3.68
2011-09-30,3.69
2011-10-04,3.62
2011-10-05,3.59
2011-10-06,3.55
2011-10-07,3.54
2011-10-10,3.59
2011-10-11,3.59
2011-10-12,3.53
2011-10-13,3.51
2011-10-14,3.52
2011-10-17,3.57
2011-10-18,3.57
2011-10-19,3.58
2011-10-20,3.57
2011-10-21,3.62
2011-10-24,3.65
2011-10-25,3.65
2011-10-26,3.62
2011-10-27,3.65
2011-10-28,3.66
2011-10-31,3.63
2011-11-01,3.61
2011-11-02,3.6
2011-11-03,3.57
2011-11-04,3.57
2011-11-07,3.55
2011-11-08,3.54
2011-11-09,3.53
2011-11-10,3.47
2011-11-11,3.51
2011-11-14,3.53
2011-11-15,3.5
2011-11-16,3.48
2011-11-17,3.5
2011-11-18,3.49
2011-11-21,3.5
2011-11-22,3.52
2011-11-23,3.49
2011-11-24,3.51
2011-11-25,3.54
2011-11-28,3.56
2011-11-29,3.55
2011-11-30,3.5
2011-12-01,3.51
2011-12-02,3.5
2011-12-05,3.49
2011-12-06,3.48
2011-12-07,3.47
2011-12-08,3.48
2011-12-09,3.48
2011-12-12,3.47
2011-12-13,3.46
2011-12-14,3.46
2011-12-15,3.45
2011-12-16,3.45
2011-12-19,3.52
2011-12-20,3.48
2011-12-21,3.47
2011-12-22,3.49
2011-12-23,3.5
2011-12-26,3.53
2011-12-27,3.53
2011-12-28,3.54
2011-12-29,3.5
2011-12-30,3.5
2012-01-02,3.48
2012-01-03,3.48
2012-01-04,3.48
2012-01-05,3.47
2012-01-06,3.48
2012-01-09,3.51
2012-01-10,3.51
2012-01-11,3.5
2012-01-12,3.5
2012-01-13,3.48
2012-01-16,3.46
2012-01-17,3.48
2012-01-18,3.47
2012-01-19,3.47
2012-01-20,3.49
2012-01-25,3.51
2012-01-26,3.5
2012-01-27,3.49
2012-01-30,3.47
2012-01-31,3.49
2012-02-01,3.47
2012-02-02,3.47
2012-02-03,3.47
2012-02-06,3.48
2012-02-07,3.5
2012-02-08,3.52
2012-02-09,3.52
2012-02-10,3.5
2012-02-13,3.53
2012-02-14,3.52
2012-02-15,3.52
2012-02-16,3.49
2012-02-17,3.51
2012-02-20,3.52
2012-02-21,3.52
2012-02-22,3.52
2012-02-23,3.51
2012-02-24,3.52
2012-02-27,3.52
2012-02-28,3.5
2012-02-29,3.52
2012-03-02,3.54
2012-03-05,3.56
2012-03-06,3.55
2012-03-07,3.55
2012-03-08,3.53
2012-03-09,3.54
2012-03-12,3.52
2012-03-13,3.52
2012-03-14,3.55
2012-03-15,3.59
2012-03-16,3.6
2012-03-19,3.62
2012-03-20,3.61
2012-03-21,3.64
2012-03-22,3.65
2012-03-23,3.66
2012-03-26,3.66
2012-03-27,3.67
2012-03-28,3.62
2012-03-29,3.6
2012-03-30,3.58
2012-04-02,3.6
2012-04-03,3.58
2012-04-04,3.57
2012-04-05,3.56
2012-04-06,3.54
2012-04-09,3.51
2012-04-10,3.51
2012-04-12,3.5
2012-04-13,3.49
2012-04-16,3.48
2012-04-17,3.48
2012-04-18,3.51
2012-04-19,3.51
2012-04-20,3.5
2012-04-23,3.51
2012-04-24,3.51
2012-04-25,3.53
2012-04-26,3.53
2012-04-27,3.5
2012-04-30,3.49
2012-05-02,3.5
2012-05-03,3.47
2012-05-04,3.45
2012-05-07,3.41
2012-05-08,3.41
2012-05-09,3.39
2012-05-10,3.41
2012-05-11,3.39
2012-05-14,3.41
2012-05-15,3.41
2012-05-16,3.41
2012-05-17,3.42
2012-05-18,3.38
2012-05-21,3.4
2012-05-22,3.38
2012-05-23,3.37
2012-05-24,3.37
2012-05-25,3.37
2012-05-29,3.38
2012-05-30,3.37
2012-05-31,3.34
2012-06-01,3.31
2012-06-04,3.27
2012-06-05,3.3
2012-06-07,3.3
2012-06-08,3.26
2012-06-11,3.31
2012-06-12,3.29
2012-06-13,3.29
2012-06-14,3.27
2012-06-15,3.25
2012-06-18,3.28
2012-06-19,3.28
2012-06-20,3.29
2012-06-21,3.29
2012-06-22,3.28
2012-06-25,3.28
2012-06-26,3.28
2012-06-27,3.28
2012-06-28,3.28
2012-06-29,3.3
2012-07-02,3.3
2012-07-03,3.29
2012-07-04,3.28
2012-07-05,3.27
2012-07-06,3.24
2012-07-09,3.21
2012-07-10,3.22
2012-07-11,3.19
2012-07-12,2.96
2012-07-13,2.94
2012-07-16,2.95
2012-07-17,2.92
2012-07-18,2.9
2012-07-19,2.91
2012-07-20,2.88
2012-07-23,2.83
2012-07-24,2.84
2012-07-25,2.79
2012-07-26,2.82
2012-07-27,2.88
2012-07-30,2.87
2012-07-31,2.86
2012-08-01,2.83
2012-08-02,2.78
2012-08-03,2.77
2012-08-06,2.78
2012-08-07,2.77
2012-08-08,2.76
2012-08-09,2.82
2012-08-10,2.8
2012-08-13,2.83
2012-08-14,2.89
2012-08-16,2.97
2012-08-17,2.94
2012-08-20,2.96
2012-08-21,2.92
2012-08-22,2.93
2012-08-23,2.9
2012-08-24,2.85
2012-08-27,2.84
2012-08-28,2.84
2012-08-29,2.82
2012-08-30,2.81
2012-08-31,2.8
2012-09-03,2.78
2012-09-04,2.79
2012-09-05,2.76
2012-09-06,2.77
2012-09-07,2.83
2012-09-10,2.82
2012-09-11,2.8
2012-09-12,2.82
2012-09-13,2.89
2012-09-14,2.88
2012-09-17,2.91
2012-09-18,2.88
2012-09-19,2.9
2012-09-20,2.84
2012-09-21,2.86
2012-09-24,2.84
2012-09-25,2.83
2012-09-26,2.83
2012-09-27,2.85
2012-09-28,2.83
2012-10-02,2.79
2012-10-04,2.77
2012-10-05,2.78
2012-10-08,2.78
2012-10-09,2.78
2012-10-10,2.73
2012-10-11,2.76
2012-10-12,2.79
2012-10-15,2.78
2012-10-16,2.82
2012-10-17,2.84
2012-10-18,2.85
2012-10-19,2.83
2012-10-22,2.86
2012-10-23,2.84
2012-10-24,2.83
2012-10-25,2.83
2012-10-26,2.8
2012-10-29,2.81
2012-10-30,2.8
2012-10-31,2.79
2012-11-01,2.78
2012-11-02,2.79
2012-11-05,2.81
2012-11-06,2.78
2012-11-07,2.78
2012-11-08,2.76
2012-11-09,2.79
2012-11-12,2.79
2012-11-13,2.77
2012-11-14,2.78
2012-11-15,2.78
2012-11-16,2.77
2012-11-19,2.79
2012-11-20,2.8
2012-11-21,2.8
2012-11-22,2.82
2012-11-23,2.84
2012-11-26,2.82
2012-11-27,2.84
2012-11-28,2.82
2012-11-29,2.82
2012-11-30,2.83
2012-12-03,2.83
2012-12-04,2.83
2012-12-05,2.86
2012-12-06,2.83
2012-12-07,2.81
2012-12-10,2.83
2012-12-11,2.83
2012-12-12,2.83
2012-12-13,2.85
2012-12-14,2.85
2012-12-17,2.86
2012-12-18,2.88
2012-12-20,2.86
2012-12-21,2.84
2012-12-24,2.85
2012-12-26,2.86
2012-12-27,2.85
2012-12-28,2.82
2012-12-31,2.82
2013-01-02,2.81
2013-01-03,2.76
2013-01-04,2.74
2013-01-07,2.75
2013-01-08,2.73
2013-01-09,2.74
2013-01-10,2.7
2013-01-11,2.75
2013-01-14,2.76
2013-01-15,2.74
2013-01-16,2.74
2013-01-17,2.73
2013-01-18,2.75
2013-01-21,2.74
2013-01-22,2.73
2013-01-23,2.72
2013-01-24,2.72
2013-01-25,2.72
2013-01-28,2.74
2013-01-29,2.75
2013-01-30,2.77
2013-01-31,2.76
2013-02-01,2.76
2013-02-04,2.76
2013-02-05,2.75
2013-02-06,2.72
2013-02-07,2.72
2013-02-08,2.71
2013-02-12,2.69
2013-02-13,2.71
2013-02-14,2.71
2013-02-15,2.7
2013-02-18,2.7
2013-02-19,2.68
2013-02-20,2.7
2013-02-21,2.68
2013-02-22,2.69
2013-02-25,2.68
2013-02-26,2.66
2013-02-27,2.64
2013-02-28,2.65
2013-03-04,2.64
2013-03-05,2.63
2013-03-06,2.65
2013-03-07,2.67
2013-03-08,2.67
2013-03-11,2.67
2013-03-12,2.62
2013-03-13,2.62
2013-03-14,2.62
2013-03-15,2.61
2013-03-18,2.6
2013-03-19,2.6
2013-03-20,2.61
2013-03-21,2.6
2013-03-22,2.59
2013-03-25,2.6
2013-03-26,2.6
2013-03-27,2.61
2013-03-28,2.49
2013-03-29,2.54
2013-04-01,2.5
2013-04-02,2.48
2013-04-03,2.48
2013-04-04,2.48
2013-04-05,2.44
2013-04-08,2.47
2013-04-09,2.49
2013-04-10,2.48
2013-04-11,2.63
2013-04-12,2.67
2013-04-15,2.67
2013-04-16,2.63
2013-04-17,2.64
2013-04-18,2.61
2013-04-19,2.63
2013-04-22,2.65
2013-04-23,2.63
2013-04-24,2.64
2013-04-25,2.59
2013-04-26,2.55
2013-04-29,2.55
2013-04-30,2.53
2013-05-02,2.48
2013-05-03,2.5
2013-05-06,2.6
2013-05-07,2.58
2013-05-08,2.59
2013-05-09,2.58
2013-05-10,2.57
2013-05-13,2.58
2013-05-14,2.57
2013-05-15,2.57
2013-05-16,2.57
2013-05-20,2.61
2013-05-21,2.61
2013-05-22,2.61
2013-05-23,2.61
2013-05-24,2.62
2013-05-27,2.61
2013-05-28,2.64
2013-05-29,2.73
2013-05-30,2.73
2013-05-31,2.77
2013-06-03,2.75
2013-06-04,2.76
2013-06-05,2.77
2013-06-07,2.72
2013-06-10,2.75
2013-06-11,2.76
2013-06-12,2.83
2013-06-13,2.77
2013-06-14,2.72
2013-06-17,2.77
2013-06-18,2.73
2013-06-19,2.79
2013-06-20,2.88
2013-06-21,2.94
2013-06-24,2.99
2013-06-25,2.89
2013-06-26,2.88
2013-06-27,2.89
2013-06-28,2.83
2013-07-01,2.92
2013-07-02,2.86
2013-07-03,2.85
2013-07-04,2.83
2013-07-05,2.84
2013-07-08,2.86
2013-07-09,2.85
2013-07-10,2.81
2013-07-11,2.74
2013-07-12,2.75
2013-07-15,2.78
2013-07-16,2.78
2013-07-17,2.79
2013-07-18,2.76
2013-07-19,2.75
2013-07-22,2.76
2013-07-23,2.79
2013-07-24,2.8
2013-07-25,2.84
2013-07-26,2.83
2013-07-29,2.8
2013-07-30,2.81
2013-07-31,2.82
2013-08-01,2.81
2013-08-02,2.83
2013-08-05,2.79
2013-08-06,2.79
2013-08-07,2.8
2013-08-08,2.78
2013-08-09,2.78
2013-08-12,2.78
2013-08-13,2.81
2013-08-14,2.84
2013-08-16,2.84
2013-08-19,2.85
2013-08-20,2.8
2013-08-21,2.83
2013-08-22,2.86
2013-08-23,2.84
2013-08-26,2.82
2013-08-27,2.83
2013-08-28,2.83
2013-08-29,2.81
2013-08-30,2.79
2013-09-02,2.82
2013-09-03,2.83
2013-09-04,2.84
2013-09-05,2.9
2013-09-06,2.9
2013-09-09,2.87
2013-09-10,2.9
2013-09-11,2.87
2013-09-12,2.85
2013-09-13,2.86
2013-09-16,2.82
2013-09-17,2.79
2013-09-23,2.75
2013-09-24,2.78
2013-09-25,2.8
2013-09-26,2.81
2013-09-27,2.78
2013-09-30,2.78
2013-10-01,2.8
2013-10-02,2.79
2013-10-04,2.79
2013-10-07,2.79
2013-10-08,2.8
2013-10-10,2.8
2013-10-11,2.79
2013-10-14,2.81
2013-10-15,2.8
2013-10-16,2.79
2013-10-17,2.78
2013-10-18,2.77
2013-10-21,2.78
2013-10-22,2.78
2013-10-23,2.75
2013-10-24,2.76
2013-10-25,2.77
2013-10-28,2.785
2013-10-29,2.772
2013-10-30,2.764
2013-10-31,2.781
2013-11-01,2.789
2013-11-04,2.797
2013-11-05,2.808
2013-11-06,2.813
2013-11-07,2.827
2013-11-08,2.813
2013-11-11,2.87
2013-11-12,2.878
2013-11-13,2.856
2013-11-14,2.846
2013-11-15,2.84
2013-11-18,2.835
2013-11-19,2.847
2013-11-20,2.854
2013-11-21,2.872
2013-11-22,2.856
2013-11-25,2.872
2013-11-26,2.865
2013-11-27,2.874
2013-11-28,2.887
2013-11-29,2.904
2013-12-02,2.925
2013-12-03,2.917
2013-12-04,2.899
2013-12-05,2.899
2013-12-06,2.883
2013-12-09,2.867
2013-12-10,2.868
2013-12-11,2.886
2013-12-12,2.884
2013-12-13,2.85
2013-12-16,2.817
2013-12-17,2.8
2013-12-18,2.834
2013-12-19,2.831
2013-12-20,2.818
2013-12-23,2.822
2013-12-24,2.83
2013-12-26,2.834
2013-12-27,2.791
2013-12-30,2.806
2013-12-31,2.806
2014-01-02,2.846
2014-01-03,2.84
2014-01-06,2.77
2014-01-07,2.765
2014-01-08,2.759
2014-01-09,2.788
2014-01-10,2.81
2014-01-13,2.8
2014-01-14,2.81
2014-01-15,2.81
2014-01-16,2.792
2014-01-17,2.797
2014-01-20,2.805
2014-01-21,2.819
2014-01-22,2.83
2014-01-23,2.817
2014-01-24,2.791
2014-01-27,2.805
2014-01-28,2.798
2014-01-29,2.806
2014-02-03,2.806
2014-02-04,2.78
2014-02-05,2.781
2014-02-06,2.777
2014-02-07,2.783
2014-02-10,2.77
2014-02-11,2.762
2014-02-12,2.761
2014-02-13,2.758
2014-02-14,2.761
2014-02-17,2.77
2014-02-18,2.779
2014-02-19,2.775
2014-02-20,2.776
2014-02-21,2.791
2014-02-24,2.787
2014-02-25,2.779
2014-02-26,2.779
2014-02-27,2.768
2014-02-28,2.774
2014-03-03,2.804
2014-03-04,2.818
2014-03-05,2.812
2014-03-06,2.811
2014-03-07,2.809
2014-03-10,2.798
2014-03-11,2.795
2014-03-12,2.781
2014-03-13,2.779
2014-03-14,2.737
2014-03-17,2.759
2014-03-18,2.754
2014-03-19,2.751
2014-03-20,2.785
2014-03-21,2.799
2014-03-24,2.804
2014-03-25,2.798
2014-03-26,2.8
2014-03-27,2.796
2014-03-28,2.788
2014-03-31,2.79
2014-04-01,2.787
2014-04-02,2.792
2014-04-03,2.798
2014-04-04,2.799
2014-04-07,2.782
2014-04-08,2.781
2014-04-09,2.767
2014-04-10,2.772
2014-04-11,2.77
2014-04-14,2.785
2014-04-15,2.794
2014-04-16,2.805
2014-04-17,2.793
2014-04-18,2.799
2014-04-21,2.803
2014-04-22,2.8
2014-04-23,2.807
2014-04-24,2.807
2014-04-25,2.801
2014-04-28,2.8
2014-04-29,2.797
2014-04-30,2.795
2014-05-02,2.785
2014-05-07,2.78
2014-05-08,2.781
2014-05-09,2.774
2014-05-12,2.782
2014-05-13,2.786
2014-05-14,2.782
2014-05-15,2.765
2014-05-16,2.768
2014-05-19,2.769
2014-05-20,2.78
2014-05-21,2.78
2014-05-22,2.786
2014-05-23,2.77
2014-05-26,2.77
2014-05-27,2.772
2014-05-28,2.766
2014-05-29,2.756
2014-05-30,2.768
2014-06-02,2.77
2014-06-03,2.776
2014-06-05,2.782
2014-06-09,2.781
2014-06-10,2.761
2014-06-11,2.761
2014-06-12,2.73
2014-06-13,2.69
2014-06-16,2.675
2014-06-17,2.686
2014-06-18,2.685
2014-06-19,2.668
2014-06-20,2.653
2014-06-23,2.67
2014-06-24,2.665
2014-06-25,2.678
2014-06-26,2.686
2014-06-27,2.67
2014-06-30,2.651
2014-07-01,2.64
2014-07-02,2.571
2014-07-03,2.58
2014-07-04,2.588
2014-07-07,2.585
2014-07-08,2.607
2014-07-09,2.568
2014-07-10,2.547
2014-07-11,2.546
2014-07-14,2.55
2014-07-15,2.55
2014-07-16,2.54
2014-07-17,2.483
2014-07-18,2.486
2014-07-21,2.485
2014-07-22,2.475
2014-07-23,2.43
2014-07-24,2.45
2014-07-25,2.449
2014-07-28,2.455
2014-07-29,2.463
2014-07-30,2.451
2014-07-31,2.45
2014-08-01,2.467
2014-08-04,2.465
2014-08-05,2.45
2014-08-06,2.461
2014-08-07,2.45
2014-08-08,2.43
2014-08-11,2.443
2014-08-12,2.445
2014-08-13,2.44
2014-08-14,2.458
2014-08-18,2.476
2014-08-19,2.485
2014-08-20,2.485
2014-08-21,2.492
2014-08-22,2.49
2014-08-25,2.48
2014-08-26,2.46
2014-08-27,2.45
2014-08-28,2.454
2014-08-29,2.445
2014-09-01,2.445
2014-09-02,2.441
2014-09-03,2.451
2014-09-04,2.456
2014-09-05,2.433
2014-09-11,2.423
2014-09-12,2.346
2014-09-15,2.34
2014-09-16,2.31
2014-09-17,2.306
2014-09-18,2.301
2014-09-19,2.304
2014-09-22,2.295
2014-09-23,2.295
2014-09-24,2.291
2014-09-25,2.286
2014-09-26,2.283
2014-09-29,2.283
2014-09-30,2.251
2014-10-01,2.184
2014-10-02,2.198
2014-10-06,2.201
2014-10-07,2.217
2014-10-08,2.22
2014-10-10,2.2
2014-10-13,2.192
2014-10-14,2.202
2014-10-15,2.205
2014-10-16,2.178
2014-10-17,2.179
2014-10-20,2.191
2014-10-21,2.18
2014-10-22,2.176
2014-10-23,2.162
2014-10-24,2.16
2014-10-27,2.173
2014-10-28,2.172
2014-10-29,2.167
2014-10-30,2.157
2014-10-31,2.118
2014-11-03,2.099
2014-11-04,2.071
2014-11-05,2.068
2014-11-06,2.053
2014-11-07,2.057
2014-11-10,2.076
2014-11-11,2.128
2014-11-12,2.158
2014-11-13,2.168
2014-11-14,2.16
2014-11-17,2.148
2014-11-18,2.141
2014-11-19,2.143
2014-11-20,2.121
2014-11-21,2.125
2014-11-24,2.091
2014-11-25,2.079
2014-11-26,2.071
2014-11-27,2.085
2014-11-28,2.054
2014-12-01,2.059
2014-12-02,2.072
2014-12-03,2.11
2014-12-04,2.145
2014-12-05,2.143
2014-12-08,2.182
2014-12-09,2.149
2014-12-10,2.156
2014-12-11,2.116
2014-12-12,2.101
2014-12-15,2.107
2014-12-16,2.105
2014-12-17,2.144
2014-12-18,2.161
2014-12-19,2.154
2014-12-22,2.138
2014-12-23,2.142
2014-12-24,2.138
2014-12-26,2.152
2014-12-29,2.131
2014-12-30,2.1
2014-12-31,2.099
2015-01-02,2.115
2015-01-05,2.094
2015-01-06,2.058
2015-01-07,2.055
2015-01-08,2.048
2015-01-09,2.04
2015-01-12,1.998
2015-01-13,2.008
2015-01-14,1.966
2015-01-15,2.02
2015-01-16,2.003
2015-01-19,2.026
2015-01-20,2.019
2015-01-21,2.029
2015-01-22,2.038
2015-01-23,2.007
2015-01-26,2.001
2015-01-27,2.009
2015-01-28,1.996
2015-01-29,1.994
2015-01-30,1.978
2015-02-02,1.98
2015-02-03,1.938
2015-02-04,1.95
2015-02-05,1.957
2015-02-06,1.947
2015-02-09,1.956
2015-02-10,2.026
2015-02-11,2.023
2015-02-12,2.04
2015-02-13,2.03
2015-02-16,2.063
2015-02-17,2.041
2015-02-23,2.053
2015-02-24,2.051
2015-02-25,2.025
2015-02-26,2.026
2015-02-27,2.027
2015-03-02,1.997
2015-03-03,1.985
2015-03-04,1.972
2015-03-05,1.959
2015-03-06,1.928
2015-03-09,1.915
2015-03-10,1.922
2015-03-11,1.89
2015-03-12,1.868
2015-03-13,1.841
2015-03-16,1.833
2015-03-17,1.843
2015-03-18,1.83
2015-03-19,1.805
2015-03-20,1.79
2015-03-23,1.782
2015-03-24,1.78
2015-03-25,1.767
2015-03-26,1.767
2015-03-27,1.759
2015-03-30,1.737
2015-03-31,1.715
2015-04-01,1.712
2015-04-02,1.709
2015-04-03,1.706
2015-04-06,1.703
2015-04-07,1.702
2015-04-08,1.707
2015-04-09,1.68
2015-04-10,1.693
2015-04-13,1.708
2015-04-14,1.713
2015-04-15,1.708
2015-04-16,1.711
2015-04-17,1.683
2015-04-20,1.684
2015-04-21,1.693
2015-04-22,1.693
2015-04-23,1.72
2015-04-24,1.751
2015-04-27,1.76
2015-04-28,1.797
2015-04-29,1.803
2015-04-30,1.799
2015-05-04,1.838
2015-05-06,1.897
2015-05-07,1.89
2015-05-08,1.828
2015-05-11,1.823
2015-05-12,1.871
2015-05-13,1.81
2015-05-14,1.807
2015-05-15,1.83
2015-05-18,1.837
2015-05-19,1.849
2015-05-20,1.831
2015-05-21,1.832
2015-05-22,1.828
2015-05-26,1.81
2015-05-27,1.785
2015-05-28,1.782
2015-05-29,1.729
2015-06-01,1.726
2015-06-02,1.698
2015-06-03,1.717
2015-06-04,1.717
2015-06-05,1.693
2015-06-08,1.684
2015-06-09,1.681
2015-06-10,1.714
2015-06-11,1.723
2015-06-12,1.695
2015-06-15,1.695
2015-06-16,1.696
2015-06-17,1.727
2015-06-18,1.712
2015-06-19,1.713
2015-06-22,1.735
2015-06-23,1.739
2015-06-24,1.74
2015-06-25,1.743
2015-06-26,1.74
2015-06-29,1.715
2015-06-30,1.716
2015-07-01,1.727
2015-07-02,1.74
2015-07-03,1.733
2015-07-06,1.727
2015-07-07,1.727
2015-07-08,1.714
2015-07-09,1.712
2015-07-10,1.716
2015-07-13,1.714
2015-07-14,1.712
2015-07-15,1.711
2015-07-16,1.71
2015-07-17,1.711
2015-07-20,1.71
2015-07-21,1.71
2015-07-22,1.695
2015-07-23,1.67
2015-07-24,1.658
2015-07-27,1.647
2015-07-28,1.659
2015-07-29,1.648
2015-07-30,1.663
2015-07-31,1.683
2015-08-03,1.67
2015-08-04,1.678
2015-08-05,1.695
2015-08-06,1.696
2015-08-07,1.694
2015-08-10,1.682
2015-08-11,1.664
2015-08-12,1.636
2015-08-13,1.654
2015-08-17,1.654
2015-08-18,1.653
2015-08-19,1.663
2015-08-20,1.653
2015-08-21,1.65
2015-08-24,1.64
2015-08-25,1.649
2015-08-26,1.654
2015-08-27,1.649
2015-08-28,1.659
2015-08-31,1.67
2015-09-01,1.664
2015-09-02,1.643
2015-09-03,1.625
2015-09-04,1.598
2015-09-07,1.598
2015-09-08,1.61
2015-09-09,1.621
2015-09-10,1.593
2015-09-11,1.602
2015-09-14,1.613
2015-09-15,1.603
2015-09-16,1.619
2015-09-17,1.635
2015-09-18,1.599
2015-09-21,1.583
2015-09-22,1.586
2015-09-23,1.586
2015-09-24,1.598
2015-09-25,1.587
2015-09-30,1.552
2015-10-01,1.573
2015-10-02,1.558
2015-10-05,1.545
2015-10-06,1.559
2015-10-07,1.58
2015-10-08,1.58
2015-10-12,1.601
2015-10-13,1.597
2015-10-14,1.611
2015-10-15,1.591
2015-10-16,1.591
2015-10-19,1.591
2015-10-20,1.605
2015-10-21,1.611
2015-10-22,1.622
2015-10-23,1.625
2015-10-26,1.625
2015-10-27,1.613
2015-10-28,1.61
2015-10-29,1.621
2015-10-30,1.635
2015-11-02,1.638
2015-11-03,1.644
2015-11-04,1.653
2015-11-05,1.663
2015-11-06,1.694
2015-11-09,1.752
2015-11-10,1.732
2015-11-11,1.744
2015-11-12,1.738
2015-11-13,1.728
2015-11-16,1.705
2015-11-17,1.712
2015-11-18,1.702
2015-11-19,1.688
2015-11-20,1.72
2015-11-23,1.727
2015-11-24,1.728
2015-11-25,1.731
2015-11-26,1.746
2015-11-27,1.776
2015-11-30,1.77
2015-12-01,1.752
2015-12-02,1.739
2015-12-03,1.725
2015-12-04,1.736
2015-12-07,1.737
2015-12-08,1.72
2015-12-09,1.72
2015-12-10,1.702
2015-12-11,1.709
2015-12-14,1.7
2015-12-15,1.701
2015-12-16,1.721
2015-12-17,1.703
2015-12-18,1.678
2015-12-21,1.657
2015-12-22,1.667
2015-12-23,1.666
2015-12-24,1.668
2015-12-28,1.669
2015-12-29,1.649
2015-12-30,1.65
2015-12-31,1.65
2016-01-04,1.62
2016-01-05,1.625
2016-01-06,1.626
2016-01-07,1.624
2016-01-08,1.638
2016-01-11,1.615
2016-01-12,1.615
2016-01-13,1.61
2016-01-14,1.624
2016-01-15,1.626
2016-01-18,1.626
2016-01-19,1.627
2016-01-20,1.607
2016-01-21,1.603
2016-01-22,1.609
2016-01-25,1.607
2016-01-26,1.588
2016-01-27,1.592
2016-01-28,1.605
2016-01-29,1.56
2016-02-01,1.519
2016-02-02,1.511
2016-02-03,1.49
2016-02-04,1.486
2016-02-05,1.495
2016-02-11,1.45
2016-02-12,1.471
2016-02-15,1.483
2016-02-16,1.43
2016-02-17,1.439
2016-02-18,1.448
2016-02-19,1.465
2016-02-22,1.477
2016-02-23,1.477
2016-02-24,1.469
2016-02-25,1.467
2016-02-26,1.464
2016-02-29,1.463
2016-03-02,1.466
2016-03-03,1.5
2016-03-04,1.509
2016-03-07,1.499
2016-03-08,1.481
2016-03-09,1.46
2016-03-10,1.487
2016-03-11,1.539
2016-03-14,1.526
2016-03-15,1.532
2016-03-16,1.542
2016-03-17,1.523
2016-03-18,1.512
2016-03-21,1.509
2016-03-22,1.521
2016-03-23,1.521
2016-03-24,1.509
2016-03-25,1.501
2016-03-28,1.495
2016-03-29,1.468
2016-03-30,1.47
2016-03-31,1.47
2016-04-01,1.466
2016-04-04,1.454
2016-04-05,1.461
2016-04-06,1.465
2016-04-07,1.471
2016-04-08,1.468
2016-04-11,1.469
2016-04-12,1.469
2016-04-14,1.501
2016-04-15,1.499
2016-04-18,1.508
2016-04-19,1.501
2016-04-20,1.481
2016-04-21,1.493
2016-04-22,1.488
2016-04-25,1.472
2016-04-26,1.467
2016-04-27,1.469
2016-04-28,1.465
2016-04-29,1.466
2016-05-02,1.468
2016-05-03,1.449
2016-05-04,1.437
2016-05-09,1.42
2016-05-10,1.415
2016-05-11,1.42
2016-05-12,1.427
2016-05-13,1.445
2016-05-16,1.452
2016-05-17,1.465
2016-05-18,1.481
2016-05-19,1.5
2016-05-20,1.482
2016-05-23,1.482
2016-05-24,1.467
2016-05-25,1.479
2016-05-26,1.485
2016-05-27,1.484
2016-05-30,1.511
2016-05-31,1.509
2016-06-01,1.446
2016-06-02,1.444
2016-06-03,1.423
2016-06-07,1.409
2016-06-08,1.382
2016-06-09,1.35
2016-06-10,1.346
2016-06-13,1.332
2016-06-14,1.352
2016-06-15,1.351
2016-06-16,1.338
2016-06-17,1.352
2016-06-20,1.37
2016-06-21,1.358
2016-06-22,1.371
2016-06-23,1.355
2016-06-24,1.277
2016-06-27,1.262
2016-06-28,1.271
2016-06-29,1.263
2016-06-30,1.271
2016-07-01,1.236
2016-07-04,1.24
2016-07-05,1.237
2016-07-06,1.226
2016-07-07,1.228
2016-07-08,1.236
2016-07-11,1.234
2016-07-12,1.237
2016-07-13,1.233
2016-07-14,1.229
2016-07-15,1.239
2016-07-18,1.247
2016-07-19,1.244
2016-07-20,1.244
2016-07-21,1.254
2016-07-22,1.248
2016-07-25,1.248
2016-07-26,1.245
2016-07-27,1.249
2016-07-28,1.238
2016-07-29,1.244
2016-08-01,1.24
2016-08-02,1.236
2016-08-03,1.256
2016-08-04,1.244
2016-08-05,1.231
2016-08-08,1.252
2016-08-09,1.251
2016-08-10,1.227
2016-08-11,1.232
2016-08-12,1.238
2016-08-16,1.232
2016-08-17,1.248
2016-08-18,1.242
2016-08-19,1.244
2016-08-22,1.248
2016-08-23,1.244
2016-08-24,1.248
2016-08-25,1.254
2016-08-26,1.26
2016-08-29,1.281
2016-08-30,1.288
2016-08-31,1.314
2016-09-01,1.332
2016-09-02,1.328
2016-09-05,1.314
2016-09-06,1.313
2016-09-07,1.291
2016-09-08,1.301
2016-09-09,1.336
2016-09-12,1.36
2016-09-13,1.356
2016-09-19,1.357
2016-09-20,1.352
2016-09-21,1.348
2016-09-22,1.32
2016-09-23,1.321
2016-09-26,1.334
2016-09-27,1.338
2016-09-28,1.336
2016-09-29,1.333
2016-09-30,1.29
2016-10-04,1.315
2016-10-05,1.343
2016-10-06,1.341
2016-10-07,1.337
2016-10-10,1.341
2016-10-11,1.367
2016-10-12,1.352
2016-10-13,1.335
2016-10-14,1.335
2016-10-17,1.368
2016-10-18,1.368
2016-10-19,1.367
2016-10-20,1.372
2016-10-21,1.396
2016-10-24,1.402
2016-10-25,1.418
2016-10-26,1.426
2016-10-27,1.437
2016-10-28,1.456
2016-10-31,1.448
2016-11-01,1.46
2016-11-02,1.445
2016-11-03,1.443
2016-11-04,1.442
2016-11-07,1.43
2016-11-08,1.427
2016-11-09,1.411
2016-11-10,1.456
2016-11-11,1.49
2016-11-14,1.577
2016-11-15,1.587
2016-11-16,1.64
2016-11-17,1.696
2016-11-18,1.713
2016-11-21,1.715
2016-11-22,1.732
2016-11-23,1.764
2016-11-24,1.818
2016-11-25,1.818
2016-11-28,1.772
2016-11-29,1.728
2016-11-30,1.711
2016-12-01,1.71
2016-12-02,1.723
2016-12-05,1.701
2016-12-06,1.713
2016-12-07,1.711
2016-12-08,1.678
2016-12-09,1.688
2016-12-12,1.693
2016-12-13,1.655
2016-12-14,1.619
2016-12-15,1.661
2016-12-16,1.653
2016-12-19,1.657
2016-12-20,1.674
2016-12-21,1.675
2016-12-22,1.662
2016-12-23,1.67
2016-12-26,1.672
2016-12-27,1.666
2016-12-28,1.647
2016-12-29,1.635
2016-12-30,1.635
2017-01-02,1.628
2017-01-03,1.61
2017-01-04,1.595
2017-01-05,1.571
2017-01-06,1.583
2017-01-09,1.612
2017-01-10,1.594
2017-01-11,1.597
2017-01-12,1.568
2017-01-13,1.578
2017-01-16,1.58
2017-01-17,1.576
2017-01-18,1.598
2017-01-19,1.617
2017-01-20,1.597
2017-01-23,1.589
2017-01-24,1.582
2017-01-25,1.603
2017-01-26,1.639
2017-01-31,1.627
2017-02-01,1.635
2017-02-02,1.625
2017-02-03,1.623
2017-02-06,1.604
2017-02-07,1.581
2017-02-08,1.582
2017-02-09,1.579
2017-02-10,1.591
2017-02-13,1.593
2017-02-14,1.585
2017-02-15,1.603
2017-02-16,1.598
2017-02-17,1.595
2017-02-20,1.609
2017-02-21,1.608
2017-02-22,1.628
2017-02-23,1.613
2017-02-24,1.611
2017-02-27,1.61
2017-02-28,1.613
2017-03-02,1.645
2017-03-03,1.643
2017-03-06,1.665
2017-03-07,1.692
2017-03-08,1.688
2017-03-09,1.686
2017-03-10,1.675
2017-03-13,1.659
2017-03-14,1.65
2017-03-15,1.656
2017-03-16,1.621
2017-03-17,1.617
2017-03-20,1.613
2017-03-21,1.612
2017-03-22,1.612
2017-03-23,1.615
2017-03-24,1.625
2017-03-27,1.603
2017-03-28,1.609
2017-03-29,1.603
2017-03-30,1.601
2017-03-31,1.6
2017-04-03,1.595
2017-04-04,1.582
2017-04-05,1.585
2017-04-06,1.607
2017-04-07,1.611
2017-04-10,1.64
2017-04-11,1.611
2017-04-12,1.602
2017-04-13,1.594
2017-04-14,1.598
2017-04-17,1.6
2017-04-18,1.605
2017-04-19,1.603
2017-04-20,1.611
2017-04-21,1.622
2017-04-24,1.638
2017-04-25,1.623
2017-04-26,1.621
2017-04-27,1.607
2017-04-28,1.605
2017-05-02,1.616
2017-05-04,1.61
2017-05-08,1.629
2017-05-10,1.65
2017-05-11,1.633
2017-05-12,1.612
2017-05-15,1.615
2017-05-16,1.626
2017-05-17,1.601
2017-05-18,1.601
2017-05-19,1.595
2017-05-22,1.611
2017-05-23,1.609
2017-05-24,1.62
2017-05-25,1.61
2017-05-26,1.61
2017-05-29,1.605
2017-05-30,1.597
2017-05-31,1.602
2017-06-01,1.588
2017-06-02,1.579
2017-06-05,1.573
2017-06-07,1.576
2017-06-08,1.589
2017-06-09,1.588
2017-06-12,1.623
2017-06-13,1.599
2017-06-14,1.615
2017-06-15,1.615
2017-06-16,1.622
2017-06-19,1.612
2017-06-20,1.615
2017-06-21,1.628
2017-06-22,1.642
2017-06-23,1.638
2017-06-26,1.636
2017-06-27,1.634
2017-06-28,1.66
2017-06-29,1.651
2017-06-30,1.637
2017-07-03,1.644
2017-07-04,1.66
2017-07-05,1.665
2017-07-06,1.67
2017-07-07,1.69
2017-07-10,1.668
2017-07-11,1.671
2017-07-12,1.669
2017-07-13,1.66
2017-07-14,1.661
2017-07-17,1.661
2017-07-18,1.659
2017-07-19,1.659
2017-07-20,1.657
2017-07-21,1.646
2017-07-24,1.645
2017-07-25,1.637
2017-07-26,1.647
2017-07-27,1.627
2017-07-28,1.632
2017-07-31,1.633
2017-08-01,1.636
2017-08-02,1.632
2017-08-03,1.637
2017-08-04,1.638
2017-08-07,1.665
2017-08-08,1.687
2017-08-09,1.716
2017-08-10,1.703
2017-08-11,1.696
2017-08-14,1.706
2017-08-16,1.733
2017-08-17,1.718
2017-08-18,1.705
2017-08-21,1.708
2017-08-22,1.731
2017-08-23,1.727
2017-08-24,1.727
2017-08-25,1.698
2017-08-28,1.701
2017-08-29,1.708
2017-08-30,1.69
2017-08-31,1.684
2017-09-01,1.678
2017-09-04,1.708
2017-09-05,1.704
2017-09-06,1.697
2017-09-07,1.701
2017-09-08,1.69
2017-09-11,1.693
2017-09-12,1.688
2017-09-13,1.68
2017-09-14,1.681
2017-09-15,1.681
2017-09-18,1.685
2017-09-19,1.713
2017-09-20,1.711
2017-09-21,1.718
2017-09-22,1.712
2017-09-25,1.726
2017-09-26,1.759
2017-09-27,1.798
2017-09-28,1.809
2017-09-29,1.803
2017-10-10,1.844
2017-10-11,1.837
2017-10-12,1.83
2017-10-13,1.841
2017-10-16,1.855
2017-10-17,1.866
2017-10-18,1.856
2017-10-19,1.911
2017-10-20,1.999
2017-10-23,1.962
2017-10-24,1.988
2017-10-25,2.041
2017-10-26,2.112
2017-10-27,2.116
2017-10-30,2.113
2017-10-31,2.136
2017-11-01,2.107
2017-11-02,2.082
2017-11-03,2.086
2017-11-06,2.095
2017-11-07,2.081
2017-11-08,2.099
2017-11-09,2.103
2017-11-10,2.119
2017-11-13,2.143
2017-11-14,2.166
2017-11-15,2.133
2017-11-16,2.136
2017-11-17,2.135
2017-11-20,2.113
2017-11-21,2.116
2017-11-22,2.121
2017-11-23,2.096
2017-11-24,2.112
2017-11-27,2.102
2017-11-28,2.079
2017-11-29,2.068
2017-11-30,2.03
2017-12-01,2.021
2017-12-04,2.021
2017-12-05,2.049
2017-12-06,2.034
2017-12-07,2.046
2017-12-08,2.05
2017-12-11,2.045
2017-12-12,2.036
2017-12-13,2.04
2017-12-14,2.047
2017-12-15,2.052
2017-12-18,2.072
2017-12-19,2.08
2017-12-20,2.067
2017-12-21,2.07
2017-12-22,2.098
2017-12-26,2.104
2017-12-27,2.12
2017-12-28,2.105
2017-12-29,2.104
2018-01-02,2.078
2018-01-03,2.068
2018-01-04,2.081
2018-01-05,2.064
2018-01-08,2.079
2018-01-09,2.085
2018-01-10,2.114
2018-01-11,2.096
2018-01-12,2.107
2018-01-15,2.162
2018-01-16,2.164
2018-01-17,2.155
2018-01-18,2.104
2018-01-19,2.1
2018-01-22,2.122
2018-01-23,2.122
2018-01-24,2.126
2018-01-25,2.14
2018-01-26,2.149
2018-01-29,2.211
2018-01-30,2.231
2018-01-31,2.199
2018-02-01,2.174
2018-02-02,2.165
2018-02-05,2.189
2018-02-06,2.155
2018-02-07,2.14
2018-02-08,2.18
2018-02-09,2.187
2018-02-12,2.201
2018-02-13,2.175
2018-02-14,2.169
2018-02-19,2.203
2018-02-20,2.217
2018-02-21,2.209
2018-02-22,2.199
2018-02-23,2.189
2018-02-26,2.169
2018-02-27,2.163
2018-02-28,2.172
2018-03-02,2.204
2018-03-05,2.211
2018-03-06,2.217
2018-03-07,2.213
2018-03-08,2.206
2018-03-09,2.213
2018-03-12,2.215
2018-03-13,2.208
2018-03-14,2.19
2018-03-15,2.184
2018-03-16,2.194
2018-03-19,2.192
2018-03-20,2.193
2018-03-21,2.19
2018-03-22,2.158
2018-03-23,2.127
2018-03-26,2.142
2018-03-27,2.14
2018-03-28,2.136
2018-03-29,2.135
2018-03-30,2.135
2018-04-02,2.137
2018-04-03,2.11
2018-04-04,2.081
2018-04-05,2.098
2018-04-06,2.088
2018-04-09,2.097
2018-04-10,2.107
2018-04-11,2.087
2018-04-12,2.08
2018-04-13,2.079
2018-04-16,2.089
2018-04-17,2.101
2018-04-18,2.112
2018-04-19,2.112
2018-04-20,2.121
2018-04-23,2.141
2018-04-24,2.135
2018-04-25,2.155
2018-04-26,2.141
2018-04-27,2.115
2018-04-30,2.128
2018-05-02,2.145
2018-05-03,2.154
2018-05-04,2.182
2018-05-08,2.211
2018-05-09,2.212
2018-05-10,2.183
2018-05-11,2.195
2018-05-14,2.212
2018-05-15,2.212
2018-05-16,2.185
2018-05-17,2.163
2018-05-18,2.129
2018-05-21,2.153
2018-05-23,2.145
2018-05-24,2.109
2018-05-25,2.113
2018-05-28,2.116
2018-05-29,2.104
2018-05-30,2.111
2018-05-31,2.107
2018-06-01,2.105
2018-06-04,2.121
2018-06-05,2.111
2018-06-07,2.139
2018-06-08,2.117
2018-06-11,2.118
2018-06-12,2.116
2018-06-14,2.138
2018-06-15,2.12
2018-06-18,2.11
2018-06-19,2.098
2018-06-20,2.101
2018-06-21,2.091
2018-06-22,2.093
2018-06-25,2.09
2018-06-26,2.095
2018-06-27,2.068
2018-06-28,2.058
2018-06-29,2.06
2018-07-02,2.059
2018-07-03,2.065
2018-07-04,2.04
2018-07-05,2.019
2018-07-06,2.021
2018-07-09,2.023
2018-07-10,2.009
2018-07-11,1.979
2018-07-12,2.03
2018-07-13,2.037
2018-07-16,2.029
2018-07-17,2.03
2018-07-18,2.02
2018-07-19,2.02
2018-07-20,2.009
2018-07-23,2.011
2018-07-24,2.025
2018-07-25,2.019
2018-07-26,2.013
2018-07-27,2.047
2018-07-30,2.06
2018-07-31,2.06
2018-08-01,2.054
2018-08-02,2.052
2018-08-03,2.046
2018-08-06,2.028
2018-08-07,2.015
2018-08-08,2.004
2018-08-09,1.994
2018-08-10,1.991
2018-08-13,2
2018-08-14,2.011
2018-08-16,2.001
2018-08-17,1.969
2018-08-20,1.96
2018-08-21,1.903
2018-08-22,1.924
2018-08-23,1.915
2018-08-24,1.91
2018-08-27,1.907
2018-08-28,1.91
2018-08-29,1.906
2018-08-30,1.934
2018-08-31,1.868
2018-09-03,1.875
2018-09-04,1.875
2018-09-05,1.859
2018-09-06,1.869
2018-09-07,1.877
2018-09-10,1.88
2018-09-11,1.887
2018-09-12,1.863
2018-09-13,1.885
2018-09-14,1.915
2018-09-17,1.927
2018-09-18,1.937
2018-09-19,1.959
2018-09-20,2.002
2018-09-21,1.991
2018-09-27,1.977
2018-09-28,1.979
2018-10-01,1.996
2018-10-02,1.991
2018-10-04,2.038
2018-10-05,2.053
2018-10-08,2.056
2018-10-10,2.025
2018-10-11,1.992
2018-10-12,2.015
2018-10-15,2.015
2018-10-16,2.019
2018-10-17,2.009
2018-10-18,1.971
2018-10-19,1.972
2018-10-22,1.991
2018-10-23,1.98
2018-10-24,1.993
2018-10-25,1.981
2018-10-26,1.983
2018-10-29,1.898
2018-10-30,1.937
2018-10-31,1.942
2018-11-01,1.936
2018-11-02,1.964
2018-11-05,1.96
2018-11-06,1.967
2018-11-07,1.95
2018-11-08,1.949
2018-11-09,1.947
2018-11-12,1.942
2018-11-13,1.937
2018-11-14,1.925
2018-11-15,1.94
2018-11-16,1.949
2018-11-19,1.943
2018-11-20,1.947
2018-11-21,1.95
2018-11-22,1.947
2018-11-23,1.935
2018-11-26,1.936
2018-11-27,1.927
2018-11-28,1.938
2018-11-29,1.91
2018-11-30,1.92
2018-12-03,1.939
2018-12-04,1.941
2018-12-05,1.921
2018-12-06,1.863
2018-12-07,1.861
2018-12-10,1.858
2018-12-11,1.845
2018-12-12,1.847
2018-12-13,1.844
2018-12-14,1.844
2018-12-17,1.849
2018-12-18,1.838
2018-12-19,1.817
2018-12-20,1.83
2018-12-21,1.86
2018-12-24,1.867
2018-12-26,1.85
2018-12-27,1.853
2018-12-28,1.854
2018-12-31,1.854
2019-01-02,1.832
2019-01-03,1.823
2019-01-04,1.802
2019-01-07,1.808
2019-01-08,1.816
2019-01-09,1.822
2019-01-10,1.817
2019-01-11,1.827
2019-01-14,1.826
2019-01-15,1.827
2019-01-16,1.825
2019-01-17,1.824
2019-01-18,1.835
2019-01-21,1.836
2019-01-22,1.819
2019-01-23,1.823
2019-01-24,1.832
2019-01-25,1.829
2019-01-28,1.834
2019-01-29,1.838
2019-01-30,1.843
2019-01-31,1.828
2019-02-01,1.825
2019-02-07,1.823
2019-02-08,1.813
2019-02-11,1.801
2019-02-12,1.811
2019-02-13,1.822
2019-02-14,1.82
2019-02-15,1.811
2019-02-18,1.829
2019-02-19,1.831
2019-02-20,1.833
2019-02-21,1.839
2019-02-22,1.84
2019-02-25,1.844
2019-02-26,1.837
2019-02-27,1.835
2019-02-28,1.844
2019-03-04,1.862
2019-03-05,1.863
2019-03-06,1.858
2019-03-07,1.85
2019-03-08,1.84
2019-03-11,1.843
2019-03-12,1.843
2019-03-13,1.834
2019-03-14,1.835
2019-03-15,1.844
2019-03-18,1.85
2019-03-19,1.848
2019-03-20,1.849
2019-03-21,1.833
2019-03-22,1.835
2019-03-25,1.805
2019-03-26,1.792
2019-03-27,1.755
2019-03-28,1.713
2019-03-29,1.722
2019-04-01,1.748
2019-04-02,1.729
2019-04-03,1.737
2019-04-04,1.735
2019-04-05,1.74
2019-04-08,1.737
2019-04-09,1.736
2019-04-10,1.743
2019-04-11,1.744
2019-04-12,1.744
2019-04-15,1.766
2019-04-16,1.769
2019-04-17,1.777
2019-04-18,1.754
2019-04-19,1.766
2019-04-22,1.779
2019-04-23,1.774
2019-04-24,1.764
2019-04-25,1.744
2019-04-26,1.741
2019-04-29,1.737
2019-04-30,1.724
2019-05-02,1.76
2019-05-03,1.759
2019-05-07,1.746
2019-05-08,1.74
2019-05-09,1.731
2019-05-10,1.738
2019-05-13,1.737
2019-05-14,1.728
2019-05-15,1.726
2019-05-16,1.7
2019-05-17,1.7
2019-05-20,1.708
2019-05-21,1.7
2019-05-22,1.696
2019-05-23,1.678
2019-05-24,1.675
2019-05-27,1.68
2019-05-28,1.677
2019-05-29,1.648
2019-05-30,1.652
2019-05-31,1.603
2019-06-03,1.6
2019-06-04,1.597
2019-06-05,1.581
2019-06-07,1.568
2019-06-10,1.567
2019-06-11,1.569
2019-06-12,1.507
2019-06-13,1.514
2019-06-14,1.503
2019-06-17,1.519
2019-06-18,1.523
2019-06-19,1.515
2019-06-20,1.475
2019-06-21,1.492
2019-06-24,1.49
2019-06-25,1.521
2019-06-26,1.533
2019-06-27,1.538
2019-06-28,1.518
2019-07-01,1.527
2019-07-02,1.51
2019-07-03,1.478
2019-07-04,1.466
2019-07-05,1.466
2019-07-08,1.464
2019-07-09,1.463
2019-07-10,1.474
2019-07-11,1.456
2019-07-12,1.458
2019-07-15,1.46
2019-07-16,1.454
2019-07-17,1.423
2019-07-18,1.378
2019-07-19,1.355
2019-07-22,1.355
2019-07-23,1.359
2019-07-24,1.341
2019-07-25,1.32
2019-07-26,1.325
2019-07-29,1.327
2019-07-30,1.323
2019-07-31,1.312
2019-08-01,1.326
2019-08-02,1.275
2019-08-05,1.215
2019-08-06,1.197
2019-08-07,1.176
2019-08-08,1.17
2019-08-09,1.18
2019-08-12,1.181
2019-08-13,1.15
2019-08-14,1.145
2019-08-16,1.098
2019-08-19,1.097
2019-08-20,1.098
2019-08-21,1.146
2019-08-22,1.13
2019-08-23,1.163
2019-08-26,1.138
2019-08-27,1.185
2019-08-28,1.2
2019-08-29,1.199
2019-08-30,1.212
2019-09-02,1.251
2019-09-03,1.247
2019-09-04,1.26
2019-09-05,1.28
2019-09-06,1.289
2019-09-09,1.275
2019-09-10,1.282
2019-09-11,1.296
2019-09-16,1.363
2019-09-17,1.348
2019-09-18,1.34
2019-09-19,1.355
2019-09-20,1.358
2019-09-23,1.368
2019-09-24,1.363
2019-09-25,1.348
2019-09-26,1.342
2019-09-27,1.338
2019-09-30,1.33
2019-10-01,1.35
2019-10-02,1.326
2019-10-04,1.238
2019-10-07,1.253
2019-10-08,1.277
2019-10-10,1.287
2019-10-11,1.293
2019-10-14,1.294
2019-10-15,1.293
2019-10-16,1.318
2019-10-17,1.361
2019-10-18,1.363
2019-10-21,1.387
2019-10-22,1.367
2019-10-23,1.375
2019-10-24,1.388
2019-10-25,1.425
2019-10-28,1.497
2019-10-29,1.469
2019-10-30,1.454
2019-10-31,1.448
2019-11-01,1.452
2019-11-04,1.508
2019-11-05,1.485
2019-11-06,1.492
2019-11-07,1.51
2019-11-08,1.496
2019-11-11,1.496
2019-11-12,1.54
2019-11-13,1.497
2019-11-14,1.499
2019-11-15,1.506
2019-11-18,1.503
2019-11-19,1.481
2019-11-20,1.462
2019-11-21,1.466
2019-11-22,1.455
2019-11-25,1.468
2019-11-26,1.465
2019-11-27,1.449
2019-11-28,1.431
2019-11-29,1.395
2019-12-02,1.424
2019-12-03,1.435
2019-12-04,1.404
2019-12-05,1.408
2019-12-06,1.417
2019-12-09,1.403
2019-12-10,1.4
2019-12-11,1.397
2019-12-12,1.399
2019-12-13,1.419
2019-12-16,1.4
2019-12-17,1.397
2019-12-18,1.394
2019-12-19,1.4
2019-12-20,1.405
2019-12-23,1.399
2019-12-24,1.391
2019-12-26,1.383
2019-12-27,1.379
2019-12-30,1.367
2019-12-31,1.367
2020-01-02,1.334
2020-01-03,1.293
2020-01-06,1.297
2020-01-07,1.344
2020-01-08,1.362
2020-01-09,1.396
2020-01-10,1.413
2020-01-13,1.407
2020-01-14,1.382
2020-01-15,1.392
2020-01-16,1.413
2020-01-17,1.414
2020-01-20,1.444
2020-01-21,1.4
2020-01-22,1.423
2020-01-23,1.409
2020-01-28,1.347
2020-01-29,1.333
2020-01-30,1.305
2020-01-31,1.3
2020-02-03,1.281
2020-02-04,1.311
2020-02-05,1.295
2020-02-06,1.285
2020-02-07,1.251
2020-02-10,1.258
2020-02-11,1.257
2020-02-12,1.259
2020-02-13,1.243
2020-02-14,1.288
2020-02-17,1.278
2020-02-18,1.249
2020-02-19,1.259
2020-02-20,1.225
2020-02-21,1.175
2020-02-24,1.138
2020-02-25,1.159
2020-02-26,1.138
2020-02-27,1.19
2020-02-28,1.122
2020-03-02,1.129
2020-03-03,1.119
2020-03-04,1.045
2020-03-05,1.057
2020-03-06,1.071
2020-03-09,1.042
2020-03-10,1.082
2020-03-11,1.064
2020-03-12,1.058
2020-03-13,1.115
2020-03-16,1.042
2020-03-17,0.982
2020-03-18,1.004
2020-03-19,1.156
2020-03-20,1.115
2020-03-23,1.163
2020-03-24,1.128
2020-03-25,1.107
2020-03-26,1.069
2020-03-27,1.059
2020-03-30,1.089
2020-03-31,1.067
2020-04-01,1.08
2020-04-02,1.043
2020-04-03,1.033
2020-04-06,1.007
2020-04-07,1.003
2020-04-08,0.98
2020-04-09,0.956
2020-04-10,0.944
2020-04-13,0.955
2020-04-14,0.963
2020-04-16,0.961
2020-04-17,0.981
2020-04-20,0.981
2020-04-21,0.996
2020-04-22,1.009
2020-04-23,0.993
2020-04-24,0.972
2020-04-27,0.975
2020-04-28,0.972
2020-04-29,0.955
2020-05-04,0.921
2020-05-06,0.916
2020-05-07,0.902
2020-05-08,0.882
2020-05-11,0.891
2020-05-12,0.862
2020-05-13,0.836
2020-05-14,0.839
2020-05-15,0.843
2020-05-18,0.854
2020-05-19,0.845
2020-05-20,0.838
2020-05-21,0.831
2020-05-22,0.81
2020-05-25,0.799
2020-05-26,0.818
2020-05-27,0.827
2020-05-28,0.775
2020-05-29,0.753
2020-06-01,0.757
2020-06-02,0.765
2020-06-03,0.785
2020-06-04,0.795
2020-06-05,0.799
2020-06-08,0.796
2020-06-09,0.784
2020-06-10,0.775
2020-06-11,0.774
2020-06-12,0.782
2020-06-15,0.804
2020-06-16,0.802
2020-06-17,0.825
2020-06-18,0.793
2020-06-19,0.8
2020-06-22,0.795
2020-06-23,0.776
2020-06-24,0.777
2020-06-25,0.775
2020-06-26,0.779
2020-06-29,0.79
2020-06-30,0.795
2020-07-01,0.79
2020-07-02,0.771
2020-07-03,0.773
2020-07-06,0.785
2020-07-07,0.771
2020-07-08,0.77
2020-07-09,0.77
2020-07-10,0.777
2020-07-13,0.791
2020-07-14,0.793
2020-07-15,0.789
2020-07-16,0.773
2020-07-17,0.759
2020-07-20,0.75
2020-07-21,0.763
2020-07-22,0.757
2020-07-23,0.743
2020-07-24,0.744
2020-07-27,0.745
2020-07-28,0.753
2020-07-29,0.747
2020-07-30,0.735
2020-07-31,0.729
2020-08-03,0.727
2020-08-04,0.729
2020-08-05,0.72
2020-08-06,0.712
2020-08-07,0.715
2020-08-10,0.729
2020-08-11,0.725
2020-08-12,0.733
2020-08-13,0.728
2020-08-14,0.739
2020-08-18,0.73
2020-08-19,0.729
2020-08-20,0.736
2020-08-21,0.764
2020-08-24,0.753
2020-08-25,0.757
2020-08-26,0.769
2020-08-27,0.777
2020-08-28,0.81
2020-08-31,0.839
2020-09-01,0.863
2020-09-02,0.845
2020-09-03,0.844
2020-09-04,0.852
2020-09-07,0.877
2020-09-08,0.86
2020-09-09,0.838
2020-09-10,0.837
2020-09-11,0.848
2020-09-14,0.844
2020-09-15,0.834
2020-09-16,0.831
2020-09-17,0.835
2020-09-18,0.834
2020-09-21,0.833
2020-09-22,0.828
2020-09-23,0.828
2020-09-24,0.814
2020-09-25,0.806
2020-09-28,0.799
2020-09-29,0.802
2020-10-05,0.828
2020-10-06,0.845
2020-10-07,0.841
2020-10-08,0.831
2020-10-12,0.838
2020-10-13,0.838
2020-10-14,0.822
2020-10-15,0.806
2020-10-16,0.817
2020-10-19,0.821
2020-10-20,0.832
2020-10-21,0.85
2020-10-22,0.84
2020-10-23,0.831
2020-10-26,0.829
2020-10-27,0.837
2020-10-28,0.838
2020-10-29,0.848
2020-10-30,0.847
2020-11-02,0.876
2020-11-03,0.879
2020-11-04,0.862
2020-11-05,0.849
2020-11-06,0.857
2020-11-09,0.861
2020-11-10,0.879
2020-11-11,0.882
2020-11-12,0.868
2020-11-13,0.859
2020-11-16,0.862
2020-11-17,0.864
2020-11-18,0.858
2020-11-19,0.863
2020-11-20,0.872
2020-11-23,0.869
2020-11-24,0.88
2020-11-25,0.888
2020-11-26,0.897
2020-11-27,0.886
2020-11-30,0.89
2020-12-01,0.887
2020-12-02,0.886
2020-12-03,0.883
2020-12-04,0.878
2020-12-07,0.871
2020-12-08,0.874
2020-12-09,0.88
2020-12-10,0.879
2020-12-11,0.881
2020-12-14,0.884
2020-12-15,0.888
2020-12-16,0.897
2020-12-17,0.908
2020-12-18,0.908
2020-12-21,0.902
2020-12-22,0.892
2020-12-23,0.88
2020-12-24,0.898
2020-12-28,0.902
2020-12-29,0.913
2020-12-30,0.914
2020-12-31,0.913
2021-01-04,0.89
2021-01-05,0.866
2021-01-06,0.878
2021-01-07,0.881
2021-01-08,0.883
2021-01-11,0.878
2021-01-12,0.882
2021-01-13,0.88
2021-01-14,0.883
2021-01-15,0.878
2021-01-18,0.873
2021-01-19,0.871
2021-01-20,0.876
2021-01-21,0.875
2021-01-22,0.895
2021-01-25,0.906
2021-01-26,0.907
2021-01-27,0.896
2021-01-28,0.884
2021-01-29,0.875
2021-02-01,0.886
2021-02-02,0.872
2021-02-03,0.866
2021-02-04,0.865
2021-02-05,0.86
2021-02-08,0.855
2021-02-09,0.844
2021-02-10,0.854
2021-02-15,0.86
2021-02-16,0.853
2021-02-17,0.858
2021-02-18,0.858
2021-02-19,0.868
2021-02-22,0.881
2021-02-23,0.878
2021-02-24,0.871
2021-02-25,0.867
2021-02-26,0.874
2021-03-02,0.863
2021-03-03,0.86
2021-03-04,0.867
2021-03-05,0.886
2021-03-08,0.935
2021-03-09,0.986
2021-03-10,0.953
2021-03-11,0.929
2021-03-12,0.932
2021-03-15,0.932
2021-03-16,0.881
2021-03-17,0.869
2021-03-18,0.86
2021-03-19,0.879
2021-03-22,0.886
2021-03-23,0.904
2021-03-24,0.91
2021-03-25,0.909
2021-03-26,0.916
2021-03-29,0.919
2021-03-30,0.928
2021-03-31,0.912
2021-04-01,0.899
2021-04-02,0.896
2021-04-05,0.922
2021-04-06,0.902
2021-04-07,0.902
2021-04-08,0.902
2021-04-09,0.915
2021-04-12,0.906
2021-04-13,0.911
2021-04-14,0.895
2021-04-15,0.92
2021-04-16,0.927
2021-04-19,0.914
2021-04-20,0.912
2021-04-21,0.891
2021-04-22,0.89
2021-04-23,0.901
2021-04-26,0.901
2021-04-27,0.894
2021-04-28,0.907
2021-04-29,0.912
2021-04-30,0.919
2021-05-03,0.92
2021-05-04,0.921
2021-05-06,0.913
2021-05-07,0.921
2021-05-10,0.919
2021-05-11,0.913
2021-05-12,0.916
2021-05-13,0.92
2021-05-14,0.918
2021-05-17,0.915
2021-05-18,0.91
2021-05-20,0.919
2021-05-21,0.911
2021-05-24,0.924
2021-05-25,0.933
2021-05-26,0.948
2021-05-27,0.928
2021-05-28,0.964
2021-05-31,1.009
2021-06-01,0.999
2021-06-02,1.003
2021-06-03,1.032
2021-06-04,1.071
2021-06-07,1.093
2021-06-08,1.092
2021-06-09,1.08
2021-06-10,1.107
2021-06-11,1.117
2021-06-14,1.138
2021-06-15,1.172
2021-06-16,1.18
2021-06-17,1.193
2021-06-18,1.188
2021-06-21,1.199
2021-06-22,1.185
2021-06-23,1.196
2021-06-24,1.236
2021-06-25,1.29
2021-06-28,1.322
2021-06-29,1.311
2021-06-30,1.29
2021-07-01,1.298
2021-07-02,1.305
2021-07-05,1.294
2021-07-06,1.304
2021-07-07,1.25
2021-07-08,1.191
2021-07-09,1.188
2021-07-12,1.186
2021-07-13,1.217
2021-07-14,1.188
2021-07-15,1.302
2021-07-16,1.308
2021-07-19,1.311
2021-07-20,1.287
2021-07-21,1.261
2021-07-22,1.263
2021-07-23,1.253
2021-07-26,1.233
2021-07-27,1.241
2021-07-28,1.272
2021-07-29,1.28
2021-07-30,1.255
2021-08-02,1.268
2021-08-03,1.28
2021-08-04,1.262
2021-08-05,1.26
2021-08-06,1.276
2021-08-09,1.273
2021-08-10,1.258
2021-08-11,1.248
2021-08-12,1.25
2021-08-13,1.249
2021-08-17,1.25
2021-08-18,1.255
2021-08-19,1.233
2021-08-20,1.235
2021-08-23,1.26
2021-08-24,1.299
2021-08-25,1.298
2021-08-26,1.27
2021-08-27,1.281
2021-08-30,1.27
2021-08-31,1.272
2021-09-01,1.281
2021-09-02,1.285
2021-09-03,1.285
2021-09-06,1.299
2021-09-07,1.301
2021-09-08,1.313
2021-09-09,1.34
2021-09-10,1.358
2021-09-13,1.391
2021-09-14,1.403
2021-09-15,1.357
2021-09-16,1.364
2021-09-17,1.381
2021-09-23,1.406
2021-09-24,1.412
2021-09-27,1.406
2021-09-28,1.446
2021-09-29,1.448
2021-09-30,1.447
2021-10-01,1.473
2021-10-05,1.489
2021-10-06,1.548
2021-10-07,1.545
2021-10-08,1.539
2021-10-12,1.623
2021-10-13,1.628
2021-10-14,1.636
2021-10-15,1.635
2021-10-18,1.692
2021-10-19,1.67
2021-10-20,1.654
2021-10-21,1.637
2021-10-22,1.663
2021-10-25,1.682
2021-10-26,1.695
2021-10-27,1.793
2021-10-28,1.842
2021-10-29,1.934
2021-11-01,1.939
2021-11-02,1.9
2021-11-03,1.918
2021-11-04,1.922
2021-11-05,1.85
2021-11-08,1.779
2021-11-09,1.728
2021-11-10,1.742
2021-11-11,1.751
2021-11-12,1.775
2021-11-15,1.764
2021-11-16,1.805
2021-11-17,1.809
2021-11-18,1.798
2021-11-19,1.811
2021-11-22,1.863
2021-11-23,1.874
2021-11-24,1.863
2021-11-25,1.806
2021-11-26,1.764
2021-11-29,1.76
2021-11-30,1.708
2021-12-01,1.742
2021-12-02,1.759
2021-12-03,1.802
2021-12-06,1.78
2021-12-07,1.79
2021-12-08,1.748
2021-12-09,1.711
2021-12-10,1.726
2021-12-13,1.703
2021-12-14,1.695
2021-12-15,1.703
2021-12-16,1.679
2021-12-17,1.676
2021-12-20,1.66
2021-12-21,1.655
2021-12-22,1.67
2021-12-23,1.7
2021-12-24,1.675
2021-12-27,1.662
2021-12-28,1.661
2021-12-29,1.645
2021-12-30,1.653
2021-12-31,1.653
2022-01-03,1.693
2022-01-04,1.712
2022-01-05,1.765
2022-01-06,1.885
2022-01-07,1.883
2022-01-10,1.902
2022-01-11,1.886
2022-01-12,1.836
2022-01-13,1.808
2022-01-14,1.873
2022-01-17,1.966
2022-01-18,1.947
2022-01-19,1.905
2022-01-20,1.933
2022-01-21,1.937
2022-01-24,1.929
2022-01-25,1.973
2022-01-26,1.981
2022-01-27,2.042
2022-01-28,2.012
2022-02-03,1.975
2022-02-04,2.017
2022-02-07,2.055
2022-02-08,2.105
2022-02-09,2.102
2022-02-10,2.096
2022-02-11,2.162
2022-02-14,2.163
2022-02-15,2.172
2022-02-16,2.144
2022-02-17,2.111
2022-02-18,2.116
2022-02-21,2.128
2022-02-22,2.097
2022-02-23,2.09
2022-02-24,2.022
2022-02-25,2.036
2022-02-28,2.034
2022-03-02,1.994
2022-03-03,2.011
2022-03-04,2.003
2022-03-07,2.092
2022-03-08,2.084
2022-03-10,2.056
2022-03-11,2.02
2022-03-14,2.021
2022-03-15,2.004
2022-03-16,1.978
2022-03-17,1.944
2022-03-18,1.974
2022-03-21,2.004
2022-03-22,2.11
2022-03-23,2.121
2022-03-24,2.142
2022-03-25,2.176
2022-03-28,2.424
2022-03-29,2.382
2022-03-30,2.314
2022-03-31,2.341
2022-04-01,2.413
2022-04-04,2.468
2022-04-05,2.561
2022-04-06,2.667
2022-04-07,2.732
2022-04-08,2.863
2022-04-11,3.045
2022-04-12,3.011
2022-04-13,2.889
2022-04-14,2.733
2022-04-15,2.767
2022-04-18,2.808
2022-04-19,2.785
2022-04-20,2.747
2022-04-21,2.734
2022-04-22,2.749
2022-04-25,2.643
2022-04-26,2.629
2022-04-27,2.686
2022-04-28,2.74
2022-04-29,2.782
2022-05-02,2.902
2022-05-03,2.951
2022-05-04,2.998
2022-05-06,2.964
2022-05-09,2.916
2022-05-10,2.889
2022-05-11,2.783
2022-05-12,2.771
2022-05-13,2.774
2022-05-16,2.893
2022-05-17,2.879
2022-05-18,2.885
2022-05-19,2.871
2022-05-20,2.829
2022-05-23,2.836
2022-05-24,2.792
2022-05-25,2.776
2022-05-26,2.787
2022-05-27,2.778
2022-05-30,2.78
2022-05-31,2.854
2022-06-02,2.935
2022-06-03,2.938
2022-06-07,3.028
2022-06-08,2.996
2022-06-09,2.978
2022-06-10,2.996
2022-06-13,3.239
2022-06-14,3.278
2022-06-15,3.405
2022-06-16,3.523
2022-06-17,3.577
2022-06-20,3.553
2022-06-21,3.523
2022-06-22,3.418
2022-06-23,3.498
2022-06-24,3.424
2022-06-27,3.475
2022-06-28,3.488
2022-06-29,3.493
2022-06-30,3.499
2022-07-01,3.4
2022-07-04,3.383
2022-07-05,3.281
2022-07-06,3.248
2022-07-07,3.268
2022-07-08,3.297
2022-07-11,3.306
2022-07-12,3.256
2022-07-13,3.191
2022-07-14,3.218
2022-07-15,3.158
2022-07-18,3.164
2022-07-19,3.138
2022-07-20,3.225
2022-07-21,3.217
2022-07-22,3.145
2022-07-25,3.095
2022-07-26,3.097
2022-07-27,3.08
2022-07-28,3.118
2022-07-29,3.008
2022-08-01,3.077
2022-08-02,3.014
2022-08-03,3.081
2022-08-04,3.107
2022-08-05,3.073
2022-08-08,3.125
2022-08-09,3.118
2022-08-10,3.141
2022-08-11,3.122
2022-08-12,3.149
2022-08-16,3.045
2022-08-17,3.063
2022-08-18,3.085
2022-08-19,3.146
2022-08-22,3.194
2022-08-23,3.243
2022-08-24,3.289
2022-08-25,3.505
2022-08-26,3.527
2022-08-29,3.68
2022-08-30,3.664
2022-08-31,3.717
2022-09-01,3.779
2022-09-02,3.676
2022-09-05,3.614
2022-09-06,3.679
2022-09-07,3.688
2022-09-08,3.545
2022-09-13,3.503
2022-09-14,3.55
2022-09-15,3.729
2022-09-16,3.742
2022-09-19,3.748
2022-09-20,3.817
2022-09-21,3.849
2022-09-22,4.107
2022-09-23,4.191
2022-09-26,4.53
2022-09-27,4.373
2022-09-28,4.418
2022-09-29,4.378
2022-09-30,4.25
2022-10-04,4.087
2022-10-05,4.154
2022-10-06,4.168
2022-10-07,4.238
2022-10-11,4.321
2022-10-12,4.1
2022-10-13,4.201
2022-10-14,4.193
2022-10-17,4.231
2022-10-18,4.258
2022-10-19,4.343
2022-10-20,4.355
2022-10-21,4.465
2022-10-24,4.322
2022-10-25,4.235
2022-10-26,4.245
2022-10-27,4.308
2022-10-28,4.186
2022-10-31,4.257
2022-11-01,4.179
2022-11-02,4.18
2022-11-03,4.257
2022-11-04,4.241
2022-11-07,4.287
2022-11-08,4.245
2022-11-09,4.148
2022-11-10,4.1
2022-11-11,3.886
2022-11-14,3.905
2022-11-15,3.828
2022-11-16,3.889
2022-11-17,3.881
2022-11-18,3.876
2022-11-21,3.934
2022-11-22,3.942
2022-11-23,3.936
2022-11-24,3.816
2022-11-25,3.766
2022-11-28,3.795
2022-11-29,3.833
2022-11-30,3.797
2022-12-01,3.753
2022-12-02,3.717
2022-12-05,3.693
2022-12-06,3.728
2022-12-07,3.792
2022-12-08,3.79
2022-12-09,3.764
2022-12-12,3.752
2022-12-13,3.766
2022-12-14,3.675
2022-12-15,3.683
2022-12-16,3.694
2022-12-19,3.711
2022-12-20,3.834
2022-12-21,3.773
2022-12-22,3.72
2022-12-23,3.783
2022-12-26,3.802
2022-12-27,3.774
2022-12-28,3.77
2022-12-29,3.801
2022-12-30,3.801
2023-01-02,3.837
2023-01-03,3.731
2023-01-04,3.679
2023-01-05,3.675
2023-01-06,3.696
2023-01-09,3.584
2023-01-10,3.585
2023-01-11,3.505
2023-01-12,3.497
2023-01-13,3.414
2023-01-16,3.473
2023-01-17,3.503
2023-01-18,3.415
2023-01-19,3.344
2023-01-20,3.404
2023-01-25,3.39
2023-01-26,3.398
2023-01-27,3.431
2023-01-30,3.391
2023-01-31,3.438
2023-02-01,3.394
2023-02-02,3.321
2023-02-03,3.234
2023-02-06,3.397
2023-02-07,3.406
2023-02-08,3.4
2023-02-09,3.462
2023-02-10,3.454
2023-02-13,3.508
2023-02-14,3.482
2023-02-15,3.555
2023-02-16,3.562
2023-02-17,3.693
2023-02-20,3.747
2023-02-21,3.703
2023-02-22,3.739
2023-02-23,3.702
2023-02-24,3.653
2023-02-27,3.789
2023-02-28,3.887
2023-03-02,3.947
2023-03-03,3.842
2023-03-06,3.821
2023-03-07,3.783
2023-03-08,3.906
2023-03-09,3.907
2023-03-10,3.759
2023-03-13,3.498
2023-03-14,3.455
2023-03-15,3.529
2023-03-16,3.455
2023-03-17,3.472
2023-03-20,3.335
2023-03-21,3.368
2023-03-22,3.362
2023-03-23,3.315
2023-03-24,3.27
2023-03-27,3.32
2023-03-28,3.347
2023-03-29,3.317
2023-03-30,3.301
2023-03-31,3.343
2023-04-03,3.391
2023-04-04,3.335
2023-04-05,3.332
2023-04-06,3.263
2023-04-07,3.28
2023-04-10,3.226
2023-04-11,3.254
2023-04-12,3.28
2023-04-13,3.233
2023-04-14,3.242
2023-04-17,3.312
2023-04-18,3.317
2023-04-19,3.361
2023-04-20,3.344
2023-04-21,3.286
2023-04-24,3.278
2023-04-25,3.316
2023-04-26,3.308
2023-04-27,3.326
2023-04-28,3.346
2023-05-02,3.389
2023-05-03,3.352
2023-05-04,3.298
2023-05-08,3.352
2023-05-09,3.355
2023-05-10,3.36
2023-05-11,3.318
2023-05-12,3.324
2023-05-15,3.36
2023-05-16,3.33
2023-05-17,3.368
2023-05-18,3.409
2023-05-19,3.436
2023-05-22,3.405
2023-05-23,3.456
2023-05-24,3.461
2023-05-25,3.551
2023-05-26,3.604
2023-05-30,3.634
2023-05-31,3.538
2023-06-01,3.56
2023-06-02,3.522
2023-06-05,3.591
2023-06-07,3.554
2023-06-08,3.609
2023-06-09,3.573
2023-06-12,3.567
2023-06-13,3.55
2023-06-14,3.606
2023-06-15,3.676
2023-06-16,3.64
2023-06-19,3.653
2023-06-20,3.633
2023-06-21,3.646
2023-06-22,3.676
2023-06-23,3.69
2023-06-26,3.651
2023-06-27,3.642
2023-06-28,3.648
2023-06-29,3.667
2023-06-30,3.734
2023-07-03,3.674
2023-07-04,3.68
2023-07-05,3.685
2023-07-06,3.732
2023-07-07,3.78
2023-07-10,3.825
2023-07-11,3.751
2023-07-12,3.761
2023-07-13,3.658
2023-07-14,3.67
2023-07-17,3.661
2023-07-18,3.644
2023-07-19,3.605
2023-07-20,3.642
2023-07-21,3.653
2023-07-24,3.663
2023-07-25,3.694
2023-07-26,3.679
2023-07-27,3.644
2023-07-28,3.695
2023-07-31,3.726
2023-08-01,3.702
2023-08-02,3.721
2023-08-03,3.746
2023-08-04,3.766
2023-08-07,3.726
2023-08-08,3.693
2023-08-09,3.714
2023-08-10,3.725
2023-08-11,3.736
2023-08-14,3.774
2023-08-16,3.735
2023-08-17,3.789
2023-08-18,3.738
2023-08-21,3.792
2023-08-22,3.801
2023-08-23,3.779
2023-08-24,3.773
2023-08-25,3.801
2023-08-28,3.785
2023-08-29,3.767
2023-08-30,3.76
2023-08-31,3.741
2023-09-01,3.728
2023-09-04,3.769
2023-09-05,3.798
2023-09-06,3.804
2023-09-07,3.872
2023-09-08,3.829
2023-09-11,3.892
2023-09-12,3.89
2023-09-13,3.882
2023-09-14,3.866
2023-09-15,3.881
2023-09-18,3.917
2023-09-19,3.906
2023-09-20,3.901
2023-09-21,3.939
2023-09-22,3.889
2023-09-25,3.885
2023-09-26,3.897
2023-09-27,3.884
2023-10-04,4.081
2023-10-05,4.047
2023-10-06,3.979
2023-10-10,3.958
2023-10-11,3.916
2023-10-12,3.887
2023-10-13,3.901
2023-10-16,3.913
2023-10-17,3.925
2023-10-18,3.951
2023-10-19,3.969
2023-10-20,3.935
2023-10-23,3.961
2023-10-24,3.93
2023-10-25,3.971
2023-10-26,4.012
2023-10-27,3.993
2023-10-30,4.006
2023-10-31,4.002
2023-11-01,3.991
2023-11-02,3.943
2023-11-03,3.937
2023-11-06,3.879
2023-11-07,3.88
2023-11-08,3.866
2023-11-09,3.848
2023-11-10,3.864
2023-11-13,3.881
2023-11-14,3.874
2023-11-15,3.787
2023-11-16,3.756
2023-11-17,3.724
2023-11-20,3.699
2023-11-21,3.687
2023-11-22,3.708
2023-11-23,3.697
2023-11-24,3.728
2023-11-27,3.731
2023-11-28,3.694
2023-11-29,3.604
2023-11-30,3.622
2023-12-01,3.614
2023-12-04,3.565
2023-12-05,3.531
2023-12-06,3.522
2023-12-07,3.56
2023-12-08,3.537
2023-12-11,3.578
2023-12-12,3.55
2023-12-13,3.565
2023-12-14,3.354
2023-12-15,3.37
2023-12-18,3.375
2023-12-19,3.393
2023-12-20,3.344
2023-12-21,3.342
2023-12-22,3.338
2023-12-26,3.334
2023-12-27,3.336
2023-12-28,3.28
2023-12-29,3.28
2024-01-02,3.349
2024-01-03,3.386
2024-01-04,3.317
2024-01-05,3.358
2024-01-08,3.37
2024-01-09,3.32
2024-01-10,3.334
2024-01-11,3.293
2024-01-12,3.266
2024-01-15,3.259
2024-01-16,3.297
2024-01-17,3.332
2024-01-18,3.332
2024-01-19,3.347
2024-01-22,3.326
2024-01-23,3.339
2024-01-24,3.349
2024-01-25,3.35
2024-01-26,3.311
2024-01-29,3.35
2024-01-30,3.318
2024-01-31,3.312
2024-02-01,3.319
2024-02-02,3.304
2024-02-05,3.372
2024-02-06,3.359
2024-02-07,3.357
2024-02-08,3.367
2024-02-13,3.397
2024-02-14,3.465
2024-02-15,3.451
2024-02-16,3.455
2024-02-19,3.445
2024-02-20,3.461
2024-02-21,3.463
2024-02-22,3.416
2024-02-23,3.448
2024-02-26,3.414
2024-02-27,3.434
2024-02-28,3.43
2024-02-29,3.444
2024-03-04,3.416
2024-03-05,3.413
2024-03-06,3.381
2024-03-07,3.384
2024-03-08,3.335
2024-03-11,3.345
2024-03-12,3.35
2024-03-13,3.339
2024-03-14,3.357
2024-03-15,3.387
2024-03-18,3.42
2024-03-19,3.448
2024-03-20,3.415
2024-03-21,3.359
2024-03-22,3.352
2024-03-25,3.352
2024-03-26,3.362
2024-03-27,3.35
2024-03-28,3.354
2024-03-29,3.367
2024-04-01,3.347
2024-04-02,3.37
2024-04-03,3.373
2024-04-04,3.355
2024-04-05,3.337
2024-04-08,3.382
2024-04-09,3.393
2024-04-11,3.469
2024-04-12,3.417
2024-04-15,3.446
2024-04-16,3.473
2024-04-17,3.469
2024-04-18,3.434
2024-04-19,3.484
2024-04-22,3.522
2024-04-23,3.499
2024-04-24,3.498
2024-04-25,3.515
2024-04-26,3.499
2024-04-29,3.526
2024-04-30,3.517
2024-05-02,3.501
2024-05-03,3.503
2024-05-07,3.463
2024-05-08,3.458
2024-05-09,3.47
2024-05-10,3.453
2024-05-13,3.467
2024-05-14,3.465
2024-05-16,3.402
2024-05-17,3.401
2024-05-20,3.427
2024-05-21,3.43
2024-05-22,3.434
2024-05-23,3.421
2024-05-24,3.435
2024-05-27,3.422
2024-05-28,3.405
2024-05-29,3.428
2024-05-30,3.45
2024-05-31,3.451
2024-06-03,3.435
2024-06-04,3.399
2024-06-05,3.366
2024-06-07,3.339
2024-06-10,3.387
2024-06-11,3.377
2024-06-12,3.353
2024-06-13,3.334
2024-06-14,3.308
2024-06-17,3.275
2024-06-18,3.276
2024-06-19,3.236
2024-06-20,3.257
2024-06-21,3.237
2024-06-24,3.258
2024-06-25,3.259
2024-06-26,3.271
2024-06-27,3.283
2024-06-28,3.252
2024-07-01,3.266
2024-07-02,3.209
2024-07-03,3.207
2024-07-04,3.149
2024-07-05,3.139
2024-07-08,3.139
2024-07-09,3.137
2024-07-10,3.148
2024-07-11,3.2
2024-07-12,3.149
2024-07-15,3.133
2024-07-16,3.089
2024-07-17,3.102
2024-07-18,3.111
2024-07-19,3.126
2024-07-22,3.13
2024-07-23,3.129
2024-07-24,3.102
2024-07-25,3.076
2024-07-26,3.078
2024-07-29,3.04
2024-07-30,3.06
2024-07-31,3.067
2024-08-01,3.043
2024-08-02,3.004
2024-08-05,2.899
2024-08-06,2.999
2024-08-07,2.989
2024-08-08,2.97
2024-08-09,2.99
2024-08-12,2.997
2024-08-13,2.976
2024-08-14,2.953
2024-08-16,2.988
2024-08-19,2.991
2024-08-20,3.006
2024-08-21,3.004
2024-08-22,2.98
2024-08-23,2.991
2024-08-26,2.967
2024-08-27,3.008
2024-08-28,2.992
2024-08-29,3.013
2024-08-30,3.022
2024-09-02,3.051
2024-09-03,3.041
2024-09-04,2.991
2024-09-05,2.97
2024-09-06,2.947
2024-09-09,2.961
2024-09-10,2.953
2024-09-11,2.92
2024-09-12,2.96
2024-09-13,2.914
2024-09-19,2.921
2024-09-20,2.905
2024-09-23,2.92
2024-09-24,2.917
2024-09-25,2.88
2024-09-26,2.872
2024-09-27,2.877
2024-09-30,2.857
2024-10-02,2.833
2024-10-04,2.853
2024-10-07,2.962
2024-10-08,2.943
2024-10-10,2.957
2024-10-11,2.944
2024-10-14,2.928
2024-10-15,2.906
2024-10-16,2.882
2024-10-17,2.899
2024-10-18,2.915
2024-10-21,2.902
2024-10-22,2.925
2024-10-23,2.923
2024-10-24,2.884
2024-10-25,2.88
2024-10-28,2.926
2024-10-29,2.943
2024-10-30,2.95
2024-10-31,2.949
2024-11-01,2.948
2024-11-04,2.95
2024-11-05,2.94
2024-11-06,2.982
2024-11-07,2.951
2024-11-08,2.926
2024-11-11,2.943
2024-11-12,2.944
2024-11-13,2.979
2024-11-14,2.965
2024-11-15,2.977
2024-11-18,2.961
2024-11-19,2.941
2024-11-20,2.93
2024-11-21,2.892
2024-11-22,2.88
2024-11-25,2.845
2024-11-26,2.842
2024-11-27,2.817
2024-11-28,2.719
2024-11-29,2.693
2024-12-02,2.652
2024-12-03,2.658
2024-12-04,2.7
2024-12-05,2.676
2024-12-06,2.691
2024-12-09,2.653
2024-12-10,2.659
2024-12-11,2.669
2024-12-12,2.676
2024-12-13,2.66
2024-12-16,2.667
2024-12-17,2.712
2024-12-18,2.648
2024-12-19,2.704
2024-12-20,2.727
2024-12-23,2.735
2024-12-24,2.765
2024-12-26,2.793
2024-12-27,2.765
2024-12-30,2.752
2024-12-31,2.752
2025-01-02,2.667
2025-01-03,2.623
2025-01-06,2.646
2025-01-07,2.622
2025-01-08,2.606
2025-01-09,2.576
2025-01-10,2.614
2025-01-13,2.681
2025-01-14,2.659
2025-01-15,2.674
2025-01-16,2.625
2025-01-17,2.596
2025-01-20,2.624
2025-01-21,2.615
2025-01-22,2.634
2025-01-23,2.638
2025-01-24,2.62
2025-01-31,2.624
2025-02-03,2.625
2025-02-04,2.646
2025-02-05,2.643
2025-02-06,2.656
2025-02-07,2.693
2025-02-10,2.682
2025-02-11,2.686
2025-02-12,2.699
2025-02-13,2.68
2025-02-14,2.666
2025-02-17,2.678
2025-02-18,2.688
2025-02-19,2.683
2025-02-20,2.679
2025-02-21,2.659
2025-02-24,2.649
2025-02-25,2.638
2025-02-26,2.637
2025-02-27,2.643
2025-02-28,2.622
2025-03-04,2.622
2025-03-05,2.655
2025-03-06,2.667
2025-03-07,2.635
2025-03-10,2.653
2025-03-11,2.623
2025-03-12,2.615
2025-03-13,2.63
2025-03-14,2.644
2025-03-17,2.646
2025-03-18,2.642
2025-03-19,2.657
2025-03-20,2.65
2025-03-21,2.657
2025-03-24,2.662
2025-03-25,2.67
2025-03-26,2.681
2025-03-27,2.683
2025-03-28,2.684
2025-03-31,2.633
2025-04-01,2.649
2025-04-02,2.644
2025-04-03,2.57
2025-04-04,2.474
2025-04-07,2.413
2025-04-08,2.42
2025-04-09,2.438
2025-04-10,2.445
2025-04-11,2.413
2025-04-14,2.416
2025-04-15,2.402
2025-04-16,2.361
2025-04-17,2.399
2025-04-18,2.375
2025-04-21,2.356
2025-04-22,2.363
2025-04-23,2.371
2025-04-24,2.374
2025-04-25,2.344
2025-04-28,2.353
2025-04-29,2.347
2025-04-30,2.317
2025-05-02,2.321
2025-05-07,2.295
2025-05-08,2.314
2025-05-09,2.35
2025-05-12,2.352
2025-05-13,2.384
2025-05-14,2.365
2025-05-15,2.367
2025-05-16,2.332
2025-05-19,2.359
2025-05-20,2.341
2025-05-21,2.344
2025-05-22,2.328
2025-05-23,2.331
2025-05-26,2.336
2025-05-27,2.335
2025-05-28,2.319
2025-05-29,2.331
2025-05-30,2.329
2025-06-02,2.331
2025-06-04,2.382
2025-06-05,2.377
2025-06-09,2.37
2025-06-10,2.381
2025-06-11,2.401
2025-06-12,2.405
2025-06-13,2.441
2025-06-16,2.461
2025-06-17,2.432
2025-06-18,2.451
2025-06-19,2.462
2025-06-20,2.438
2025-06-23,2.479
2025-06-24,2.444
2025-06-25,2.448
2025-06-26,2.437
2025-06-27,2.435
2025-06-30,2.432
2025-07-01,2.43
2025-07-02,2.459
2025-07-03,2.4
2025-07-04,2.421
2025-07-07,2.424
2025-07-08,2.42
2025-07-09,2.419
2025-07-10,2.391
2025-07-11,2.404
2025-07-14,2.423
2025-07-15,2.416
2025-07-16,2.42
2025-07-17,2.444
2025-07-18,2.434
2025-07-21,2.416
2025-07-22,2.42
2025-07-23,2.417
2025-07-24,2.424
2025-07-25,2.426
2025-07-28,2.403
2025-07-29,2.394
2025-07-30,2.396
2025-07-31,2.405
2025-08-01,2.425
2025-08-04,2.379
2025-08-05,2.381
2025-08-06,2.389
2025-08-07,2.375
2025-08-08,2.385
2025-08-11,2.392
2025-08-12,2.398
2025-08-13,2.383
2025-08-14,2.373
2025-08-18,2.396
2025-08-19,2.398
2025-08-20,2.391
2025-08-21,2.387
2025-08-22,2.393
2025-08-25,2.378
2025-08-26,2.361
2025-08-27,2.351
2025-08-28,2.36
2025-08-29,2.37
2025-09-01,2.377
2025-09-02,2.385
2025-09-03,2.404
2025-09-04,2.408
2025-09-05,2.408
2025-09-08,2.408
2025-09-09,2.399
2025-09-10,2.399
2025-09-11,2.386
2025-09-12,2.397
2025-09-15,2.406
2025-09-16,2.383
2025-09-17,2.38
2025-09-18,2.373
2025-09-19,2.398
2025-09-22,2.41
2025-09-23,2.42
2025-09-24,2.442
2025-09-25,2.477
2025-09-26,2.506
2025-09-29,2.508
2025-09-30,2.515
2025-10-01,2.517
2025-10-02,2.499
2025-10-10,2.509
2025-10-13,2.487
2025-10-14,2.472
2025-10-15,2.465
2025-10-16,2.499
2025-10-17,2.478
2025-10-20,2.501
2025-10-21,2.524
2025-10-22,2.506
2025-10-23,2.535
2025-10-24,2.52
2025-10-27,2.553
2025-10-28,2.572
2025-10-29,2.614
2025-10-30,2.663
2025-10-31,2.65
2025-11-03,2.686
2025-11-04,2.681
2025-11-05,2.71
2025-11-06,2.76
2025-11-07,2.81
2025-11-10,2.794
2025-11-11,2.768
2025-11-12,2.852
2025-11-13,2.86
2025-11-14,2.882
2025-11-17,2.85
2025-11-18,2.81
2025-11-19,2.797
2025-11-20,2.81
2025-11-21,2.769
2025-11-24,2.783
2025-11-25,2.791
2025-11-26,2.805
2025-11-27,2.919
2025-11-28,2.897
2025-12-01,2.942
2025-12-02,2.925
2025-12-03,2.934
2025-12-04,2.901
2025-12-05,2.878
2025-12-08,2.906
2025-12-09,2.947
2025-12-10,2.96
2025-12-11,2.965
2025-12-12,2.933
2025-12-15,2.849
2025-12-16,2.861
2025-12-17,2.858
2025-12-18,2.823
2025-12-19,2.86
2025-12-22,2.842
2025-12-23,2.816
2025-12-24,2.802
2025-12-26,2.821
2025-12-29,2.818
2025-12-30,2.833
2025-12-31,2.834
2026-01-02,2.826
2026-01-05,2.842
2026-01-06,2.857
2026-01-07,2.825
2026-01-08,2.827
2026-01-09,2.855
2026-01-12,2.869
2026-01-13,2.877
2026-01-14,2.865
2026-01-15,2.928
2026-01-16,2.929
2026-01-19,2.958
2026-01-20,2.989
2026-01-21,2.951
2026-01-22,2.925
2026-01-23,2.967
2026-01-26,2.935
2026-01-27,2.94
2026-01-28,2.943
2026-01-29,2.983
2026-01-30,3.011
2026-02-02,3.019
2026-02-03,3.064
2026-02-04,3.108
2026-02-05,3.094
2026-02-06,3.126
2026-02-09,3.118
2026-02-10,3.082
2026-02-11,3.047
2026-02-12,3.007
2026-02-13,2.998
2026-02-19,3.022
2026-02-20,2.988
2026-02-23,2.99
2026-02-24,2.992
2026-02-25,2.968
2026-02-26,2.92
2026-02-27,2.907
2026-03-03,3.051
2026-03-04,3.083
2026-03-05,3.046
2026-03-06,3.072
2026-03-09,3.244
2026-03-10,3.102
2026-03-11,3.084
2026-03-12,3.101
2026-03-13,3.169
2026-03-16,3.144
2026-03-17,3.146
2026-03-18,3.107
2026-03-19,3.163
2026-03-20,3.259
2026-03-23,3.468
2026-03-24,3.432
2026-03-25,3.454
2026-03-26,3.45
2026-03-27,3.491
2026-03-30,3.454
2026-03-31,3.467
2026-04-01,3.312
2026-04-02,3.426
2026-04-03,3.397
2026-04-06,3.372
2026-04-07,3.38
2026-04-08,3.236
2026-04-09,3.245
2026-04-10,3.263
2026-04-13,3.282
2026-04-14,3.24
2026-04-15,3.233
2026-04-16,3.238
2026-04-17,3.257
2026-04-20,3.241
2026-04-21,3.237
2026-04-22,3.267
2026-04-23,3.359
2026-04-24,3.399
2026-04-27,3.398
2026-04-28,3.431
2026-04-29,3.428
2026-04-30,3.493
2026-05-04,3.516
2026-05-06,3.51
2026-05-07,3.452
2026-05-08,3.467
2026-05-11,3.496
2026-05-12,3.569
2026-05-13,3.531
2026-05-14,3.54
2026-05-15,3.63
2026-05-18,3.621
2026-05-19,3.627
2026-05-20,3.637
2026-05-21,3.634
2026-05-22,3.608
2026-05-26,3.557
2026-05-27,3.598
2026-05-28,3.645
2026-05-29,3.643
2026-06-01,3.702
2026-06-02,3.71
2026-06-04,3.804
2026-06-05,3.821
2026-06-08,3.887
2026-06-09,3.807
2026-06-10,3.787
2026-06-11,3.801
2026-06-12,3.706
2026-06-15,3.662
2026-06-16,3.632
2026-06-17,3.615
2026-06-18,3.649
2026-06-19,3.678
2026-06-22,3.694
2026-06-23,3.679
2026-06-24,3.686
2026-06-25,3.671
2026-06-26,3.645
2026-06-29,3.666
2026-06-30,3.644
2026-07-01,3.734
2026-07-02,3.733
2026-07-03,3.725
2026-07-06,3.723
2026-07-07,3.721
2026-07-08,3.714
2026-07-09,3.719
2026-07-10,3.708
2026-07-13,3.738
2026-07-14,3.8
2026-07-15,3.77
2026-07-16,3.736
2026-07-20,3.763
2026-07-21,3.712
2026-07-22,3.763
2026-07-23,3.766
2026-07-24,3.811
2026-07-27,3.732
2026-07-28,3.705
2026-07-29,3.682
2026-07-30,3.707
2026-07-31,3.66
2026-08-03,3.648
2026-08-04,3.648
2026-08-05,3.603
2026-08-06,3.632
2026-08-07,3.633
2026-08-10,3.65
2026-08-11,3.689
2026-08-12,3.676
2026-08-13,3.676
2026-08-14,3.697
2026-08-18,3.75
2026-08-19,3.705
2026-08-20,3.726
2026-08-21,3.753
2026-08-24,3.743
2026-08-25,3.726
2026-08-26,3.726
2026-08-27,3.669
